国籍・地域,在留資格,年齢,性別,都道府県,在留外国人数
アフガニスタン,技術・人文知識・国際業務,49,1：男,43：熊本県,1
アフガニスタン,留学,30,1：男,43：熊本県,1
アフガニスタン,留学,30,2：女,43：熊本県,1
アフガニスタン,留学,32,1：男,43：熊本県,2
アフガニスタン,留学,34,1：男,43：熊本県,2
アフガニスタン,留学,37,1：男,43：熊本県,1
アフガニスタン,家族滞在,0,1：男,43：熊本県,1
アフガニスタン,家族滞在,0,2：女,43：熊本県,1
アフガニスタン,家族滞在,2,2：女,43：熊本県,1
アフガニスタン,家族滞在,3,1：男,43：熊本県,1
アフガニスタン,家族滞在,4,2：女,43：熊本県,1
アフガニスタン,家族滞在,5,2：女,43：熊本県,1
アフガニスタン,家族滞在,6,1：男,43：熊本県,1
アフガニスタン,家族滞在,6,2：女,43：熊本県,1
アフガニスタン,家族滞在,8,2：女,43：熊本県,1
アフガニスタン,家族滞在,9,1：男,43：熊本県,1
アフガニスタン,家族滞在,24,2：女,43：熊本県,1
アフガニスタン,家族滞在,30,2：女,43：熊本県,2
アフガニスタン,家族滞在,32,2：女,43：熊本県,1
アフガニスタン,永住者,67,1：男,43：熊本県,1
アラブ首長国連邦,留学,22,1：男,43：熊本県,1
ミャンマー,技術・人文知識・国際業務,24,1：男,43：熊本県,1
ミャンマー,技術・人文知識・国際業務,25,1：男,43：熊本県,2
ミャンマー,技術・人文知識・国際業務,25,2：女,43：熊本県,1
ミャンマー,技術・人文知識・国際業務,26,1：男,43：熊本県,5
ミャンマー,技術・人文知識・国際業務,26,2：女,43：熊本県,2
ミャンマー,技術・人文知識・国際業務,27,1：男,43：熊本県,3
ミャンマー,技術・人文知識・国際業務,28,2：女,43：熊本県,3
ミャンマー,技術・人文知識・国際業務,30,1：男,43：熊本県,1
ミャンマー,技術・人文知識・国際業務,31,1：男,43：熊本県,1
ミャンマー,技術・人文知識・国際業務,31,2：女,43：熊本県,2
ミャンマー,技術・人文知識・国際業務,33,2：女,43：熊本県,1
ミャンマー,技術・人文知識・国際業務,39,2：女,43：熊本県,1
ミャンマー,技術・人文知識・国際業務,42,2：女,43：熊本県,1
ミャンマー,特定技能１号,26,2：女,43：熊本県,1
ミャンマー,特定技能１号,28,2：女,43：熊本県,3
ミャンマー,特定技能１号,29,2：女,43：熊本県,2
ミャンマー,特定技能１号,30,1：男,43：熊本県,1
ミャンマー,特定技能１号,35,2：女,43：熊本県,1
ミャンマー,特定技能１号,39,2：女,43：熊本県,1
ミャンマー,技能実習１号ロ,19,1：男,43：熊本県,1
ミャンマー,技能実習１号ロ,19,2：女,43：熊本県,1
ミャンマー,技能実習１号ロ,20,2：女,43：熊本県,3
ミャンマー,技能実習１号ロ,21,2：女,43：熊本県,4
ミャンマー,技能実習１号ロ,22,1：男,43：熊本県,1
ミャンマー,技能実習１号ロ,22,2：女,43：熊本県,4
ミャンマー,技能実習１号ロ,23,1：男,43：熊本県,2
ミャンマー,技能実習１号ロ,23,2：女,43：熊本県,3
ミャンマー,技能実習１号ロ,24,1：男,43：熊本県,4
ミャンマー,技能実習１号ロ,24,2：女,43：熊本県,2
ミャンマー,技能実習１号ロ,25,1：男,43：熊本県,3
ミャンマー,技能実習１号ロ,25,2：女,43：熊本県,3
ミャンマー,技能実習１号ロ,26,2：女,43：熊本県,4
ミャンマー,技能実習１号ロ,27,2：女,43：熊本県,1
ミャンマー,技能実習１号ロ,28,1：男,43：熊本県,2
ミャンマー,技能実習１号ロ,29,1：男,43：熊本県,1
ミャンマー,技能実習１号ロ,29,2：女,43：熊本県,3
ミャンマー,技能実習１号ロ,30,1：男,43：熊本県,2
ミャンマー,技能実習１号ロ,31,1：男,43：熊本県,1
ミャンマー,技能実習２号ロ,20,1：男,43：熊本県,4
ミャンマー,技能実習２号ロ,20,2：女,43：熊本県,3
ミャンマー,技能実習２号ロ,21,1：男,43：熊本県,4
ミャンマー,技能実習２号ロ,21,2：女,43：熊本県,7
ミャンマー,技能実習２号ロ,22,1：男,43：熊本県,9
ミャンマー,技能実習２号ロ,22,2：女,43：熊本県,7
ミャンマー,技能実習２号ロ,23,1：男,43：熊本県,8
ミャンマー,技能実習２号ロ,23,2：女,43：熊本県,3
ミャンマー,技能実習２号ロ,24,1：男,43：熊本県,8
ミャンマー,技能実習２号ロ,24,2：女,43：熊本県,15
ミャンマー,技能実習２号ロ,25,1：男,43：熊本県,5
ミャンマー,技能実習２号ロ,25,2：女,43：熊本県,13
ミャンマー,技能実習２号ロ,26,1：男,43：熊本県,5
ミャンマー,技能実習２号ロ,26,2：女,43：熊本県,8
ミャンマー,技能実習２号ロ,27,1：男,43：熊本県,12
ミャンマー,技能実習２号ロ,27,2：女,43：熊本県,7
ミャンマー,技能実習２号ロ,28,1：男,43：熊本県,7
ミャンマー,技能実習２号ロ,28,2：女,43：熊本県,8
ミャンマー,技能実習２号ロ,29,1：男,43：熊本県,7
ミャンマー,技能実習２号ロ,29,2：女,43：熊本県,8
ミャンマー,技能実習２号ロ,30,1：男,43：熊本県,3
ミャンマー,技能実習２号ロ,30,2：女,43：熊本県,2
ミャンマー,技能実習２号ロ,31,1：男,43：熊本県,6
ミャンマー,技能実習２号ロ,31,2：女,43：熊本県,4
ミャンマー,技能実習２号ロ,32,1：男,43：熊本県,2
ミャンマー,技能実習２号ロ,32,2：女,43：熊本県,1
ミャンマー,技能実習２号ロ,33,1：男,43：熊本県,1
ミャンマー,技能実習２号ロ,33,2：女,43：熊本県,4
ミャンマー,技能実習２号ロ,34,1：男,43：熊本県,1
ミャンマー,技能実習２号ロ,34,2：女,43：熊本県,1
ミャンマー,技能実習２号ロ,35,2：女,43：熊本県,3
ミャンマー,技能実習２号ロ,36,1：男,43：熊本県,2
ミャンマー,技能実習２号ロ,36,2：女,43：熊本県,2
ミャンマー,技能実習２号ロ,37,1：男,43：熊本県,2
ミャンマー,技能実習２号ロ,37,2：女,43：熊本県,4
ミャンマー,技能実習２号ロ,39,2：女,43：熊本県,3
ミャンマー,技能実習３号ロ,22,1：男,43：熊本県,1
ミャンマー,技能実習３号ロ,23,2：女,43：熊本県,2
ミャンマー,技能実習３号ロ,24,1：男,43：熊本県,1
ミャンマー,技能実習３号ロ,24,2：女,43：熊本県,3
ミャンマー,技能実習３号ロ,25,2：女,43：熊本県,3
ミャンマー,技能実習３号ロ,26,1：男,43：熊本県,1
ミャンマー,技能実習３号ロ,26,2：女,43：熊本県,1
ミャンマー,技能実習３号ロ,28,2：女,43：熊本県,2
ミャンマー,技能実習３号ロ,29,2：女,43：熊本県,2
ミャンマー,技能実習３号ロ,30,1：男,43：熊本県,1
ミャンマー,技能実習３号ロ,30,2：女,43：熊本県,1
ミャンマー,技能実習３号ロ,32,2：女,43：熊本県,1
ミャンマー,技能実習３号ロ,33,1：男,43：熊本県,1
ミャンマー,技能実習３号ロ,33,2：女,43：熊本県,3
ミャンマー,技能実習３号ロ,36,2：女,43：熊本県,1
ミャンマー,技能実習３号ロ,38,1：男,43：熊本県,1
ミャンマー,技能実習３号ロ,38,2：女,43：熊本県,1
ミャンマー,技能実習３号ロ,39,1：男,43：熊本県,1
ミャンマー,技能実習３号ロ,39,2：女,43：熊本県,1
ミャンマー,技能実習３号ロ,40,2：女,43：熊本県,1
ミャンマー,留学,28,1：男,43：熊本県,1
ミャンマー,留学,29,2：女,43：熊本県,1
ミャンマー,留学,30,1：男,43：熊本県,1
ミャンマー,留学,31,1：男,43：熊本県,1
ミャンマー,留学,34,1：男,43：熊本県,1
ミャンマー,留学,43,1：男,43：熊本県,1
ミャンマー,家族滞在,35,2：女,43：熊本県,1
ミャンマー,家族滞在,38,2：女,43：熊本県,1
ミャンマー,特定活動,21,1：男,43：熊本県,1
ミャンマー,特定活動,22,1：男,43：熊本県,1
ミャンマー,特定活動,23,2：女,43：熊本県,2
ミャンマー,特定活動,25,1：男,43：熊本県,2
ミャンマー,特定活動,25,2：女,43：熊本県,3
ミャンマー,特定活動,26,1：男,43：熊本県,3
ミャンマー,特定活動,27,1：男,43：熊本県,5
ミャンマー,特定活動,27,2：女,43：熊本県,2
ミャンマー,特定活動,28,1：男,43：熊本県,4
ミャンマー,特定活動,29,2：女,43：熊本県,3
ミャンマー,特定活動,30,1：男,43：熊本県,5
ミャンマー,特定活動,30,2：女,43：熊本県,3
ミャンマー,特定活動,31,1：男,43：熊本県,2
ミャンマー,特定活動,32,1：男,43：熊本県,1
ミャンマー,特定活動,32,2：女,43：熊本県,1
ミャンマー,特定活動,34,1：男,43：熊本県,2
ミャンマー,特定活動,35,1：男,43：熊本県,1
ミャンマー,特定活動,37,1：男,43：熊本県,1
ミャンマー,永住者,10,1：男,43：熊本県,1
ミャンマー,永住者,33,1：男,43：熊本県,1
ミャンマー,永住者,36,2：女,43：熊本県,1
ミャンマー,永住者,39,1：男,43：熊本県,2
ミャンマー,永住者,48,2：女,43：熊本県,1
ミャンマー,永住者,52,1：男,43：熊本県,1
ミャンマー,永住者,73,2：女,43：熊本県,1
ミャンマー,日本人の配偶者等,23,2：女,43：熊本県,1
ミャンマー,日本人の配偶者等,26,2：女,43：熊本県,1
ミャンマー,日本人の配偶者等,44,2：女,43：熊本県,1
ミャンマー,日本人の配偶者等,48,2：女,43：熊本県,1
ミャンマー,日本人の配偶者等,52,2：女,43：熊本県,1
ミャンマー,日本人の配偶者等,66,2：女,43：熊本県,1
ブータン,永住者,36,1：男,43：熊本県,1
ブータン,永住者,60,2：女,43：熊本県,1
バングラデシュ,教授,32,2：女,43：熊本県,1
バングラデシュ,教授,35,1：男,43：熊本県,1
バングラデシュ,教授,36,1：男,43：熊本県,3
バングラデシュ,教授,37,1：男,43：熊本県,1
バングラデシュ,研究,33,1：男,43：熊本県,1
バングラデシュ,教育,43,1：男,43：熊本県,1
バングラデシュ,技術・人文知識・国際業務,24,1：男,43：熊本県,1
バングラデシュ,技術・人文知識・国際業務,26,1：男,43：熊本県,1
バングラデシュ,技術・人文知識・国際業務,28,1：男,43：熊本県,2
バングラデシュ,技術・人文知識・国際業務,30,1：男,43：熊本県,1
バングラデシュ,技術・人文知識・国際業務,31,1：男,43：熊本県,1
バングラデシュ,技術・人文知識・国際業務,33,1：男,43：熊本県,1
バングラデシュ,技能実習２号ロ,22,1：男,43：熊本県,2
バングラデシュ,技能実習２号ロ,24,1：男,43：熊本県,1
バングラデシュ,技能実習２号ロ,25,1：男,43：熊本県,1
バングラデシュ,技能実習２号ロ,27,1：男,43：熊本県,4
バングラデシュ,技能実習２号ロ,28,1：男,43：熊本県,4
バングラデシュ,技能実習２号ロ,29,1：男,43：熊本県,1
バングラデシュ,文化活動,35,2：女,43：熊本県,1
バングラデシュ,留学,21,1：男,43：熊本県,1
バングラデシュ,留学,22,1：男,43：熊本県,4
バングラデシュ,留学,23,1：男,43：熊本県,2
バングラデシュ,留学,24,1：男,43：熊本県,4
バングラデシュ,留学,25,1：男,43：熊本県,2
バングラデシュ,留学,26,1：男,43：熊本県,1
バングラデシュ,留学,26,2：女,43：熊本県,1
バングラデシュ,留学,27,1：男,43：熊本県,2
バングラデシュ,留学,28,1：男,43：熊本県,1
バングラデシュ,留学,29,1：男,43：熊本県,1
バングラデシュ,留学,30,1：男,43：熊本県,1
バングラデシュ,留学,32,1：男,43：熊本県,1
バングラデシュ,留学,33,1：男,43：熊本県,2
バングラデシュ,留学,33,2：女,43：熊本県,1
バングラデシュ,留学,34,1：男,43：熊本県,1
バングラデシュ,留学,34,2：女,43：熊本県,2
バングラデシュ,留学,36,1：男,43：熊本県,1
バングラデシュ,留学,37,1：男,43：熊本県,1
バングラデシュ,留学,42,1：男,43：熊本県,1
バングラデシュ,家族滞在,0,1：男,43：熊本県,1
バングラデシュ,家族滞在,0,2：女,43：熊本県,2
バングラデシュ,家族滞在,1,1：男,43：熊本県,3
バングラデシュ,家族滞在,1,2：女,43：熊本県,1
バングラデシュ,家族滞在,2,1：男,43：熊本県,1
バングラデシュ,家族滞在,3,2：女,43：熊本県,2
バングラデシュ,家族滞在,4,1：男,43：熊本県,1
バングラデシュ,家族滞在,4,2：女,43：熊本県,1
バングラデシュ,家族滞在,5,1：男,43：熊本県,1
バングラデシュ,家族滞在,5,2：女,43：熊本県,1
バングラデシュ,家族滞在,13,1：男,43：熊本県,1
バングラデシュ,家族滞在,23,2：女,43：熊本県,1
バングラデシュ,家族滞在,27,2：女,43：熊本県,1
バングラデシュ,家族滞在,28,2：女,43：熊本県,1
バングラデシュ,家族滞在,30,2：女,43：熊本県,1
バングラデシュ,家族滞在,31,2：女,43：熊本県,2
バングラデシュ,家族滞在,33,2：女,43：熊本県,2
バングラデシュ,家族滞在,38,1：男,43：熊本県,1
バングラデシュ,家族滞在,39,2：女,43：熊本県,1
バングラデシュ,家族滞在,41,2：女,43：熊本県,1
バングラデシュ,特定活動,28,1：男,43：熊本県,1
バングラデシュ,特定活動,30,1：男,43：熊本県,1
バングラデシュ,特定活動,47,2：女,43：熊本県,1
バングラデシュ,永住者,5,2：女,43：熊本県,1
バングラデシュ,永住者,10,1：男,43：熊本県,1
バングラデシュ,永住者,31,2：女,43：熊本県,1
バングラデシュ,永住者,43,1：男,43：熊本県,1
カンボジア,技術・人文知識・国際業務,24,2：女,43：熊本県,1
カンボジア,技術・人文知識・国際業務,25,1：男,43：熊本県,2
カンボジア,技術・人文知識・国際業務,26,1：男,43：熊本県,2
カンボジア,技術・人文知識・国際業務,26,2：女,43：熊本県,1
カンボジア,技術・人文知識・国際業務,27,1：男,43：熊本県,1
カンボジア,技術・人文知識・国際業務,27,2：女,43：熊本県,1
カンボジア,技術・人文知識・国際業務,29,1：男,43：熊本県,1
カンボジア,技術・人文知識・国際業務,35,1：男,43：熊本県,1
カンボジア,介護,24,2：女,43：熊本県,1
カンボジア,介護,26,2：女,43：熊本県,2
カンボジア,介護,27,2：女,43：熊本県,2
カンボジア,介護,28,2：女,43：熊本県,4
カンボジア,介護,33,2：女,43：熊本県,1
カンボジア,特定技能１号,22,2：女,43：熊本県,2
カンボジア,特定技能１号,23,1：男,43：熊本県,1
カンボジア,特定技能１号,23,2：女,43：熊本県,4
カンボジア,特定技能１号,24,2：女,43：熊本県,7
カンボジア,特定技能１号,25,2：女,43：熊本県,5
カンボジア,特定技能１号,26,1：男,43：熊本県,2
カンボジア,特定技能１号,26,2：女,43：熊本県,5
カンボジア,特定技能１号,27,1：男,43：熊本県,2
カンボジア,特定技能１号,27,2：女,43：熊本県,9
カンボジア,特定技能１号,28,1：男,43：熊本県,3
カンボジア,特定技能１号,28,2：女,43：熊本県,8
カンボジア,特定技能１号,29,2：女,43：熊本県,5
カンボジア,特定技能１号,30,1：男,43：熊本県,2
カンボジア,特定技能１号,30,2：女,43：熊本県,4
カンボジア,特定技能１号,31,1：男,43：熊本県,5
カンボジア,特定技能１号,31,2：女,43：熊本県,2
カンボジア,特定技能１号,32,2：女,43：熊本県,1
カンボジア,特定技能１号,33,2：女,43：熊本県,1
カンボジア,特定技能１号,34,1：男,43：熊本県,1
カンボジア,特定技能１号,34,2：女,43：熊本県,1
カンボジア,特定技能１号,35,2：女,43：熊本県,2
カンボジア,特定技能１号,36,2：女,43：熊本県,1
カンボジア,特定技能１号,40,2：女,43：熊本県,2
カンボジア,技能実習１号ロ,19,1：男,43：熊本県,1
カンボジア,技能実習１号ロ,19,2：女,43：熊本県,3
カンボジア,技能実習１号ロ,20,1：男,43：熊本県,4
カンボジア,技能実習１号ロ,20,2：女,43：熊本県,9
カンボジア,技能実習１号ロ,21,1：男,43：熊本県,9
カンボジア,技能実習１号ロ,21,2：女,43：熊本県,7
カンボジア,技能実習１号ロ,22,1：男,43：熊本県,9
カンボジア,技能実習１号ロ,22,2：女,43：熊本県,8
カンボジア,技能実習１号ロ,23,1：男,43：熊本県,4
カンボジア,技能実習１号ロ,23,2：女,43：熊本県,9
カンボジア,技能実習１号ロ,24,1：男,43：熊本県,4
カンボジア,技能実習１号ロ,24,2：女,43：熊本県,3
カンボジア,技能実習１号ロ,25,1：男,43：熊本県,4
カンボジア,技能実習１号ロ,25,2：女,43：熊本県,4
カンボジア,技能実習１号ロ,26,1：男,43：熊本県,4
カンボジア,技能実習１号ロ,26,2：女,43：熊本県,3
カンボジア,技能実習１号ロ,27,1：男,43：熊本県,5
カンボジア,技能実習１号ロ,27,2：女,43：熊本県,6
カンボジア,技能実習１号ロ,28,1：男,43：熊本県,1
カンボジア,技能実習１号ロ,28,2：女,43：熊本県,6
カンボジア,技能実習１号ロ,29,1：男,43：熊本県,4
カンボジア,技能実習１号ロ,29,2：女,43：熊本県,3
カンボジア,技能実習１号ロ,30,1：男,43：熊本県,4
カンボジア,技能実習１号ロ,30,2：女,43：熊本県,1
カンボジア,技能実習１号ロ,31,1：男,43：熊本県,3
カンボジア,技能実習１号ロ,31,2：女,43：熊本県,4
カンボジア,技能実習１号ロ,32,1：男,43：熊本県,1
カンボジア,技能実習１号ロ,32,2：女,43：熊本県,1
カンボジア,技能実習１号ロ,33,2：女,43：熊本県,1
カンボジア,技能実習１号ロ,34,1：男,43：熊本県,2
カンボジア,技能実習１号ロ,36,2：女,43：熊本県,1
カンボジア,技能実習２号ロ,20,1：男,43：熊本県,2
カンボジア,技能実習２号ロ,20,2：女,43：熊本県,10
カンボジア,技能実習２号ロ,21,1：男,43：熊本県,7
カンボジア,技能実習２号ロ,21,2：女,43：熊本県,16
カンボジア,技能実習２号ロ,22,1：男,43：熊本県,14
カンボジア,技能実習２号ロ,22,2：女,43：熊本県,15
カンボジア,技能実習２号ロ,23,1：男,43：熊本県,10
カンボジア,技能実習２号ロ,23,2：女,43：熊本県,17
カンボジア,技能実習２号ロ,24,1：男,43：熊本県,9
カンボジア,技能実習２号ロ,24,2：女,43：熊本県,17
カンボジア,技能実習２号ロ,25,1：男,43：熊本県,9
カンボジア,技能実習２号ロ,25,2：女,43：熊本県,27
カンボジア,技能実習２号ロ,26,1：男,43：熊本県,7
カンボジア,技能実習２号ロ,26,2：女,43：熊本県,15
カンボジア,技能実習２号ロ,27,1：男,43：熊本県,5
カンボジア,技能実習２号ロ,27,2：女,43：熊本県,10
カンボジア,技能実習２号ロ,28,1：男,43：熊本県,9
カンボジア,技能実習２号ロ,28,2：女,43：熊本県,16
カンボジア,技能実習２号ロ,29,1：男,43：熊本県,12
カンボジア,技能実習２号ロ,29,2：女,43：熊本県,9
カンボジア,技能実習２号ロ,30,1：男,43：熊本県,3
カンボジア,技能実習２号ロ,30,2：女,43：熊本県,5
カンボジア,技能実習２号ロ,31,1：男,43：熊本県,6
カンボジア,技能実習２号ロ,31,2：女,43：熊本県,8
カンボジア,技能実習２号ロ,32,1：男,43：熊本県,3
カンボジア,技能実習２号ロ,32,2：女,43：熊本県,4
カンボジア,技能実習２号ロ,33,1：男,43：熊本県,5
カンボジア,技能実習２号ロ,33,2：女,43：熊本県,7
カンボジア,技能実習２号ロ,34,1：男,43：熊本県,2
カンボジア,技能実習２号ロ,34,2：女,43：熊本県,7
カンボジア,技能実習２号ロ,35,1：男,43：熊本県,1
カンボジア,技能実習２号ロ,35,2：女,43：熊本県,4
カンボジア,技能実習２号ロ,36,1：男,43：熊本県,1
カンボジア,技能実習２号ロ,36,2：女,43：熊本県,1
カンボジア,技能実習２号ロ,38,2：女,43：熊本県,1
カンボジア,技能実習２号ロ,39,1：男,43：熊本県,1
カンボジア,技能実習３号ロ,22,2：女,43：熊本県,1
カンボジア,技能実習３号ロ,23,2：女,43：熊本県,3
カンボジア,技能実習３号ロ,24,1：男,43：熊本県,1
カンボジア,技能実習３号ロ,24,2：女,43：熊本県,3
カンボジア,技能実習３号ロ,25,2：女,43：熊本県,3
カンボジア,技能実習３号ロ,26,1：男,43：熊本県,1
カンボジア,技能実習３号ロ,26,2：女,43：熊本県,1
カンボジア,技能実習３号ロ,27,2：女,43：熊本県,6
カンボジア,技能実習３号ロ,28,1：男,43：熊本県,1
カンボジア,技能実習３号ロ,28,2：女,43：熊本県,2
カンボジア,技能実習３号ロ,29,1：男,43：熊本県,2
カンボジア,技能実習３号ロ,29,2：女,43：熊本県,1
カンボジア,技能実習３号ロ,31,2：女,43：熊本県,1
カンボジア,技能実習３号ロ,32,2：女,43：熊本県,1
カンボジア,技能実習３号ロ,33,2：女,43：熊本県,2
カンボジア,技能実習３号ロ,34,1：男,43：熊本県,2
カンボジア,技能実習３号ロ,34,2：女,43：熊本県,1
カンボジア,技能実習３号ロ,35,2：女,43：熊本県,2
カンボジア,技能実習３号ロ,36,2：女,43：熊本県,1
カンボジア,技能実習３号ロ,37,2：女,43：熊本県,1
カンボジア,技能実習３号ロ,38,2：女,43：熊本県,1
カンボジア,技能実習３号ロ,40,1：男,43：熊本県,1
カンボジア,技能実習３号ロ,41,2：女,43：熊本県,1
カンボジア,留学,19,2：女,43：熊本県,1
カンボジア,留学,22,2：女,43：熊本県,2
カンボジア,留学,24,2：女,43：熊本県,4
カンボジア,留学,27,2：女,43：熊本県,1
カンボジア,留学,34,2：女,43：熊本県,1
カンボジア,留学,38,2：女,43：熊本県,1
カンボジア,特定活動,22,2：女,43：熊本県,1
カンボジア,特定活動,23,1：男,43：熊本県,1
カンボジア,特定活動,24,2：女,43：熊本県,1
カンボジア,特定活動,25,2：女,43：熊本県,1
カンボジア,特定活動,26,1：男,43：熊本県,1
カンボジア,特定活動,26,2：女,43：熊本県,2
カンボジア,特定活動,27,2：女,43：熊本県,2
カンボジア,特定活動,28,2：女,43：熊本県,1
カンボジア,特定活動,29,2：女,43：熊本県,1
カンボジア,特定活動,30,2：女,43：熊本県,1
カンボジア,特定活動,31,1：男,43：熊本県,1
カンボジア,特定活動,31,2：女,43：熊本県,1
カンボジア,特定活動,37,2：女,43：熊本県,2
カンボジア,日本人の配偶者等,25,2：女,43：熊本県,1
カンボジア,日本人の配偶者等,26,2：女,43：熊本県,1
カンボジア,日本人の配偶者等,28,2：女,43：熊本県,1
カンボジア,日本人の配偶者等,37,2：女,43：熊本県,1
スリランカ,経営・管理,36,2：女,43：熊本県,1
スリランカ,経営・管理,48,1：男,43：熊本県,1
スリランカ,教育,40,1：男,43：熊本県,1
スリランカ,技術・人文知識・国際業務,23,1：男,43：熊本県,1
スリランカ,技術・人文知識・国際業務,24,1：男,43：熊本県,2
スリランカ,技術・人文知識・国際業務,25,1：男,43：熊本県,1
スリランカ,技術・人文知識・国際業務,25,2：女,43：熊本県,1
スリランカ,技術・人文知識・国際業務,26,1：男,43：熊本県,1
スリランカ,技術・人文知識・国際業務,27,1：男,43：熊本県,3
スリランカ,技術・人文知識・国際業務,28,1：男,43：熊本県,2
スリランカ,技術・人文知識・国際業務,29,1：男,43：熊本県,5
スリランカ,技術・人文知識・国際業務,31,1：男,43：熊本県,2
スリランカ,技術・人文知識・国際業務,32,1：男,43：熊本県,2
スリランカ,技術・人文知識・国際業務,32,2：女,43：熊本県,1
スリランカ,技術・人文知識・国際業務,33,1：男,43：熊本県,1
スリランカ,技術・人文知識・国際業務,44,1：男,43：熊本県,1
スリランカ,技術・人文知識・国際業務,45,1：男,43：熊本県,1
スリランカ,技能,29,1：男,43：熊本県,1
スリランカ,技能,30,1：男,43：熊本県,1
スリランカ,技能,37,1：男,43：熊本県,2
スリランカ,技能,40,1：男,43：熊本県,1
スリランカ,技能,43,1：男,43：熊本県,1
スリランカ,技能,44,1：男,43：熊本県,1
スリランカ,技能,45,1：男,43：熊本県,1
スリランカ,技能,46,1：男,43：熊本県,1
スリランカ,技能,48,1：男,43：熊本県,3
スリランカ,技能,53,1：男,43：熊本県,1
スリランカ,技能,59,1：男,43：熊本県,1
スリランカ,技能実習１号ロ,22,1：男,43：熊本県,1
スリランカ,技能実習１号ロ,23,1：男,43：熊本県,1
スリランカ,技能実習１号ロ,24,1：男,43：熊本県,1
スリランカ,技能実習１号ロ,26,1：男,43：熊本県,1
スリランカ,技能実習１号ロ,29,2：女,43：熊本県,1
スリランカ,技能実習１号ロ,32,1：男,43：熊本県,1
スリランカ,技能実習１号ロ,33,1：男,43：熊本県,1
スリランカ,技能実習１号ロ,33,2：女,43：熊本県,1
スリランカ,技能実習２号ロ,26,1：男,43：熊本県,1
スリランカ,技能実習２号ロ,29,1：男,43：熊本県,1
スリランカ,技能実習２号ロ,30,1：男,43：熊本県,1
スリランカ,留学,22,1：男,43：熊本県,1
スリランカ,留学,23,1：男,43：熊本県,1
スリランカ,留学,24,1：男,43：熊本県,2
スリランカ,留学,24,2：女,43：熊本県,1
スリランカ,留学,25,1：男,43：熊本県,2
スリランカ,留学,25,2：女,43：熊本県,1
スリランカ,留学,26,1：男,43：熊本県,2
スリランカ,留学,27,1：男,43：熊本県,4
スリランカ,留学,27,2：女,43：熊本県,1
スリランカ,留学,28,1：男,43：熊本県,2
スリランカ,留学,30,1：男,43：熊本県,1
スリランカ,留学,31,1：男,43：熊本県,1
スリランカ,留学,32,2：女,43：熊本県,1
スリランカ,家族滞在,0,1：男,43：熊本県,1
スリランカ,家族滞在,0,2：女,43：熊本県,1
スリランカ,家族滞在,1,2：女,43：熊本県,1
スリランカ,家族滞在,3,2：女,43：熊本県,1
スリランカ,家族滞在,4,2：女,43：熊本県,1
スリランカ,家族滞在,5,1：男,43：熊本県,1
スリランカ,家族滞在,10,2：女,43：熊本県,1
スリランカ,家族滞在,11,2：女,43：熊本県,1
スリランカ,家族滞在,12,2：女,43：熊本県,1
スリランカ,家族滞在,14,2：女,43：熊本県,1
スリランカ,家族滞在,20,2：女,43：熊本県,1
スリランカ,家族滞在,23,2：女,43：熊本県,1
スリランカ,家族滞在,25,2：女,43：熊本県,1
スリランカ,家族滞在,35,2：女,43：熊本県,1
スリランカ,家族滞在,36,1：男,43：熊本県,1
スリランカ,家族滞在,36,2：女,43：熊本県,1
スリランカ,家族滞在,41,2：女,43：熊本県,1
スリランカ,特定活動,25,1：男,43：熊本県,1
スリランカ,特定活動,28,1：男,43：熊本県,1
スリランカ,永住者,12,2：女,43：熊本県,1
スリランカ,永住者,17,2：女,43：熊本県,1
スリランカ,永住者,19,2：女,43：熊本県,1
スリランカ,永住者,36,1：男,43：熊本県,1
スリランカ,永住者,41,2：女,43：熊本県,1
スリランカ,永住者,44,1：男,43：熊本県,1
スリランカ,永住者,46,2：女,43：熊本県,1
スリランカ,永住者,47,1：男,43：熊本県,1
スリランカ,永住者,53,1：男,43：熊本県,1
スリランカ,永住者,57,2：女,43：熊本県,1
スリランカ,永住者,59,2：女,43：熊本県,1
スリランカ,永住者,61,1：男,43：熊本県,1
スリランカ,永住者,65,1：男,43：熊本県,1
スリランカ,日本人の配偶者等,25,1：男,43：熊本県,1
スリランカ,日本人の配偶者等,26,1：男,43：熊本県,1
スリランカ,日本人の配偶者等,31,1：男,43：熊本県,2
スリランカ,日本人の配偶者等,32,1：男,43：熊本県,1
スリランカ,定住者,11,2：女,43：熊本県,1
中国,教授,28,2：女,43：熊本県,2
中国,教授,29,2：女,43：熊本県,1
中国,教授,31,1：男,43：熊本県,1
中国,教授,32,2：女,43：熊本県,1
中国,教授,37,2：女,43：熊本県,1
中国,教授,53,1：男,43：熊本県,1
中国,宗教,30,2：女,43：熊本県,1
中国,高度専門職１号イ,30,1：男,43：熊本県,2
中国,高度専門職１号イ,31,2：女,43：熊本県,1
中国,高度専門職１号イ,39,2：女,43：熊本県,1
中国,高度専門職１号ロ,27,2：女,43：熊本県,1
中国,高度専門職１号ロ,29,1：男,43：熊本県,1
中国,高度専門職１号ロ,29,2：女,43：熊本県,1
中国,高度専門職１号ロ,30,1：男,43：熊本県,2
中国,高度専門職１号ロ,32,1：男,43：熊本県,1
中国,高度専門職１号ロ,38,1：男,43：熊本県,1
中国,高度専門職１号ロ,53,1：男,43：熊本県,1
中国,高度専門職１号ハ,38,1：男,43：熊本県,1
中国,高度専門職２号,38,1：男,43：熊本県,1
中国,経営・管理,25,1：男,43：熊本県,1
中国,経営・管理,28,2：女,43：熊本県,1
中国,経営・管理,29,1：男,43：熊本県,1
中国,経営・管理,29,2：女,43：熊本県,1
中国,経営・管理,31,1：男,43：熊本県,3
中国,経営・管理,34,1：男,43：熊本県,1
中国,経営・管理,35,1：男,43：熊本県,1
中国,経営・管理,36,1：男,43：熊本県,1
中国,経営・管理,38,1：男,43：熊本県,1
中国,経営・管理,39,2：女,43：熊本県,2
中国,経営・管理,41,1：男,43：熊本県,1
中国,経営・管理,41,2：女,43：熊本県,1
中国,経営・管理,42,2：女,43：熊本県,1
中国,経営・管理,43,1：男,43：熊本県,1
中国,経営・管理,46,1：男,43：熊本県,1
中国,経営・管理,52,1：男,43：熊本県,1
中国,経営・管理,55,2：女,43：熊本県,1
中国,経営・管理,62,1：男,43：熊本県,1
中国,医療,24,2：女,43：熊本県,1
中国,医療,28,2：女,43：熊本県,2
中国,医療,32,2：女,43：熊本県,1
中国,技術・人文知識・国際業務,22,2：女,43：熊本県,1
中国,技術・人文知識・国際業務,23,1：男,43：熊本県,2
中国,技術・人文知識・国際業務,23,2：女,43：熊本県,2
中国,技術・人文知識・国際業務,24,1：男,43：熊本県,4
中国,技術・人文知識・国際業務,24,2：女,43：熊本県,9
中国,技術・人文知識・国際業務,25,1：男,43：熊本県,6
中国,技術・人文知識・国際業務,25,2：女,43：熊本県,3
中国,技術・人文知識・国際業務,26,1：男,43：熊本県,8
中国,技術・人文知識・国際業務,26,2：女,43：熊本県,10
中国,技術・人文知識・国際業務,27,1：男,43：熊本県,8
中国,技術・人文知識・国際業務,27,2：女,43：熊本県,6
中国,技術・人文知識・国際業務,28,1：男,43：熊本県,7
中国,技術・人文知識・国際業務,28,2：女,43：熊本県,5
中国,技術・人文知識・国際業務,29,1：男,43：熊本県,6
中国,技術・人文知識・国際業務,29,2：女,43：熊本県,10
中国,技術・人文知識・国際業務,30,1：男,43：熊本県,7
中国,技術・人文知識・国際業務,30,2：女,43：熊本県,8
中国,技術・人文知識・国際業務,31,1：男,43：熊本県,8
中国,技術・人文知識・国際業務,31,2：女,43：熊本県,9
中国,技術・人文知識・国際業務,32,1：男,43：熊本県,10
中国,技術・人文知識・国際業務,32,2：女,43：熊本県,6
中国,技術・人文知識・国際業務,33,1：男,43：熊本県,9
中国,技術・人文知識・国際業務,33,2：女,43：熊本県,5
中国,技術・人文知識・国際業務,34,1：男,43：熊本県,8
中国,技術・人文知識・国際業務,34,2：女,43：熊本県,1
中国,技術・人文知識・国際業務,35,1：男,43：熊本県,10
中国,技術・人文知識・国際業務,36,1：男,43：熊本県,3
中国,技術・人文知識・国際業務,36,2：女,43：熊本県,2
中国,技術・人文知識・国際業務,37,1：男,43：熊本県,4
中国,技術・人文知識・国際業務,38,1：男,43：熊本県,2
中国,技術・人文知識・国際業務,38,2：女,43：熊本県,1
中国,技術・人文知識・国際業務,39,1：男,43：熊本県,2
中国,技術・人文知識・国際業務,40,1：男,43：熊本県,2
中国,技術・人文知識・国際業務,42,1：男,43：熊本県,4
中国,技術・人文知識・国際業務,43,1：男,43：熊本県,1
中国,技術・人文知識・国際業務,43,2：女,43：熊本県,1
中国,技術・人文知識・国際業務,46,1：男,43：熊本県,3
中国,技術・人文知識・国際業務,47,1：男,43：熊本県,1
中国,技術・人文知識・国際業務,48,1：男,43：熊本県,1
中国,技術・人文知識・国際業務,48,2：女,43：熊本県,1
中国,技術・人文知識・国際業務,50,1：男,43：熊本県,1
中国,技術・人文知識・国際業務,52,1：男,43：熊本県,1
中国,技術・人文知識・国際業務,53,1：男,43：熊本県,1
中国,技術・人文知識・国際業務,56,1：男,43：熊本県,1
中国,技術・人文知識・国際業務,57,1：男,43：熊本県,1
中国,技術・人文知識・国際業務,62,1：男,43：熊本県,1
中国,企業内転勤,31,1：男,43：熊本県,1
中国,技能,30,1：男,43：熊本県,1
中国,技能,30,2：女,43：熊本県,1
中国,技能,31,1：男,43：熊本県,2
中国,技能,32,1：男,43：熊本県,1
中国,技能,33,2：女,43：熊本県,1
中国,技能,34,2：女,43：熊本県,1
中国,技能,36,1：男,43：熊本県,1
中国,技能,37,1：男,43：熊本県,1
中国,技能,38,2：女,43：熊本県,1
中国,技能,39,1：男,43：熊本県,2
中国,技能,40,1：男,43：熊本県,3
中国,技能,40,2：女,43：熊本県,1
中国,技能,41,1：男,43：熊本県,2
中国,技能,42,1：男,43：熊本県,2
中国,技能,42,2：女,43：熊本県,1
中国,技能,43,1：男,43：熊本県,2
中国,技能,44,1：男,43：熊本県,4
中国,技能,44,2：女,43：熊本県,1
中国,技能,45,1：男,43：熊本県,3
中国,技能,45,2：女,43：熊本県,1
中国,技能,46,1：男,43：熊本県,5
中国,技能,47,1：男,43：熊本県,4
中国,技能,47,2：女,43：熊本県,1
中国,技能,48,1：男,43：熊本県,4
中国,技能,48,2：女,43：熊本県,1
中国,技能,49,2：女,43：熊本県,1
中国,技能,50,2：女,43：熊本県,1
中国,技能,51,1：男,43：熊本県,2
中国,技能,51,2：女,43：熊本県,1
中国,技能,52,1：男,43：熊本県,2
中国,技能,52,2：女,43：熊本県,1
中国,技能,53,1：男,43：熊本県,3
中国,技能,55,1：男,43：熊本県,1
中国,技能,59,1：男,43：熊本県,1
中国,技能,60,1：男,43：熊本県,1
中国,技能,63,1：男,43：熊本県,1
中国,特定技能１号,28,1：男,43：熊本県,1
中国,特定技能１号,31,1：男,43：熊本県,1
中国,特定技能１号,33,1：男,43：熊本県,2
中国,特定技能１号,34,1：男,43：熊本県,1
中国,特定技能１号,34,2：女,43：熊本県,1
中国,特定技能１号,36,1：男,43：熊本県,1
中国,特定技能１号,37,1：男,43：熊本県,1
中国,特定技能１号,37,2：女,43：熊本県,2
中国,特定技能１号,38,1：男,43：熊本県,1
中国,特定技能１号,38,2：女,43：熊本県,2
中国,特定技能１号,39,1：男,43：熊本県,1
中国,特定技能１号,39,2：女,43：熊本県,1
中国,特定技能１号,41,1：男,43：熊本県,1
中国,特定技能１号,41,2：女,43：熊本県,2
中国,特定技能１号,42,2：女,43：熊本県,1
中国,特定技能１号,43,1：男,43：熊本県,1
中国,特定技能１号,43,2：女,43：熊本県,3
中国,特定技能１号,44,2：女,43：熊本県,2
中国,特定技能１号,45,2：女,43：熊本県,2
中国,特定技能１号,46,2：女,43：熊本県,1
中国,特定技能１号,49,1：男,43：熊本県,1
中国,技能実習１号ロ,19,2：女,43：熊本県,1
中国,技能実習１号ロ,20,1：男,43：熊本県,2
中国,技能実習１号ロ,20,2：女,43：熊本県,2
中国,技能実習１号ロ,21,1：男,43：熊本県,1
中国,技能実習１号ロ,21,2：女,43：熊本県,4
中国,技能実習１号ロ,23,1：男,43：熊本県,2
中国,技能実習１号ロ,23,2：女,43：熊本県,4
中国,技能実習１号ロ,24,1：男,43：熊本県,2
中国,技能実習１号ロ,24,2：女,43：熊本県,1
中国,技能実習１号ロ,25,2：女,43：熊本県,1
中国,技能実習１号ロ,26,2：女,43：熊本県,3
中国,技能実習１号ロ,27,1：男,43：熊本県,2
中国,技能実習１号ロ,27,2：女,43：熊本県,2
中国,技能実習１号ロ,28,1：男,43：熊本県,1
中国,技能実習１号ロ,28,2：女,43：熊本県,2
中国,技能実習１号ロ,30,1：男,43：熊本県,1
中国,技能実習１号ロ,30,2：女,43：熊本県,2
中国,技能実習１号ロ,31,2：女,43：熊本県,2
中国,技能実習１号ロ,32,2：女,43：熊本県,3
中国,技能実習１号ロ,33,1：男,43：熊本県,2
中国,技能実習１号ロ,33,2：女,43：熊本県,6
中国,技能実習１号ロ,34,1：男,43：熊本県,3
中国,技能実習１号ロ,34,2：女,43：熊本県,9
中国,技能実習１号ロ,35,2：女,43：熊本県,12
中国,技能実習１号ロ,36,1：男,43：熊本県,3
中国,技能実習１号ロ,36,2：女,43：熊本県,5
中国,技能実習１号ロ,37,1：男,43：熊本県,1
中国,技能実習１号ロ,37,2：女,43：熊本県,6
中国,技能実習１号ロ,38,1：男,43：熊本県,2
中国,技能実習１号ロ,38,2：女,43：熊本県,7
中国,技能実習１号ロ,39,1：男,43：熊本県,3
中国,技能実習１号ロ,39,2：女,43：熊本県,8
中国,技能実習１号ロ,40,1：男,43：熊本県,1
中国,技能実習１号ロ,40,2：女,43：熊本県,7
中国,技能実習１号ロ,41,1：男,43：熊本県,1
中国,技能実習１号ロ,41,2：女,43：熊本県,10
中国,技能実習１号ロ,42,1：男,43：熊本県,1
中国,技能実習１号ロ,42,2：女,43：熊本県,6
中国,技能実習１号ロ,43,1：男,43：熊本県,1
中国,技能実習１号ロ,43,2：女,43：熊本県,5
中国,技能実習１号ロ,44,2：女,43：熊本県,6
中国,技能実習１号ロ,45,1：男,43：熊本県,1
中国,技能実習１号ロ,45,2：女,43：熊本県,4
中国,技能実習１号ロ,46,1：男,43：熊本県,1
中国,技能実習１号ロ,46,2：女,43：熊本県,5
中国,技能実習１号ロ,47,2：女,43：熊本県,2
中国,技能実習１号ロ,48,2：女,43：熊本県,2
中国,技能実習１号ロ,49,2：女,43：熊本県,1
中国,技能実習１号ロ,50,2：女,43：熊本県,2
中国,技能実習２号ロ,19,1：男,43：熊本県,1
中国,技能実習２号ロ,19,2：女,43：熊本県,1
中国,技能実習２号ロ,20,1：男,43：熊本県,5
中国,技能実習２号ロ,20,2：女,43：熊本県,1
中国,技能実習２号ロ,21,1：男,43：熊本県,5
中国,技能実習２号ロ,21,2：女,43：熊本県,4
中国,技能実習２号ロ,22,1：男,43：熊本県,10
中国,技能実習２号ロ,22,2：女,43：熊本県,5
中国,技能実習２号ロ,23,1：男,43：熊本県,8
中国,技能実習２号ロ,23,2：女,43：熊本県,2
中国,技能実習２号ロ,24,1：男,43：熊本県,9
中国,技能実習２号ロ,24,2：女,43：熊本県,2
中国,技能実習２号ロ,25,1：男,43：熊本県,6
中国,技能実習２号ロ,25,2：女,43：熊本県,5
中国,技能実習２号ロ,26,1：男,43：熊本県,5
中国,技能実習２号ロ,26,2：女,43：熊本県,6
中国,技能実習２号ロ,27,1：男,43：熊本県,3
中国,技能実習２号ロ,27,2：女,43：熊本県,4
中国,技能実習２号ロ,28,1：男,43：熊本県,5
中国,技能実習２号ロ,28,2：女,43：熊本県,5
中国,技能実習２号ロ,29,1：男,43：熊本県,3
中国,技能実習２号ロ,29,2：女,43：熊本県,8
中国,技能実習２号ロ,30,1：男,43：熊本県,4
中国,技能実習２号ロ,30,2：女,43：熊本県,13
中国,技能実習２号ロ,31,1：男,43：熊本県,6
中国,技能実習２号ロ,31,2：女,43：熊本県,9
中国,技能実習２号ロ,32,1：男,43：熊本県,7
中国,技能実習２号ロ,32,2：女,43：熊本県,9
中国,技能実習２号ロ,33,1：男,43：熊本県,4
中国,技能実習２号ロ,33,2：女,43：熊本県,14
中国,技能実習２号ロ,34,1：男,43：熊本県,5
中国,技能実習２号ロ,34,2：女,43：熊本県,16
中国,技能実習２号ロ,35,1：男,43：熊本県,11
中国,技能実習２号ロ,35,2：女,43：熊本県,18
中国,技能実習２号ロ,36,1：男,43：熊本県,9
中国,技能実習２号ロ,36,2：女,43：熊本県,16
中国,技能実習２号ロ,37,1：男,43：熊本県,7
中国,技能実習２号ロ,37,2：女,43：熊本県,17
中国,技能実習２号ロ,38,1：男,43：熊本県,5
中国,技能実習２号ロ,38,2：女,43：熊本県,23
中国,技能実習２号ロ,39,1：男,43：熊本県,4
中国,技能実習２号ロ,39,2：女,43：熊本県,26
中国,技能実習２号ロ,40,1：男,43：熊本県,6
中国,技能実習２号ロ,40,2：女,43：熊本県,24
中国,技能実習２号ロ,41,1：男,43：熊本県,4
中国,技能実習２号ロ,41,2：女,43：熊本県,19
中国,技能実習２号ロ,42,1：男,43：熊本県,5
中国,技能実習２号ロ,42,2：女,43：熊本県,34
中国,技能実習２号ロ,43,1：男,43：熊本県,2
中国,技能実習２号ロ,43,2：女,43：熊本県,23
中国,技能実習２号ロ,44,1：男,43：熊本県,4
中国,技能実習２号ロ,44,2：女,43：熊本県,24
中国,技能実習２号ロ,45,1：男,43：熊本県,1
中国,技能実習２号ロ,45,2：女,43：熊本県,22
中国,技能実習２号ロ,46,1：男,43：熊本県,1
中国,技能実習２号ロ,46,2：女,43：熊本県,11
中国,技能実習２号ロ,47,2：女,43：熊本県,13
中国,技能実習２号ロ,48,2：女,43：熊本県,11
中国,技能実習２号ロ,49,2：女,43：熊本県,3
中国,技能実習２号ロ,50,2：女,43：熊本県,2
中国,技能実習２号ロ,51,2：女,43：熊本県,1
中国,技能実習３号ロ,23,1：男,43：熊本県,1
中国,技能実習３号ロ,23,2：女,43：熊本県,2
中国,技能実習３号ロ,24,1：男,43：熊本県,1
中国,技能実習３号ロ,24,2：女,43：熊本県,1
中国,技能実習３号ロ,27,1：男,43：熊本県,1
中国,技能実習３号ロ,29,2：女,43：熊本県,1
中国,技能実習３号ロ,31,2：女,43：熊本県,3
中国,技能実習３号ロ,32,1：男,43：熊本県,1
中国,技能実習３号ロ,32,2：女,43：熊本県,2
中国,技能実習３号ロ,33,1：男,43：熊本県,1
中国,技能実習３号ロ,33,2：女,43：熊本県,4
中国,技能実習３号ロ,34,1：男,43：熊本県,2
中国,技能実習３号ロ,34,2：女,43：熊本県,1
中国,技能実習３号ロ,35,1：男,43：熊本県,1
中国,技能実習３号ロ,35,2：女,43：熊本県,1
中国,技能実習３号ロ,36,1：男,43：熊本県,2
中国,技能実習３号ロ,37,2：女,43：熊本県,3
中国,技能実習３号ロ,38,1：男,43：熊本県,2
中国,技能実習３号ロ,38,2：女,43：熊本県,3
中国,技能実習３号ロ,39,1：男,43：熊本県,1
中国,技能実習３号ロ,39,2：女,43：熊本県,3
中国,技能実習３号ロ,40,1：男,43：熊本県,1
中国,技能実習３号ロ,40,2：女,43：熊本県,1
中国,技能実習３号ロ,41,1：男,43：熊本県,1
中国,技能実習３号ロ,41,2：女,43：熊本県,4
中国,技能実習３号ロ,42,1：男,43：熊本県,2
中国,技能実習３号ロ,42,2：女,43：熊本県,3
中国,技能実習３号ロ,43,2：女,43：熊本県,1
中国,技能実習３号ロ,44,2：女,43：熊本県,3
中国,技能実習３号ロ,45,2：女,43：熊本県,3
中国,技能実習３号ロ,47,2：女,43：熊本県,6
中国,技能実習３号ロ,48,2：女,43：熊本県,4
中国,技能実習３号ロ,50,2：女,43：熊本県,1
中国,技能実習３号ロ,51,2：女,43：熊本県,1
中国,技能実習３号ロ,52,2：女,43：熊本県,1
中国,文化活動,29,2：女,43：熊本県,1
中国,文化活動,30,1：男,43：熊本県,1
中国,文化活動,32,1：男,43：熊本県,1
中国,文化活動,34,1：男,43：熊本県,1
中国,文化活動,34,2：女,43：熊本県,1
中国,留学,17,1：男,43：熊本県,1
中国,留学,17,2：女,43：熊本県,1
中国,留学,18,1：男,43：熊本県,1
中国,留学,18,2：女,43：熊本県,2
中国,留学,19,1：男,43：熊本県,4
中国,留学,19,2：女,43：熊本県,4
中国,留学,20,1：男,43：熊本県,27
中国,留学,20,2：女,43：熊本県,7
中国,留学,21,1：男,43：熊本県,26
中国,留学,21,2：女,43：熊本県,12
中国,留学,22,1：男,43：熊本県,23
中国,留学,22,2：女,43：熊本県,20
中国,留学,23,1：男,43：熊本県,22
中国,留学,23,2：女,43：熊本県,21
中国,留学,24,1：男,43：熊本県,37
中国,留学,24,2：女,43：熊本県,19
中国,留学,25,1：男,43：熊本県,25
中国,留学,25,2：女,43：熊本県,11
中国,留学,26,1：男,43：熊本県,10
中国,留学,26,2：女,43：熊本県,7
中国,留学,27,1：男,43：熊本県,17
中国,留学,27,2：女,43：熊本県,11
中国,留学,28,1：男,43：熊本県,8
中国,留学,28,2：女,43：熊本県,5
中国,留学,29,1：男,43：熊本県,5
中国,留学,29,2：女,43：熊本県,5
中国,留学,30,1：男,43：熊本県,5
中国,留学,30,2：女,43：熊本県,2
中国,留学,31,1：男,43：熊本県,3
中国,留学,31,2：女,43：熊本県,1
中国,留学,32,1：男,43：熊本県,2
中国,留学,32,2：女,43：熊本県,4
中国,留学,33,1：男,43：熊本県,1
中国,留学,33,2：女,43：熊本県,1
中国,留学,34,1：男,43：熊本県,3
中国,留学,35,2：女,43：熊本県,4
中国,留学,36,2：女,43：熊本県,2
中国,家族滞在,0,1：男,43：熊本県,2
中国,家族滞在,0,2：女,43：熊本県,5
中国,家族滞在,1,1：男,43：熊本県,6
中国,家族滞在,1,2：女,43：熊本県,3
中国,家族滞在,2,1：男,43：熊本県,1
中国,家族滞在,2,2：女,43：熊本県,1
中国,家族滞在,3,1：男,43：熊本県,2
中国,家族滞在,3,2：女,43：熊本県,3
中国,家族滞在,4,1：男,43：熊本県,6
中国,家族滞在,4,2：女,43：熊本県,3
中国,家族滞在,5,1：男,43：熊本県,5
中国,家族滞在,5,2：女,43：熊本県,3
中国,家族滞在,6,1：男,43：熊本県,3
中国,家族滞在,6,2：女,43：熊本県,2
中国,家族滞在,7,2：女,43：熊本県,5
中国,家族滞在,8,2：女,43：熊本県,2
中国,家族滞在,9,1：男,43：熊本県,1
中国,家族滞在,9,2：女,43：熊本県,1
中国,家族滞在,10,1：男,43：熊本県,3
中国,家族滞在,11,1：男,43：熊本県,3
中国,家族滞在,12,1：男,43：熊本県,2
中国,家族滞在,12,2：女,43：熊本県,1
中国,家族滞在,14,1：男,43：熊本県,1
中国,家族滞在,14,2：女,43：熊本県,1
中国,家族滞在,15,2：女,43：熊本県,1
中国,家族滞在,16,2：女,43：熊本県,1
中国,家族滞在,17,2：女,43：熊本県,1
中国,家族滞在,18,1：男,43：熊本県,2
中国,家族滞在,20,1：男,43：熊本県,1
中国,家族滞在,22,2：女,43：熊本県,1
中国,家族滞在,23,2：女,43：熊本県,1
中国,家族滞在,24,2：女,43：熊本県,1
中国,家族滞在,25,1：男,43：熊本県,1
中国,家族滞在,25,2：女,43：熊本県,2
中国,家族滞在,26,1：男,43：熊本県,4
中国,家族滞在,26,2：女,43：熊本県,1
中国,家族滞在,27,1：男,43：熊本県,1
中国,家族滞在,27,2：女,43：熊本県,1
中国,家族滞在,28,1：男,43：熊本県,1
中国,家族滞在,28,2：女,43：熊本県,2
中国,家族滞在,29,1：男,43：熊本県,1
中国,家族滞在,29,2：女,43：熊本県,2
中国,家族滞在,31,1：男,43：熊本県,4
中国,家族滞在,31,2：女,43：熊本県,1
中国,家族滞在,32,1：男,43：熊本県,1
中国,家族滞在,32,2：女,43：熊本県,4
中国,家族滞在,33,1：男,43：熊本県,1
中国,家族滞在,33,2：女,43：熊本県,1
中国,家族滞在,34,1：男,43：熊本県,1
中国,家族滞在,34,2：女,43：熊本県,6
中国,家族滞在,35,2：女,43：熊本県,3
中国,家族滞在,36,2：女,43：熊本県,1
中国,家族滞在,37,1：男,43：熊本県,1
中国,家族滞在,37,2：女,43：熊本県,3
中国,家族滞在,38,1：男,43：熊本県,1
中国,家族滞在,38,2：女,43：熊本県,2
中国,家族滞在,39,1：男,43：熊本県,2
中国,家族滞在,39,2：女,43：熊本県,3
中国,家族滞在,41,2：女,43：熊本県,3
中国,家族滞在,43,2：女,43：熊本県,3
中国,家族滞在,44,1：男,43：熊本県,2
中国,家族滞在,44,2：女,43：熊本県,4
中国,家族滞在,45,2：女,43：熊本県,2
中国,家族滞在,46,1：男,43：熊本県,1
中国,家族滞在,46,2：女,43：熊本県,2
中国,家族滞在,48,1：男,43：熊本県,1
中国,家族滞在,48,2：女,43：熊本県,3
中国,家族滞在,49,1：男,43：熊本県,1
中国,家族滞在,49,2：女,43：熊本県,3
中国,家族滞在,50,2：女,43：熊本県,3
中国,家族滞在,51,1：男,43：熊本県,1
中国,家族滞在,51,2：女,43：熊本県,2
中国,家族滞在,52,1：男,43：熊本県,1
中国,家族滞在,55,2：女,43：熊本県,1
中国,家族滞在,60,1：男,43：熊本県,1
中国,家族滞在,61,2：女,43：熊本県,1
中国,特定活動,1,2：女,43：熊本県,1
中国,特定活動,22,2：女,43：熊本県,1
中国,特定活動,23,1：男,43：熊本県,3
中国,特定活動,24,2：女,43：熊本県,2
中国,特定活動,25,2：女,43：熊本県,3
中国,特定活動,26,1：男,43：熊本県,1
中国,特定活動,27,1：男,43：熊本県,1
中国,特定活動,27,2：女,43：熊本県,1
中国,特定活動,28,1：男,43：熊本県,2
中国,特定活動,29,1：男,43：熊本県,1
中国,特定活動,29,2：女,43：熊本県,2
中国,特定活動,30,2：女,43：熊本県,3
中国,特定活動,31,1：男,43：熊本県,1
中国,特定活動,31,2：女,43：熊本県,1
中国,特定活動,32,1：男,43：熊本県,3
中国,特定活動,32,2：女,43：熊本県,2
中国,特定活動,33,2：女,43：熊本県,3
中国,特定活動,34,1：男,43：熊本県,3
中国,特定活動,34,2：女,43：熊本県,2
中国,特定活動,35,1：男,43：熊本県,2
中国,特定活動,35,2：女,43：熊本県,4
中国,特定活動,36,1：男,43：熊本県,1
中国,特定活動,36,2：女,43：熊本県,3
中国,特定活動,37,1：男,43：熊本県,1
中国,特定活動,37,2：女,43：熊本県,2
中国,特定活動,38,1：男,43：熊本県,1
中国,特定活動,38,2：女,43：熊本県,4
中国,特定活動,39,1：男,43：熊本県,1
中国,特定活動,39,2：女,43：熊本県,3
中国,特定活動,40,1：男,43：熊本県,3
中国,特定活動,40,2：女,43：熊本県,1
中国,特定活動,41,1：男,43：熊本県,2
中国,特定活動,41,2：女,43：熊本県,1
中国,特定活動,42,1：男,43：熊本県,1
中国,特定活動,42,2：女,43：熊本県,5
中国,特定活動,43,2：女,43：熊本県,1
中国,特定活動,44,2：女,43：熊本県,6
中国,特定活動,45,1：男,43：熊本県,2
中国,特定活動,45,2：女,43：熊本県,4
中国,特定活動,46,1：男,43：熊本県,1
中国,特定活動,46,2：女,43：熊本県,2
中国,特定活動,47,2：女,43：熊本県,1
中国,特定活動,48,2：女,43：熊本県,1
中国,特定活動,61,1：男,43：熊本県,1
中国,特定活動,70,1：男,43：熊本県,1
中国,特定活動,80歳以上,2：女,43：熊本県,2
中国,永住者,0,1：男,43：熊本県,2
中国,永住者,0,2：女,43：熊本県,4
中国,永住者,1,1：男,43：熊本県,5
中国,永住者,1,2：女,43：熊本県,3
中国,永住者,2,1：男,43：熊本県,4
中国,永住者,2,2：女,43：熊本県,2
中国,永住者,3,1：男,43：熊本県,6
中国,永住者,3,2：女,43：熊本県,6
中国,永住者,4,1：男,43：熊本県,5
中国,永住者,4,2：女,43：熊本県,2
中国,永住者,5,1：男,43：熊本県,4
中国,永住者,5,2：女,43：熊本県,4
中国,永住者,6,1：男,43：熊本県,7
中国,永住者,6,2：女,43：熊本県,6
中国,永住者,7,1：男,43：熊本県,6
中国,永住者,7,2：女,43：熊本県,3
中国,永住者,8,1：男,43：熊本県,5
中国,永住者,8,2：女,43：熊本県,13
中国,永住者,9,1：男,43：熊本県,9
中国,永住者,9,2：女,43：熊本県,10
中国,永住者,10,1：男,43：熊本県,5
中国,永住者,10,2：女,43：熊本県,9
中国,永住者,11,1：男,43：熊本県,7
中国,永住者,11,2：女,43：熊本県,8
中国,永住者,12,1：男,43：熊本県,5
中国,永住者,12,2：女,43：熊本県,5
中国,永住者,13,1：男,43：熊本県,7
中国,永住者,13,2：女,43：熊本県,4
中国,永住者,14,1：男,43：熊本県,5
中国,永住者,14,2：女,43：熊本県,3
中国,永住者,15,1：男,43：熊本県,7
中国,永住者,15,2：女,43：熊本県,5
中国,永住者,16,1：男,43：熊本県,8
中国,永住者,17,1：男,43：熊本県,5
中国,永住者,17,2：女,43：熊本県,4
中国,永住者,18,1：男,43：熊本県,1
中国,永住者,18,2：女,43：熊本県,4
中国,永住者,19,2：女,43：熊本県,7
中国,永住者,20,1：男,43：熊本県,3
中国,永住者,20,2：女,43：熊本県,8
中国,永住者,21,1：男,43：熊本県,6
中国,永住者,21,2：女,43：熊本県,5
中国,永住者,22,1：男,43：熊本県,7
中国,永住者,22,2：女,43：熊本県,6
中国,永住者,23,1：男,43：熊本県,6
中国,永住者,23,2：女,43：熊本県,6
中国,永住者,24,1：男,43：熊本県,5
中国,永住者,24,2：女,43：熊本県,6
中国,永住者,25,1：男,43：熊本県,6
中国,永住者,25,2：女,43：熊本県,5
中国,永住者,26,1：男,43：熊本県,4
中国,永住者,26,2：女,43：熊本県,4
中国,永住者,27,1：男,43：熊本県,7
中国,永住者,27,2：女,43：熊本県,9
中国,永住者,28,1：男,43：熊本県,2
中国,永住者,28,2：女,43：熊本県,5
中国,永住者,29,1：男,43：熊本県,3
中国,永住者,29,2：女,43：熊本県,6
中国,永住者,30,1：男,43：熊本県,6
中国,永住者,30,2：女,43：熊本県,3
中国,永住者,31,1：男,43：熊本県,8
中国,永住者,31,2：女,43：熊本県,12
中国,永住者,32,1：男,43：熊本県,8
中国,永住者,32,2：女,43：熊本県,7
中国,永住者,33,1：男,43：熊本県,11
中国,永住者,33,2：女,43：熊本県,14
中国,永住者,34,1：男,43：熊本県,9
中国,永住者,34,2：女,43：熊本県,29
中国,永住者,35,1：男,43：熊本県,6
中国,永住者,35,2：女,43：熊本県,15
中国,永住者,36,1：男,43：熊本県,9
中国,永住者,36,2：女,43：熊本県,20
中国,永住者,37,1：男,43：熊本県,7
中国,永住者,37,2：女,43：熊本県,9
中国,永住者,38,1：男,43：熊本県,9
中国,永住者,38,2：女,43：熊本県,36
中国,永住者,39,1：男,43：熊本県,9
中国,永住者,39,2：女,43：熊本県,42
中国,永住者,40,1：男,43：熊本県,12
中国,永住者,40,2：女,43：熊本県,29
中国,永住者,41,1：男,43：熊本県,8
中国,永住者,41,2：女,43：熊本県,34
中国,永住者,42,1：男,43：熊本県,10
中国,永住者,42,2：女,43：熊本県,29
中国,永住者,43,1：男,43：熊本県,9
中国,永住者,43,2：女,43：熊本県,30
中国,永住者,44,1：男,43：熊本県,8
中国,永住者,44,2：女,43：熊本県,31
中国,永住者,45,1：男,43：熊本県,7
中国,永住者,45,2：女,43：熊本県,23
中国,永住者,46,1：男,43：熊本県,7
中国,永住者,46,2：女,43：熊本県,30
中国,永住者,47,1：男,43：熊本県,5
中国,永住者,47,2：女,43：熊本県,36
中国,永住者,48,1：男,43：熊本県,11
中国,永住者,48,2：女,43：熊本県,34
中国,永住者,49,1：男,43：熊本県,6
中国,永住者,49,2：女,43：熊本県,36
中国,永住者,50,1：男,43：熊本県,13
中国,永住者,50,2：女,43：熊本県,32
中国,永住者,51,1：男,43：熊本県,6
中国,永住者,51,2：女,43：熊本県,32
中国,永住者,52,1：男,43：熊本県,6
中国,永住者,52,2：女,43：熊本県,34
中国,永住者,53,1：男,43：熊本県,9
中国,永住者,53,2：女,43：熊本県,26
中国,永住者,54,1：男,43：熊本県,7
中国,永住者,54,2：女,43：熊本県,20
中国,永住者,55,1：男,43：熊本県,5
中国,永住者,55,2：女,43：熊本県,11
中国,永住者,56,1：男,43：熊本県,11
中国,永住者,56,2：女,43：熊本県,11
中国,永住者,57,1：男,43：熊本県,8
中国,永住者,57,2：女,43：熊本県,20
中国,永住者,58,1：男,43：熊本県,10
中国,永住者,58,2：女,43：熊本県,16
中国,永住者,59,1：男,43：熊本県,8
中国,永住者,59,2：女,43：熊本県,9
中国,永住者,60,1：男,43：熊本県,6
中国,永住者,60,2：女,43：熊本県,6
中国,永住者,61,1：男,43：熊本県,6
中国,永住者,61,2：女,43：熊本県,6
中国,永住者,62,1：男,43：熊本県,6
中国,永住者,62,2：女,43：熊本県,6
中国,永住者,63,1：男,43：熊本県,7
中国,永住者,63,2：女,43：熊本県,7
中国,永住者,64,1：男,43：熊本県,7
中国,永住者,64,2：女,43：熊本県,6
中国,永住者,65,1：男,43：熊本県,1
中国,永住者,65,2：女,43：熊本県,8
中国,永住者,66,1：男,43：熊本県,5
中国,永住者,66,2：女,43：熊本県,4
中国,永住者,67,1：男,43：熊本県,4
中国,永住者,67,2：女,43：熊本県,1
中国,永住者,68,1：男,43：熊本県,6
中国,永住者,68,2：女,43：熊本県,9
中国,永住者,69,1：男,43：熊本県,2
中国,永住者,69,2：女,43：熊本県,2
中国,永住者,70,1：男,43：熊本県,5
中国,永住者,70,2：女,43：熊本県,4
中国,永住者,71,1：男,43：熊本県,7
中国,永住者,71,2：女,43：熊本県,7
中国,永住者,72,1：男,43：熊本県,3
中国,永住者,72,2：女,43：熊本県,9
中国,永住者,73,1：男,43：熊本県,1
中国,永住者,73,2：女,43：熊本県,5
中国,永住者,74,1：男,43：熊本県,2
中国,永住者,74,2：女,43：熊本県,5
中国,永住者,75,1：男,43：熊本県,1
中国,永住者,75,2：女,43：熊本県,2
中国,永住者,76,1：男,43：熊本県,2
中国,永住者,77,1：男,43：熊本県,2
中国,永住者,78,2：女,43：熊本県,1
中国,永住者,79,1：男,43：熊本県,3
中国,永住者,79,2：女,43：熊本県,2
中国,永住者,80歳以上,1：男,43：熊本県,8
中国,永住者,80歳以上,2：女,43：熊本県,7
中国,日本人の配偶者等,1,2：女,43：熊本県,1
中国,日本人の配偶者等,11,1：男,43：熊本県,1
中国,日本人の配偶者等,18,1：男,43：熊本県,1
中国,日本人の配偶者等,23,2：女,43：熊本県,1
中国,日本人の配偶者等,25,2：女,43：熊本県,1
中国,日本人の配偶者等,26,2：女,43：熊本県,1
中国,日本人の配偶者等,27,2：女,43：熊本県,2
中国,日本人の配偶者等,29,1：男,43：熊本県,1
中国,日本人の配偶者等,29,2：女,43：熊本県,1
中国,日本人の配偶者等,30,1：男,43：熊本県,1
中国,日本人の配偶者等,30,2：女,43：熊本県,10
中国,日本人の配偶者等,31,1：男,43：熊本県,1
中国,日本人の配偶者等,31,2：女,43：熊本県,3
中国,日本人の配偶者等,32,2：女,43：熊本県,6
中国,日本人の配偶者等,33,1：男,43：熊本県,1
中国,日本人の配偶者等,33,2：女,43：熊本県,6
中国,日本人の配偶者等,34,2：女,43：熊本県,4
中国,日本人の配偶者等,35,1：男,43：熊本県,1
中国,日本人の配偶者等,35,2：女,43：熊本県,3
中国,日本人の配偶者等,36,2：女,43：熊本県,3
中国,日本人の配偶者等,37,1：男,43：熊本県,1
中国,日本人の配偶者等,37,2：女,43：熊本県,6
中国,日本人の配偶者等,38,2：女,43：熊本県,3
中国,日本人の配偶者等,39,1：男,43：熊本県,3
中国,日本人の配偶者等,39,2：女,43：熊本県,8
中国,日本人の配偶者等,40,2：女,43：熊本県,5
中国,日本人の配偶者等,41,1：男,43：熊本県,1
中国,日本人の配偶者等,41,2：女,43：熊本県,6
中国,日本人の配偶者等,42,1：男,43：熊本県,1
中国,日本人の配偶者等,42,2：女,43：熊本県,7
中国,日本人の配偶者等,43,2：女,43：熊本県,8
中国,日本人の配偶者等,44,2：女,43：熊本県,2
中国,日本人の配偶者等,45,1：男,43：熊本県,1
中国,日本人の配偶者等,45,2：女,43：熊本県,4
中国,日本人の配偶者等,46,1：男,43：熊本県,1
中国,日本人の配偶者等,46,2：女,43：熊本県,3
中国,日本人の配偶者等,47,1：男,43：熊本県,1
中国,日本人の配偶者等,47,2：女,43：熊本県,9
中国,日本人の配偶者等,48,1：男,43：熊本県,1
中国,日本人の配偶者等,48,2：女,43：熊本県,6
中国,日本人の配偶者等,49,1：男,43：熊本県,1
中国,日本人の配偶者等,49,2：女,43：熊本県,4
中国,日本人の配偶者等,50,2：女,43：熊本県,6
中国,日本人の配偶者等,51,2：女,43：熊本県,6
中国,日本人の配偶者等,52,2：女,43：熊本県,3
中国,日本人の配偶者等,53,2：女,43：熊本県,1
中国,日本人の配偶者等,56,2：女,43：熊本県,1
中国,日本人の配偶者等,57,2：女,43：熊本県,5
中国,日本人の配偶者等,58,1：男,43：熊本県,1
中国,日本人の配偶者等,58,2：女,43：熊本県,1
中国,日本人の配偶者等,61,2：女,43：熊本県,1
中国,日本人の配偶者等,64,1：男,43：熊本県,1
中国,日本人の配偶者等,64,2：女,43：熊本県,1
中国,日本人の配偶者等,65,2：女,43：熊本県,1
中国,日本人の配偶者等,67,1：男,43：熊本県,1
中国,日本人の配偶者等,76,1：男,43：熊本県,1
中国,日本人の配偶者等,77,1：男,43：熊本県,1
中国,日本人の配偶者等,77,2：女,43：熊本県,1
中国,永住者の配偶者等,0,1：男,43：熊本県,1
中国,永住者の配偶者等,1,1：男,43：熊本県,4
中国,永住者の配偶者等,2,1：男,43：熊本県,1
中国,永住者の配偶者等,4,1：男,43：熊本県,1
中国,永住者の配偶者等,4,2：女,43：熊本県,1
中国,永住者の配偶者等,5,1：男,43：熊本県,1
中国,永住者の配偶者等,5,2：女,43：熊本県,1
中国,永住者の配偶者等,16,1：男,43：熊本県,1
中国,永住者の配偶者等,26,1：男,43：熊本県,1
中国,永住者の配偶者等,27,1：男,43：熊本県,1
中国,永住者の配偶者等,27,2：女,43：熊本県,1
中国,永住者の配偶者等,30,2：女,43：熊本県,2
中国,永住者の配偶者等,31,1：男,43：熊本県,1
中国,永住者の配偶者等,31,2：女,43：熊本県,3
中国,永住者の配偶者等,32,1：男,43：熊本県,1
中国,永住者の配偶者等,32,2：女,43：熊本県,2
中国,永住者の配偶者等,33,2：女,43：熊本県,1
中国,永住者の配偶者等,34,2：女,43：熊本県,2
中国,永住者の配偶者等,35,2：女,43：熊本県,1
中国,永住者の配偶者等,36,2：女,43：熊本県,1
中国,永住者の配偶者等,37,2：女,43：熊本県,1
中国,永住者の配偶者等,38,1：男,43：熊本県,1
中国,永住者の配偶者等,38,2：女,43：熊本県,1
中国,永住者の配偶者等,40,1：男,43：熊本県,1
中国,永住者の配偶者等,40,2：女,43：熊本県,1
中国,永住者の配偶者等,41,1：男,43：熊本県,2
中国,永住者の配偶者等,42,1：男,43：熊本県,1
中国,永住者の配偶者等,45,2：女,43：熊本県,1
中国,永住者の配偶者等,46,2：女,43：熊本県,1
中国,永住者の配偶者等,47,2：女,43：熊本県,1
中国,永住者の配偶者等,48,2：女,43：熊本県,1
中国,永住者の配偶者等,49,1：男,43：熊本県,1
中国,永住者の配偶者等,50,1：男,43：熊本県,1
中国,永住者の配偶者等,51,2：女,43：熊本県,2
中国,永住者の配偶者等,52,2：女,43：熊本県,1
中国,永住者の配偶者等,54,1：男,43：熊本県,2
中国,永住者の配偶者等,55,2：女,43：熊本県,2
中国,永住者の配偶者等,65,1：男,43：熊本県,1
中国,永住者の配偶者等,69,1：男,43：熊本県,1
中国,永住者の配偶者等,72,1：男,43：熊本県,1
中国,定住者,3,1：男,43：熊本県,1
中国,定住者,3,2：女,43：熊本県,1
中国,定住者,4,1：男,43：熊本県,1
中国,定住者,5,1：男,43：熊本県,2
中国,定住者,5,2：女,43：熊本県,1
中国,定住者,6,1：男,43：熊本県,1
中国,定住者,6,2：女,43：熊本県,1
中国,定住者,7,1：男,43：熊本県,2
中国,定住者,8,1：男,43：熊本県,2
中国,定住者,8,2：女,43：熊本県,1
中国,定住者,9,1：男,43：熊本県,1
中国,定住者,10,2：女,43：熊本県,2
中国,定住者,11,1：男,43：熊本県,1
中国,定住者,11,2：女,43：熊本県,1
中国,定住者,12,1：男,43：熊本県,1
中国,定住者,13,2：女,43：熊本県,2
中国,定住者,14,1：男,43：熊本県,1
中国,定住者,14,2：女,43：熊本県,1
中国,定住者,15,1：男,43：熊本県,1
中国,定住者,15,2：女,43：熊本県,1
中国,定住者,16,1：男,43：熊本県,2
中国,定住者,16,2：女,43：熊本県,2
中国,定住者,17,1：男,43：熊本県,1
中国,定住者,17,2：女,43：熊本県,1
中国,定住者,18,2：女,43：熊本県,1
中国,定住者,19,1：男,43：熊本県,2
中国,定住者,19,2：女,43：熊本県,1
中国,定住者,20,1：男,43：熊本県,2
中国,定住者,20,2：女,43：熊本県,4
中国,定住者,21,1：男,43：熊本県,2
中国,定住者,21,2：女,43：熊本県,2
中国,定住者,22,1：男,43：熊本県,2
中国,定住者,23,1：男,43：熊本県,1
中国,定住者,23,2：女,43：熊本県,5
中国,定住者,25,2：女,43：熊本県,1
中国,定住者,27,2：女,43：熊本県,1
中国,定住者,28,2：女,43：熊本県,1
中国,定住者,29,2：女,43：熊本県,1
中国,定住者,30,1：男,43：熊本県,1
中国,定住者,31,1：男,43：熊本県,1
中国,定住者,34,2：女,43：熊本県,1
中国,定住者,38,1：男,43：熊本県,1
中国,定住者,38,2：女,43：熊本県,2
中国,定住者,41,1：男,43：熊本県,1
中国,定住者,41,2：女,43：熊本県,5
中国,定住者,42,1：男,43：熊本県,1
中国,定住者,42,2：女,43：熊本県,2
中国,定住者,43,1：男,43：熊本県,1
中国,定住者,44,2：女,43：熊本県,1
中国,定住者,46,2：女,43：熊本県,1
中国,定住者,48,2：女,43：熊本県,1
中国,定住者,52,2：女,43：熊本県,1
中国,定住者,55,2：女,43：熊本県,2
中国,定住者,69,1：男,43：熊本県,1
中国,定住者,69,2：女,43：熊本県,1
中国,定住者,70,2：女,43：熊本県,1
中国,定住者,74,1：男,43：熊本県,1
中国,特別永住者,70,1：男,43：熊本県,1
台湾,教授,29,1：男,43：熊本県,1
台湾,教授,33,1：男,43：熊本県,1
台湾,高度専門職１号ロ,28,1：男,43：熊本県,1
台湾,経営・管理,29,2：女,43：熊本県,1
台湾,経営・管理,53,1：男,43：熊本県,1
台湾,技術・人文知識・国際業務,23,2：女,43：熊本県,1
台湾,技術・人文知識・国際業務,24,2：女,43：熊本県,2
台湾,技術・人文知識・国際業務,25,1：男,43：熊本県,2
台湾,技術・人文知識・国際業務,25,2：女,43：熊本県,3
台湾,技術・人文知識・国際業務,26,1：男,43：熊本県,2
台湾,技術・人文知識・国際業務,26,2：女,43：熊本県,4
台湾,技術・人文知識・国際業務,27,1：男,43：熊本県,3
台湾,技術・人文知識・国際業務,27,2：女,43：熊本県,7
台湾,技術・人文知識・国際業務,28,1：男,43：熊本県,3
台湾,技術・人文知識・国際業務,28,2：女,43：熊本県,4
台湾,技術・人文知識・国際業務,29,1：男,43：熊本県,1
台湾,技術・人文知識・国際業務,29,2：女,43：熊本県,1
台湾,技術・人文知識・国際業務,30,2：女,43：熊本県,3
台湾,技術・人文知識・国際業務,31,1：男,43：熊本県,1
台湾,技術・人文知識・国際業務,31,2：女,43：熊本県,3
台湾,技術・人文知識・国際業務,32,1：男,43：熊本県,2
台湾,技術・人文知識・国際業務,32,2：女,43：熊本県,3
台湾,技術・人文知識・国際業務,33,1：男,43：熊本県,3
台湾,技術・人文知識・国際業務,33,2：女,43：熊本県,2
台湾,技術・人文知識・国際業務,34,1：男,43：熊本県,3
台湾,技術・人文知識・国際業務,34,2：女,43：熊本県,4
台湾,技術・人文知識・国際業務,35,1：男,43：熊本県,1
台湾,技術・人文知識・国際業務,35,2：女,43：熊本県,3
台湾,技術・人文知識・国際業務,36,1：男,43：熊本県,1
台湾,技術・人文知識・国際業務,36,2：女,43：熊本県,2
台湾,技術・人文知識・国際業務,37,1：男,43：熊本県,1
台湾,技術・人文知識・国際業務,37,2：女,43：熊本県,3
台湾,技術・人文知識・国際業務,38,1：男,43：熊本県,1
台湾,技術・人文知識・国際業務,38,2：女,43：熊本県,1
台湾,技術・人文知識・国際業務,39,1：男,43：熊本県,2
台湾,技術・人文知識・国際業務,39,2：女,43：熊本県,1
台湾,技術・人文知識・国際業務,44,2：女,43：熊本県,1
台湾,技術・人文知識・国際業務,45,2：女,43：熊本県,1
台湾,技術・人文知識・国際業務,50,2：女,43：熊本県,1
台湾,技術・人文知識・国際業務,53,1：男,43：熊本県,1
台湾,企業内転勤,32,1：男,43：熊本県,1
台湾,技能,32,1：男,43：熊本県,1
台湾,特定技能１号,46,1：男,43：熊本県,1
台湾,留学,20,1：男,43：熊本県,2
台湾,留学,21,1：男,43：熊本県,1
台湾,留学,24,1：男,43：熊本県,1
台湾,留学,24,2：女,43：熊本県,1
台湾,留学,25,1：男,43：熊本県,1
台湾,留学,26,1：男,43：熊本県,2
台湾,家族滞在,30,2：女,43：熊本県,1
台湾,特定活動,21,1：男,43：熊本県,1
台湾,特定活動,30,1：男,43：熊本県,1
台湾,特定活動,77,2：女,43：熊本県,1
台湾,特定活動,80歳以上,1：男,43：熊本県,1
台湾,永住者,26,1：男,43：熊本県,1
台湾,永住者,27,2：女,43：熊本県,1
台湾,永住者,31,2：女,43：熊本県,1
台湾,永住者,32,2：女,43：熊本県,1
台湾,永住者,34,2：女,43：熊本県,2
台湾,永住者,35,2：女,43：熊本県,2
台湾,永住者,37,2：女,43：熊本県,2
台湾,永住者,38,2：女,43：熊本県,4
台湾,永住者,39,2：女,43：熊本県,2
台湾,永住者,40,1：男,43：熊本県,1
台湾,永住者,40,2：女,43：熊本県,3
台湾,永住者,41,2：女,43：熊本県,2
台湾,永住者,42,1：男,43：熊本県,1
台湾,永住者,43,2：女,43：熊本県,1
台湾,永住者,44,2：女,43：熊本県,1
台湾,永住者,45,1：男,43：熊本県,1
台湾,永住者,45,2：女,43：熊本県,1
台湾,永住者,46,2：女,43：熊本県,1
台湾,永住者,47,2：女,43：熊本県,1
台湾,永住者,49,2：女,43：熊本県,2
台湾,永住者,51,2：女,43：熊本県,5
台湾,永住者,52,2：女,43：熊本県,2
台湾,永住者,53,2：女,43：熊本県,2
台湾,永住者,54,1：男,43：熊本県,1
台湾,永住者,54,2：女,43：熊本県,1
台湾,永住者,55,2：女,43：熊本県,2
台湾,永住者,56,2：女,43：熊本県,1
台湾,永住者,57,1：男,43：熊本県,2
台湾,永住者,57,2：女,43：熊本県,2
台湾,永住者,58,2：女,43：熊本県,1
台湾,永住者,59,2：女,43：熊本県,2
台湾,永住者,60,2：女,43：熊本県,1
台湾,永住者,62,2：女,43：熊本県,1
台湾,永住者,64,2：女,43：熊本県,1
台湾,永住者,72,2：女,43：熊本県,1
台湾,永住者,74,2：女,43：熊本県,1
台湾,永住者,77,2：女,43：熊本県,1
台湾,永住者,80歳以上,1：男,43：熊本県,1
台湾,永住者,80歳以上,2：女,43：熊本県,2
台湾,日本人の配偶者等,6,2：女,43：熊本県,1
台湾,日本人の配偶者等,29,2：女,43：熊本県,1
台湾,日本人の配偶者等,30,2：女,43：熊本県,2
台湾,日本人の配偶者等,31,2：女,43：熊本県,2
台湾,日本人の配偶者等,32,2：女,43：熊本県,2
台湾,日本人の配偶者等,33,2：女,43：熊本県,2
台湾,日本人の配偶者等,34,2：女,43：熊本県,1
台湾,日本人の配偶者等,35,2：女,43：熊本県,1
台湾,日本人の配偶者等,36,2：女,43：熊本県,2
台湾,日本人の配偶者等,38,1：男,43：熊本県,1
台湾,日本人の配偶者等,39,2：女,43：熊本県,2
台湾,日本人の配偶者等,40,2：女,43：熊本県,3
台湾,日本人の配偶者等,41,2：女,43：熊本県,2
台湾,日本人の配偶者等,42,1：男,43：熊本県,1
台湾,日本人の配偶者等,42,2：女,43：熊本県,1
台湾,日本人の配偶者等,43,2：女,43：熊本県,1
台湾,日本人の配偶者等,45,2：女,43：熊本県,1
台湾,日本人の配偶者等,56,2：女,43：熊本県,1
台湾,定住者,2,1：男,43：熊本県,1
台湾,定住者,5,1：男,43：熊本県,1
台湾,定住者,45,2：女,43：熊本県,1
台湾,特別永住者,69,2：女,43：熊本県,1
台湾,特別永住者,73,1：男,43：熊本県,1
インド,教授,33,1：男,43：熊本県,1
インド,教授,35,1：男,43：熊本県,1
インド,経営・管理,39,1：男,43：熊本県,1
インド,教育,37,2：女,43：熊本県,1
インド,技術・人文知識・国際業務,23,1：男,43：熊本県,1
インド,技術・人文知識・国際業務,24,1：男,43：熊本県,4
インド,技術・人文知識・国際業務,25,1：男,43：熊本県,4
インド,技術・人文知識・国際業務,26,1：男,43：熊本県,1
インド,技術・人文知識・国際業務,27,1：男,43：熊本県,1
インド,技術・人文知識・国際業務,35,1：男,43：熊本県,1
インド,技術・人文知識・国際業務,41,1：男,43：熊本県,1
インド,企業内転勤,24,1：男,43：熊本県,1
インド,企業内転勤,34,1：男,43：熊本県,1
インド,技能,28,1：男,43：熊本県,1
インド,技能,29,1：男,43：熊本県,1
インド,技能,32,1：男,43：熊本県,2
インド,技能,33,1：男,43：熊本県,1
インド,技能,34,1：男,43：熊本県,2
インド,技能,35,1：男,43：熊本県,3
インド,技能,36,1：男,43：熊本県,3
インド,技能,37,1：男,43：熊本県,2
インド,技能,38,1：男,43：熊本県,1
インド,技能,39,1：男,43：熊本県,1
インド,技能,40,1：男,43：熊本県,3
インド,技能,41,1：男,43：熊本県,3
インド,技能,42,1：男,43：熊本県,5
インド,技能,43,1：男,43：熊本県,2
インド,技能,44,1：男,43：熊本県,1
インド,技能,45,1：男,43：熊本県,1
インド,技能,47,1：男,43：熊本県,2
インド,技能,54,1：男,43：熊本県,1
インド,技能実習２号ロ,23,1：男,43：熊本県,1
インド,技能実習２号ロ,25,1：男,43：熊本県,1
インド,技能実習２号ロ,26,1：男,43：熊本県,1
インド,留学,20,1：男,43：熊本県,2
インド,留学,27,1：男,43：熊本県,1
インド,留学,27,2：女,43：熊本県,1
インド,家族滞在,2,2：女,43：熊本県,1
インド,家族滞在,7,2：女,43：熊本県,1
インド,家族滞在,26,2：女,43：熊本県,1
インド,家族滞在,33,2：女,43：熊本県,1
インド,特定活動,40,1：男,43：熊本県,1
インド,永住者,8,2：女,43：熊本県,1
インド,永住者,13,1：男,43：熊本県,1
インド,永住者,39,2：女,43：熊本県,1
インド,永住者,41,1：男,43：熊本県,1
インド,永住者,43,1：男,43：熊本県,1
インド,永住者,53,1：男,43：熊本県,1
インド,永住者,54,1：男,43：熊本県,1
インド,永住者,76,1：男,43：熊本県,1
インド,日本人の配偶者等,32,1：男,43：熊本県,1
インドネシア,技術・人文知識・国際業務,24,1：男,43：熊本県,1
インドネシア,技術・人文知識・国際業務,25,1：男,43：熊本県,1
インドネシア,技術・人文知識・国際業務,25,2：女,43：熊本県,1
インドネシア,技術・人文知識・国際業務,26,2：女,43：熊本県,1
インドネシア,技術・人文知識・国際業務,28,1：男,43：熊本県,2
インドネシア,技術・人文知識・国際業務,33,1：男,43：熊本県,1
インドネシア,技術・人文知識・国際業務,36,1：男,43：熊本県,1
インドネシア,企業内転勤,28,1：男,43：熊本県,1
インドネシア,企業内転勤,33,1：男,43：熊本県,1
インドネシア,特定技能１号,23,1：男,43：熊本県,2
インドネシア,特定技能１号,25,1：男,43：熊本県,1
インドネシア,特定技能１号,26,1：男,43：熊本県,2
インドネシア,特定技能１号,26,2：女,43：熊本県,1
インドネシア,特定技能１号,28,2：女,43：熊本県,1
インドネシア,特定技能１号,29,1：男,43：熊本県,1
インドネシア,特定技能１号,30,1：男,43：熊本県,2
インドネシア,特定技能１号,31,1：男,43：熊本県,1
インドネシア,特定技能１号,31,2：女,43：熊本県,1
インドネシア,特定技能１号,41,1：男,43：熊本県,1
インドネシア,技能実習１号ロ,18,1：男,43：熊本県,1
インドネシア,技能実習１号ロ,19,1：男,43：熊本県,4
インドネシア,技能実習１号ロ,19,2：女,43：熊本県,12
インドネシア,技能実習１号ロ,20,1：男,43：熊本県,9
インドネシア,技能実習１号ロ,20,2：女,43：熊本県,24
インドネシア,技能実習１号ロ,21,1：男,43：熊本県,9
インドネシア,技能実習１号ロ,21,2：女,43：熊本県,6
インドネシア,技能実習１号ロ,22,1：男,43：熊本県,8
インドネシア,技能実習１号ロ,22,2：女,43：熊本県,3
インドネシア,技能実習１号ロ,23,1：男,43：熊本県,8
インドネシア,技能実習１号ロ,23,2：女,43：熊本県,10
インドネシア,技能実習１号ロ,24,1：男,43：熊本県,9
インドネシア,技能実習１号ロ,24,2：女,43：熊本県,9
インドネシア,技能実習１号ロ,25,1：男,43：熊本県,4
インドネシア,技能実習１号ロ,26,1：男,43：熊本県,4
インドネシア,技能実習１号ロ,26,2：女,43：熊本県,2
インドネシア,技能実習１号ロ,27,1：男,43：熊本県,2
インドネシア,技能実習１号ロ,27,2：女,43：熊本県,1
インドネシア,技能実習１号ロ,28,2：女,43：熊本県,1
インドネシア,技能実習１号ロ,30,1：男,43：熊本県,1
インドネシア,技能実習１号ロ,31,1：男,43：熊本県,1
インドネシア,技能実習１号ロ,34,2：女,43：熊本県,1
インドネシア,技能実習２号ロ,19,2：女,43：熊本県,3
インドネシア,技能実習２号ロ,20,1：男,43：熊本県,16
インドネシア,技能実習２号ロ,20,2：女,43：熊本県,6
インドネシア,技能実習２号ロ,21,1：男,43：熊本県,44
インドネシア,技能実習２号ロ,21,2：女,43：熊本県,18
インドネシア,技能実習２号ロ,22,1：男,43：熊本県,35
インドネシア,技能実習２号ロ,22,2：女,43：熊本県,12
インドネシア,技能実習２号ロ,23,1：男,43：熊本県,34
インドネシア,技能実習２号ロ,23,2：女,43：熊本県,7
インドネシア,技能実習２号ロ,24,1：男,43：熊本県,37
インドネシア,技能実習２号ロ,24,2：女,43：熊本県,11
インドネシア,技能実習２号ロ,25,1：男,43：熊本県,34
インドネシア,技能実習２号ロ,25,2：女,43：熊本県,13
インドネシア,技能実習２号ロ,26,1：男,43：熊本県,17
インドネシア,技能実習２号ロ,26,2：女,43：熊本県,7
インドネシア,技能実習２号ロ,27,1：男,43：熊本県,10
インドネシア,技能実習２号ロ,27,2：女,43：熊本県,4
インドネシア,技能実習２号ロ,28,1：男,43：熊本県,12
インドネシア,技能実習２号ロ,28,2：女,43：熊本県,2
インドネシア,技能実習２号ロ,29,1：男,43：熊本県,10
インドネシア,技能実習２号ロ,29,2：女,43：熊本県,1
インドネシア,技能実習２号ロ,30,1：男,43：熊本県,5
インドネシア,技能実習２号ロ,30,2：女,43：熊本県,3
インドネシア,技能実習２号ロ,31,1：男,43：熊本県,3
インドネシア,技能実習２号ロ,32,1：男,43：熊本県,2
インドネシア,技能実習２号ロ,34,1：男,43：熊本県,1
インドネシア,技能実習２号ロ,39,1：男,43：熊本県,1
インドネシア,技能実習３号ロ,22,1：男,43：熊本県,4
インドネシア,技能実習３号ロ,23,1：男,43：熊本県,2
インドネシア,技能実習３号ロ,24,1：男,43：熊本県,5
インドネシア,技能実習３号ロ,24,2：女,43：熊本県,5
インドネシア,技能実習３号ロ,25,1：男,43：熊本県,6
インドネシア,技能実習３号ロ,26,1：男,43：熊本県,4
インドネシア,技能実習３号ロ,26,2：女,43：熊本県,1
インドネシア,技能実習３号ロ,27,1：男,43：熊本県,3
インドネシア,技能実習３号ロ,28,1：男,43：熊本県,2
インドネシア,技能実習３号ロ,29,1：男,43：熊本県,2
インドネシア,技能実習３号ロ,33,1：男,43：熊本県,1
インドネシア,技能実習３号ロ,36,2：女,43：熊本県,1
インドネシア,文化活動,32,1：男,43：熊本県,1
インドネシア,文化活動,39,2：女,43：熊本県,1
インドネシア,留学,19,1：男,43：熊本県,1
インドネシア,留学,20,1：男,43：熊本県,1
インドネシア,留学,23,2：女,43：熊本県,1
インドネシア,留学,24,1：男,43：熊本県,3
インドネシア,留学,25,1：男,43：熊本県,1
インドネシア,留学,25,2：女,43：熊本県,1
インドネシア,留学,26,1：男,43：熊本県,4
インドネシア,留学,26,2：女,43：熊本県,1
インドネシア,留学,27,1：男,43：熊本県,2
インドネシア,留学,28,1：男,43：熊本県,1
インドネシア,留学,29,2：女,43：熊本県,1
インドネシア,留学,30,1：男,43：熊本県,1
インドネシア,留学,32,2：女,43：熊本県,1
インドネシア,留学,33,1：男,43：熊本県,1
インドネシア,留学,34,1：男,43：熊本県,2
インドネシア,留学,36,1：男,43：熊本県,1
インドネシア,留学,36,2：女,43：熊本県,1
インドネシア,留学,37,1：男,43：熊本県,1
インドネシア,留学,38,2：女,43：熊本県,2
インドネシア,留学,39,1：男,43：熊本県,1
インドネシア,留学,41,1：男,43：熊本県,1
インドネシア,家族滞在,0,1：男,43：熊本県,1
インドネシア,家族滞在,3,1：男,43：熊本県,2
インドネシア,家族滞在,5,1：男,43：熊本県,1
インドネシア,家族滞在,5,2：女,43：熊本県,1
インドネシア,家族滞在,6,2：女,43：熊本県,1
インドネシア,家族滞在,8,1：男,43：熊本県,1
インドネシア,家族滞在,10,2：女,43：熊本県,1
インドネシア,家族滞在,26,2：女,43：熊本県,1
インドネシア,家族滞在,32,1：男,43：熊本県,1
インドネシア,家族滞在,33,2：女,43：熊本県,2
インドネシア,家族滞在,39,2：女,43：熊本県,1
インドネシア,家族滞在,42,1：男,43：熊本県,1
インドネシア,特定活動,6,1：男,43：熊本県,1
インドネシア,特定活動,12,2：女,43：熊本県,1
インドネシア,特定活動,20,2：女,43：熊本県,7
インドネシア,特定活動,21,1：男,43：熊本県,1
インドネシア,特定活動,21,2：女,43：熊本県,3
インドネシア,特定活動,22,1：男,43：熊本県,2
インドネシア,特定活動,22,2：女,43：熊本県,6
インドネシア,特定活動,23,2：女,43：熊本県,4
インドネシア,特定活動,24,2：女,43：熊本県,1
インドネシア,特定活動,25,1：男,43：熊本県,2
インドネシア,特定活動,25,2：女,43：熊本県,2
インドネシア,特定活動,26,2：女,43：熊本県,2
インドネシア,特定活動,27,2：女,43：熊本県,3
インドネシア,特定活動,28,2：女,43：熊本県,1
インドネシア,特定活動,29,1：男,43：熊本県,1
インドネシア,特定活動,30,1：男,43：熊本県,1
インドネシア,特定活動,39,2：女,43：熊本県,1
インドネシア,特定活動,47,1：男,43：熊本県,1
インドネシア,特定活動,54,1：男,43：熊本県,1
インドネシア,永住者,16,1：男,43：熊本県,1
インドネシア,永住者,22,2：女,43：熊本県,1
インドネシア,永住者,35,2：女,43：熊本県,1
インドネシア,永住者,36,1：男,43：熊本県,1
インドネシア,永住者,37,1：男,43：熊本県,1
インドネシア,永住者,37,2：女,43：熊本県,3
インドネシア,永住者,38,2：女,43：熊本県,2
インドネシア,永住者,39,2：女,43：熊本県,2
インドネシア,永住者,40,2：女,43：熊本県,2
インドネシア,永住者,41,2：女,43：熊本県,1
インドネシア,永住者,43,2：女,43：熊本県,1
インドネシア,永住者,44,1：男,43：熊本県,1
インドネシア,永住者,44,2：女,43：熊本県,3
インドネシア,永住者,45,1：男,43：熊本県,2
インドネシア,永住者,46,1：男,43：熊本県,1
インドネシア,永住者,48,2：女,43：熊本県,2
インドネシア,永住者,49,2：女,43：熊本県,1
インドネシア,永住者,62,2：女,43：熊本県,1
インドネシア,日本人の配偶者等,14,1：男,43：熊本県,1
インドネシア,日本人の配偶者等,24,2：女,43：熊本県,1
インドネシア,日本人の配偶者等,26,2：女,43：熊本県,3
インドネシア,日本人の配偶者等,27,2：女,43：熊本県,1
インドネシア,日本人の配偶者等,28,2：女,43：熊本県,1
インドネシア,日本人の配偶者等,32,2：女,43：熊本県,1
インドネシア,日本人の配偶者等,33,2：女,43：熊本県,1
インドネシア,日本人の配偶者等,35,2：女,43：熊本県,1
インドネシア,日本人の配偶者等,36,2：女,43：熊本県,1
インドネシア,日本人の配偶者等,38,2：女,43：熊本県,1
インドネシア,日本人の配偶者等,39,1：男,43：熊本県,1
インドネシア,日本人の配偶者等,40,2：女,43：熊本県,1
インドネシア,日本人の配偶者等,41,1：男,43：熊本県,2
インドネシア,日本人の配偶者等,41,2：女,43：熊本県,2
インドネシア,日本人の配偶者等,44,2：女,43：熊本県,1
インドネシア,日本人の配偶者等,45,2：女,43：熊本県,2
インドネシア,日本人の配偶者等,46,2：女,43：熊本県,1
インドネシア,日本人の配偶者等,48,1：男,43：熊本県,1
インドネシア,日本人の配偶者等,48,2：女,43：熊本県,1
インドネシア,日本人の配偶者等,50,2：女,43：熊本県,1
インドネシア,日本人の配偶者等,58,2：女,43：熊本県,1
インドネシア,定住者,16,2：女,43：熊本県,1
インドネシア,定住者,22,2：女,43：熊本県,1
インドネシア,定住者,38,1：男,43：熊本県,1
インドネシア,定住者,41,2：女,43：熊本県,1
インドネシア,定住者,46,2：女,43：熊本県,1
イラン,留学,25,1：男,43：熊本県,1
イラク,留学,32,2：女,43：熊本県,1
イスラエル,永住者,63,1：男,43：熊本県,1
イスラエル,日本人の配偶者等,25,2：女,43：熊本県,1
ヨルダン,永住者,40,1：男,43：熊本県,1
韓国,教授,38,1：男,43：熊本県,1
韓国,宗教,41,1：男,43：熊本県,1
韓国,宗教,44,1：男,43：熊本県,1
韓国,宗教,45,1：男,43：熊本県,1
韓国,宗教,50,1：男,43：熊本県,1
韓国,宗教,53,1：男,43：熊本県,1
韓国,宗教,57,2：女,43：熊本県,1
韓国,宗教,71,2：女,43：熊本県,1
韓国,宗教,74,2：女,43：熊本県,1
韓国,高度専門職１号ロ,36,1：男,43：熊本県,1
韓国,経営・管理,46,1：男,43：熊本県,1
韓国,経営・管理,50,1：男,43：熊本県,1
韓国,経営・管理,53,1：男,43：熊本県,1
韓国,経営・管理,58,1：男,43：熊本県,1
韓国,経営・管理,61,1：男,43：熊本県,1
韓国,経営・管理,66,2：女,43：熊本県,1
韓国,技術・人文知識・国際業務,23,2：女,43：熊本県,1
韓国,技術・人文知識・国際業務,24,1：男,43：熊本県,1
韓国,技術・人文知識・国際業務,24,2：女,43：熊本県,1
韓国,技術・人文知識・国際業務,25,1：男,43：熊本県,15
韓国,技術・人文知識・国際業務,26,1：男,43：熊本県,7
韓国,技術・人文知識・国際業務,26,2：女,43：熊本県,1
韓国,技術・人文知識・国際業務,27,1：男,43：熊本県,11
韓国,技術・人文知識・国際業務,27,2：女,43：熊本県,2
韓国,技術・人文知識・国際業務,28,1：男,43：熊本県,10
韓国,技術・人文知識・国際業務,28,2：女,43：熊本県,4
韓国,技術・人文知識・国際業務,29,1：男,43：熊本県,7
韓国,技術・人文知識・国際業務,30,1：男,43：熊本県,10
韓国,技術・人文知識・国際業務,31,1：男,43：熊本県,5
韓国,技術・人文知識・国際業務,31,2：女,43：熊本県,2
韓国,技術・人文知識・国際業務,32,1：男,43：熊本県,2
韓国,技術・人文知識・国際業務,33,1：男,43：熊本県,5
韓国,技術・人文知識・国際業務,33,2：女,43：熊本県,1
韓国,技術・人文知識・国際業務,34,1：男,43：熊本県,2
韓国,技術・人文知識・国際業務,35,1：男,43：熊本県,5
韓国,技術・人文知識・国際業務,35,2：女,43：熊本県,1
韓国,技術・人文知識・国際業務,36,1：男,43：熊本県,3
韓国,技術・人文知識・国際業務,37,1：男,43：熊本県,2
韓国,技術・人文知識・国際業務,38,1：男,43：熊本県,3
韓国,技術・人文知識・国際業務,38,2：女,43：熊本県,1
韓国,技術・人文知識・国際業務,39,1：男,43：熊本県,1
韓国,技術・人文知識・国際業務,39,2：女,43：熊本県,1
韓国,技術・人文知識・国際業務,41,2：女,43：熊本県,1
韓国,技術・人文知識・国際業務,42,2：女,43：熊本県,1
韓国,技術・人文知識・国際業務,44,1：男,43：熊本県,1
韓国,技術・人文知識・国際業務,44,2：女,43：熊本県,1
韓国,技術・人文知識・国際業務,46,1：男,43：熊本県,1
韓国,技術・人文知識・国際業務,47,1：男,43：熊本県,2
韓国,技術・人文知識・国際業務,48,1：男,43：熊本県,1
韓国,技術・人文知識・国際業務,49,1：男,43：熊本県,1
韓国,技術・人文知識・国際業務,50,1：男,43：熊本県,1
韓国,技術・人文知識・国際業務,51,1：男,43：熊本県,1
韓国,技術・人文知識・国際業務,51,2：女,43：熊本県,1
韓国,技術・人文知識・国際業務,52,1：男,43：熊本県,1
韓国,技術・人文知識・国際業務,55,1：男,43：熊本県,1
韓国,技術・人文知識・国際業務,56,2：女,43：熊本県,1
韓国,技術・人文知識・国際業務,57,1：男,43：熊本県,2
韓国,技術・人文知識・国際業務,59,1：男,43：熊本県,1
韓国,技術・人文知識・国際業務,59,2：女,43：熊本県,1
韓国,技術・人文知識・国際業務,60,1：男,43：熊本県,1
韓国,技術・人文知識・国際業務,61,1：男,43：熊本県,1
韓国,企業内転勤,29,1：男,43：熊本県,1
韓国,企業内転勤,30,1：男,43：熊本県,1
韓国,企業内転勤,37,1：男,43：熊本県,1
韓国,企業内転勤,40,1：男,43：熊本県,1
韓国,企業内転勤,41,1：男,43：熊本県,1
韓国,企業内転勤,48,1：男,43：熊本県,1
韓国,介護,30,2：女,43：熊本県,1
韓国,技能,55,1：男,43：熊本県,1
韓国,特定技能１号,24,1：男,43：熊本県,1
韓国,文化活動,34,1：男,43：熊本県,1
韓国,文化活動,55,1：男,43：熊本県,1
韓国,文化活動,69,1：男,43：熊本県,1
韓国,留学,16,1：男,43：熊本県,1
韓国,留学,19,1：男,43：熊本県,1
韓国,留学,20,2：女,43：熊本県,2
韓国,留学,21,1：男,43：熊本県,1
韓国,留学,21,2：女,43：熊本県,2
韓国,留学,24,1：男,43：熊本県,1
韓国,留学,24,2：女,43：熊本県,1
韓国,留学,28,1：男,43：熊本県,2
韓国,留学,29,1：男,43：熊本県,1
韓国,留学,30,1：男,43：熊本県,2
韓国,留学,39,2：女,43：熊本県,1
韓国,留学,40,1：男,43：熊本県,1
韓国,家族滞在,0,1：男,43：熊本県,1
韓国,家族滞在,1,1：男,43：熊本県,1
韓国,家族滞在,1,2：女,43：熊本県,1
韓国,家族滞在,2,1：男,43：熊本県,1
韓国,家族滞在,5,2：女,43：熊本県,1
韓国,家族滞在,6,1：男,43：熊本県,1
韓国,家族滞在,7,1：男,43：熊本県,1
韓国,家族滞在,8,1：男,43：熊本県,2
韓国,家族滞在,11,1：男,43：熊本県,1
韓国,家族滞在,11,2：女,43：熊本県,1
韓国,家族滞在,12,2：女,43：熊本県,1
韓国,家族滞在,13,1：男,43：熊本県,1
韓国,家族滞在,17,1：男,43：熊本県,1
韓国,家族滞在,24,2：女,43：熊本県,1
韓国,家族滞在,28,2：女,43：熊本県,1
韓国,家族滞在,34,2：女,43：熊本県,1
韓国,家族滞在,38,2：女,43：熊本県,1
韓国,家族滞在,43,2：女,43：熊本県,1
韓国,家族滞在,44,2：女,43：熊本県,1
韓国,家族滞在,46,2：女,43：熊本県,2
韓国,家族滞在,51,2：女,43：熊本県,1
韓国,家族滞在,64,1：男,43：熊本県,1
韓国,特定活動,25,1：男,43：熊本県,1
韓国,特定活動,25,2：女,43：熊本県,1
韓国,特定活動,30,1：男,43：熊本県,1
韓国,永住者,11,2：女,43：熊本県,1
韓国,永住者,13,1：男,43：熊本県,1
韓国,永住者,15,2：女,43：熊本県,1
韓国,永住者,16,1：男,43：熊本県,2
韓国,永住者,17,1：男,43：熊本県,3
韓国,永住者,18,1：男,43：熊本県,1
韓国,永住者,19,1：男,43：熊本県,2
韓国,永住者,19,2：女,43：熊本県,1
韓国,永住者,21,2：女,43：熊本県,1
韓国,永住者,22,1：男,43：熊本県,2
韓国,永住者,23,1：男,43：熊本県,1
韓国,永住者,23,2：女,43：熊本県,2
韓国,永住者,26,1：男,43：熊本県,1
韓国,永住者,27,1：男,43：熊本県,1
韓国,永住者,29,2：女,43：熊本県,1
韓国,永住者,30,1：男,43：熊本県,1
韓国,永住者,32,1：男,43：熊本県,1
韓国,永住者,33,1：男,43：熊本県,1
韓国,永住者,34,2：女,43：熊本県,1
韓国,永住者,35,2：女,43：熊本県,1
韓国,永住者,36,1：男,43：熊本県,1
韓国,永住者,37,1：男,43：熊本県,2
韓国,永住者,37,2：女,43：熊本県,1
韓国,永住者,38,1：男,43：熊本県,2
韓国,永住者,38,2：女,43：熊本県,4
韓国,永住者,39,1：男,43：熊本県,2
韓国,永住者,40,1：男,43：熊本県,4
韓国,永住者,40,2：女,43：熊本県,3
韓国,永住者,41,1：男,43：熊本県,2
韓国,永住者,41,2：女,43：熊本県,3
韓国,永住者,42,1：男,43：熊本県,1
韓国,永住者,42,2：女,43：熊本県,2
韓国,永住者,43,2：女,43：熊本県,3
韓国,永住者,44,1：男,43：熊本県,5
韓国,永住者,44,2：女,43：熊本県,1
韓国,永住者,45,1：男,43：熊本県,2
韓国,永住者,45,2：女,43：熊本県,1
韓国,永住者,47,1：男,43：熊本県,4
韓国,永住者,47,2：女,43：熊本県,3
韓国,永住者,48,1：男,43：熊本県,3
韓国,永住者,48,2：女,43：熊本県,4
韓国,永住者,49,1：男,43：熊本県,3
韓国,永住者,49,2：女,43：熊本県,8
韓国,永住者,50,1：男,43：熊本県,5
韓国,永住者,50,2：女,43：熊本県,3
韓国,永住者,51,1：男,43：熊本県,2
韓国,永住者,51,2：女,43：熊本県,6
韓国,永住者,52,1：男,43：熊本県,2
韓国,永住者,52,2：女,43：熊本県,3
韓国,永住者,53,1：男,43：熊本県,3
韓国,永住者,53,2：女,43：熊本県,4
韓国,永住者,54,1：男,43：熊本県,2
韓国,永住者,54,2：女,43：熊本県,1
韓国,永住者,55,1：男,43：熊本県,3
韓国,永住者,55,2：女,43：熊本県,5
韓国,永住者,56,2：女,43：熊本県,5
韓国,永住者,57,1：男,43：熊本県,2
韓国,永住者,57,2：女,43：熊本県,5
韓国,永住者,58,1：男,43：熊本県,2
韓国,永住者,58,2：女,43：熊本県,5
韓国,永住者,59,1：男,43：熊本県,2
韓国,永住者,59,2：女,43：熊本県,8
韓国,永住者,60,1：男,43：熊本県,1
韓国,永住者,60,2：女,43：熊本県,6
韓国,永住者,61,1：男,43：熊本県,1
韓国,永住者,61,2：女,43：熊本県,10
韓国,永住者,62,1：男,43：熊本県,1
韓国,永住者,62,2：女,43：熊本県,7
韓国,永住者,63,1：男,43：熊本県,2
韓国,永住者,63,2：女,43：熊本県,6
韓国,永住者,64,1：男,43：熊本県,1
韓国,永住者,64,2：女,43：熊本県,2
韓国,永住者,65,2：女,43：熊本県,6
韓国,永住者,66,2：女,43：熊本県,1
韓国,永住者,67,2：女,43：熊本県,4
韓国,永住者,68,1：男,43：熊本県,2
韓国,永住者,69,2：女,43：熊本県,2
韓国,永住者,70,2：女,43：熊本県,1
韓国,永住者,71,1：男,43：熊本県,1
韓国,永住者,71,2：女,43：熊本県,1
韓国,永住者,72,2：女,43：熊本県,1
韓国,永住者,73,2：女,43：熊本県,4
韓国,永住者,74,2：女,43：熊本県,1
韓国,永住者,76,2：女,43：熊本県,1
韓国,永住者,79,2：女,43：熊本県,1
韓国,永住者,80歳以上,2：女,43：熊本県,3
韓国,日本人の配偶者等,4,2：女,43：熊本県,1
韓国,日本人の配偶者等,23,2：女,43：熊本県,1
韓国,日本人の配偶者等,26,1：男,43：熊本県,2
韓国,日本人の配偶者等,29,1：男,43：熊本県,2
韓国,日本人の配偶者等,29,2：女,43：熊本県,1
韓国,日本人の配偶者等,31,1：男,43：熊本県,1
韓国,日本人の配偶者等,31,2：女,43：熊本県,2
韓国,日本人の配偶者等,32,1：男,43：熊本県,2
韓国,日本人の配偶者等,32,2：女,43：熊本県,2
韓国,日本人の配偶者等,33,1：男,43：熊本県,2
韓国,日本人の配偶者等,33,2：女,43：熊本県,1
韓国,日本人の配偶者等,34,1：男,43：熊本県,2
韓国,日本人の配偶者等,35,1：男,43：熊本県,6
韓国,日本人の配偶者等,35,2：女,43：熊本県,1
韓国,日本人の配偶者等,36,1：男,43：熊本県,2
韓国,日本人の配偶者等,37,1：男,43：熊本県,1
韓国,日本人の配偶者等,37,2：女,43：熊本県,1
韓国,日本人の配偶者等,38,1：男,43：熊本県,3
韓国,日本人の配偶者等,39,1：男,43：熊本県,1
韓国,日本人の配偶者等,39,2：女,43：熊本県,1
韓国,日本人の配偶者等,40,1：男,43：熊本県,3
韓国,日本人の配偶者等,40,2：女,43：熊本県,1
韓国,日本人の配偶者等,41,2：女,43：熊本県,1
韓国,日本人の配偶者等,42,1：男,43：熊本県,1
韓国,日本人の配偶者等,42,2：女,43：熊本県,2
韓国,日本人の配偶者等,43,1：男,43：熊本県,1
韓国,日本人の配偶者等,44,1：男,43：熊本県,1
韓国,日本人の配偶者等,44,2：女,43：熊本県,1
韓国,日本人の配偶者等,45,1：男,43：熊本県,2
韓国,日本人の配偶者等,45,2：女,43：熊本県,1
韓国,日本人の配偶者等,46,1：男,43：熊本県,1
韓国,日本人の配偶者等,47,1：男,43：熊本県,1
韓国,日本人の配偶者等,47,2：女,43：熊本県,2
韓国,日本人の配偶者等,49,1：男,43：熊本県,2
韓国,日本人の配偶者等,49,2：女,43：熊本県,2
韓国,日本人の配偶者等,50,2：女,43：熊本県,1
韓国,日本人の配偶者等,51,2：女,43：熊本県,1
韓国,日本人の配偶者等,52,1：男,43：熊本県,1
韓国,日本人の配偶者等,53,1：男,43：熊本県,1
韓国,日本人の配偶者等,54,1：男,43：熊本県,1
韓国,日本人の配偶者等,54,2：女,43：熊本県,1
韓国,日本人の配偶者等,55,1：男,43：熊本県,1
韓国,日本人の配偶者等,56,2：女,43：熊本県,1
韓国,日本人の配偶者等,57,1：男,43：熊本県,1
韓国,日本人の配偶者等,58,1：男,43：熊本県,2
韓国,日本人の配偶者等,59,2：女,43：熊本県,1
韓国,日本人の配偶者等,60,1：男,43：熊本県,1
韓国,日本人の配偶者等,61,2：女,43：熊本県,2
韓国,日本人の配偶者等,62,2：女,43：熊本県,1
韓国,日本人の配偶者等,64,2：女,43：熊本県,2
韓国,日本人の配偶者等,66,2：女,43：熊本県,1
韓国,日本人の配偶者等,67,2：女,43：熊本県,1
韓国,永住者の配偶者等,37,1：男,43：熊本県,1
韓国,永住者の配偶者等,45,2：女,43：熊本県,1
韓国,定住者,3,2：女,43：熊本県,1
韓国,定住者,5,2：女,43：熊本県,1
韓国,定住者,6,1：男,43：熊本県,1
韓国,定住者,42,1：男,43：熊本県,1
韓国,定住者,48,1：男,43：熊本県,1
韓国,定住者,62,2：女,43：熊本県,1
韓国,定住者,64,2：女,43：熊本県,1
韓国,定住者,65,2：女,43：熊本県,1
韓国,定住者,66,2：女,43：熊本県,1
韓国,定住者,80歳以上,2：女,43：熊本県,2
韓国,特別永住者,1,1：男,43：熊本県,1
韓国,特別永住者,2,2：女,43：熊本県,1
韓国,特別永住者,5,2：女,43：熊本県,1
韓国,特別永住者,14,1：男,43：熊本県,1
韓国,特別永住者,20,1：男,43：熊本県,2
韓国,特別永住者,22,1：男,43：熊本県,3
韓国,特別永住者,22,2：女,43：熊本県,2
韓国,特別永住者,23,1：男,43：熊本県,1
韓国,特別永住者,23,2：女,43：熊本県,2
韓国,特別永住者,24,2：女,43：熊本県,2
韓国,特別永住者,25,2：女,43：熊本県,1
韓国,特別永住者,26,1：男,43：熊本県,1
韓国,特別永住者,26,2：女,43：熊本県,1
韓国,特別永住者,27,1：男,43：熊本県,1
韓国,特別永住者,27,2：女,43：熊本県,1
韓国,特別永住者,28,1：男,43：熊本県,2
韓国,特別永住者,29,1：男,43：熊本県,2
韓国,特別永住者,30,1：男,43：熊本県,1
韓国,特別永住者,30,2：女,43：熊本県,1
韓国,特別永住者,31,2：女,43：熊本県,1
韓国,特別永住者,32,1：男,43：熊本県,1
韓国,特別永住者,32,2：女,43：熊本県,1
韓国,特別永住者,33,1：男,43：熊本県,1
韓国,特別永住者,33,2：女,43：熊本県,1
韓国,特別永住者,34,1：男,43：熊本県,1
韓国,特別永住者,34,2：女,43：熊本県,2
韓国,特別永住者,35,1：男,43：熊本県,3
韓国,特別永住者,35,2：女,43：熊本県,2
韓国,特別永住者,36,1：男,43：熊本県,1
韓国,特別永住者,36,2：女,43：熊本県,2
韓国,特別永住者,37,1：男,43：熊本県,5
韓国,特別永住者,37,2：女,43：熊本県,3
韓国,特別永住者,38,1：男,43：熊本県,1
韓国,特別永住者,38,2：女,43：熊本県,2
韓国,特別永住者,39,1：男,43：熊本県,3
韓国,特別永住者,39,2：女,43：熊本県,5
韓国,特別永住者,40,1：男,43：熊本県,4
韓国,特別永住者,40,2：女,43：熊本県,1
韓国,特別永住者,41,1：男,43：熊本県,2
韓国,特別永住者,42,1：男,43：熊本県,1
韓国,特別永住者,42,2：女,43：熊本県,3
韓国,特別永住者,43,1：男,43：熊本県,3
韓国,特別永住者,43,2：女,43：熊本県,6
韓国,特別永住者,44,2：女,43：熊本県,3
韓国,特別永住者,45,1：男,43：熊本県,3
韓国,特別永住者,45,2：女,43：熊本県,2
韓国,特別永住者,46,1：男,43：熊本県,2
韓国,特別永住者,46,2：女,43：熊本県,4
韓国,特別永住者,47,1：男,43：熊本県,2
韓国,特別永住者,47,2：女,43：熊本県,4
韓国,特別永住者,48,1：男,43：熊本県,2
韓国,特別永住者,48,2：女,43：熊本県,1
韓国,特別永住者,49,1：男,43：熊本県,1
韓国,特別永住者,49,2：女,43：熊本県,5
韓国,特別永住者,50,1：男,43：熊本県,5
韓国,特別永住者,50,2：女,43：熊本県,2
韓国,特別永住者,51,1：男,43：熊本県,5
韓国,特別永住者,51,2：女,43：熊本県,3
韓国,特別永住者,52,1：男,43：熊本県,2
韓国,特別永住者,52,2：女,43：熊本県,3
韓国,特別永住者,53,2：女,43：熊本県,1
韓国,特別永住者,54,1：男,43：熊本県,3
韓国,特別永住者,54,2：女,43：熊本県,4
韓国,特別永住者,55,1：男,43：熊本県,4
韓国,特別永住者,55,2：女,43：熊本県,1
韓国,特別永住者,56,1：男,43：熊本県,4
韓国,特別永住者,56,2：女,43：熊本県,2
韓国,特別永住者,57,1：男,43：熊本県,1
韓国,特別永住者,57,2：女,43：熊本県,1
韓国,特別永住者,58,1：男,43：熊本県,4
韓国,特別永住者,58,2：女,43：熊本県,9
韓国,特別永住者,59,1：男,43：熊本県,4
韓国,特別永住者,59,2：女,43：熊本県,4
韓国,特別永住者,60,1：男,43：熊本県,3
韓国,特別永住者,60,2：女,43：熊本県,4
韓国,特別永住者,61,1：男,43：熊本県,5
韓国,特別永住者,61,2：女,43：熊本県,2
韓国,特別永住者,62,1：男,43：熊本県,4
韓国,特別永住者,62,2：女,43：熊本県,5
韓国,特別永住者,63,1：男,43：熊本県,5
韓国,特別永住者,63,2：女,43：熊本県,4
韓国,特別永住者,64,1：男,43：熊本県,4
韓国,特別永住者,64,2：女,43：熊本県,4
韓国,特別永住者,65,1：男,43：熊本県,6
韓国,特別永住者,65,2：女,43：熊本県,6
韓国,特別永住者,66,1：男,43：熊本県,3
韓国,特別永住者,66,2：女,43：熊本県,5
韓国,特別永住者,67,1：男,43：熊本県,3
韓国,特別永住者,67,2：女,43：熊本県,5
韓国,特別永住者,68,1：男,43：熊本県,2
韓国,特別永住者,68,2：女,43：熊本県,4
韓国,特別永住者,69,1：男,43：熊本県,9
韓国,特別永住者,69,2：女,43：熊本県,6
韓国,特別永住者,70,1：男,43：熊本県,7
韓国,特別永住者,70,2：女,43：熊本県,8
韓国,特別永住者,71,1：男,43：熊本県,3
韓国,特別永住者,71,2：女,43：熊本県,1
韓国,特別永住者,72,1：男,43：熊本県,9
韓国,特別永住者,72,2：女,43：熊本県,5
韓国,特別永住者,73,1：男,43：熊本県,6
韓国,特別永住者,73,2：女,43：熊本県,1
韓国,特別永住者,74,1：男,43：熊本県,2
韓国,特別永住者,74,2：女,43：熊本県,4
韓国,特別永住者,75,1：男,43：熊本県,1
韓国,特別永住者,75,2：女,43：熊本県,4
韓国,特別永住者,76,1：男,43：熊本県,6
韓国,特別永住者,76,2：女,43：熊本県,3
韓国,特別永住者,77,1：男,43：熊本県,3
韓国,特別永住者,77,2：女,43：熊本県,5
韓国,特別永住者,78,1：男,43：熊本県,2
韓国,特別永住者,78,2：女,43：熊本県,1
韓国,特別永住者,79,1：男,43：熊本県,1
韓国,特別永住者,79,2：女,43：熊本県,2
韓国,特別永住者,80歳以上,1：男,43：熊本県,16
韓国,特別永住者,80歳以上,2：女,43：熊本県,51
朝鮮,日本人の配偶者等,80歳以上,2：女,43：熊本県,1
朝鮮,特別永住者,1,2：女,43：熊本県,1
朝鮮,特別永住者,3,2：女,43：熊本県,1
朝鮮,特別永住者,25,2：女,43：熊本県,1
朝鮮,特別永住者,28,2：女,43：熊本県,1
朝鮮,特別永住者,31,1：男,43：熊本県,1
朝鮮,特別永住者,32,1：男,43：熊本県,1
朝鮮,特別永住者,33,1：男,43：熊本県,1
朝鮮,特別永住者,33,2：女,43：熊本県,1
朝鮮,特別永住者,47,2：女,43：熊本県,1
朝鮮,特別永住者,48,2：女,43：熊本県,1
朝鮮,特別永住者,52,2：女,43：熊本県,1
朝鮮,特別永住者,53,2：女,43：熊本県,1
朝鮮,特別永住者,54,1：男,43：熊本県,1
朝鮮,特別永住者,54,2：女,43：熊本県,1
朝鮮,特別永住者,55,2：女,43：熊本県,1
朝鮮,特別永住者,57,1：男,43：熊本県,1
朝鮮,特別永住者,57,2：女,43：熊本県,1
朝鮮,特別永住者,58,1：男,43：熊本県,1
朝鮮,特別永住者,58,2：女,43：熊本県,1
朝鮮,特別永住者,60,2：女,43：熊本県,1
朝鮮,特別永住者,61,2：女,43：熊本県,1
朝鮮,特別永住者,63,1：男,43：熊本県,1
朝鮮,特別永住者,64,2：女,43：熊本県,1
朝鮮,特別永住者,65,1：男,43：熊本県,3
朝鮮,特別永住者,65,2：女,43：熊本県,1
朝鮮,特別永住者,66,1：男,43：熊本県,2
朝鮮,特別永住者,68,2：女,43：熊本県,3
朝鮮,特別永住者,71,2：女,43：熊本県,2
朝鮮,特別永住者,72,1：男,43：熊本県,2
朝鮮,特別永住者,72,2：女,43：熊本県,1
朝鮮,特別永住者,73,1：男,43：熊本県,2
朝鮮,特別永住者,74,1：男,43：熊本県,1
朝鮮,特別永住者,74,2：女,43：熊本県,1
朝鮮,特別永住者,76,1：男,43：熊本県,1
朝鮮,特別永住者,76,2：女,43：熊本県,1
朝鮮,特別永住者,77,1：男,43：熊本県,3
朝鮮,特別永住者,78,2：女,43：熊本県,2
朝鮮,特別永住者,80歳以上,1：男,43：熊本県,1
朝鮮,特別永住者,80歳以上,2：女,43：熊本県,4
ラオス,留学,23,1：男,43：熊本県,1
ラオス,永住者,39,2：女,43：熊本県,1
マレーシア,教授,33,1：男,43：熊本県,1
マレーシア,留学,20,1：男,43：熊本県,2
マレーシア,留学,21,1：男,43：熊本県,6
マレーシア,留学,21,2：女,43：熊本県,3
マレーシア,留学,22,1：男,43：熊本県,3
マレーシア,留学,22,2：女,43：熊本県,4
マレーシア,留学,23,2：女,43：熊本県,1
マレーシア,留学,24,1：男,43：熊本県,1
マレーシア,留学,25,1：男,43：熊本県,1
マレーシア,留学,29,2：女,43：熊本県,1
マレーシア,留学,30,1：男,43：熊本県,1
マレーシア,留学,31,1：男,43：熊本県,1
マレーシア,留学,35,2：女,43：熊本県,1
マレーシア,留学,39,2：女,43：熊本県,1
マレーシア,家族滞在,30,2：女,43：熊本県,1
マレーシア,永住者,23,1：男,43：熊本県,1
マレーシア,永住者,44,2：女,43：熊本県,1
マレーシア,永住者,50,1：男,43：熊本県,1
マレーシア,永住者,57,2：女,43：熊本県,1
マレーシア,永住者,58,2：女,43：熊本県,1
マレーシア,永住者,60,2：女,43：熊本県,1
マレーシア,永住者,61,2：女,43：熊本県,2
マレーシア,永住者,67,2：女,43：熊本県,1
マレーシア,日本人の配偶者等,35,2：女,43：熊本県,1
マレーシア,日本人の配偶者等,63,2：女,43：熊本県,1
モンゴル,教授,36,1：男,43：熊本県,1
モンゴル,教授,49,1：男,43：熊本県,1
モンゴル,技術・人文知識・国際業務,26,1：男,43：熊本県,2
モンゴル,技術・人文知識・国際業務,34,1：男,43：熊本県,1
モンゴル,技術・人文知識・国際業務,36,2：女,43：熊本県,1
モンゴル,技術・人文知識・国際業務,48,2：女,43：熊本県,1
モンゴル,技能,25,1：男,43：熊本県,1
モンゴル,技能実習１号ロ,21,2：女,43：熊本県,1
モンゴル,技能実習１号ロ,22,2：女,43：熊本県,1
モンゴル,技能実習１号ロ,23,2：女,43：熊本県,1
モンゴル,技能実習１号ロ,25,1：男,43：熊本県,2
モンゴル,技能実習１号ロ,31,2：女,43：熊本県,1
モンゴル,留学,19,2：女,43：熊本県,2
モンゴル,留学,20,1：男,43：熊本県,2
モンゴル,留学,20,2：女,43：熊本県,1
モンゴル,留学,21,1：男,43：熊本県,3
モンゴル,留学,21,2：女,43：熊本県,3
モンゴル,留学,22,1：男,43：熊本県,1
モンゴル,留学,23,2：女,43：熊本県,1
モンゴル,留学,24,1：男,43：熊本県,1
モンゴル,留学,25,1：男,43：熊本県,1
モンゴル,留学,32,2：女,43：熊本県,1
モンゴル,留学,34,1：男,43：熊本県,2
モンゴル,留学,36,1：男,43：熊本県,1
モンゴル,家族滞在,3,1：男,43：熊本県,1
モンゴル,家族滞在,4,1：男,43：熊本県,1
モンゴル,家族滞在,4,2：女,43：熊本県,2
モンゴル,家族滞在,5,1：男,43：熊本県,1
モンゴル,家族滞在,8,2：女,43：熊本県,1
モンゴル,家族滞在,11,1：男,43：熊本県,1
モンゴル,家族滞在,14,2：女,43：熊本県,1
モンゴル,家族滞在,22,2：女,43：熊本県,1
モンゴル,家族滞在,25,2：女,43：熊本県,1
モンゴル,家族滞在,30,2：女,43：熊本県,1
モンゴル,家族滞在,34,2：女,43：熊本県,1
モンゴル,特定活動,26,1：男,43：熊本県,1
モンゴル,特定活動,28,1：男,43：熊本県,1
モンゴル,永住者,7,2：女,43：熊本県,1
モンゴル,永住者,31,2：女,43：熊本県,1
モンゴル,永住者,37,2：女,43：熊本県,1
モンゴル,永住者,38,1：男,43：熊本県,1
モンゴル,永住者,41,2：女,43：熊本県,1
モンゴル,永住者,44,2：女,43：熊本県,1
モンゴル,永住者,46,2：女,43：熊本県,1
モンゴル,日本人の配偶者等,41,2：女,43：熊本県,1
モンゴル,永住者の配偶者等,0,2：女,43：熊本県,1
モンゴル,定住者,12,1：男,43：熊本県,1
モルディブ,永住者,43,1：男,43：熊本県,1
モルディブ,永住者,46,1：男,43：熊本県,1
モルディブ,日本人の配偶者等,31,1：男,43：熊本県,1
ネパール,芸術,34,1：男,43：熊本県,1
ネパール,芸術,37,1：男,43：熊本県,1
ネパール,芸術,40,1：男,43：熊本県,1
ネパール,芸術,41,1：男,43：熊本県,1
ネパール,芸術,43,1：男,43：熊本県,1
ネパール,芸術,50,1：男,43：熊本県,1
ネパール,高度専門職１号ロ,27,1：男,43：熊本県,1
ネパール,高度専門職１号ロ,38,1：男,43：熊本県,1
ネパール,経営・管理,27,1：男,43：熊本県,1
ネパール,経営・管理,35,1：男,43：熊本県,1
ネパール,経営・管理,39,1：男,43：熊本県,1
ネパール,技術・人文知識・国際業務,21,2：女,43：熊本県,1
ネパール,技術・人文知識・国際業務,22,1：男,43：熊本県,1
ネパール,技術・人文知識・国際業務,23,1：男,43：熊本県,2
ネパール,技術・人文知識・国際業務,23,2：女,43：熊本県,2
ネパール,技術・人文知識・国際業務,24,1：男,43：熊本県,7
ネパール,技術・人文知識・国際業務,24,2：女,43：熊本県,3
ネパール,技術・人文知識・国際業務,25,1：男,43：熊本県,9
ネパール,技術・人文知識・国際業務,25,2：女,43：熊本県,4
ネパール,技術・人文知識・国際業務,26,1：男,43：熊本県,16
ネパール,技術・人文知識・国際業務,26,2：女,43：熊本県,3
ネパール,技術・人文知識・国際業務,27,1：男,43：熊本県,12
ネパール,技術・人文知識・国際業務,27,2：女,43：熊本県,2
ネパール,技術・人文知識・国際業務,28,1：男,43：熊本県,15
ネパール,技術・人文知識・国際業務,28,2：女,43：熊本県,2
ネパール,技術・人文知識・国際業務,29,1：男,43：熊本県,12
ネパール,技術・人文知識・国際業務,29,2：女,43：熊本県,2
ネパール,技術・人文知識・国際業務,30,1：男,43：熊本県,7
ネパール,技術・人文知識・国際業務,30,2：女,43：熊本県,3
ネパール,技術・人文知識・国際業務,31,1：男,43：熊本県,5
ネパール,技術・人文知識・国際業務,32,1：男,43：熊本県,8
ネパール,技術・人文知識・国際業務,32,2：女,43：熊本県,1
ネパール,技術・人文知識・国際業務,33,1：男,43：熊本県,4
ネパール,技術・人文知識・国際業務,33,2：女,43：熊本県,2
ネパール,技術・人文知識・国際業務,34,1：男,43：熊本県,1
ネパール,技術・人文知識・国際業務,35,1：男,43：熊本県,2
ネパール,技術・人文知識・国際業務,35,2：女,43：熊本県,1
ネパール,技術・人文知識・国際業務,36,1：男,43：熊本県,2
ネパール,技術・人文知識・国際業務,37,1：男,43：熊本県,2
ネパール,技術・人文知識・国際業務,37,2：女,43：熊本県,1
ネパール,技術・人文知識・国際業務,38,1：男,43：熊本県,1
ネパール,介護,24,2：女,43：熊本県,1
ネパール,介護,28,2：女,43：熊本県,1
ネパール,介護,30,2：女,43：熊本県,1
ネパール,技能,28,1：男,43：熊本県,1
ネパール,技能,29,1：男,43：熊本県,1
ネパール,技能,31,1：男,43：熊本県,1
ネパール,技能,33,1：男,43：熊本県,2
ネパール,技能,34,1：男,43：熊本県,3
ネパール,技能,35,1：男,43：熊本県,6
ネパール,技能,36,1：男,43：熊本県,2
ネパール,技能,37,1：男,43：熊本県,1
ネパール,技能,38,1：男,43：熊本県,3
ネパール,技能,39,1：男,43：熊本県,1
ネパール,技能,40,1：男,43：熊本県,2
ネパール,技能,41,1：男,43：熊本県,1
ネパール,技能,42,1：男,43：熊本県,2
ネパール,技能,43,1：男,43：熊本県,3
ネパール,技能,46,1：男,43：熊本県,2
ネパール,技能,48,1：男,43：熊本県,1
ネパール,特定技能１号,22,2：女,43：熊本県,1
ネパール,特定技能１号,24,1：男,43：熊本県,1
ネパール,特定技能１号,29,2：女,43：熊本県,1
ネパール,特定技能１号,30,2：女,43：熊本県,1
ネパール,技能実習２号ロ,24,1：男,43：熊本県,1
ネパール,技能実習２号ロ,25,2：女,43：熊本県,1
ネパール,技能実習２号ロ,28,1：男,43：熊本県,1
ネパール,技能実習２号ロ,29,1：男,43：熊本県,1
ネパール,技能実習２号ロ,31,1：男,43：熊本県,1
ネパール,技能実習２号ロ,34,1：男,43：熊本県,1
ネパール,技能実習３号ロ,33,1：男,43：熊本県,1
ネパール,技能実習３号ロ,34,1：男,43：熊本県,1
ネパール,技能実習３号ロ,37,1：男,43：熊本県,1
ネパール,留学,19,1：男,43：熊本県,1
ネパール,留学,19,2：女,43：熊本県,1
ネパール,留学,20,1：男,43：熊本県,4
ネパール,留学,20,2：女,43：熊本県,4
ネパール,留学,21,1：男,43：熊本県,17
ネパール,留学,21,2：女,43：熊本県,6
ネパール,留学,22,1：男,43：熊本県,19
ネパール,留学,22,2：女,43：熊本県,3
ネパール,留学,23,1：男,43：熊本県,24
ネパール,留学,23,2：女,43：熊本県,9
ネパール,留学,24,1：男,43：熊本県,21
ネパール,留学,24,2：女,43：熊本県,11
ネパール,留学,25,1：男,43：熊本県,22
ネパール,留学,25,2：女,43：熊本県,7
ネパール,留学,26,1：男,43：熊本県,10
ネパール,留学,26,2：女,43：熊本県,4
ネパール,留学,27,1：男,43：熊本県,9
ネパール,留学,27,2：女,43：熊本県,4
ネパール,留学,28,1：男,43：熊本県,8
ネパール,留学,28,2：女,43：熊本県,5
ネパール,留学,29,1：男,43：熊本県,5
ネパール,留学,29,2：女,43：熊本県,2
ネパール,留学,31,2：女,43：熊本県,2
ネパール,留学,33,1：男,43：熊本県,1
ネパール,留学,33,2：女,43：熊本県,1
ネパール,留学,34,1：男,43：熊本県,1
ネパール,留学,35,1：男,43：熊本県,2
ネパール,留学,35,2：女,43：熊本県,1
ネパール,留学,36,2：女,43：熊本県,1
ネパール,留学,39,1：男,43：熊本県,1
ネパール,留学,43,1：男,43：熊本県,1
ネパール,家族滞在,0,1：男,43：熊本県,4
ネパール,家族滞在,0,2：女,43：熊本県,3
ネパール,家族滞在,1,1：男,43：熊本県,4
ネパール,家族滞在,2,1：男,43：熊本県,2
ネパール,家族滞在,3,1：男,43：熊本県,2
ネパール,家族滞在,3,2：女,43：熊本県,2
ネパール,家族滞在,6,1：男,43：熊本県,1
ネパール,家族滞在,6,2：女,43：熊本県,1
ネパール,家族滞在,7,1：男,43：熊本県,1
ネパール,家族滞在,13,1：男,43：熊本県,1
ネパール,家族滞在,14,1：男,43：熊本県,1
ネパール,家族滞在,15,1：男,43：熊本県,1
ネパール,家族滞在,17,2：女,43：熊本県,2
ネパール,家族滞在,18,2：女,43：熊本県,1
ネパール,家族滞在,19,1：男,43：熊本県,1
ネパール,家族滞在,20,2：女,43：熊本県,1
ネパール,家族滞在,22,2：女,43：熊本県,1
ネパール,家族滞在,23,2：女,43：熊本県,3
ネパール,家族滞在,24,2：女,43：熊本県,7
ネパール,家族滞在,25,2：女,43：熊本県,3
ネパール,家族滞在,26,2：女,43：熊本県,4
ネパール,家族滞在,27,2：女,43：熊本県,3
ネパール,家族滞在,28,1：男,43：熊本県,1
ネパール,家族滞在,28,2：女,43：熊本県,5
ネパール,家族滞在,29,2：女,43：熊本県,3
ネパール,家族滞在,30,2：女,43：熊本県,3
ネパール,家族滞在,31,2：女,43：熊本県,1
ネパール,家族滞在,32,2：女,43：熊本県,5
ネパール,家族滞在,34,2：女,43：熊本県,3
ネパール,家族滞在,36,1：男,43：熊本県,1
ネパール,家族滞在,37,2：女,43：熊本県,2
ネパール,家族滞在,38,1：男,43：熊本県,2
ネパール,家族滞在,38,2：女,43：熊本県,1
ネパール,家族滞在,40,2：女,43：熊本県,1
ネパール,家族滞在,41,1：男,43：熊本県,1
ネパール,家族滞在,44,1：男,43：熊本県,1
ネパール,家族滞在,55,2：女,43：熊本県,1
ネパール,特定活動,24,1：男,43：熊本県,2
ネパール,特定活動,25,1：男,43：熊本県,3
ネパール,特定活動,25,2：女,43：熊本県,1
ネパール,特定活動,26,1：男,43：熊本県,1
ネパール,特定活動,26,2：女,43：熊本県,1
ネパール,特定活動,27,1：男,43：熊本県,2
ネパール,特定活動,28,2：女,43：熊本県,2
ネパール,特定活動,29,2：女,43：熊本県,3
ネパール,特定活動,30,2：女,43：熊本県,1
ネパール,特定活動,32,2：女,43：熊本県,1
ネパール,特定活動,33,1：男,43：熊本県,1
ネパール,特定活動,76,1：男,43：熊本県,1
ネパール,永住者,8,1：男,43：熊本県,1
ネパール,永住者,10,1：男,43：熊本県,1
ネパール,永住者,12,1：男,43：熊本県,1
ネパール,永住者,33,2：女,43：熊本県,1
ネパール,永住者,36,2：女,43：熊本県,1
ネパール,永住者,39,1：男,43：熊本県,1
ネパール,永住者,40,2：女,43：熊本県,1
ネパール,永住者,46,1：男,43：熊本県,1
ネパール,永住者,48,1：男,43：熊本県,2
ネパール,永住者,49,2：女,43：熊本県,1
ネパール,永住者,51,1：男,43：熊本県,1
ネパール,日本人の配偶者等,29,1：男,43：熊本県,1
ネパール,日本人の配偶者等,32,1：男,43：熊本県,1
ネパール,永住者の配偶者等,43,2：女,43：熊本県,1
ネパール,定住者,21,1：男,43：熊本県,1
パキスタン,教授,29,1：男,43：熊本県,1
パキスタン,宗教,34,1：男,43：熊本県,1
パキスタン,経営・管理,30,1：男,43：熊本県,2
パキスタン,経営・管理,33,1：男,43：熊本県,1
パキスタン,経営・管理,36,1：男,43：熊本県,2
パキスタン,経営・管理,48,1：男,43：熊本県,1
パキスタン,経営・管理,51,1：男,43：熊本県,1
パキスタン,経営・管理,57,1：男,43：熊本県,1
パキスタン,経営・管理,58,1：男,43：熊本県,1
パキスタン,教育,37,1：男,43：熊本県,1
パキスタン,技術・人文知識・国際業務,23,1：男,43：熊本県,1
パキスタン,技術・人文知識・国際業務,24,2：女,43：熊本県,1
パキスタン,技術・人文知識・国際業務,25,1：男,43：熊本県,2
パキスタン,技術・人文知識・国際業務,27,1：男,43：熊本県,2
パキスタン,技術・人文知識・国際業務,28,1：男,43：熊本県,2
パキスタン,技術・人文知識・国際業務,29,1：男,43：熊本県,3
パキスタン,技術・人文知識・国際業務,30,1：男,43：熊本県,1
パキスタン,技術・人文知識・国際業務,31,1：男,43：熊本県,2
パキスタン,技術・人文知識・国際業務,34,1：男,43：熊本県,2
パキスタン,技術・人文知識・国際業務,35,1：男,43：熊本県,1
パキスタン,技術・人文知識・国際業務,36,1：男,43：熊本県,1
パキスタン,技術・人文知識・国際業務,39,1：男,43：熊本県,1
パキスタン,技術・人文知識・国際業務,41,1：男,43：熊本県,2
パキスタン,技術・人文知識・国際業務,42,1：男,43：熊本県,1
パキスタン,技術・人文知識・国際業務,43,1：男,43：熊本県,1
パキスタン,技術・人文知識・国際業務,47,1：男,43：熊本県,1
パキスタン,技術・人文知識・国際業務,54,1：男,43：熊本県,1
パキスタン,技術・人文知識・国際業務,56,1：男,43：熊本県,1
パキスタン,技能,42,1：男,43：熊本県,1
パキスタン,技能,46,1：男,43：熊本県,1
パキスタン,家族滞在,0,2：女,43：熊本県,1
パキスタン,家族滞在,1,1：男,43：熊本県,1
パキスタン,家族滞在,2,1：男,43：熊本県,2
パキスタン,家族滞在,3,1：男,43：熊本県,1
パキスタン,家族滞在,5,2：女,43：熊本県,1
パキスタン,家族滞在,6,1：男,43：熊本県,2
パキスタン,家族滞在,7,2：女,43：熊本県,3
パキスタン,家族滞在,11,1：男,43：熊本県,1
パキスタン,家族滞在,12,1：男,43：熊本県,1
パキスタン,家族滞在,13,1：男,43：熊本県,1
パキスタン,家族滞在,14,1：男,43：熊本県,1
パキスタン,家族滞在,17,1：男,43：熊本県,1
パキスタン,家族滞在,17,2：女,43：熊本県,1
パキスタン,家族滞在,19,2：女,43：熊本県,1
パキスタン,家族滞在,28,2：女,43：熊本県,1
パキスタン,家族滞在,29,2：女,43：熊本県,1
パキスタン,家族滞在,31,2：女,43：熊本県,1
パキスタン,家族滞在,33,2：女,43：熊本県,1
パキスタン,家族滞在,38,2：女,43：熊本県,1
パキスタン,家族滞在,45,2：女,43：熊本県,1
パキスタン,特定活動,23,1：男,43：熊本県,1
パキスタン,特定活動,28,1：男,43：熊本県,1
パキスタン,永住者,7,1：男,43：熊本県,1
パキスタン,永住者,10,2：女,43：熊本県,1
パキスタン,永住者,12,2：女,43：熊本県,2
パキスタン,永住者,13,2：女,43：熊本県,1
パキスタン,永住者,14,1：男,43：熊本県,1
パキスタン,永住者,14,2：女,43：熊本県,1
パキスタン,永住者,16,1：男,43：熊本県,1
パキスタン,永住者,29,1：男,43：熊本県,1
パキスタン,永住者,38,2：女,43：熊本県,1
パキスタン,永住者,40,1：男,43：熊本県,1
パキスタン,永住者,46,1：男,43：熊本県,1
パキスタン,永住者,46,2：女,43：熊本県,1
パキスタン,永住者,47,1：男,43：熊本県,1
パキスタン,永住者,48,1：男,43：熊本県,1
パキスタン,永住者,48,2：女,43：熊本県,1
パキスタン,永住者,51,1：男,43：熊本県,1
パキスタン,永住者,53,1：男,43：熊本県,1
パキスタン,永住者,56,1：男,43：熊本県,1
パキスタン,永住者,58,1：男,43：熊本県,1
パキスタン,永住者,62,1：男,43：熊本県,1
パキスタン,日本人の配偶者等,26,1：男,43：熊本県,1
パキスタン,日本人の配偶者等,28,1：男,43：熊本県,1
パキスタン,日本人の配偶者等,32,1：男,43：熊本県,1
パキスタン,日本人の配偶者等,35,1：男,43：熊本県,1
パキスタン,日本人の配偶者等,36,1：男,43：熊本県,1
パキスタン,永住者の配偶者等,9,1：男,43：熊本県,1
パキスタン,永住者の配偶者等,42,2：女,43：熊本県,1
パキスタン,永住者の配偶者等,51,2：女,43：熊本県,1
パキスタン,定住者,15,1：男,43：熊本県,1
パキスタン,定住者,17,1：男,43：熊本県,1
パキスタン,定住者,19,2：女,43：熊本県,1
パキスタン,定住者,22,1：男,43：熊本県,1
パキスタン,定住者,25,1：男,43：熊本県,1
フィリピン,医療,34,2：女,43：熊本県,1
フィリピン,教育,28,1：男,43：熊本県,1
フィリピン,教育,29,2：女,43：熊本県,1
フィリピン,教育,30,1：男,43：熊本県,1
フィリピン,教育,39,2：女,43：熊本県,1
フィリピン,教育,46,2：女,43：熊本県,1
フィリピン,技術・人文知識・国際業務,23,2：女,43：熊本県,1
フィリピン,技術・人文知識・国際業務,24,1：男,43：熊本県,1
フィリピン,技術・人文知識・国際業務,24,2：女,43：熊本県,2
フィリピン,技術・人文知識・国際業務,25,1：男,43：熊本県,4
フィリピン,技術・人文知識・国際業務,25,2：女,43：熊本県,3
フィリピン,技術・人文知識・国際業務,26,1：男,43：熊本県,1
フィリピン,技術・人文知識・国際業務,26,2：女,43：熊本県,2
フィリピン,技術・人文知識・国際業務,27,1：男,43：熊本県,1
フィリピン,技術・人文知識・国際業務,27,2：女,43：熊本県,2
フィリピン,技術・人文知識・国際業務,28,1：男,43：熊本県,5
フィリピン,技術・人文知識・国際業務,28,2：女,43：熊本県,4
フィリピン,技術・人文知識・国際業務,29,1：男,43：熊本県,7
フィリピン,技術・人文知識・国際業務,29,2：女,43：熊本県,5
フィリピン,技術・人文知識・国際業務,30,1：男,43：熊本県,3
フィリピン,技術・人文知識・国際業務,30,2：女,43：熊本県,1
フィリピン,技術・人文知識・国際業務,31,1：男,43：熊本県,2
フィリピン,技術・人文知識・国際業務,31,2：女,43：熊本県,1
フィリピン,技術・人文知識・国際業務,32,1：男,43：熊本県,1
フィリピン,技術・人文知識・国際業務,32,2：女,43：熊本県,1
フィリピン,技術・人文知識・国際業務,33,1：男,43：熊本県,2
フィリピン,技術・人文知識・国際業務,36,1：男,43：熊本県,1
フィリピン,技術・人文知識・国際業務,40,2：女,43：熊本県,2
フィリピン,技術・人文知識・国際業務,41,1：男,43：熊本県,1
フィリピン,技術・人文知識・国際業務,42,1：男,43：熊本県,1
フィリピン,技術・人文知識・国際業務,43,1：男,43：熊本県,1
フィリピン,興行,24,2：女,43：熊本県,1
フィリピン,興行,26,2：女,43：熊本県,5
フィリピン,興行,27,2：女,43：熊本県,1
フィリピン,興行,28,2：女,43：熊本県,3
フィリピン,興行,29,2：女,43：熊本県,6
フィリピン,興行,30,2：女,43：熊本県,1
フィリピン,興行,31,2：女,43：熊本県,1
フィリピン,興行,33,2：女,43：熊本県,1
フィリピン,特定技能１号,21,2：女,43：熊本県,1
フィリピン,特定技能１号,22,1：男,43：熊本県,1
フィリピン,特定技能１号,23,2：女,43：熊本県,1
フィリピン,特定技能１号,24,1：男,43：熊本県,2
フィリピン,特定技能１号,24,2：女,43：熊本県,5
フィリピン,特定技能１号,25,1：男,43：熊本県,3
フィリピン,特定技能１号,25,2：女,43：熊本県,10
フィリピン,特定技能１号,26,1：男,43：熊本県,3
フィリピン,特定技能１号,26,2：女,43：熊本県,17
フィリピン,特定技能１号,27,1：男,43：熊本県,5
フィリピン,特定技能１号,27,2：女,43：熊本県,5
フィリピン,特定技能１号,28,1：男,43：熊本県,8
フィリピン,特定技能１号,28,2：女,43：熊本県,10
フィリピン,特定技能１号,29,1：男,43：熊本県,6
フィリピン,特定技能１号,29,2：女,43：熊本県,9
フィリピン,特定技能１号,30,1：男,43：熊本県,6
フィリピン,特定技能１号,30,2：女,43：熊本県,6
フィリピン,特定技能１号,31,1：男,43：熊本県,7
フィリピン,特定技能１号,31,2：女,43：熊本県,6
フィリピン,特定技能１号,32,1：男,43：熊本県,2
フィリピン,特定技能１号,32,2：女,43：熊本県,2
フィリピン,特定技能１号,33,1：男,43：熊本県,1
フィリピン,特定技能１号,33,2：女,43：熊本県,9
フィリピン,特定技能１号,34,1：男,43：熊本県,6
フィリピン,特定技能１号,34,2：女,43：熊本県,2
フィリピン,特定技能１号,35,1：男,43：熊本県,3
フィリピン,特定技能１号,35,2：女,43：熊本県,3
フィリピン,特定技能１号,36,1：男,43：熊本県,1
フィリピン,特定技能１号,36,2：女,43：熊本県,3
フィリピン,特定技能１号,39,1：男,43：熊本県,1
フィリピン,特定技能１号,41,1：男,43：熊本県,1
フィリピン,特定技能１号,43,1：男,43：熊本県,1
フィリピン,技能実習１号ロ,20,2：女,43：熊本県,2
フィリピン,技能実習１号ロ,21,2：女,43：熊本県,2
フィリピン,技能実習１号ロ,22,1：男,43：熊本県,2
フィリピン,技能実習１号ロ,22,2：女,43：熊本県,2
フィリピン,技能実習１号ロ,23,1：男,43：熊本県,1
フィリピン,技能実習１号ロ,23,2：女,43：熊本県,4
フィリピン,技能実習１号ロ,24,1：男,43：熊本県,1
フィリピン,技能実習１号ロ,24,2：女,43：熊本県,8
フィリピン,技能実習１号ロ,25,1：男,43：熊本県,2
フィリピン,技能実習１号ロ,25,2：女,43：熊本県,10
フィリピン,技能実習１号ロ,26,1：男,43：熊本県,3
フィリピン,技能実習１号ロ,26,2：女,43：熊本県,4
フィリピン,技能実習１号ロ,27,1：男,43：熊本県,2
フィリピン,技能実習１号ロ,27,2：女,43：熊本県,7
フィリピン,技能実習１号ロ,28,1：男,43：熊本県,2
フィリピン,技能実習１号ロ,28,2：女,43：熊本県,4
フィリピン,技能実習１号ロ,29,2：女,43：熊本県,4
フィリピン,技能実習１号ロ,30,1：男,43：熊本県,2
フィリピン,技能実習１号ロ,30,2：女,43：熊本県,2
フィリピン,技能実習１号ロ,31,1：男,43：熊本県,2
フィリピン,技能実習１号ロ,31,2：女,43：熊本県,2
フィリピン,技能実習１号ロ,32,1：男,43：熊本県,3
フィリピン,技能実習１号ロ,32,2：女,43：熊本県,1
フィリピン,技能実習１号ロ,34,1：男,43：熊本県,2
フィリピン,技能実習１号ロ,34,2：女,43：熊本県,1
フィリピン,技能実習１号ロ,35,1：男,43：熊本県,1
フィリピン,技能実習１号ロ,36,1：男,43：熊本県,1
フィリピン,技能実習１号ロ,37,1：男,43：熊本県,1
フィリピン,技能実習１号ロ,37,2：女,43：熊本県,1
フィリピン,技能実習１号ロ,38,1：男,43：熊本県,1
フィリピン,技能実習１号ロ,39,1：男,43：熊本県,1
フィリピン,技能実習２号イ,28,1：男,43：熊本県,1
フィリピン,技能実習２号イ,32,1：男,43：熊本県,1
フィリピン,技能実習２号イ,34,1：男,43：熊本県,1
フィリピン,技能実習２号イ,35,1：男,43：熊本県,1
フィリピン,技能実習２号ロ,20,2：女,43：熊本県,1
フィリピン,技能実習２号ロ,21,2：女,43：熊本県,1
フィリピン,技能実習２号ロ,22,1：男,43：熊本県,3
フィリピン,技能実習２号ロ,22,2：女,43：熊本県,4
フィリピン,技能実習２号ロ,23,1：男,43：熊本県,8
フィリピン,技能実習２号ロ,23,2：女,43：熊本県,24
フィリピン,技能実習２号ロ,24,1：男,43：熊本県,13
フィリピン,技能実習２号ロ,24,2：女,43：熊本県,30
フィリピン,技能実習２号ロ,25,1：男,43：熊本県,21
フィリピン,技能実習２号ロ,25,2：女,43：熊本県,61
フィリピン,技能実習２号ロ,26,1：男,43：熊本県,30
フィリピン,技能実習２号ロ,26,2：女,43：熊本県,63
フィリピン,技能実習２号ロ,27,1：男,43：熊本県,23
フィリピン,技能実習２号ロ,27,2：女,43：熊本県,60
フィリピン,技能実習２号ロ,28,1：男,43：熊本県,21
フィリピン,技能実習２号ロ,28,2：女,43：熊本県,43
フィリピン,技能実習２号ロ,29,1：男,43：熊本県,27
フィリピン,技能実習２号ロ,29,2：女,43：熊本県,55
フィリピン,技能実習２号ロ,30,1：男,43：熊本県,27
フィリピン,技能実習２号ロ,30,2：女,43：熊本県,28
フィリピン,技能実習２号ロ,31,1：男,43：熊本県,26
フィリピン,技能実習２号ロ,31,2：女,43：熊本県,34
フィリピン,技能実習２号ロ,32,1：男,43：熊本県,18
フィリピン,技能実習２号ロ,32,2：女,43：熊本県,23
フィリピン,技能実習２号ロ,33,1：男,43：熊本県,19
フィリピン,技能実習２号ロ,33,2：女,43：熊本県,13
フィリピン,技能実習２号ロ,34,1：男,43：熊本県,9
フィリピン,技能実習２号ロ,34,2：女,43：熊本県,6
フィリピン,技能実習２号ロ,35,1：男,43：熊本県,9
フィリピン,技能実習２号ロ,35,2：女,43：熊本県,6
フィリピン,技能実習２号ロ,36,1：男,43：熊本県,3
フィリピン,技能実習２号ロ,36,2：女,43：熊本県,2
フィリピン,技能実習２号ロ,37,1：男,43：熊本県,2
フィリピン,技能実習２号ロ,37,2：女,43：熊本県,3
フィリピン,技能実習２号ロ,38,1：男,43：熊本県,3
フィリピン,技能実習２号ロ,38,2：女,43：熊本県,1
フィリピン,技能実習２号ロ,39,1：男,43：熊本県,1
フィリピン,技能実習２号ロ,40,1：男,43：熊本県,1
フィリピン,技能実習２号ロ,40,2：女,43：熊本県,2
フィリピン,技能実習２号ロ,41,1：男,43：熊本県,1
フィリピン,技能実習２号ロ,41,2：女,43：熊本県,2
フィリピン,技能実習２号ロ,42,2：女,43：熊本県,1
フィリピン,技能実習２号ロ,47,2：女,43：熊本県,1
フィリピン,技能実習３号イ,25,1：男,43：熊本県,2
フィリピン,技能実習３号イ,32,1：男,43：熊本県,1
フィリピン,技能実習３号イ,35,1：男,43：熊本県,1
フィリピン,技能実習３号ロ,23,2：女,43：熊本県,1
フィリピン,技能実習３号ロ,24,1：男,43：熊本県,3
フィリピン,技能実習３号ロ,24,2：女,43：熊本県,5
フィリピン,技能実習３号ロ,25,1：男,43：熊本県,4
フィリピン,技能実習３号ロ,25,2：女,43：熊本県,9
フィリピン,技能実習３号ロ,26,1：男,43：熊本県,4
フィリピン,技能実習３号ロ,26,2：女,43：熊本県,17
フィリピン,技能実習３号ロ,27,1：男,43：熊本県,5
フィリピン,技能実習３号ロ,27,2：女,43：熊本県,11
フィリピン,技能実習３号ロ,28,1：男,43：熊本県,1
フィリピン,技能実習３号ロ,28,2：女,43：熊本県,16
フィリピン,技能実習３号ロ,29,1：男,43：熊本県,6
フィリピン,技能実習３号ロ,29,2：女,43：熊本県,13
フィリピン,技能実習３号ロ,30,1：男,43：熊本県,2
フィリピン,技能実習３号ロ,30,2：女,43：熊本県,14
フィリピン,技能実習３号ロ,31,1：男,43：熊本県,6
フィリピン,技能実習３号ロ,31,2：女,43：熊本県,12
フィリピン,技能実習３号ロ,32,1：男,43：熊本県,3
フィリピン,技能実習３号ロ,32,2：女,43：熊本県,7
フィリピン,技能実習３号ロ,33,1：男,43：熊本県,5
フィリピン,技能実習３号ロ,33,2：女,43：熊本県,9
フィリピン,技能実習３号ロ,34,1：男,43：熊本県,4
フィリピン,技能実習３号ロ,34,2：女,43：熊本県,3
フィリピン,技能実習３号ロ,35,1：男,43：熊本県,6
フィリピン,技能実習３号ロ,35,2：女,43：熊本県,1
フィリピン,技能実習３号ロ,36,1：男,43：熊本県,4
フィリピン,技能実習３号ロ,36,2：女,43：熊本県,1
フィリピン,技能実習３号ロ,37,1：男,43：熊本県,1
フィリピン,技能実習３号ロ,37,2：女,43：熊本県,2
フィリピン,技能実習３号ロ,38,1：男,43：熊本県,1
フィリピン,技能実習３号ロ,38,2：女,43：熊本県,2
フィリピン,技能実習３号ロ,39,2：女,43：熊本県,2
フィリピン,技能実習３号ロ,40,1：男,43：熊本県,2
フィリピン,技能実習３号ロ,40,2：女,43：熊本県,1
フィリピン,技能実習３号ロ,42,1：男,43：熊本県,1
フィリピン,留学,23,2：女,43：熊本県,1
フィリピン,留学,27,1：男,43：熊本県,1
フィリピン,留学,29,1：男,43：熊本県,1
フィリピン,留学,30,2：女,43：熊本県,1
フィリピン,留学,31,1：男,43：熊本県,2
フィリピン,留学,32,1：男,43：熊本県,1
フィリピン,留学,43,1：男,43：熊本県,1
フィリピン,家族滞在,5,1：男,43：熊本県,1
フィリピン,家族滞在,9,2：女,43：熊本県,1
フィリピン,家族滞在,10,1：男,43：熊本県,1
フィリピン,家族滞在,11,1：男,43：熊本県,1
フィリピン,家族滞在,11,2：女,43：熊本県,1
フィリピン,家族滞在,13,2：女,43：熊本県,1
フィリピン,家族滞在,38,2：女,43：熊本県,1
フィリピン,家族滞在,41,1：男,43：熊本県,1
フィリピン,家族滞在,43,1：男,43：熊本県,2
フィリピン,特定活動,23,1：男,43：熊本県,1
フィリピン,特定活動,24,2：女,43：熊本県,1
フィリピン,特定活動,25,1：男,43：熊本県,1
フィリピン,特定活動,25,2：女,43：熊本県,3
フィリピン,特定活動,26,1：男,43：熊本県,3
フィリピン,特定活動,27,1：男,43：熊本県,6
フィリピン,特定活動,27,2：女,43：熊本県,1
フィリピン,特定活動,28,1：男,43：熊本県,5
フィリピン,特定活動,28,2：女,43：熊本県,1
フィリピン,特定活動,29,1：男,43：熊本県,2
フィリピン,特定活動,29,2：女,43：熊本県,2
フィリピン,特定活動,30,1：男,43：熊本県,4
フィリピン,特定活動,30,2：女,43：熊本県,3
フィリピン,特定活動,31,1：男,43：熊本県,2
フィリピン,特定活動,32,1：男,43：熊本県,2
フィリピン,特定活動,32,2：女,43：熊本県,3
フィリピン,特定活動,33,1：男,43：熊本県,3
フィリピン,特定活動,34,1：男,43：熊本県,2
フィリピン,特定活動,34,2：女,43：熊本県,2
フィリピン,特定活動,35,1：男,43：熊本県,3
フィリピン,特定活動,36,1：男,43：熊本県,3
フィリピン,特定活動,37,1：男,43：熊本県,3
フィリピン,特定活動,38,1：男,43：熊本県,3
フィリピン,特定活動,39,1：男,43：熊本県,1
フィリピン,特定活動,40,2：女,43：熊本県,1
フィリピン,特定活動,41,2：女,43：熊本県,1
フィリピン,永住者,0,2：女,43：熊本県,1
フィリピン,永住者,7,2：女,43：熊本県,1
フィリピン,永住者,10,2：女,43：熊本県,2
フィリピン,永住者,12,2：女,43：熊本県,2
フィリピン,永住者,13,1：男,43：熊本県,2
フィリピン,永住者,13,2：女,43：熊本県,1
フィリピン,永住者,14,2：女,43：熊本県,1
フィリピン,永住者,15,1：男,43：熊本県,1
フィリピン,永住者,16,1：男,43：熊本県,1
フィリピン,永住者,16,2：女,43：熊本県,2
フィリピン,永住者,17,1：男,43：熊本県,1
フィリピン,永住者,17,2：女,43：熊本県,1
フィリピン,永住者,18,2：女,43：熊本県,3
フィリピン,永住者,20,1：男,43：熊本県,3
フィリピン,永住者,20,2：女,43：熊本県,1
フィリピン,永住者,22,1：男,43：熊本県,2
フィリピン,永住者,23,1：男,43：熊本県,1
フィリピン,永住者,23,2：女,43：熊本県,1
フィリピン,永住者,24,1：男,43：熊本県,3
フィリピン,永住者,24,2：女,43：熊本県,2
フィリピン,永住者,25,1：男,43：熊本県,3
フィリピン,永住者,25,2：女,43：熊本県,1
フィリピン,永住者,26,1：男,43：熊本県,2
フィリピン,永住者,26,2：女,43：熊本県,1
フィリピン,永住者,27,1：男,43：熊本県,1
フィリピン,永住者,27,2：女,43：熊本県,3
フィリピン,永住者,28,1：男,43：熊本県,2
フィリピン,永住者,28,2：女,43：熊本県,2
フィリピン,永住者,29,1：男,43：熊本県,3
フィリピン,永住者,29,2：女,43：熊本県,3
フィリピン,永住者,30,1：男,43：熊本県,3
フィリピン,永住者,30,2：女,43：熊本県,1
フィリピン,永住者,31,1：男,43：熊本県,2
フィリピン,永住者,31,2：女,43：熊本県,5
フィリピン,永住者,32,1：男,43：熊本県,3
フィリピン,永住者,32,2：女,43：熊本県,1
フィリピン,永住者,33,2：女,43：熊本県,2
フィリピン,永住者,34,2：女,43：熊本県,4
フィリピン,永住者,35,1：男,43：熊本県,1
フィリピン,永住者,35,2：女,43：熊本県,6
フィリピン,永住者,36,1：男,43：熊本県,1
フィリピン,永住者,36,2：女,43：熊本県,14
フィリピン,永住者,37,2：女,43：熊本県,15
フィリピン,永住者,38,2：女,43：熊本県,22
フィリピン,永住者,39,1：男,43：熊本県,1
フィリピン,永住者,39,2：女,43：熊本県,28
フィリピン,永住者,40,1：男,43：熊本県,2
フィリピン,永住者,40,2：女,43：熊本県,28
フィリピン,永住者,41,1：男,43：熊本県,1
フィリピン,永住者,41,2：女,43：熊本県,27
フィリピン,永住者,42,2：女,43：熊本県,26
フィリピン,永住者,43,1：男,43：熊本県,1
フィリピン,永住者,43,2：女,43：熊本県,29
フィリピン,永住者,44,1：男,43：熊本県,1
フィリピン,永住者,44,2：女,43：熊本県,32
フィリピン,永住者,45,2：女,43：熊本県,25
フィリピン,永住者,46,2：女,43：熊本県,29
フィリピン,永住者,47,2：女,43：熊本県,33
フィリピン,永住者,48,2：女,43：熊本県,53
フィリピン,永住者,49,1：男,43：熊本県,1
フィリピン,永住者,49,2：女,43：熊本県,50
フィリピン,永住者,50,1：男,43：熊本県,1
フィリピン,永住者,50,2：女,43：熊本県,50
フィリピン,永住者,51,1：男,43：熊本県,1
フィリピン,永住者,51,2：女,43：熊本県,85
フィリピン,永住者,52,2：女,43：熊本県,46
フィリピン,永住者,53,1：男,43：熊本県,1
フィリピン,永住者,53,2：女,43：熊本県,40
フィリピン,永住者,54,2：女,43：熊本県,34
フィリピン,永住者,55,2：女,43：熊本県,28
フィリピン,永住者,56,2：女,43：熊本県,23
フィリピン,永住者,57,2：女,43：熊本県,24
フィリピン,永住者,58,2：女,43：熊本県,9
フィリピン,永住者,59,2：女,43：熊本県,15
フィリピン,永住者,60,2：女,43：熊本県,13
フィリピン,永住者,61,2：女,43：熊本県,5
フィリピン,永住者,62,2：女,43：熊本県,7
フィリピン,永住者,63,1：男,43：熊本県,1
フィリピン,永住者,63,2：女,43：熊本県,2
フィリピン,永住者,64,2：女,43：熊本県,3
フィリピン,永住者,65,2：女,43：熊本県,2
フィリピン,永住者,67,2：女,43：熊本県,1
フィリピン,永住者,68,2：女,43：熊本県,1
フィリピン,永住者,70,2：女,43：熊本県,1
フィリピン,永住者,71,2：女,43：熊本県,3
フィリピン,永住者,72,2：女,43：熊本県,2
フィリピン,永住者,75,1：男,43：熊本県,1
フィリピン,永住者,76,2：女,43：熊本県,1
フィリピン,日本人の配偶者等,3,1：男,43：熊本県,1
フィリピン,日本人の配偶者等,5,2：女,43：熊本県,1
フィリピン,日本人の配偶者等,6,2：女,43：熊本県,1
フィリピン,日本人の配偶者等,11,1：男,43：熊本県,1
フィリピン,日本人の配偶者等,12,2：女,43：熊本県,1
フィリピン,日本人の配偶者等,15,2：女,43：熊本県,1
フィリピン,日本人の配偶者等,16,1：男,43：熊本県,1
フィリピン,日本人の配偶者等,20,2：女,43：熊本県,1
フィリピン,日本人の配偶者等,22,2：女,43：熊本県,2
フィリピン,日本人の配偶者等,23,1：男,43：熊本県,1
フィリピン,日本人の配偶者等,23,2：女,43：熊本県,1
フィリピン,日本人の配偶者等,25,1：男,43：熊本県,1
フィリピン,日本人の配偶者等,25,2：女,43：熊本県,1
フィリピン,日本人の配偶者等,26,2：女,43：熊本県,5
フィリピン,日本人の配偶者等,27,2：女,43：熊本県,7
フィリピン,日本人の配偶者等,28,2：女,43：熊本県,11
フィリピン,日本人の配偶者等,29,2：女,43：熊本県,9
フィリピン,日本人の配偶者等,30,2：女,43：熊本県,5
フィリピン,日本人の配偶者等,31,1：男,43：熊本県,1
フィリピン,日本人の配偶者等,31,2：女,43：熊本県,6
フィリピン,日本人の配偶者等,32,2：女,43：熊本県,10
フィリピン,日本人の配偶者等,33,1：男,43：熊本県,2
フィリピン,日本人の配偶者等,33,2：女,43：熊本県,7
フィリピン,日本人の配偶者等,34,2：女,43：熊本県,8
フィリピン,日本人の配偶者等,35,1：男,43：熊本県,1
フィリピン,日本人の配偶者等,35,2：女,43：熊本県,8
フィリピン,日本人の配偶者等,36,2：女,43：熊本県,7
フィリピン,日本人の配偶者等,37,2：女,43：熊本県,5
フィリピン,日本人の配偶者等,38,1：男,43：熊本県,1
フィリピン,日本人の配偶者等,38,2：女,43：熊本県,7
フィリピン,日本人の配偶者等,39,2：女,43：熊本県,7
フィリピン,日本人の配偶者等,40,2：女,43：熊本県,7
フィリピン,日本人の配偶者等,41,2：女,43：熊本県,7
フィリピン,日本人の配偶者等,42,2：女,43：熊本県,5
フィリピン,日本人の配偶者等,43,2：女,43：熊本県,5
フィリピン,日本人の配偶者等,44,2：女,43：熊本県,2
フィリピン,日本人の配偶者等,45,2：女,43：熊本県,3
フィリピン,日本人の配偶者等,46,2：女,43：熊本県,2
フィリピン,日本人の配偶者等,47,2：女,43：熊本県,1
フィリピン,日本人の配偶者等,48,2：女,43：熊本県,4
フィリピン,日本人の配偶者等,49,2：女,43：熊本県,1
フィリピン,日本人の配偶者等,50,2：女,43：熊本県,1
フィリピン,日本人の配偶者等,51,2：女,43：熊本県,2
フィリピン,日本人の配偶者等,52,2：女,43：熊本県,3
フィリピン,日本人の配偶者等,53,2：女,43：熊本県,2
フィリピン,日本人の配偶者等,54,2：女,43：熊本県,1
フィリピン,日本人の配偶者等,55,2：女,43：熊本県,5
フィリピン,日本人の配偶者等,56,2：女,43：熊本県,2
フィリピン,日本人の配偶者等,57,2：女,43：熊本県,1
フィリピン,日本人の配偶者等,58,2：女,43：熊本県,2
フィリピン,日本人の配偶者等,60,2：女,43：熊本県,1
フィリピン,日本人の配偶者等,64,2：女,43：熊本県,1
フィリピン,永住者の配偶者等,1,2：女,43：熊本県,1
フィリピン,永住者の配偶者等,2,1：男,43：熊本県,2
フィリピン,永住者の配偶者等,2,2：女,43：熊本県,1
フィリピン,永住者の配偶者等,6,2：女,43：熊本県,1
フィリピン,永住者の配偶者等,28,2：女,43：熊本県,1
フィリピン,永住者の配偶者等,45,2：女,43：熊本県,1
フィリピン,定住者,0,2：女,43：熊本県,1
フィリピン,定住者,4,1：男,43：熊本県,2
フィリピン,定住者,6,1：男,43：熊本県,1
フィリピン,定住者,7,2：女,43：熊本県,1
フィリピン,定住者,8,1：男,43：熊本県,2
フィリピン,定住者,8,2：女,43：熊本県,2
フィリピン,定住者,9,1：男,43：熊本県,2
フィリピン,定住者,9,2：女,43：熊本県,3
フィリピン,定住者,10,1：男,43：熊本県,1
フィリピン,定住者,10,2：女,43：熊本県,2
フィリピン,定住者,11,1：男,43：熊本県,4
フィリピン,定住者,11,2：女,43：熊本県,2
フィリピン,定住者,12,2：女,43：熊本県,2
フィリピン,定住者,13,1：男,43：熊本県,2
フィリピン,定住者,13,2：女,43：熊本県,1
フィリピン,定住者,14,2：女,43：熊本県,1
フィリピン,定住者,15,1：男,43：熊本県,3
フィリピン,定住者,15,2：女,43：熊本県,2
フィリピン,定住者,16,2：女,43：熊本県,1
フィリピン,定住者,17,2：女,43：熊本県,1
フィリピン,定住者,18,1：男,43：熊本県,3
フィリピン,定住者,18,2：女,43：熊本県,4
フィリピン,定住者,19,1：男,43：熊本県,1
フィリピン,定住者,19,2：女,43：熊本県,1
フィリピン,定住者,20,1：男,43：熊本県,1
フィリピン,定住者,20,2：女,43：熊本県,2
フィリピン,定住者,21,1：男,43：熊本県,4
フィリピン,定住者,21,2：女,43：熊本県,2
フィリピン,定住者,22,1：男,43：熊本県,1
フィリピン,定住者,22,2：女,43：熊本県,1
フィリピン,定住者,23,2：女,43：熊本県,2
フィリピン,定住者,24,1：男,43：熊本県,4
フィリピン,定住者,24,2：女,43：熊本県,1
フィリピン,定住者,25,1：男,43：熊本県,2
フィリピン,定住者,25,2：女,43：熊本県,1
フィリピン,定住者,26,1：男,43：熊本県,2
フィリピン,定住者,26,2：女,43：熊本県,1
フィリピン,定住者,27,2：女,43：熊本県,1
フィリピン,定住者,28,1：男,43：熊本県,1
フィリピン,定住者,28,2：女,43：熊本県,2
フィリピン,定住者,29,1：男,43：熊本県,1
フィリピン,定住者,29,2：女,43：熊本県,3
フィリピン,定住者,30,1：男,43：熊本県,1
フィリピン,定住者,30,2：女,43：熊本県,4
フィリピン,定住者,31,1：男,43：熊本県,1
フィリピン,定住者,31,2：女,43：熊本県,3
フィリピン,定住者,32,2：女,43：熊本県,2
フィリピン,定住者,33,1：男,43：熊本県,1
フィリピン,定住者,33,2：女,43：熊本県,4
フィリピン,定住者,34,1：男,43：熊本県,2
フィリピン,定住者,34,2：女,43：熊本県,3
フィリピン,定住者,36,2：女,43：熊本県,1
フィリピン,定住者,37,2：女,43：熊本県,1
フィリピン,定住者,38,1：男,43：熊本県,1
フィリピン,定住者,38,2：女,43：熊本県,4
フィリピン,定住者,39,2：女,43：熊本県,4
フィリピン,定住者,40,2：女,43：熊本県,6
フィリピン,定住者,41,2：女,43：熊本県,5
フィリピン,定住者,42,2：女,43：熊本県,1
フィリピン,定住者,43,2：女,43：熊本県,3
フィリピン,定住者,44,2：女,43：熊本県,3
フィリピン,定住者,45,2：女,43：熊本県,2
フィリピン,定住者,46,2：女,43：熊本県,1
フィリピン,定住者,47,2：女,43：熊本県,5
フィリピン,定住者,48,2：女,43：熊本県,2
フィリピン,定住者,49,2：女,43：熊本県,4
フィリピン,定住者,50,1：男,43：熊本県,1
フィリピン,定住者,50,2：女,43：熊本県,3
フィリピン,定住者,51,2：女,43：熊本県,3
フィリピン,定住者,52,2：女,43：熊本県,4
フィリピン,定住者,53,2：女,43：熊本県,1
フィリピン,定住者,54,2：女,43：熊本県,5
フィリピン,定住者,55,2：女,43：熊本県,1
フィリピン,定住者,57,2：女,43：熊本県,2
フィリピン,定住者,62,2：女,43：熊本県,2
シリア,技術・人文知識・国際業務,38,1：男,43：熊本県,1
シリア,家族滞在,5,2：女,43：熊本県,1
シリア,家族滞在,11,2：女,43：熊本県,1
シリア,家族滞在,32,2：女,43：熊本県,1
シリア,特定活動,22,1：男,43：熊本県,1
シリア,特定活動,26,1：男,43：熊本県,1
シリア,特定活動,42,1：男,43：熊本県,1
シリア,定住者,0,2：女,43：熊本県,1
シリア,定住者,12,2：女,43：熊本県,1
シリア,定住者,14,1：男,43：熊本県,1
シリア,定住者,16,2：女,43：熊本県,1
シリア,定住者,38,1：男,43：熊本県,1
シリア,定住者,40,2：女,43：熊本県,1
シンガポール,教育,24,2：女,43：熊本県,1
シンガポール,教育,27,2：女,43：熊本県,1
シンガポール,教育,29,2：女,43：熊本県,1
シンガポール,教育,31,1：男,43：熊本県,1
シンガポール,教育,33,2：女,43：熊本県,1
シンガポール,技術・人文知識・国際業務,36,1：男,43：熊本県,1
シンガポール,技術・人文知識・国際業務,45,1：男,43：熊本県,1
シンガポール,企業内転勤,47,1：男,43：熊本県,1
シンガポール,留学,28,1：男,43：熊本県,1
シンガポール,留学,32,2：女,43：熊本県,1
シンガポール,家族滞在,5,2：女,43：熊本県,1
シンガポール,家族滞在,8,2：女,43：熊本県,1
シンガポール,家族滞在,43,2：女,43：熊本県,1
シンガポール,永住者,16,1：男,43：熊本県,1
シンガポール,永住者,18,1：男,43：熊本県,1
シンガポール,永住者,20,1：男,43：熊本県,1
シンガポール,永住者,40,2：女,43：熊本県,1
シンガポール,永住者,43,2：女,43：熊本県,1
シンガポール,永住者,56,2：女,43：熊本県,1
シンガポール,永住者,64,1：男,43：熊本県,1
シンガポール,永住者,69,2：女,43：熊本県,1
シンガポール,日本人の配偶者等,38,2：女,43：熊本県,1
シンガポール,日本人の配偶者等,39,1：男,43：熊本県,1
シンガポール,日本人の配偶者等,51,2：女,43：熊本県,1
シンガポール,定住者,63,2：女,43：熊本県,1
タイ,教授,34,2：女,43：熊本県,1
タイ,経営・管理,45,1：男,43：熊本県,1
タイ,技術・人文知識・国際業務,24,2：女,43：熊本県,3
タイ,技術・人文知識・国際業務,25,2：女,43：熊本県,4
タイ,技術・人文知識・国際業務,27,2：女,43：熊本県,3
タイ,技術・人文知識・国際業務,28,2：女,43：熊本県,6
タイ,技術・人文知識・国際業務,29,2：女,43：熊本県,2
タイ,技術・人文知識・国際業務,30,2：女,43：熊本県,1
タイ,技術・人文知識・国際業務,31,2：女,43：熊本県,3
タイ,技術・人文知識・国際業務,33,2：女,43：熊本県,3
タイ,企業内転勤,37,1：男,43：熊本県,1
タイ,企業内転勤,44,2：女,43：熊本県,1
タイ,興行,23,2：女,43：熊本県,3
タイ,興行,27,2：女,43：熊本県,2
タイ,興行,32,2：女,43：熊本県,1
タイ,興行,43,2：女,43：熊本県,1
タイ,興行,46,2：女,43：熊本県,1
タイ,特定技能１号,25,2：女,43：熊本県,2
タイ,特定技能１号,30,1：男,43：熊本県,1
タイ,特定技能１号,31,1：男,43：熊本県,1
タイ,特定技能１号,33,2：女,43：熊本県,1
タイ,技能実習１号ロ,19,2：女,43：熊本県,1
タイ,技能実習１号ロ,20,2：女,43：熊本県,2
タイ,技能実習１号ロ,21,1：男,43：熊本県,4
タイ,技能実習１号ロ,21,2：女,43：熊本県,1
タイ,技能実習１号ロ,22,1：男,43：熊本県,3
タイ,技能実習１号ロ,22,2：女,43：熊本県,1
タイ,技能実習１号ロ,23,1：男,43：熊本県,6
タイ,技能実習１号ロ,23,2：女,43：熊本県,7
タイ,技能実習１号ロ,24,1：男,43：熊本県,1
タイ,技能実習１号ロ,24,2：女,43：熊本県,6
タイ,技能実習１号ロ,25,1：男,43：熊本県,1
タイ,技能実習１号ロ,25,2：女,43：熊本県,2
タイ,技能実習１号ロ,26,2：女,43：熊本県,1
タイ,技能実習１号ロ,27,2：女,43：熊本県,1
タイ,技能実習１号ロ,28,2：女,43：熊本県,3
タイ,技能実習１号ロ,29,2：女,43：熊本県,1
タイ,技能実習１号ロ,30,2：女,43：熊本県,1
タイ,技能実習２号ロ,20,2：女,43：熊本県,1
タイ,技能実習２号ロ,21,1：男,43：熊本県,9
タイ,技能実習２号ロ,22,1：男,43：熊本県,20
タイ,技能実習２号ロ,22,2：女,43：熊本県,4
タイ,技能実習２号ロ,23,1：男,43：熊本県,18
タイ,技能実習２号ロ,23,2：女,43：熊本県,3
タイ,技能実習２号ロ,24,1：男,43：熊本県,11
タイ,技能実習２号ロ,24,2：女,43：熊本県,8
タイ,技能実習２号ロ,25,1：男,43：熊本県,6
タイ,技能実習２号ロ,25,2：女,43：熊本県,2
タイ,技能実習２号ロ,26,1：男,43：熊本県,5
タイ,技能実習２号ロ,26,2：女,43：熊本県,2
タイ,技能実習２号ロ,27,1：男,43：熊本県,2
タイ,技能実習２号ロ,27,2：女,43：熊本県,2
タイ,技能実習２号ロ,28,1：男,43：熊本県,9
タイ,技能実習２号ロ,28,2：女,43：熊本県,1
タイ,技能実習２号ロ,29,1：男,43：熊本県,3
タイ,技能実習２号ロ,29,2：女,43：熊本県,1
タイ,技能実習２号ロ,30,1：男,43：熊本県,2
タイ,技能実習２号ロ,30,2：女,43：熊本県,2
タイ,技能実習２号ロ,31,1：男,43：熊本県,2
タイ,技能実習２号ロ,32,1：男,43：熊本県,2
タイ,技能実習２号ロ,32,2：女,43：熊本県,3
タイ,技能実習２号ロ,33,2：女,43：熊本県,1
タイ,技能実習２号ロ,34,1：男,43：熊本県,1
タイ,技能実習２号ロ,36,1：男,43：熊本県,1
タイ,技能実習２号ロ,38,1：男,43：熊本県,1
タイ,技能実習２号ロ,39,2：女,43：熊本県,1
タイ,技能実習２号ロ,40,1：男,43：熊本県,1
タイ,技能実習３号ロ,23,1：男,43：熊本県,1
タイ,技能実習３号ロ,24,1：男,43：熊本県,1
タイ,技能実習３号ロ,25,1：男,43：熊本県,3
タイ,技能実習３号ロ,25,2：女,43：熊本県,1
タイ,技能実習３号ロ,26,1：男,43：熊本県,1
タイ,技能実習３号ロ,26,2：女,43：熊本県,1
タイ,技能実習３号ロ,27,1：男,43：熊本県,1
タイ,技能実習３号ロ,27,2：女,43：熊本県,2
タイ,技能実習３号ロ,28,1：男,43：熊本県,1
タイ,技能実習３号ロ,28,2：女,43：熊本県,2
タイ,技能実習３号ロ,29,1：男,43：熊本県,1
タイ,技能実習３号ロ,29,2：女,43：熊本県,1
タイ,技能実習３号ロ,31,1：男,43：熊本県,1
タイ,技能実習３号ロ,32,1：男,43：熊本県,1
タイ,技能実習３号ロ,33,2：女,43：熊本県,1
タイ,技能実習３号ロ,34,1：男,43：熊本県,1
タイ,技能実習３号ロ,34,2：女,43：熊本県,1
タイ,文化活動,36,2：女,43：熊本県,1
タイ,留学,17,2：女,43：熊本県,1
タイ,留学,22,1：男,43：熊本県,1
タイ,留学,22,2：女,43：熊本県,1
タイ,留学,23,1：男,43：熊本県,1
タイ,留学,27,2：女,43：熊本県,1
タイ,留学,29,1：男,43：熊本県,1
タイ,留学,29,2：女,43：熊本県,2
タイ,留学,30,1：男,43：熊本県,1
タイ,留学,31,2：女,43：熊本県,1
タイ,留学,32,1：男,43：熊本県,1
タイ,留学,33,2：女,43：熊本県,1
タイ,留学,34,2：女,43：熊本県,1
タイ,留学,35,2：女,43：熊本県,2
タイ,留学,36,2：女,43：熊本県,1
タイ,留学,50,1：男,43：熊本県,1
タイ,家族滞在,0,2：女,43：熊本県,1
タイ,特定活動,21,2：女,43：熊本県,1
タイ,特定活動,23,1：男,43：熊本県,1
タイ,特定活動,23,2：女,43：熊本県,2
タイ,特定活動,24,2：女,43：熊本県,2
タイ,特定活動,25,1：男,43：熊本県,1
タイ,特定活動,25,2：女,43：熊本県,2
タイ,特定活動,26,2：女,43：熊本県,3
タイ,特定活動,27,2：女,43：熊本県,1
タイ,特定活動,28,2：女,43：熊本県,2
タイ,特定活動,29,2：女,43：熊本県,1
タイ,特定活動,30,1：男,43：熊本県,1
タイ,特定活動,30,2：女,43：熊本県,1
タイ,特定活動,32,2：女,43：熊本県,1
タイ,特定活動,33,1：男,43：熊本県,1
タイ,特定活動,34,1：男,43：熊本県,1
タイ,特定活動,36,2：女,43：熊本県,1
タイ,特定活動,39,2：女,43：熊本県,1
タイ,永住者,24,2：女,43：熊本県,1
タイ,永住者,31,2：女,43：熊本県,1
タイ,永住者,34,2：女,43：熊本県,1
タイ,永住者,35,2：女,43：熊本県,1
タイ,永住者,36,1：男,43：熊本県,1
タイ,永住者,38,2：女,43：熊本県,2
タイ,永住者,41,2：女,43：熊本県,3
タイ,永住者,42,2：女,43：熊本県,1
タイ,永住者,43,2：女,43：熊本県,3
タイ,永住者,44,2：女,43：熊本県,2
タイ,永住者,45,2：女,43：熊本県,2
タイ,永住者,46,1：男,43：熊本県,1
タイ,永住者,49,2：女,43：熊本県,2
タイ,永住者,54,2：女,43：熊本県,2
タイ,永住者,55,2：女,43：熊本県,1
タイ,永住者,56,2：女,43：熊本県,1
タイ,永住者,57,2：女,43：熊本県,2
タイ,永住者,58,2：女,43：熊本県,3
タイ,永住者,60,2：女,43：熊本県,1
タイ,永住者,64,2：女,43：熊本県,1
タイ,永住者,66,2：女,43：熊本県,1
タイ,永住者,71,2：女,43：熊本県,1
タイ,日本人の配偶者等,28,2：女,43：熊本県,3
タイ,日本人の配偶者等,30,2：女,43：熊本県,1
タイ,日本人の配偶者等,31,2：女,43：熊本県,2
タイ,日本人の配偶者等,33,2：女,43：熊本県,1
タイ,日本人の配偶者等,34,2：女,43：熊本県,1
タイ,日本人の配偶者等,35,2：女,43：熊本県,2
タイ,日本人の配偶者等,37,2：女,43：熊本県,1
タイ,日本人の配偶者等,38,2：女,43：熊本県,1
タイ,日本人の配偶者等,39,2：女,43：熊本県,2
タイ,日本人の配偶者等,40,2：女,43：熊本県,1
タイ,日本人の配偶者等,41,2：女,43：熊本県,1
タイ,日本人の配偶者等,42,2：女,43：熊本県,2
タイ,日本人の配偶者等,44,2：女,43：熊本県,1
タイ,日本人の配偶者等,46,2：女,43：熊本県,2
タイ,日本人の配偶者等,48,2：女,43：熊本県,1
タイ,日本人の配偶者等,49,1：男,43：熊本県,1
タイ,日本人の配偶者等,50,2：女,43：熊本県,1
タイ,日本人の配偶者等,51,2：女,43：熊本県,3
タイ,日本人の配偶者等,58,2：女,43：熊本県,1
タイ,定住者,19,1：男,43：熊本県,1
タイ,定住者,49,2：女,43：熊本県,1
タイ,定住者,55,2：女,43：熊本県,1
タイ,定住者,56,2：女,43：熊本県,1
タイ,定住者,64,1：男,43：熊本県,1
トルコ,永住者,41,1：男,43：熊本県,1
ベトナム,教授,32,2：女,43：熊本県,1
ベトナム,宗教,41,2：女,43：熊本県,1
ベトナム,高度専門職１号ロ,31,2：女,43：熊本県,1
ベトナム,経営・管理,28,2：女,43：熊本県,1
ベトナム,技術・人文知識・国際業務,22,1：男,43：熊本県,1
ベトナム,技術・人文知識・国際業務,22,2：女,43：熊本県,2
ベトナム,技術・人文知識・国際業務,23,1：男,43：熊本県,6
ベトナム,技術・人文知識・国際業務,23,2：女,43：熊本県,4
ベトナム,技術・人文知識・国際業務,24,1：男,43：熊本県,17
ベトナム,技術・人文知識・国際業務,24,2：女,43：熊本県,10
ベトナム,技術・人文知識・国際業務,25,1：男,43：熊本県,24
ベトナム,技術・人文知識・国際業務,25,2：女,43：熊本県,13
ベトナム,技術・人文知識・国際業務,26,1：男,43：熊本県,33
ベトナム,技術・人文知識・国際業務,26,2：女,43：熊本県,11
ベトナム,技術・人文知識・国際業務,27,1：男,43：熊本県,28
ベトナム,技術・人文知識・国際業務,27,2：女,43：熊本県,16
ベトナム,技術・人文知識・国際業務,28,1：男,43：熊本県,17
ベトナム,技術・人文知識・国際業務,28,2：女,43：熊本県,5
ベトナム,技術・人文知識・国際業務,29,1：男,43：熊本県,20
ベトナム,技術・人文知識・国際業務,29,2：女,43：熊本県,3
ベトナム,技術・人文知識・国際業務,30,1：男,43：熊本県,18
ベトナム,技術・人文知識・国際業務,30,2：女,43：熊本県,3
ベトナム,技術・人文知識・国際業務,31,1：男,43：熊本県,17
ベトナム,技術・人文知識・国際業務,31,2：女,43：熊本県,5
ベトナム,技術・人文知識・国際業務,32,1：男,43：熊本県,12
ベトナム,技術・人文知識・国際業務,32,2：女,43：熊本県,1
ベトナム,技術・人文知識・国際業務,33,1：男,43：熊本県,6
ベトナム,技術・人文知識・国際業務,33,2：女,43：熊本県,2
ベトナム,技術・人文知識・国際業務,34,1：男,43：熊本県,6
ベトナム,技術・人文知識・国際業務,34,2：女,43：熊本県,4
ベトナム,技術・人文知識・国際業務,35,1：男,43：熊本県,5
ベトナム,技術・人文知識・国際業務,35,2：女,43：熊本県,3
ベトナム,技術・人文知識・国際業務,36,1：男,43：熊本県,4
ベトナム,技術・人文知識・国際業務,37,1：男,43：熊本県,4
ベトナム,技術・人文知識・国際業務,37,2：女,43：熊本県,2
ベトナム,技術・人文知識・国際業務,38,1：男,43：熊本県,3
ベトナム,技術・人文知識・国際業務,39,1：男,43：熊本県,2
ベトナム,技術・人文知識・国際業務,42,1：男,43：熊本県,1
ベトナム,技術・人文知識・国際業務,43,1：男,43：熊本県,1
ベトナム,企業内転勤,29,1：男,43：熊本県,1
ベトナム,企業内転勤,35,1：男,43：熊本県,1
ベトナム,介護,24,2：女,43：熊本県,3
ベトナム,介護,25,2：女,43：熊本県,1
ベトナム,介護,28,2：女,43：熊本県,1
ベトナム,介護,30,2：女,43：熊本県,1
ベトナム,介護,33,2：女,43：熊本県,1
ベトナム,特定技能１号,21,2：女,43：熊本県,4
ベトナム,特定技能１号,22,1：男,43：熊本県,4
ベトナム,特定技能１号,22,2：女,43：熊本県,21
ベトナム,特定技能１号,23,1：男,43：熊本県,12
ベトナム,特定技能１号,23,2：女,43：熊本県,33
ベトナム,特定技能１号,24,1：男,43：熊本県,8
ベトナム,特定技能１号,24,2：女,43：熊本県,27
ベトナム,特定技能１号,25,1：男,43：熊本県,21
ベトナム,特定技能１号,25,2：女,43：熊本県,19
ベトナム,特定技能１号,26,1：男,43：熊本県,15
ベトナム,特定技能１号,26,2：女,43：熊本県,18
ベトナム,特定技能１号,27,1：男,43：熊本県,12
ベトナム,特定技能１号,27,2：女,43：熊本県,16
ベトナム,特定技能１号,28,1：男,43：熊本県,4
ベトナム,特定技能１号,28,2：女,43：熊本県,16
ベトナム,特定技能１号,29,1：男,43：熊本県,5
ベトナム,特定技能１号,29,2：女,43：熊本県,10
ベトナム,特定技能１号,30,1：男,43：熊本県,8
ベトナム,特定技能１号,30,2：女,43：熊本県,16
ベトナム,特定技能１号,31,1：男,43：熊本県,5
ベトナム,特定技能１号,31,2：女,43：熊本県,11
ベトナム,特定技能１号,32,1：男,43：熊本県,2
ベトナム,特定技能１号,32,2：女,43：熊本県,11
ベトナム,特定技能１号,33,1：男,43：熊本県,6
ベトナム,特定技能１号,33,2：女,43：熊本県,10
ベトナム,特定技能１号,34,1：男,43：熊本県,6
ベトナム,特定技能１号,34,2：女,43：熊本県,5
ベトナム,特定技能１号,35,1：男,43：熊本県,5
ベトナム,特定技能１号,35,2：女,43：熊本県,4
ベトナム,特定技能１号,36,1：男,43：熊本県,1
ベトナム,特定技能１号,36,2：女,43：熊本県,3
ベトナム,特定技能１号,37,2：女,43：熊本県,3
ベトナム,特定技能１号,38,1：男,43：熊本県,1
ベトナム,特定技能１号,38,2：女,43：熊本県,1
ベトナム,特定技能１号,39,1：男,43：熊本県,1
ベトナム,特定技能１号,39,2：女,43：熊本県,1
ベトナム,特定技能１号,40,2：女,43：熊本県,2
ベトナム,特定技能１号,41,1：男,43：熊本県,1
ベトナム,技能実習１号ロ,18,2：女,43：熊本県,2
ベトナム,技能実習１号ロ,19,1：男,43：熊本県,19
ベトナム,技能実習１号ロ,19,2：女,43：熊本県,71
ベトナム,技能実習１号ロ,20,1：男,43：熊本県,52
ベトナム,技能実習１号ロ,20,2：女,43：熊本県,115
ベトナム,技能実習１号ロ,21,1：男,43：熊本県,45
ベトナム,技能実習１号ロ,21,2：女,43：熊本県,33
ベトナム,技能実習１号ロ,22,1：男,43：熊本県,26
ベトナム,技能実習１号ロ,22,2：女,43：熊本県,33
ベトナム,技能実習１号ロ,23,1：男,43：熊本県,36
ベトナム,技能実習１号ロ,23,2：女,43：熊本県,36
ベトナム,技能実習１号ロ,24,1：男,43：熊本県,18
ベトナム,技能実習１号ロ,24,2：女,43：熊本県,20
ベトナム,技能実習１号ロ,25,1：男,43：熊本県,12
ベトナム,技能実習１号ロ,25,2：女,43：熊本県,29
ベトナム,技能実習１号ロ,26,1：男,43：熊本県,18
ベトナム,技能実習１号ロ,26,2：女,43：熊本県,17
ベトナム,技能実習１号ロ,27,1：男,43：熊本県,7
ベトナム,技能実習１号ロ,27,2：女,43：熊本県,17
ベトナム,技能実習１号ロ,28,1：男,43：熊本県,15
ベトナム,技能実習１号ロ,28,2：女,43：熊本県,26
ベトナム,技能実習１号ロ,29,1：男,43：熊本県,7
ベトナム,技能実習１号ロ,29,2：女,43：熊本県,22
ベトナム,技能実習１号ロ,30,1：男,43：熊本県,8
ベトナム,技能実習１号ロ,30,2：女,43：熊本県,19
ベトナム,技能実習１号ロ,31,1：男,43：熊本県,8
ベトナム,技能実習１号ロ,31,2：女,43：熊本県,10
ベトナム,技能実習１号ロ,32,1：男,43：熊本県,6
ベトナム,技能実習１号ロ,32,2：女,43：熊本県,13
ベトナム,技能実習１号ロ,33,1：男,43：熊本県,4
ベトナム,技能実習１号ロ,33,2：女,43：熊本県,11
ベトナム,技能実習１号ロ,34,1：男,43：熊本県,3
ベトナム,技能実習１号ロ,34,2：女,43：熊本県,9
ベトナム,技能実習１号ロ,35,1：男,43：熊本県,4
ベトナム,技能実習１号ロ,35,2：女,43：熊本県,10
ベトナム,技能実習１号ロ,36,1：男,43：熊本県,1
ベトナム,技能実習１号ロ,36,2：女,43：熊本県,5
ベトナム,技能実習１号ロ,37,1：男,43：熊本県,2
ベトナム,技能実習１号ロ,37,2：女,43：熊本県,4
ベトナム,技能実習１号ロ,38,1：男,43：熊本県,1
ベトナム,技能実習１号ロ,38,2：女,43：熊本県,5
ベトナム,技能実習１号ロ,39,2：女,43：熊本県,1
ベトナム,技能実習１号ロ,40,2：女,43：熊本県,1
ベトナム,技能実習２号イ,21,1：男,43：熊本県,1
ベトナム,技能実習２号イ,22,1：男,43：熊本県,1
ベトナム,技能実習２号イ,23,1：男,43：熊本県,1
ベトナム,技能実習２号イ,24,1：男,43：熊本県,3
ベトナム,技能実習２号イ,26,1：男,43：熊本県,3
ベトナム,技能実習２号イ,27,1：男,43：熊本県,1
ベトナム,技能実習２号イ,28,1：男,43：熊本県,2
ベトナム,技能実習２号イ,29,1：男,43：熊本県,1
ベトナム,技能実習２号イ,30,1：男,43：熊本県,4
ベトナム,技能実習２号イ,31,1：男,43：熊本県,5
ベトナム,技能実習２号イ,33,1：男,43：熊本県,4
ベトナム,技能実習２号イ,34,1：男,43：熊本県,4
ベトナム,技能実習２号イ,35,1：男,43：熊本県,10
ベトナム,技能実習２号イ,36,1：男,43：熊本県,7
ベトナム,技能実習２号イ,37,1：男,43：熊本県,7
ベトナム,技能実習２号イ,38,1：男,43：熊本県,8
ベトナム,技能実習２号イ,39,1：男,43：熊本県,1
ベトナム,技能実習２号イ,40,1：男,43：熊本県,6
ベトナム,技能実習２号イ,41,1：男,43：熊本県,2
ベトナム,技能実習２号イ,42,1：男,43：熊本県,1
ベトナム,技能実習２号ロ,19,2：女,43：熊本県,9
ベトナム,技能実習２号ロ,20,1：男,43：熊本県,71
ベトナム,技能実習２号ロ,20,2：女,43：熊本県,213
ベトナム,技能実習２号ロ,21,1：男,43：熊本県,138
ベトナム,技能実習２号ロ,21,2：女,43：熊本県,279
ベトナム,技能実習２号ロ,22,1：男,43：熊本県,139
ベトナム,技能実習２号ロ,22,2：女,43：熊本県,226
ベトナム,技能実習２号ロ,23,1：男,43：熊本県,170
ベトナム,技能実習２号ロ,23,2：女,43：熊本県,180
ベトナム,技能実習２号ロ,24,1：男,43：熊本県,139
ベトナム,技能実習２号ロ,24,2：女,43：熊本県,129
ベトナム,技能実習２号ロ,25,1：男,43：熊本県,115
ベトナム,技能実習２号ロ,25,2：女,43：熊本県,106
ベトナム,技能実習２号ロ,26,1：男,43：熊本県,86
ベトナム,技能実習２号ロ,26,2：女,43：熊本県,90
ベトナム,技能実習２号ロ,27,1：男,43：熊本県,80
ベトナム,技能実習２号ロ,27,2：女,43：熊本県,101
ベトナム,技能実習２号ロ,28,1：男,43：熊本県,72
ベトナム,技能実習２号ロ,28,2：女,43：熊本県,90
ベトナム,技能実習２号ロ,29,1：男,43：熊本県,58
ベトナム,技能実習２号ロ,29,2：女,43：熊本県,82
ベトナム,技能実習２号ロ,30,1：男,43：熊本県,65
ベトナム,技能実習２号ロ,30,2：女,43：熊本県,70
ベトナム,技能実習２号ロ,31,1：男,43：熊本県,40
ベトナム,技能実習２号ロ,31,2：女,43：熊本県,81
ベトナム,技能実習２号ロ,32,1：男,43：熊本県,42
ベトナム,技能実習２号ロ,32,2：女,43：熊本県,68
ベトナム,技能実習２号ロ,33,1：男,43：熊本県,35
ベトナム,技能実習２号ロ,33,2：女,43：熊本県,66
ベトナム,技能実習２号ロ,34,1：男,43：熊本県,17
ベトナム,技能実習２号ロ,34,2：女,43：熊本県,35
ベトナム,技能実習２号ロ,35,1：男,43：熊本県,22
ベトナム,技能実習２号ロ,35,2：女,43：熊本県,28
ベトナム,技能実習２号ロ,36,1：男,43：熊本県,8
ベトナム,技能実習２号ロ,36,2：女,43：熊本県,37
ベトナム,技能実習２号ロ,37,1：男,43：熊本県,10
ベトナム,技能実習２号ロ,37,2：女,43：熊本県,16
ベトナム,技能実習２号ロ,38,1：男,43：熊本県,5
ベトナム,技能実習２号ロ,38,2：女,43：熊本県,11
ベトナム,技能実習２号ロ,39,1：男,43：熊本県,7
ベトナム,技能実習２号ロ,39,2：女,43：熊本県,5
ベトナム,技能実習２号ロ,40,1：男,43：熊本県,3
ベトナム,技能実習２号ロ,40,2：女,43：熊本県,4
ベトナム,技能実習２号ロ,41,1：男,43：熊本県,2
ベトナム,技能実習２号ロ,41,2：女,43：熊本県,1
ベトナム,技能実習３号イ,34,1：男,43：熊本県,2
ベトナム,技能実習３号イ,36,1：男,43：熊本県,1
ベトナム,技能実習３号イ,37,1：男,43：熊本県,2
ベトナム,技能実習３号イ,38,1：男,43：熊本県,1
ベトナム,技能実習３号イ,39,1：男,43：熊本県,1
ベトナム,技能実習３号イ,45,1：男,43：熊本県,1
ベトナム,技能実習３号ロ,22,1：男,43：熊本県,11
ベトナム,技能実習３号ロ,22,2：女,43：熊本県,32
ベトナム,技能実習３号ロ,23,1：男,43：熊本県,20
ベトナム,技能実習３号ロ,23,2：女,43：熊本県,54
ベトナム,技能実習３号ロ,24,1：男,43：熊本県,18
ベトナム,技能実習３号ロ,24,2：女,43：熊本県,32
ベトナム,技能実習３号ロ,25,1：男,43：熊本県,26
ベトナム,技能実習３号ロ,25,2：女,43：熊本県,26
ベトナム,技能実習３号ロ,26,1：男,43：熊本県,28
ベトナム,技能実習３号ロ,26,2：女,43：熊本県,16
ベトナム,技能実習３号ロ,27,1：男,43：熊本県,26
ベトナム,技能実習３号ロ,27,2：女,43：熊本県,14
ベトナム,技能実習３号ロ,28,1：男,43：熊本県,28
ベトナム,技能実習３号ロ,28,2：女,43：熊本県,17
ベトナム,技能実習３号ロ,29,1：男,43：熊本県,16
ベトナム,技能実習３号ロ,29,2：女,43：熊本県,17
ベトナム,技能実習３号ロ,30,1：男,43：熊本県,10
ベトナム,技能実習３号ロ,30,2：女,43：熊本県,21
ベトナム,技能実習３号ロ,31,1：男,43：熊本県,11
ベトナム,技能実習３号ロ,31,2：女,43：熊本県,19
ベトナム,技能実習３号ロ,32,1：男,43：熊本県,8
ベトナム,技能実習３号ロ,32,2：女,43：熊本県,11
ベトナム,技能実習３号ロ,33,1：男,43：熊本県,7
ベトナム,技能実習３号ロ,33,2：女,43：熊本県,12
ベトナム,技能実習３号ロ,34,1：男,43：熊本県,13
ベトナム,技能実習３号ロ,34,2：女,43：熊本県,11
ベトナム,技能実習３号ロ,35,1：男,43：熊本県,8
ベトナム,技能実習３号ロ,35,2：女,43：熊本県,10
ベトナム,技能実習３号ロ,36,2：女,43：熊本県,10
ベトナム,技能実習３号ロ,37,1：男,43：熊本県,6
ベトナム,技能実習３号ロ,37,2：女,43：熊本県,5
ベトナム,技能実習３号ロ,38,1：男,43：熊本県,1
ベトナム,技能実習３号ロ,38,2：女,43：熊本県,10
ベトナム,技能実習３号ロ,39,1：男,43：熊本県,2
ベトナム,技能実習３号ロ,39,2：女,43：熊本県,2
ベトナム,技能実習３号ロ,41,2：女,43：熊本県,2
ベトナム,技能実習３号ロ,46,2：女,43：熊本県,1
ベトナム,留学,19,2：女,43：熊本県,2
ベトナム,留学,20,1：男,43：熊本県,8
ベトナム,留学,20,2：女,43：熊本県,5
ベトナム,留学,21,1：男,43：熊本県,8
ベトナム,留学,21,2：女,43：熊本県,10
ベトナム,留学,22,1：男,43：熊本県,15
ベトナム,留学,22,2：女,43：熊本県,7
ベトナム,留学,23,1：男,43：熊本県,13
ベトナム,留学,23,2：女,43：熊本県,4
ベトナム,留学,24,1：男,43：熊本県,9
ベトナム,留学,24,2：女,43：熊本県,4
ベトナム,留学,25,1：男,43：熊本県,7
ベトナム,留学,25,2：女,43：熊本県,3
ベトナム,留学,26,2：女,43：熊本県,4
ベトナム,留学,27,1：男,43：熊本県,4
ベトナム,留学,27,2：女,43：熊本県,2
ベトナム,留学,28,1：男,43：熊本県,5
ベトナム,留学,28,2：女,43：熊本県,1
ベトナム,留学,29,1：男,43：熊本県,4
ベトナム,留学,29,2：女,43：熊本県,1
ベトナム,留学,30,1：男,43：熊本県,2
ベトナム,留学,30,2：女,43：熊本県,2
ベトナム,留学,31,1：男,43：熊本県,1
ベトナム,留学,33,1：男,43：熊本県,1
ベトナム,留学,34,1：男,43：熊本県,1
ベトナム,家族滞在,0,1：男,43：熊本県,7
ベトナム,家族滞在,0,2：女,43：熊本県,1
ベトナム,家族滞在,1,1：男,43：熊本県,3
ベトナム,家族滞在,1,2：女,43：熊本県,4
ベトナム,家族滞在,2,1：男,43：熊本県,5
ベトナム,家族滞在,2,2：女,43：熊本県,3
ベトナム,家族滞在,3,1：男,43：熊本県,1
ベトナム,家族滞在,3,2：女,43：熊本県,3
ベトナム,家族滞在,4,2：女,43：熊本県,1
ベトナム,家族滞在,7,1：男,43：熊本県,1
ベトナム,家族滞在,7,2：女,43：熊本県,1
ベトナム,家族滞在,8,1：男,43：熊本県,1
ベトナム,家族滞在,9,2：女,43：熊本県,1
ベトナム,家族滞在,21,2：女,43：熊本県,2
ベトナム,家族滞在,22,2：女,43：熊本県,2
ベトナム,家族滞在,23,2：女,43：熊本県,4
ベトナム,家族滞在,24,1：男,43：熊本県,1
ベトナム,家族滞在,24,2：女,43：熊本県,1
ベトナム,家族滞在,25,2：女,43：熊本県,5
ベトナム,家族滞在,26,1：男,43：熊本県,1
ベトナム,家族滞在,26,2：女,43：熊本県,6
ベトナム,家族滞在,27,2：女,43：熊本県,4
ベトナム,家族滞在,28,2：女,43：熊本県,6
ベトナム,家族滞在,29,1：男,43：熊本県,1
ベトナム,家族滞在,29,2：女,43：熊本県,2
ベトナム,家族滞在,30,2：女,43：熊本県,5
ベトナム,家族滞在,31,1：男,43：熊本県,1
ベトナム,家族滞在,31,2：女,43：熊本県,2
ベトナム,家族滞在,32,2：女,43：熊本県,1
ベトナム,家族滞在,33,2：女,43：熊本県,1
ベトナム,家族滞在,36,1：男,43：熊本県,1
ベトナム,家族滞在,38,2：女,43：熊本県,1
ベトナム,特定活動,19,1：男,43：熊本県,3
ベトナム,特定活動,20,1：男,43：熊本県,5
ベトナム,特定活動,20,2：女,43：熊本県,8
ベトナム,特定活動,21,1：男,43：熊本県,13
ベトナム,特定活動,21,2：女,43：熊本県,21
ベトナム,特定活動,22,1：男,43：熊本県,24
ベトナム,特定活動,22,2：女,43：熊本県,36
ベトナム,特定活動,23,1：男,43：熊本県,29
ベトナム,特定活動,23,2：女,43：熊本県,38
ベトナム,特定活動,24,1：男,43：熊本県,25
ベトナム,特定活動,24,2：女,43：熊本県,29
ベトナム,特定活動,25,1：男,43：熊本県,29
ベトナム,特定活動,25,2：女,43：熊本県,34
ベトナム,特定活動,26,1：男,43：熊本県,34
ベトナム,特定活動,26,2：女,43：熊本県,13
ベトナム,特定活動,27,1：男,43：熊本県,25
ベトナム,特定活動,27,2：女,43：熊本県,20
ベトナム,特定活動,28,1：男,43：熊本県,28
ベトナム,特定活動,28,2：女,43：熊本県,21
ベトナム,特定活動,29,1：男,43：熊本県,25
ベトナム,特定活動,29,2：女,43：熊本県,9
ベトナム,特定活動,30,1：男,43：熊本県,17
ベトナム,特定活動,30,2：女,43：熊本県,18
ベトナム,特定活動,31,1：男,43：熊本県,12
ベトナム,特定活動,31,2：女,43：熊本県,10
ベトナム,特定活動,32,1：男,43：熊本県,17
ベトナム,特定活動,32,2：女,43：熊本県,14
ベトナム,特定活動,33,1：男,43：熊本県,16
ベトナム,特定活動,33,2：女,43：熊本県,14
ベトナム,特定活動,34,1：男,43：熊本県,11
ベトナム,特定活動,34,2：女,43：熊本県,7
ベトナム,特定活動,35,1：男,43：熊本県,22
ベトナム,特定活動,35,2：女,43：熊本県,14
ベトナム,特定活動,36,1：男,43：熊本県,17
ベトナム,特定活動,36,2：女,43：熊本県,6
ベトナム,特定活動,37,1：男,43：熊本県,25
ベトナム,特定活動,37,2：女,43：熊本県,5
ベトナム,特定活動,38,1：男,43：熊本県,15
ベトナム,特定活動,38,2：女,43：熊本県,2
ベトナム,特定活動,39,1：男,43：熊本県,11
ベトナム,特定活動,39,2：女,43：熊本県,1
ベトナム,特定活動,40,1：男,43：熊本県,8
ベトナム,特定活動,40,2：女,43：熊本県,2
ベトナム,特定活動,41,1：男,43：熊本県,6
ベトナム,特定活動,41,2：女,43：熊本県,2
ベトナム,特定活動,42,1：男,43：熊本県,4
ベトナム,特定活動,43,1：男,43：熊本県,2
ベトナム,特定活動,44,1：男,43：熊本県,1
ベトナム,永住者,5,1：男,43：熊本県,1
ベトナム,永住者,8,1：男,43：熊本県,1
ベトナム,永住者,11,1：男,43：熊本県,1
ベトナム,永住者,27,2：女,43：熊本県,1
ベトナム,永住者,28,2：女,43：熊本県,1
ベトナム,永住者,33,2：女,43：熊本県,2
ベトナム,永住者,34,2：女,43：熊本県,1
ベトナム,永住者,35,1：男,43：熊本県,1
ベトナム,永住者,35,2：女,43：熊本県,2
ベトナム,永住者,38,2：女,43：熊本県,2
ベトナム,永住者,39,1：男,43：熊本県,1
ベトナム,永住者,39,2：女,43：熊本県,3
ベトナム,永住者,41,2：女,43：熊本県,4
ベトナム,永住者,42,1：男,43：熊本県,1
ベトナム,永住者,43,2：女,43：熊本県,1
ベトナム,永住者,46,2：女,43：熊本県,1
ベトナム,永住者,54,2：女,43：熊本県,1
ベトナム,日本人の配偶者等,22,2：女,43：熊本県,1
ベトナム,日本人の配偶者等,25,1：男,43：熊本県,1
ベトナム,日本人の配偶者等,26,1：男,43：熊本県,2
ベトナム,日本人の配偶者等,27,1：男,43：熊本県,1
ベトナム,日本人の配偶者等,27,2：女,43：熊本県,2
ベトナム,日本人の配偶者等,28,2：女,43：熊本県,4
ベトナム,日本人の配偶者等,29,1：男,43：熊本県,1
ベトナム,日本人の配偶者等,29,2：女,43：熊本県,2
ベトナム,日本人の配偶者等,30,2：女,43：熊本県,2
ベトナム,日本人の配偶者等,31,2：女,43：熊本県,1
ベトナム,日本人の配偶者等,32,1：男,43：熊本県,1
ベトナム,日本人の配偶者等,33,2：女,43：熊本県,5
ベトナム,日本人の配偶者等,36,2：女,43：熊本県,2
ベトナム,日本人の配偶者等,37,2：女,43：熊本県,3
ベトナム,日本人の配偶者等,38,2：女,43：熊本県,2
ベトナム,日本人の配偶者等,40,2：女,43：熊本県,2
ベトナム,日本人の配偶者等,41,2：女,43：熊本県,1
ベトナム,永住者の配偶者等,9,1：男,43：熊本県,1
ベトナム,定住者,4,2：女,43：熊本県,1
ベトナム,定住者,7,2：女,43：熊本県,1
ベトナム,定住者,8,2：女,43：熊本県,2
ベトナム,定住者,11,1：男,43：熊本県,1
オーストリア,留学,35,1：男,43：熊本県,1
オーストリア,家族滞在,31,2：女,43：熊本県,1
オーストリア,永住者,80歳以上,1：男,43：熊本県,1
オーストリア,日本人の配偶者等,28,2：女,43：熊本県,1
ベルギー,留学,18,2：女,43：熊本県,1
ベルギー,日本人の配偶者等,34,1：男,43：熊本県,1
ベルギー,日本人の配偶者等,58,1：男,43：熊本県,1
ブルガリア,技能,63,2：女,43：熊本県,1
ブルガリア,永住者,48,2：女,43：熊本県,1
チェコ,企業内転勤,31,1：男,43：熊本県,1
チェコ,企業内転勤,43,1：男,43：熊本県,1
チェコ,日本人の配偶者等,38,1：男,43：熊本県,1
デンマーク,企業内転勤,48,1：男,43：熊本県,1
デンマーク,日本人の配偶者等,24,1：男,43：熊本県,1
エストニア,留学,34,2：女,43：熊本県,1
エストニア,家族滞在,8,2：女,43：熊本県,1
フィンランド,永住者,59,2：女,43：熊本県,1
フィンランド,永住者,69,2：女,43：熊本県,1
フィンランド,日本人の配偶者等,43,1：男,43：熊本県,1
フランス,教育,29,2：女,43：熊本県,1
フランス,技術・人文知識・国際業務,25,1：男,43：熊本県,1
フランス,技術・人文知識・国際業務,25,2：女,43：熊本県,1
フランス,技術・人文知識・国際業務,26,1：男,43：熊本県,1
フランス,技術・人文知識・国際業務,26,2：女,43：熊本県,1
フランス,技術・人文知識・国際業務,27,1：男,43：熊本県,1
フランス,技術・人文知識・国際業務,28,2：女,43：熊本県,1
フランス,技術・人文知識・国際業務,35,2：女,43：熊本県,1
フランス,技術・人文知識・国際業務,36,1：男,43：熊本県,1
フランス,留学,50,1：男,43：熊本県,1
フランス,永住者,32,1：男,43：熊本県,1
フランス,永住者,34,1：男,43：熊本県,1
フランス,永住者,36,1：男,43：熊本県,1
フランス,永住者,38,1：男,43：熊本県,1
フランス,永住者,40,1：男,43：熊本県,2
フランス,永住者,44,1：男,43：熊本県,1
フランス,永住者,47,1：男,43：熊本県,2
フランス,永住者,55,1：男,43：熊本県,1
フランス,永住者,58,2：女,43：熊本県,1
フランス,永住者,61,1：男,43：熊本県,1
フランス,永住者,64,1：男,43：熊本県,1
フランス,永住者,65,2：女,43：熊本県,1
フランス,日本人の配偶者等,22,1：男,43：熊本県,1
フランス,日本人の配偶者等,32,1：男,43：熊本県,1
フランス,日本人の配偶者等,36,1：男,43：熊本県,2
フランス,日本人の配偶者等,38,1：男,43：熊本県,1
フランス,日本人の配偶者等,38,2：女,43：熊本県,1
フランス,日本人の配偶者等,41,1：男,43：熊本県,1
フランス,日本人の配偶者等,46,1：男,43：熊本県,1
フランス,日本人の配偶者等,47,1：男,43：熊本県,1
フランス,日本人の配偶者等,48,2：女,43：熊本県,1
フランス,定住者,40,1：男,43：熊本県,1
ドイツ,技術・人文知識・国際業務,28,2：女,43：熊本県,1
ドイツ,企業内転勤,40,1：男,43：熊本県,1
ドイツ,留学,17,2：女,43：熊本県,1
ドイツ,留学,29,1：男,43：熊本県,1
ドイツ,永住者,40,1：男,43：熊本県,1
ドイツ,永住者,43,1：男,43：熊本県,1
ドイツ,永住者,45,1：男,43：熊本県,1
ドイツ,永住者,46,2：女,43：熊本県,1
ドイツ,永住者,55,1：男,43：熊本県,1
ドイツ,永住者,56,1：男,43：熊本県,1
ドイツ,永住者,59,1：男,43：熊本県,1
ドイツ,永住者,64,1：男,43：熊本県,1
ドイツ,永住者,74,1：男,43：熊本県,1
ドイツ,日本人の配偶者等,25,1：男,43：熊本県,1
ドイツ,日本人の配偶者等,25,2：女,43：熊本県,1
ドイツ,日本人の配偶者等,31,2：女,43：熊本県,1
ドイツ,日本人の配偶者等,33,1：男,43：熊本県,1
ドイツ,日本人の配偶者等,42,2：女,43：熊本県,1
ドイツ,日本人の配偶者等,50,1：男,43：熊本県,1
ドイツ,日本人の配偶者等,61,2：女,43：熊本県,1
アイルランド,教育,27,2：女,43：熊本県,1
アイルランド,教育,28,1：男,43：熊本県,1
アイルランド,教育,30,1：男,43：熊本県,1
アイルランド,教育,48,1：男,43：熊本県,1
アイルランド,技術・人文知識・国際業務,24,2：女,43：熊本県,1
アイルランド,永住者,37,2：女,43：熊本県,1
アイルランド,永住者,50,2：女,43：熊本県,1
アイルランド,永住者,74,1：男,43：熊本県,1
アイルランド,永住者,75,1：男,43：熊本県,1
アイルランド,日本人の配偶者等,39,1：男,43：熊本県,1
イタリア,宗教,64,1：男,43：熊本県,1
イタリア,宗教,72,2：女,43：熊本県,1
イタリア,技術・人文知識・国際業務,32,1：男,43：熊本県,1
イタリア,技術・人文知識・国際業務,32,2：女,43：熊本県,1
イタリア,技術・人文知識・国際業務,64,1：男,43：熊本県,1
イタリア,永住者,50,1：男,43：熊本県,2
イタリア,永住者,51,1：男,43：熊本県,1
イタリア,永住者,66,1：男,43：熊本県,1
イタリア,永住者,80歳以上,1：男,43：熊本県,1
イタリア,日本人の配偶者等,35,1：男,43：熊本県,1
イタリア,日本人の配偶者等,40,1：男,43：熊本県,2
イタリア,日本人の配偶者等,42,1：男,43：熊本県,1
キルギス,留学,20,1：男,43：熊本県,1
カザフスタン,留学,26,1：男,43：熊本県,1
モルドバ,永住者,39,2：女,43：熊本県,1
オランダ,留学,28,1：男,43：熊本県,1
オランダ,永住者,48,1：男,43：熊本県,1
オランダ,永住者,60,1：男,43：熊本県,1
オランダ,日本人の配偶者等,41,1：男,43：熊本県,1
オランダ,日本人の配偶者等,62,1：男,43：熊本県,1
ノルウェー,永住者,80歳以上,1：男,43：熊本県,1
ノルウェー,日本人の配偶者等,32,1：男,43：熊本県,1
ポーランド,永住者,43,1：男,43：熊本県,1
ポーランド,永住者,54,2：女,43：熊本県,1
ポーランド,日本人の配偶者等,28,2：女,43：熊本県,1
ポーランド,日本人の配偶者等,29,2：女,43：熊本県,1
ポーランド,日本人の配偶者等,35,1：男,43：熊本県,1
ルーマニア,特定活動,80歳以上,2：女,43：熊本県,1
ルーマニア,永住者,7,2：女,43：熊本県,1
ルーマニア,永住者,14,2：女,43：熊本県,1
ルーマニア,永住者,17,2：女,43：熊本県,1
ルーマニア,永住者,36,2：女,43：熊本県,1
ルーマニア,永住者,37,2：女,43：熊本県,2
ルーマニア,永住者,38,1：男,43：熊本県,1
ルーマニア,永住者,38,2：女,43：熊本県,1
ルーマニア,永住者,39,2：女,43：熊本県,1
ルーマニア,永住者,40,2：女,43：熊本県,1
ルーマニア,永住者,41,2：女,43：熊本県,3
ルーマニア,永住者,42,2：女,43：熊本県,2
ルーマニア,永住者,43,2：女,43：熊本県,1
ルーマニア,永住者,44,2：女,43：熊本県,1
ルーマニア,永住者,46,2：女,43：熊本県,1
ルーマニア,永住者,49,2：女,43：熊本県,2
ルーマニア,永住者,52,2：女,43：熊本県,1
ルーマニア,永住者,53,2：女,43：熊本県,1
ルーマニア,日本人の配偶者等,40,2：女,43：熊本県,1
ルーマニア,日本人の配偶者等,46,2：女,43：熊本県,1
ルーマニア,定住者,45,1：男,43：熊本県,1
ロシア,技術・人文知識・国際業務,30,1：男,43：熊本県,1
ロシア,特定活動,37,2：女,43：熊本県,1
ロシア,永住者,18,1：男,43：熊本県,1
ロシア,永住者,26,2：女,43：熊本県,1
ロシア,永住者,34,1：男,43：熊本県,1
ロシア,永住者,38,2：女,43：熊本県,1
ロシア,永住者,41,2：女,43：熊本県,1
ロシア,永住者,42,1：男,43：熊本県,1
ロシア,永住者,46,2：女,43：熊本県,1
ロシア,永住者,59,2：女,43：熊本県,1
ロシア,日本人の配偶者等,25,2：女,43：熊本県,1
ロシア,日本人の配偶者等,37,2：女,43：熊本県,1
ロシア,日本人の配偶者等,38,2：女,43：熊本県,1
ロシア,日本人の配偶者等,46,2：女,43：熊本県,1
ロシア,日本人の配偶者等,47,1：男,43：熊本県,1
スペイン,企業内転勤,36,1：男,43：熊本県,1
スペイン,企業内転勤,41,1：男,43：熊本県,1
スペイン,興行,39,1：男,43：熊本県,1
スペイン,永住者,46,1：男,43：熊本県,1
スペイン,永住者,48,1：男,43：熊本県,1
スペイン,日本人の配偶者等,34,1：男,43：熊本県,1
スペイン,日本人の配偶者等,47,2：女,43：熊本県,1
スウェーデン,技術・人文知識・国際業務,32,1：男,43：熊本県,1
スウェーデン,永住者,46,2：女,43：熊本県,1
スウェーデン,定住者,49,1：男,43：熊本県,1
スイス,永住者,55,1：男,43：熊本県,1
スイス,永住者,57,2：女,43：熊本県,1
スイス,永住者,75,2：女,43：熊本県,1
スイス,日本人の配偶者等,67,1：男,43：熊本県,1
タジキスタン,留学,19,1：男,43：熊本県,1
英国,教授,30,1：男,43：熊本県,1
英国,教授,32,1：男,43：熊本県,1
英国,教授,36,1：男,43：熊本県,2
英国,教授,42,1：男,43：熊本県,1
英国,教育,25,1：男,43：熊本県,2
英国,教育,25,2：女,43：熊本県,1
英国,教育,26,1：男,43：熊本県,1
英国,教育,26,2：女,43：熊本県,1
英国,教育,27,1：男,43：熊本県,2
英国,教育,29,1：男,43：熊本県,2
英国,教育,30,1：男,43：熊本県,1
英国,教育,30,2：女,43：熊本県,1
英国,教育,32,1：男,43：熊本県,1
英国,技術・人文知識・国際業務,23,2：女,43：熊本県,1
英国,技術・人文知識・国際業務,28,1：男,43：熊本県,1
英国,技術・人文知識・国際業務,30,2：女,43：熊本県,1
英国,技術・人文知識・国際業務,34,1：男,43：熊本県,1
英国,技術・人文知識・国際業務,36,1：男,43：熊本県,1
英国,技術・人文知識・国際業務,44,1：男,43：熊本県,1
英国,永住者,19,1：男,43：熊本県,1
英国,永住者,20,2：女,43：熊本県,1
英国,永住者,33,1：男,43：熊本県,1
英国,永住者,35,1：男,43：熊本県,1
英国,永住者,36,1：男,43：熊本県,1
英国,永住者,37,1：男,43：熊本県,1
英国,永住者,40,1：男,43：熊本県,1
英国,永住者,42,1：男,43：熊本県,2
英国,永住者,43,1：男,43：熊本県,4
英国,永住者,43,2：女,43：熊本県,1
英国,永住者,44,1：男,43：熊本県,1
英国,永住者,44,2：女,43：熊本県,1
英国,永住者,46,1：男,43：熊本県,1
英国,永住者,47,1：男,43：熊本県,1
英国,永住者,47,2：女,43：熊本県,1
英国,永住者,49,1：男,43：熊本県,3
英国,永住者,49,2：女,43：熊本県,1
英国,永住者,50,1：男,43：熊本県,1
英国,永住者,50,2：女,43：熊本県,3
英国,永住者,51,1：男,43：熊本県,2
英国,永住者,51,2：女,43：熊本県,3
英国,永住者,52,1：男,43：熊本県,1
英国,永住者,54,1：男,43：熊本県,1
英国,永住者,56,1：男,43：熊本県,2
英国,永住者,57,1：男,43：熊本県,2
英国,永住者,59,1：男,43：熊本県,2
英国,永住者,60,1：男,43：熊本県,1
英国,永住者,64,1：男,43：熊本県,1
英国,永住者,65,1：男,43：熊本県,1
英国,永住者,66,1：男,43：熊本県,1
英国,永住者,67,1：男,43：熊本県,1
英国,永住者,69,1：男,43：熊本県,2
英国,永住者,72,1：男,43：熊本県,1
英国,永住者,73,2：女,43：熊本県,1
英国,永住者,74,1：男,43：熊本県,1
英国,永住者,76,1：男,43：熊本県,1
英国,永住者,78,1：男,43：熊本県,1
英国,日本人の配偶者等,10,2：女,43：熊本県,1
英国,日本人の配偶者等,27,1：男,43：熊本県,1
英国,日本人の配偶者等,30,1：男,43：熊本県,1
英国,日本人の配偶者等,30,2：女,43：熊本県,1
英国,日本人の配偶者等,31,1：男,43：熊本県,1
英国,日本人の配偶者等,33,1：男,43：熊本県,2
英国,日本人の配偶者等,34,1：男,43：熊本県,1
英国,日本人の配偶者等,35,1：男,43：熊本県,1
英国,日本人の配偶者等,37,1：男,43：熊本県,1
英国,日本人の配偶者等,38,1：男,43：熊本県,1
英国,日本人の配偶者等,39,1：男,43：熊本県,1
英国,日本人の配偶者等,40,1：男,43：熊本県,1
英国,日本人の配偶者等,43,1：男,43：熊本県,1
英国,日本人の配偶者等,44,1：男,43：熊本県,1
英国,日本人の配偶者等,47,1：男,43：熊本県,1
英国,日本人の配偶者等,50,1：男,43：熊本県,1
英国,日本人の配偶者等,50,2：女,43：熊本県,1
英国,日本人の配偶者等,66,1：男,43：熊本県,1
英国,永住者の配偶者等,11,2：女,43：熊本県,1
英国,定住者,14,1：男,43：熊本県,1
ウクライナ,留学,28,2：女,43：熊本県,1
ウクライナ,永住者,31,2：女,43：熊本県,1
ウクライナ,永住者,43,2：女,43：熊本県,1
ウクライナ,永住者,49,2：女,43：熊本県,1
ウクライナ,永住者,52,2：女,43：熊本県,1
ウクライナ,日本人の配偶者等,25,2：女,43：熊本県,1
ウズベキスタン,技術・人文知識・国際業務,26,1：男,43：熊本県,1
ウズベキスタン,技術・人文知識・国際業務,36,2：女,43：熊本県,1
ウズベキスタン,技術・人文知識・国際業務,37,2：女,43：熊本県,1
ウズベキスタン,技能実習１号ロ,20,1：男,43：熊本県,2
ウズベキスタン,技能実習１号ロ,30,1：男,43：熊本県,1
ウズベキスタン,永住者,36,1：男,43：熊本県,1
ウズベキスタン,永住者,43,2：女,43：熊本県,1
スロバキア,特定活動,28,1：男,43：熊本県,1
スロバキア,永住者,48,1：男,43：熊本県,1
スロバキア,日本人の配偶者等,43,2：女,43：熊本県,1
コソボ共和国,永住者,39,1：男,43：熊本県,1
ボツワナ,技術・人文知識・国際業務,26,2：女,43：熊本県,1
ジブチ,留学,28,1：男,43：熊本県,1
エチオピア,日本人の配偶者等,45,1：男,43：熊本県,1
ガーナ,留学,30,1：男,43：熊本県,1
ガーナ,留学,31,1：男,43：熊本県,1
ガーナ,留学,32,1：男,43：熊本県,1
ガーナ,留学,33,1：男,43：熊本県,2
ガーナ,留学,41,1：男,43：熊本県,1
ガーナ,家族滞在,1,1：男,43：熊本県,1
ガーナ,家族滞在,25,2：女,43：熊本県,1
ガーナ,日本人の配偶者等,41,1：男,43：熊本県,1
ギニア,日本人の配偶者等,34,1：男,43：熊本県,2
ケニア,技術・人文知識・国際業務,39,2：女,43：熊本県,1
ケニア,留学,29,1：男,43：熊本県,1
ケニア,家族滞在,0,2：女,43：熊本県,1
ケニア,家族滞在,26,2：女,43：熊本県,1
ケニア,定住者,49,1：男,43：熊本県,1
モーリタニア,留学,27,1：男,43：熊本県,1
モーリタニア,家族滞在,26,2：女,43：熊本県,1
モロッコ,永住者,39,1：男,43：熊本県,1
マラウイ,技術・人文知識・国際業務,32,2：女,43：熊本県,1
マラウイ,留学,20,2：女,43：熊本県,1
モーリシャス,永住者,50,1：男,43：熊本県,1
ナイジェリア,教育,33,2：女,43：熊本県,1
ナイジェリア,永住者,38,1：男,43：熊本県,1
ナイジェリア,永住者,43,1：男,43：熊本県,1
ナイジェリア,永住者,50,1：男,43：熊本県,1
ナイジェリア,永住者,53,1：男,43：熊本県,1
ナイジェリア,永住者,54,1：男,43：熊本県,2
ナイジェリア,日本人の配偶者等,34,1：男,43：熊本県,1
ナイジェリア,日本人の配偶者等,45,1：男,43：熊本県,1
ナイジェリア,日本人の配偶者等,50,1：男,43：熊本県,1
セネガル,留学,25,1：男,43：熊本県,1
セネガル,永住者,2,2：女,43：熊本県,1
セネガル,永住者,34,2：女,43：熊本県,1
セネガル,永住者,43,1：男,43：熊本県,1
セネガル,日本人の配偶者等,36,1：男,43：熊本県,1
セネガル,日本人の配偶者等,49,1：男,43：熊本県,1
スーダン,高度専門職１号イ,34,1：男,43：熊本県,1
スーダン,留学,33,1：男,43：熊本県,1
スーダン,家族滞在,1,1：男,43：熊本県,1
スーダン,家族滞在,7,1：男,43：熊本県,1
スーダン,家族滞在,31,2：女,43：熊本県,1
スーダン,定住者,32,1：男,43：熊本県,1
タンザニア,教授,36,1：男,43：熊本県,1
タンザニア,留学,29,1：男,43：熊本県,1
タンザニア,留学,31,1：男,43：熊本県,1
タンザニア,留学,32,1：男,43：熊本県,1
タンザニア,家族滞在,2,2：女,43：熊本県,1
タンザニア,家族滞在,3,1：男,43：熊本県,1
タンザニア,家族滞在,33,2：女,43：熊本県,1
タンザニア,日本人の配偶者等,38,1：男,43：熊本県,1
タンザニア,日本人の配偶者等,44,1：男,43：熊本県,1
チュニジア,留学,21,2：女,43：熊本県,1
チュニジア,留学,31,2：女,43：熊本県,1
チュニジア,家族滞在,33,1：男,43：熊本県,1
ウガンダ,永住者,38,1：男,43：熊本県,1
南アフリカ共和国,教育,26,1：男,43：熊本県,1
南アフリカ共和国,教育,29,1：男,43：熊本県,1
南アフリカ共和国,教育,30,2：女,43：熊本県,1
南アフリカ共和国,技術・人文知識・国際業務,33,1：男,43：熊本県,1
南アフリカ共和国,技術・人文知識・国際業務,34,1：男,43：熊本県,1
南アフリカ共和国,技術・人文知識・国際業務,43,2：女,43：熊本県,1
南アフリカ共和国,家族滞在,1,2：女,43：熊本県,1
南アフリカ共和国,永住者,4,1：男,43：熊本県,1
南アフリカ共和国,永住者,35,1：男,43：熊本県,1
南アフリカ共和国,永住者,40,2：女,43：熊本県,1
南アフリカ共和国,永住者,54,1：男,43：熊本県,1
南アフリカ共和国,永住者,67,1：男,43：熊本県,1
エジプト,教授,33,1：男,43：熊本県,1
エジプト,教授,38,1：男,43：熊本県,1
エジプト,教授,39,1：男,43：熊本県,1
エジプト,教授,41,1：男,43：熊本県,1
エジプト,留学,31,2：女,43：熊本県,1
エジプト,留学,33,1：男,43：熊本県,2
エジプト,留学,34,1：男,43：熊本県,1
エジプト,留学,34,2：女,43：熊本県,1
エジプト,留学,36,2：女,43：熊本県,1
エジプト,家族滞在,0,2：女,43：熊本県,1
エジプト,家族滞在,2,1：男,43：熊本県,2
エジプト,家族滞在,3,1：男,43：熊本県,1
エジプト,家族滞在,3,2：女,43：熊本県,1
エジプト,家族滞在,4,1：男,43：熊本県,1
エジプト,家族滞在,5,2：女,43：熊本県,1
エジプト,家族滞在,6,1：男,43：熊本県,1
エジプト,家族滞在,7,1：男,43：熊本県,1
エジプト,家族滞在,7,2：女,43：熊本県,1
エジプト,家族滞在,8,1：男,43：熊本県,1
エジプト,家族滞在,10,1：男,43：熊本県,1
エジプト,家族滞在,29,2：女,43：熊本県,1
エジプト,家族滞在,31,2：女,43：熊本県,1
エジプト,家族滞在,33,2：女,43：熊本県,1
エジプト,家族滞在,37,1：男,43：熊本県,1
エジプト,家族滞在,39,2：女,43：熊本県,1
ジンバブエ,技術・人文知識・国際業務,30,2：女,43：熊本県,1
ジンバブエ,家族滞在,32,1：男,43：熊本県,1
ベリーズ,永住者,39,1：男,43：熊本県,1
カナダ,教授,36,1：男,43：熊本県,1
カナダ,教授,38,1：男,43：熊本県,1
カナダ,教授,46,1：男,43：熊本県,1
カナダ,教育,25,2：女,43：熊本県,1
カナダ,教育,26,1：男,43：熊本県,1
カナダ,教育,26,2：女,43：熊本県,3
カナダ,教育,27,2：女,43：熊本県,2
カナダ,教育,28,1：男,43：熊本県,1
カナダ,教育,28,2：女,43：熊本県,1
カナダ,教育,34,1：男,43：熊本県,1
カナダ,教育,37,1：男,43：熊本県,1
カナダ,技術・人文知識・国際業務,29,2：女,43：熊本県,1
カナダ,技術・人文知識・国際業務,30,1：男,43：熊本県,1
カナダ,技術・人文知識・国際業務,31,1：男,43：熊本県,1
カナダ,技術・人文知識・国際業務,38,2：女,43：熊本県,1
カナダ,技術・人文知識・国際業務,42,2：女,43：熊本県,1
カナダ,技術・人文知識・国際業務,47,2：女,43：熊本県,1
カナダ,技術・人文知識・国際業務,52,1：男,43：熊本県,1
カナダ,永住者,32,1：男,43：熊本県,1
カナダ,永住者,43,1：男,43：熊本県,2
カナダ,永住者,44,1：男,43：熊本県,1
カナダ,永住者,45,1：男,43：熊本県,2
カナダ,永住者,46,1：男,43：熊本県,1
カナダ,永住者,48,1：男,43：熊本県,1
カナダ,永住者,48,2：女,43：熊本県,1
カナダ,永住者,53,1：男,43：熊本県,2
カナダ,永住者,54,1：男,43：熊本県,2
カナダ,永住者,57,1：男,43：熊本県,1
カナダ,永住者,58,1：男,43：熊本県,1
カナダ,永住者,60,1：男,43：熊本県,2
カナダ,永住者,66,1：男,43：熊本県,1
カナダ,永住者,70,2：女,43：熊本県,1
カナダ,永住者,75,2：女,43：熊本県,1
カナダ,日本人の配偶者等,29,1：男,43：熊本県,1
カナダ,日本人の配偶者等,30,1：男,43：熊本県,1
カナダ,日本人の配偶者等,32,1：男,43：熊本県,1
カナダ,日本人の配偶者等,34,1：男,43：熊本県,1
カナダ,日本人の配偶者等,39,1：男,43：熊本県,2
カナダ,日本人の配偶者等,40,2：女,43：熊本県,1
カナダ,日本人の配偶者等,41,2：女,43：熊本県,1
カナダ,日本人の配偶者等,47,1：男,43：熊本県,1
カナダ,日本人の配偶者等,56,2：女,43：熊本県,1
カナダ,日本人の配偶者等,65,1：男,43：熊本県,1
カナダ,日本人の配偶者等,80歳以上,1：男,43：熊本県,1
カナダ,日本人の配偶者等,80歳以上,2：女,43：熊本県,1
コスタリカ,日本人の配偶者等,23,1：男,43：熊本県,1
コスタリカ,日本人の配偶者等,60,1：男,43：熊本県,1
ドミニカ共和国,留学,26,1：男,43：熊本県,1
ジャマイカ,教育,27,2：女,43：熊本県,1
ジャマイカ,教育,29,1：男,43：熊本県,1
ジャマイカ,教育,32,2：女,43：熊本県,2
ジャマイカ,教育,45,1：男,43：熊本県,1
ジャマイカ,教育,47,2：女,43：熊本県,1
ジャマイカ,技術・人文知識・国際業務,30,2：女,43：熊本県,1
ジャマイカ,技術・人文知識・国際業務,40,2：女,43：熊本県,1
ジャマイカ,家族滞在,8,2：女,43：熊本県,1
メキシコ,留学,28,2：女,43：熊本県,1
メキシコ,永住者,32,2：女,43：熊本県,1
メキシコ,永住者,39,1：男,43：熊本県,1
メキシコ,永住者,41,1：男,43：熊本県,1
メキシコ,永住者,44,1：男,43：熊本県,1
メキシコ,永住者,49,2：女,43：熊本県,1
メキシコ,永住者,54,1：男,43：熊本県,1
メキシコ,日本人の配偶者等,23,2：女,43：熊本県,1
メキシコ,日本人の配偶者等,35,1：男,43：熊本県,1
メキシコ,日本人の配偶者等,36,1：男,43：熊本県,1
メキシコ,日本人の配偶者等,52,1：男,43：熊本県,1
メキシコ,定住者,56,2：女,43：熊本県,1
メキシコ,定住者,58,1：男,43：熊本県,1
トリニダード・トバゴ,教育,28,1：男,43：熊本県,1
トリニダード・トバゴ,教育,32,1：男,43：熊本県,1
米国,教授,27,1：男,43：熊本県,1
米国,教授,30,2：女,43：熊本県,1
米国,教授,39,1：男,43：熊本県,1
米国,教授,45,1：男,43：熊本県,1
米国,教授,49,1：男,43：熊本県,1
米国,教授,62,1：男,43：熊本県,1
米国,教授,63,1：男,43：熊本県,1
米国,教授,66,1：男,43：熊本県,1
米国,宗教,28,1：男,43：熊本県,1
米国,宗教,44,2：女,43：熊本県,1
米国,宗教,47,1：男,43：熊本県,1
米国,宗教,62,1：男,43：熊本県,1
米国,経営・管理,33,1：男,43：熊本県,1
米国,教育,23,1：男,43：熊本県,1
米国,教育,23,2：女,43：熊本県,2
米国,教育,24,1：男,43：熊本県,3
米国,教育,24,2：女,43：熊本県,7
米国,教育,25,1：男,43：熊本県,10
米国,教育,25,2：女,43：熊本県,3
米国,教育,26,1：男,43：熊本県,5
米国,教育,26,2：女,43：熊本県,4
米国,教育,27,1：男,43：熊本県,5
米国,教育,27,2：女,43：熊本県,6
米国,教育,28,1：男,43：熊本県,3
米国,教育,28,2：女,43：熊本県,4
米国,教育,29,1：男,43：熊本県,2
米国,教育,29,2：女,43：熊本県,2
米国,教育,30,1：男,43：熊本県,2
米国,教育,30,2：女,43：熊本県,1
米国,教育,31,1：男,43：熊本県,2
米国,教育,32,1：男,43：熊本県,1
米国,教育,32,2：女,43：熊本県,1
米国,教育,33,1：男,43：熊本県,3
米国,教育,34,1：男,43：熊本県,1
米国,教育,34,2：女,43：熊本県,1
米国,教育,35,1：男,43：熊本県,2
米国,教育,35,2：女,43：熊本県,1
米国,教育,37,1：男,43：熊本県,1
米国,教育,37,2：女,43：熊本県,2
米国,教育,38,2：女,43：熊本県,1
米国,教育,45,2：女,43：熊本県,1
米国,教育,62,2：女,43：熊本県,1
米国,技術・人文知識・国際業務,24,1：男,43：熊本県,1
米国,技術・人文知識・国際業務,24,2：女,43：熊本県,1
米国,技術・人文知識・国際業務,25,1：男,43：熊本県,1
米国,技術・人文知識・国際業務,25,2：女,43：熊本県,3
米国,技術・人文知識・国際業務,26,1：男,43：熊本県,1
米国,技術・人文知識・国際業務,27,2：女,43：熊本県,3
米国,技術・人文知識・国際業務,28,1：男,43：熊本県,1
米国,技術・人文知識・国際業務,28,2：女,43：熊本県,2
米国,技術・人文知識・国際業務,29,1：男,43：熊本県,2
米国,技術・人文知識・国際業務,29,2：女,43：熊本県,1
米国,技術・人文知識・国際業務,31,1：男,43：熊本県,1
米国,技術・人文知識・国際業務,31,2：女,43：熊本県,1
米国,技術・人文知識・国際業務,32,2：女,43：熊本県,1
米国,技術・人文知識・国際業務,34,1：男,43：熊本県,1
米国,技術・人文知識・国際業務,35,1：男,43：熊本県,2
米国,技術・人文知識・国際業務,40,1：男,43：熊本県,1
米国,技術・人文知識・国際業務,41,1：男,43：熊本県,1
米国,技術・人文知識・国際業務,44,1：男,43：熊本県,1
米国,興行,27,1：男,43：熊本県,2
米国,興行,31,1：男,43：熊本県,1
米国,興行,34,2：女,43：熊本県,1
米国,留学,26,1：男,43：熊本県,1
米国,留学,29,1：男,43：熊本県,2
米国,家族滞在,1,2：女,43：熊本県,1
米国,家族滞在,6,2：女,43：熊本県,1
米国,家族滞在,9,1：男,43：熊本県,1
米国,家族滞在,11,2：女,43：熊本県,1
米国,家族滞在,16,2：女,43：熊本県,1
米国,家族滞在,26,2：女,43：熊本県,1
米国,家族滞在,30,1：男,43：熊本県,1
米国,特定活動,6,1：男,43：熊本県,1
米国,永住者,7,2：女,43：熊本県,1
米国,永住者,12,2：女,43：熊本県,1
米国,永住者,14,2：女,43：熊本県,1
米国,永住者,16,1：男,43：熊本県,1
米国,永住者,16,2：女,43：熊本県,1
米国,永住者,19,2：女,43：熊本県,2
米国,永住者,30,1：男,43：熊本県,1
米国,永住者,32,2：女,43：熊本県,1
米国,永住者,33,1：男,43：熊本県,2
米国,永住者,35,1：男,43：熊本県,1
米国,永住者,37,1：男,43：熊本県,1
米国,永住者,37,2：女,43：熊本県,1
米国,永住者,38,1：男,43：熊本県,1
米国,永住者,39,1：男,43：熊本県,2
米国,永住者,40,1：男,43：熊本県,5
米国,永住者,41,1：男,43：熊本県,3
米国,永住者,41,2：女,43：熊本県,1
米国,永住者,42,1：男,43：熊本県,2
米国,永住者,43,1：男,43：熊本県,1
米国,永住者,44,1：男,43：熊本県,4
米国,永住者,45,2：女,43：熊本県,1
米国,永住者,46,1：男,43：熊本県,2
米国,永住者,47,1：男,43：熊本県,4
米国,永住者,47,2：女,43：熊本県,1
米国,永住者,48,1：男,43：熊本県,3
米国,永住者,49,1：男,43：熊本県,3
米国,永住者,49,2：女,43：熊本県,1
米国,永住者,50,1：男,43：熊本県,4
米国,永住者,50,2：女,43：熊本県,2
米国,永住者,51,1：男,43：熊本県,5
米国,永住者,51,2：女,43：熊本県,2
米国,永住者,52,1：男,43：熊本県,3
米国,永住者,53,1：男,43：熊本県,4
米国,永住者,54,1：男,43：熊本県,2
米国,永住者,55,1：男,43：熊本県,1
米国,永住者,56,1：男,43：熊本県,3
米国,永住者,56,2：女,43：熊本県,3
米国,永住者,57,1：男,43：熊本県,2
米国,永住者,57,2：女,43：熊本県,2
米国,永住者,58,1：男,43：熊本県,2
米国,永住者,58,2：女,43：熊本県,1
米国,永住者,59,1：男,43：熊本県,4
米国,永住者,60,1：男,43：熊本県,2
米国,永住者,60,2：女,43：熊本県,1
米国,永住者,61,1：男,43：熊本県,2
米国,永住者,62,1：男,43：熊本県,1
米国,永住者,62,2：女,43：熊本県,3
米国,永住者,63,2：女,43：熊本県,1
米国,永住者,64,1：男,43：熊本県,3
米国,永住者,65,1：男,43：熊本県,4
米国,永住者,65,2：女,43：熊本県,4
米国,永住者,66,1：男,43：熊本県,2
米国,永住者,66,2：女,43：熊本県,1
米国,永住者,67,1：男,43：熊本県,1
米国,永住者,67,2：女,43：熊本県,1
米国,永住者,69,1：男,43：熊本県,2
米国,永住者,69,2：女,43：熊本県,1
米国,永住者,71,1：男,43：熊本県,1
米国,永住者,71,2：女,43：熊本県,2
米国,永住者,72,2：女,43：熊本県,1
米国,永住者,75,1：男,43：熊本県,2
米国,永住者,75,2：女,43：熊本県,1
米国,永住者,76,1：男,43：熊本県,1
米国,永住者,77,1：男,43：熊本県,1
米国,永住者,78,2：女,43：熊本県,1
米国,永住者,80歳以上,2：女,43：熊本県,6
米国,日本人の配偶者等,11,2：女,43：熊本県,1
米国,日本人の配偶者等,13,2：女,43：熊本県,1
米国,日本人の配偶者等,24,2：女,43：熊本県,1
米国,日本人の配偶者等,27,1：男,43：熊本県,2
米国,日本人の配偶者等,28,2：女,43：熊本県,1
米国,日本人の配偶者等,29,1：男,43：熊本県,1
米国,日本人の配偶者等,30,2：女,43：熊本県,1
米国,日本人の配偶者等,31,1：男,43：熊本県,1
米国,日本人の配偶者等,32,1：男,43：熊本県,1
米国,日本人の配偶者等,33,1：男,43：熊本県,4
米国,日本人の配偶者等,34,1：男,43：熊本県,1
米国,日本人の配偶者等,34,2：女,43：熊本県,1
米国,日本人の配偶者等,35,1：男,43：熊本県,2
米国,日本人の配偶者等,35,2：女,43：熊本県,1
米国,日本人の配偶者等,36,1：男,43：熊本県,2
米国,日本人の配偶者等,36,2：女,43：熊本県,2
米国,日本人の配偶者等,37,1：男,43：熊本県,3
米国,日本人の配偶者等,37,2：女,43：熊本県,1
米国,日本人の配偶者等,38,1：男,43：熊本県,1
米国,日本人の配偶者等,39,1：男,43：熊本県,2
米国,日本人の配偶者等,40,1：男,43：熊本県,1
米国,日本人の配偶者等,41,1：男,43：熊本県,2
米国,日本人の配偶者等,42,1：男,43：熊本県,1
米国,日本人の配偶者等,43,1：男,43：熊本県,1
米国,日本人の配偶者等,44,1：男,43：熊本県,4
米国,日本人の配偶者等,45,1：男,43：熊本県,2
米国,日本人の配偶者等,46,1：男,43：熊本県,2
米国,日本人の配偶者等,47,1：男,43：熊本県,1
米国,日本人の配偶者等,48,2：女,43：熊本県,1
米国,日本人の配偶者等,51,1：男,43：熊本県,1
米国,日本人の配偶者等,53,1：男,43：熊本県,2
米国,日本人の配偶者等,54,1：男,43：熊本県,2
米国,日本人の配偶者等,55,1：男,43：熊本県,1
米国,日本人の配偶者等,56,1：男,43：熊本県,1
米国,日本人の配偶者等,57,2：女,43：熊本県,1
米国,日本人の配偶者等,59,1：男,43：熊本県,1
米国,日本人の配偶者等,61,1：男,43：熊本県,1
米国,日本人の配偶者等,62,1：男,43：熊本県,1
米国,日本人の配偶者等,63,1：男,43：熊本県,1
米国,日本人の配偶者等,63,2：女,43：熊本県,1
米国,日本人の配偶者等,67,1：男,43：熊本県,3
米国,日本人の配偶者等,69,1：男,43：熊本県,1
米国,日本人の配偶者等,71,2：女,43：熊本県,1
米国,日本人の配偶者等,72,2：女,43：熊本県,1
米国,日本人の配偶者等,77,2：女,43：熊本県,1
米国,日本人の配偶者等,80歳以上,1：男,43：熊本県,2
米国,日本人の配偶者等,80歳以上,2：女,43：熊本県,4
米国,永住者の配偶者等,49,2：女,43：熊本県,1
米国,永住者の配偶者等,53,1：男,43：熊本県,1
米国,定住者,59,1：男,43：熊本県,1
アルゼンチン,永住者,41,1：男,43：熊本県,1
アルゼンチン,永住者,44,1：男,43：熊本県,1
アルゼンチン,日本人の配偶者等,28,2：女,43：熊本県,1
ボリビア,永住者の配偶者等,43,1：男,43：熊本県,1
ブラジル,企業内転勤,33,1：男,43：熊本県,1
ブラジル,興行,19,1：男,43：熊本県,1
ブラジル,興行,20,1：男,43：熊本県,1
ブラジル,留学,18,1：男,43：熊本県,2
ブラジル,永住者,22,2：女,43：熊本県,1
ブラジル,永住者,23,2：女,43：熊本県,1
ブラジル,永住者,25,1：男,43：熊本県,1
ブラジル,永住者,25,2：女,43：熊本県,1
ブラジル,永住者,26,2：女,43：熊本県,1
ブラジル,永住者,28,1：男,43：熊本県,1
ブラジル,永住者,31,1：男,43：熊本県,1
ブラジル,永住者,34,2：女,43：熊本県,1
ブラジル,永住者,42,2：女,43：熊本県,1
ブラジル,永住者,43,1：男,43：熊本県,2
ブラジル,永住者,44,2：女,43：熊本県,1
ブラジル,永住者,46,1：男,43：熊本県,2
ブラジル,永住者,46,2：女,43：熊本県,1
ブラジル,永住者,50,1：男,43：熊本県,1
ブラジル,永住者,50,2：女,43：熊本県,1
ブラジル,永住者,51,2：女,43：熊本県,1
ブラジル,永住者,52,1：男,43：熊本県,1
ブラジル,永住者,52,2：女,43：熊本県,1
ブラジル,永住者,53,1：男,43：熊本県,1
ブラジル,永住者,53,2：女,43：熊本県,1
ブラジル,永住者,54,2：女,43：熊本県,1
ブラジル,永住者,56,2：女,43：熊本県,1
ブラジル,永住者,62,2：女,43：熊本県,1
ブラジル,永住者,65,2：女,43：熊本県,1
ブラジル,永住者,66,2：女,43：熊本県,1
ブラジル,永住者,69,2：女,43：熊本県,1
ブラジル,永住者,70,2：女,43：熊本県,1
ブラジル,永住者,71,1：男,43：熊本県,1
ブラジル,永住者,72,2：女,43：熊本県,1
ブラジル,永住者,74,2：女,43：熊本県,1
ブラジル,永住者,78,2：女,43：熊本県,1
ブラジル,永住者,79,1：男,43：熊本県,1
ブラジル,日本人の配偶者等,49,2：女,43：熊本県,1
ブラジル,日本人の配偶者等,67,1：男,43：熊本県,1
ブラジル,永住者の配偶者等,2,2：女,43：熊本県,1
ブラジル,定住者,7,2：女,43：熊本県,2
ブラジル,定住者,25,1：男,43：熊本県,1
ブラジル,定住者,42,1：男,43：熊本県,1
ブラジル,定住者,44,2：女,43：熊本県,1
チリ,永住者,58,2：女,43：熊本県,1
チリ,定住者,55,2：女,43：熊本県,1
コロンビア,永住者,41,1：男,43：熊本県,1
ペルー,永住者,29,2：女,43：熊本県,1
ペルー,永住者,41,1：男,43：熊本県,1
ペルー,永住者,47,1：男,43：熊本県,1
ペルー,永住者,49,1：男,43：熊本県,1
ペルー,永住者,63,1：男,43：熊本県,1
ペルー,定住者,52,1：男,43：熊本県,1
ウルグアイ,永住者,56,1：男,43：熊本県,1
ベネズエラ,永住者,55,1：男,43：熊本県,1
ベネズエラ,永住者,62,1：男,43：熊本県,1
ベネズエラ,定住者,39,1：男,43：熊本県,1
オーストラリア,教授,35,2：女,43：熊本県,1
オーストラリア,教授,49,1：男,43：熊本県,1
オーストラリア,教育,23,1：男,43：熊本県,1
オーストラリア,教育,25,1：男,43：熊本県,2
オーストラリア,教育,26,1：男,43：熊本県,1
オーストラリア,教育,27,2：女,43：熊本県,2
オーストラリア,教育,28,1：男,43：熊本県,2
オーストラリア,教育,28,2：女,43：熊本県,1
オーストラリア,教育,31,1：男,43：熊本県,2
オーストラリア,教育,38,2：女,43：熊本県,1
オーストラリア,技術・人文知識・国際業務,26,1：男,43：熊本県,1
オーストラリア,技術・人文知識・国際業務,33,1：男,43：熊本県,1
オーストラリア,技術・人文知識・国際業務,34,1：男,43：熊本県,1
オーストラリア,技術・人文知識・国際業務,35,1：男,43：熊本県,1
オーストラリア,家族滞在,3,1：男,43：熊本県,1
オーストラリア,家族滞在,36,1：男,43：熊本県,1
オーストラリア,家族滞在,51,2：女,43：熊本県,1
オーストラリア,特定活動,77,1：男,43：熊本県,1
オーストラリア,永住者,31,1：男,43：熊本県,1
オーストラリア,永住者,36,1：男,43：熊本県,1
オーストラリア,永住者,39,1：男,43：熊本県,1
オーストラリア,永住者,42,1：男,43：熊本県,1
オーストラリア,永住者,43,1：男,43：熊本県,1
オーストラリア,永住者,43,2：女,43：熊本県,1
オーストラリア,永住者,45,1：男,43：熊本県,1
オーストラリア,永住者,46,1：男,43：熊本県,1
オーストラリア,永住者,47,1：男,43：熊本県,1
オーストラリア,永住者,48,1：男,43：熊本県,1
オーストラリア,永住者,49,1：男,43：熊本県,1
オーストラリア,永住者,49,2：女,43：熊本県,1
オーストラリア,永住者,50,1：男,43：熊本県,2
オーストラリア,永住者,51,1：男,43：熊本県,1
オーストラリア,永住者,53,1：男,43：熊本県,1
オーストラリア,永住者,58,1：男,43：熊本県,1
オーストラリア,永住者,58,2：女,43：熊本県,1
オーストラリア,永住者,60,1：男,43：熊本県,1
オーストラリア,永住者,62,2：女,43：熊本県,1
オーストラリア,永住者,64,1：男,43：熊本県,1
オーストラリア,永住者,64,2：女,43：熊本県,1
オーストラリア,永住者,66,1：男,43：熊本県,1
オーストラリア,永住者,72,1：男,43：熊本県,1
オーストラリア,永住者,73,1：男,43：熊本県,1
オーストラリア,日本人の配偶者等,23,1：男,43：熊本県,1
オーストラリア,日本人の配偶者等,28,1：男,43：熊本県,1
オーストラリア,日本人の配偶者等,31,2：女,43：熊本県,1
オーストラリア,日本人の配偶者等,34,1：男,43：熊本県,1
オーストラリア,日本人の配偶者等,37,1：男,43：熊本県,1
オーストラリア,日本人の配偶者等,39,1：男,43：熊本県,1
オーストラリア,日本人の配偶者等,42,1：男,43：熊本県,1
オーストラリア,日本人の配偶者等,46,1：男,43：熊本県,1
オーストラリア,日本人の配偶者等,61,2：女,43：熊本県,1
オーストラリア,日本人の配偶者等,64,1：男,43：熊本県,1
オーストラリア,日本人の配偶者等,68,1：男,43：熊本県,1
オーストラリア,日本人の配偶者等,69,2：女,43：熊本県,1
オーストラリア,日本人の配偶者等,77,1：男,43：熊本県,1
オーストラリア,定住者,68,1：男,43：熊本県,1
フィジー,日本人の配偶者等,32,1：男,43：熊本県,1
ニュージーランド,教育,22,1：男,43：熊本県,1
ニュージーランド,教育,23,2：女,43：熊本県,1
ニュージーランド,教育,24,1：男,43：熊本県,3
ニュージーランド,教育,25,2：女,43：熊本県,1
ニュージーランド,教育,26,1：男,43：熊本県,1
ニュージーランド,教育,28,2：女,43：熊本県,1
ニュージーランド,教育,33,1：男,43：熊本県,1
ニュージーランド,教育,44,1：男,43：熊本県,1
ニュージーランド,教育,47,1：男,43：熊本県,1
ニュージーランド,技術・人文知識・国際業務,27,1：男,43：熊本県,1
ニュージーランド,永住者,34,1：男,43：熊本県,1
ニュージーランド,永住者,40,1：男,43：熊本県,1
ニュージーランド,永住者,43,1：男,43：熊本県,1
ニュージーランド,永住者,44,1：男,43：熊本県,1
ニュージーランド,永住者,47,1：男,43：熊本県,1
ニュージーランド,永住者,80歳以上,1：男,43：熊本県,1
ニュージーランド,日本人の配偶者等,30,1：男,43：熊本県,1
ニュージーランド,日本人の配偶者等,31,1：男,43：熊本県,1
ニュージーランド,日本人の配偶者等,45,1：男,43：熊本県,1
ニュージーランド,日本人の配偶者等,49,1：男,43：熊本県,1
トンガ,永住者,6,1：男,43：熊本県,1
トンガ,永住者,9,2：女,43：熊本県,1
トンガ,永住者,13,1：男,43：熊本県,2
トンガ,永住者,39,1：男,43：熊本県,1
トンガ,永住者,39,2：女,43：熊本県,1
無国籍,永住者,37,2：女,43：熊本県,1
無国籍,永住者,73,1：男,43：熊本県,1
無国籍,永住者,80歳以上,2：女,43：熊本県,1
無国籍,日本人の配偶者等,57,1：男,43：熊本県,1
