国籍・地域,在留資格,年齢,性別,都道府県,在留外国人数
アフガニスタン,34：特定活動,00歳,1:男,43：熊本県,1
アフガニスタン,34：特定活動,01歳,1:男,43：熊本県,1
アフガニスタン,33：家族滞在,02歳,1:男,43：熊本県,1
アフガニスタン,33：家族滞在,04歳,1:男,43：熊本県,1
アフガニスタン,34：特定活動,04歳,1:男,43：熊本県,1
アフガニスタン,34：特定活動,07歳,1:男,43：熊本県,1
アフガニスタン,33：家族滞在,08歳,1:男,43：熊本県,1
アフガニスタン,33：家族滞在,10歳,1:男,43：熊本県,1
アフガニスタン,33：家族滞在,17歳,1:男,43：熊本県,1
アフガニスタン,31：留学,31歳,1:男,43：熊本県,2
アフガニスタン,03：教授,33歳,1:男,43：熊本県,1
アフガニスタン,31：留学,33歳,1:男,43：熊本県,4
アフガニスタン,34：特定活動,35歳,1:男,43：熊本県,2
アフガニスタン,31：留学,36歳,1:男,43：熊本県,1
アフガニスタン,34：特定活動,38歳,1:男,43：熊本県,1
アフガニスタン,16：技術・人文知識・国際業務,39歳,1:男,43：熊本県,1
アフガニスタン,16：技術・人文知識・国際業務,50歳,1:男,43：熊本県,1
アフガニスタン,35：永住者,68歳,1:男,43：熊本県,1
アフガニスタン,33：家族滞在,01歳,2:女,43：熊本県,1
アフガニスタン,33：家族滞在,03歳,2:女,43：熊本県,1
アフガニスタン,33：家族滞在,05歳,2:女,43：熊本県,1
アフガニスタン,33：家族滞在,06歳,2:女,43：熊本県,1
アフガニスタン,33：家族滞在,07歳,2:女,43：熊本県,1
アフガニスタン,34：特定活動,09歳,2:女,43：熊本県,1
アフガニスタン,33：家族滞在,16歳,2:女,43：熊本県,1
アフガニスタン,33：家族滞在,17歳,2:女,43：熊本県,1
アフガニスタン,33：家族滞在,25歳,2:女,43：熊本県,1
アフガニスタン,33：家族滞在,27歳,2:女,43：熊本県,1
アフガニスタン,31：留学,31歳,2:女,43：熊本県,1
アフガニスタン,33：家族滞在,31歳,2:女,43：熊本県,2
アフガニスタン,34：特定活動,33歳,2:女,43：熊本県,1
アフガニスタン,33：家族滞在,34歳,2:女,43：熊本県,1
アラブ首長国連邦,31：留学,23歳,1:男,43：熊本県,1
イスラエル,36：日本人の配偶者等,31歳,1:男,43：熊本県,1
イスラエル,35：永住者,64歳,1:男,43：熊本県,1
イスラエル,36：日本人の配偶者等,26歳,2:女,43：熊本県,1
イラン,31：留学,26歳,1:男,43：熊本県,1
イラン,03：教授,37歳,1:男,43：熊本県,1
イラン,31：留学,24歳,2:女,43：熊本県,1
イラン,31：留学,43歳,2:女,43：熊本県,1
インド,35：永住者,14歳,1:男,43：熊本県,1
インド,31：留学,21歳,1:男,43：熊本県,2
インド,24：技能実習１号ロ,22歳,1:男,43：熊本県,2
インド,31：留学,23歳,1:男,43：熊本県,1
インド,16：技術・人文知識・国際業務,24歳,1:男,43：熊本県,1
インド,26：技能実習２号ロ,24歳,1:男,43：熊本県,1
インド,16：技術・人文知識・国際業務,25歳,1:男,43：熊本県,3
インド,16：技術・人文知識・国際業務,26歳,1:男,43：熊本県,2
インド,16：技術・人文知識・国際業務,27歳,1:男,43：熊本県,1
インド,24：技能実習１号ロ,27歳,1:男,43：熊本県,1
インド,26：技能実習２号ロ,27歳,1:男,43：熊本県,1
インド,16：技術・人文知識・国際業務,28歳,1:男,43：熊本県,3
インド,20：技能,29歳,1:男,43：熊本県,2
インド,16：技術・人文知識・国際業務,30歳,1:男,43：熊本県,1
インド,20：技能,30歳,1:男,43：熊本県,1
インド,20：技能,32歳,1:男,43：熊本県,2
インド,20：技能,33歳,1:男,43：熊本県,1
インド,36：日本人の配偶者等,33歳,1:男,43：熊本県,1
インド,03：教授,34歳,1:男,43：熊本県,1
インド,20：技能,34歳,1:男,43：熊本県,1
インド,16：技術・人文知識・国際業務,35歳,1:男,43：熊本県,1
インド,20：技能,35歳,1:男,43：熊本県,3
インド,20：技能,36歳,1:男,43：熊本県,3
インド,20：技能,37歳,1:男,43：熊本県,3
インド,20：技能,38歳,1:男,43：熊本県,2
インド,11：経営・管理,40歳,1:男,43：熊本県,1
インド,20：技能,40歳,1:男,43：熊本県,2
インド,20：技能,41歳,1:男,43：熊本県,4
インド,16：技術・人文知識・国際業務,42歳,1:男,43：熊本県,1
インド,20：技能,42歳,1:男,43：熊本県,2
インド,35：永住者,42歳,1:男,43：熊本県,1
インド,20：技能,43歳,1:男,43：熊本県,5
インド,20：技能,44歳,1:男,43：熊本県,1
インド,35：永住者,44歳,1:男,43：熊本県,1
インド,20：技能,45歳,1:男,43：熊本県,1
インド,34：特定活動,45歳,1:男,43：熊本県,1
インド,20：技能,46歳,1:男,43：熊本県,2
インド,20：技能,47歳,1:男,43：熊本県,1
インド,20：技能,48歳,1:男,43：熊本県,1
インド,35：永住者,54歳,1:男,43：熊本県,1
インド,20：技能,55歳,1:男,43：熊本県,2
インド,35：永住者,55歳,1:男,43：熊本県,1
インド,03：教授,72歳,1:男,43：熊本県,1
インド,35：永住者,77歳,1:男,43：熊本県,1
インド,33：家族滞在,03歳,2:女,43：熊本県,1
インド,35：永住者,09歳,2:女,43：熊本県,1
インド,31：留学,22歳,2:女,43：熊本県,1
インド,31：留学,26歳,2:女,43：熊本県,1
インド,31：留学,27歳,2:女,43：熊本県,1
インド,31：留学,28歳,2:女,43：熊本県,1
インド,33：家族滞在,34歳,2:女,43：熊本県,1
インド,35：永住者,40歳,2:女,43：熊本県,1
インド,33：家族滞在,69歳,2:女,43：熊本県,1
インドネシア,33：家族滞在,01歳,1:男,43：熊本県,1
インドネシア,33：家族滞在,03歳,1:男,43：熊本県,1
インドネシア,33：家族滞在,04歳,1:男,43：熊本県,1
インドネシア,34：特定活動,07歳,1:男,43：熊本県,1
インドネシア,38：定住者,10歳,1:男,43：熊本県,1
インドネシア,36：日本人の配偶者等,15歳,1:男,43：熊本県,1
インドネシア,38：定住者,16歳,1:男,43：熊本県,1
インドネシア,35：永住者,17歳,1:男,43：熊本県,1
インドネシア,21：特定技能１号,19歳,1:男,43：熊本県,1
インドネシア,24：技能実習１号ロ,19歳,1:男,43：熊本県,5
インドネシア,26：技能実習２号ロ,19歳,1:男,43：熊本県,1
インドネシア,21：特定技能１号,20歳,1:男,43：熊本県,9
インドネシア,24：技能実習１号ロ,20歳,1:男,43：熊本県,19
インドネシア,26：技能実習２号ロ,20歳,1:男,43：熊本県,4
インドネシア,31：留学,20歳,1:男,43：熊本県,1
インドネシア,24：技能実習１号ロ,21歳,1:男,43：熊本県,44
インドネシア,26：技能実習２号ロ,21歳,1:男,43：熊本県,24
インドネシア,28：技能実習３号ロ,21歳,1:男,43：熊本県,1
インドネシア,34：特定活動,21歳,1:男,43：熊本県,1
インドネシア,21：特定技能１号,22歳,1:男,43：熊本県,3
インドネシア,24：技能実習１号ロ,22歳,1:男,43：熊本県,43
インドネシア,26：技能実習２号ロ,22歳,1:男,43：熊本県,31
インドネシア,28：技能実習３号ロ,22歳,1:男,43：熊本県,13
インドネシア,34：特定活動,22歳,1:男,43：熊本県,3
インドネシア,21：特定技能１号,23歳,1:男,43：熊本県,5
インドネシア,24：技能実習１号ロ,23歳,1:男,43：熊本県,28
インドネシア,26：技能実習２号ロ,23歳,1:男,43：熊本県,28
インドネシア,28：技能実習３号ロ,23歳,1:男,43：熊本県,5
インドネシア,31：留学,23歳,1:男,43：熊本県,1
インドネシア,34：特定活動,23歳,1:男,43：熊本県,1
インドネシア,16：技術・人文知識・国際業務,24歳,1:男,43：熊本県,1
インドネシア,21：特定技能１号,24歳,1:男,43：熊本県,9
インドネシア,24：技能実習１号ロ,24歳,1:男,43：熊本県,22
インドネシア,26：技能実習２号ロ,24歳,1:男,43：熊本県,23
インドネシア,28：技能実習３号ロ,24歳,1:男,43：熊本県,9
インドネシア,31：留学,24歳,1:男,43：熊本県,1
インドネシア,34：特定活動,24歳,1:男,43：熊本県,1
インドネシア,16：技術・人文知識・国際業務,25歳,1:男,43：熊本県,1
インドネシア,21：特定技能１号,25歳,1:男,43：熊本県,8
インドネシア,24：技能実習１号ロ,25歳,1:男,43：熊本県,19
インドネシア,26：技能実習２号ロ,25歳,1:男,43：熊本県,30
インドネシア,28：技能実習３号ロ,25歳,1:男,43：熊本県,12
インドネシア,31：留学,25歳,1:男,43：熊本県,3
インドネシア,34：特定活動,25歳,1:男,43：熊本県,1
インドネシア,16：技術・人文知識・国際業務,26歳,1:男,43：熊本県,2
インドネシア,21：特定技能１号,26歳,1:男,43：熊本県,11
インドネシア,24：技能実習１号ロ,26歳,1:男,43：熊本県,13
インドネシア,26：技能実習２号ロ,26歳,1:男,43：熊本県,19
インドネシア,28：技能実習３号ロ,26歳,1:男,43：熊本県,13
インドネシア,31：留学,26歳,1:男,43：熊本県,1
インドネシア,34：特定活動,26歳,1:男,43：熊本県,8
インドネシア,03：教授,27歳,1:男,43：熊本県,1
インドネシア,21：特定技能１号,27歳,1:男,43：熊本県,7
インドネシア,24：技能実習１号ロ,27歳,1:男,43：熊本県,8
インドネシア,26：技能実習２号ロ,27歳,1:男,43：熊本県,10
インドネシア,28：技能実習３号ロ,27歳,1:男,43：熊本県,7
インドネシア,31：留学,27歳,1:男,43：熊本県,5
インドネシア,34：特定活動,27歳,1:男,43：熊本県,1
インドネシア,21：特定技能１号,28歳,1:男,43：熊本県,10
インドネシア,24：技能実習１号ロ,28歳,1:男,43：熊本県,5
インドネシア,26：技能実習２号ロ,28歳,1:男,43：熊本県,6
インドネシア,28：技能実習３号ロ,28歳,1:男,43：熊本県,6
インドネシア,31：留学,28歳,1:男,43：熊本県,3
インドネシア,16：技術・人文知識・国際業務,29歳,1:男,43：熊本県,2
インドネシア,17：企業内転勤,29歳,1:男,43：熊本県,2
インドネシア,21：特定技能１号,29歳,1:男,43：熊本県,8
インドネシア,24：技能実習１号ロ,29歳,1:男,43：熊本県,8
インドネシア,26：技能実習２号ロ,29歳,1:男,43：熊本県,3
インドネシア,28：技能実習３号ロ,29歳,1:男,43：熊本県,6
インドネシア,31：留学,29歳,1:男,43：熊本県,1
インドネシア,34：特定活動,29歳,1:男,43：熊本県,1
インドネシア,21：特定技能１号,30歳,1:男,43：熊本県,4
インドネシア,24：技能実習１号ロ,30歳,1:男,43：熊本県,8
インドネシア,26：技能実習２号ロ,30歳,1:男,43：熊本県,4
インドネシア,28：技能実習３号ロ,30歳,1:男,43：熊本県,5
インドネシア,34：特定活動,30歳,1:男,43：熊本県,2
インドネシア,21：特定技能１号,31歳,1:男,43：熊本県,6
インドネシア,24：技能実習１号ロ,31歳,1:男,43：熊本県,1
インドネシア,26：技能実習２号ロ,31歳,1:男,43：熊本県,3
インドネシア,28：技能実習３号ロ,31歳,1:男,43：熊本県,1
インドネシア,31：留学,31歳,1:男,43：熊本県,1
インドネシア,34：特定活動,31歳,1:男,43：熊本県,2
インドネシア,21：特定技能１号,32歳,1:男,43：熊本県,3
インドネシア,26：技能実習２号ロ,32歳,1:男,43：熊本県,2
インドネシア,28：技能実習３号ロ,32歳,1:男,43：熊本県,1
インドネシア,21：特定技能１号,33歳,1:男,43：熊本県,1
インドネシア,24：技能実習１号ロ,33歳,1:男,43：熊本県,1
インドネシア,26：技能実習２号ロ,33歳,1:男,43：熊本県,1
インドネシア,33：家族滞在,33歳,1:男,43：熊本県,1
インドネシア,34：特定活動,33歳,1:男,43：熊本県,1
インドネシア,17：企業内転勤,34歳,1:男,43：熊本県,1
インドネシア,21：特定技能１号,34歳,1:男,43：熊本県,2
インドネシア,24：技能実習１号ロ,34歳,1:男,43：熊本県,1
インドネシア,28：技能実習３号ロ,34歳,1:男,43：熊本県,1
インドネシア,34：特定活動,34歳,1:男,43：熊本県,1
インドネシア,21：特定技能１号,35歳,1:男,43：熊本県,2
インドネシア,26：技能実習２号ロ,35歳,1:男,43：熊本県,1
インドネシア,31：留学,35歳,1:男,43：熊本県,1
インドネシア,33：家族滞在,35歳,1:男,43：熊本県,1
インドネシア,21：特定技能１号,36歳,1:男,43：熊本県,2
インドネシア,28：技能実習３号ロ,36歳,1:男,43：熊本県,1
インドネシア,29：文化活動,37歳,1:男,43：熊本県,1
インドネシア,35：永住者,37歳,1:男,43：熊本県,1
インドネシア,21：特定技能１号,38歳,1:男,43：熊本県,1
インドネシア,31：留学,38歳,1:男,43：熊本県,1
インドネシア,35：永住者,38歳,1:男,43：熊本県,1
インドネシア,38：定住者,39歳,1:男,43：熊本県,1
インドネシア,21：特定技能１号,40歳,1:男,43：熊本県,1
インドネシア,31：留学,40歳,1:男,43：熊本県,1
インドネシア,36：日本人の配偶者等,40歳,1:男,43：熊本県,1
インドネシア,21：特定技能１号,42歳,1:男,43：熊本県,2
インドネシア,36：日本人の配偶者等,42歳,1:男,43：熊本県,2
インドネシア,35：永住者,45歳,1:男,43：熊本県,1
インドネシア,35：永住者,46歳,1:男,43：熊本県,2
インドネシア,35：永住者,47歳,1:男,43：熊本県,1
インドネシア,34：特定活動,48歳,1:男,43：熊本県,1
インドネシア,35：永住者,49歳,1:男,43：熊本県,1
インドネシア,34：特定活動,55歳,1:男,43：熊本県,1
インドネシア,33：家族滞在,65歳,1:男,43：熊本県,1
インドネシア,33：家族滞在,06歳,2:女,43：熊本県,2
インドネシア,33：家族滞在,07歳,2:女,43：熊本県,1
インドネシア,34：特定活動,13歳,2:女,43：熊本県,1
インドネシア,38：定住者,17歳,2:女,43：熊本県,1
インドネシア,21：特定技能１号,18歳,2:女,43：熊本県,1
インドネシア,24：技能実習１号ロ,18歳,2:女,43：熊本県,2
インドネシア,21：特定技能１号,19歳,2:女,43：熊本県,7
インドネシア,24：技能実習１号ロ,19歳,2:女,43：熊本県,17
インドネシア,21：特定技能１号,20歳,2:女,43：熊本県,10
インドネシア,24：技能実習１号ロ,20歳,2:女,43：熊本県,31
インドネシア,26：技能実習２号ロ,20歳,2:女,43：熊本県,14
インドネシア,31：留学,20歳,2:女,43：熊本県,2
インドネシア,34：特定活動,20歳,2:女,43：熊本県,1
インドネシア,21：特定技能１号,21歳,2:女,43：熊本県,7
インドネシア,24：技能実習１号ロ,21歳,2:女,43：熊本県,40
インドネシア,26：技能実習２号ロ,21歳,2:女,43：熊本県,26
インドネシア,34：特定活動,21歳,2:女,43：熊本県,5
インドネシア,21：特定技能１号,22歳,2:女,43：熊本県,4
インドネシア,24：技能実習１号ロ,22歳,2:女,43：熊本県,22
インドネシア,26：技能実習２号ロ,22歳,2:女,43：熊本県,19
インドネシア,28：技能実習３号ロ,22歳,2:女,43：熊本県,4
インドネシア,34：特定活動,22歳,2:女,43：熊本県,2
インドネシア,16：技術・人文知識・国際業務,23歳,2:女,43：熊本県,1
インドネシア,21：特定技能１号,23歳,2:女,43：熊本県,5
インドネシア,24：技能実習１号ロ,23歳,2:女,43：熊本県,22
インドネシア,26：技能実習２号ロ,23歳,2:女,43：熊本県,11
インドネシア,28：技能実習３号ロ,23歳,2:女,43：熊本県,2
インドネシア,34：特定活動,23歳,2:女,43：熊本県,2
インドネシア,35：永住者,23歳,2:女,43：熊本県,1
インドネシア,38：定住者,23歳,2:女,43：熊本県,1
インドネシア,21：特定技能１号,24歳,2:女,43：熊本県,4
インドネシア,24：技能実習１号ロ,24歳,2:女,43：熊本県,18
インドネシア,26：技能実習２号ロ,24歳,2:女,43：熊本県,11
インドネシア,31：留学,24歳,2:女,43：熊本県,2
インドネシア,34：特定活動,24歳,2:女,43：熊本県,4
インドネシア,21：特定技能１号,25歳,2:女,43：熊本県,5
インドネシア,24：技能実習１号ロ,25歳,2:女,43：熊本県,5
インドネシア,26：技能実習２号ロ,25歳,2:女,43：熊本県,14
インドネシア,28：技能実習３号ロ,25歳,2:女,43：熊本県,6
インドネシア,34：特定活動,25歳,2:女,43：熊本県,1
インドネシア,36：日本人の配偶者等,25歳,2:女,43：熊本県,1
インドネシア,16：技術・人文知識・国際業務,26歳,2:女,43：熊本県,1
インドネシア,21：特定技能１号,26歳,2:女,43：熊本県,3
インドネシア,24：技能実習１号ロ,26歳,2:女,43：熊本県,7
インドネシア,26：技能実習２号ロ,26歳,2:女,43：熊本県,8
インドネシア,28：技能実習３号ロ,26歳,2:女,43：熊本県,4
インドネシア,31：留学,26歳,2:女,43：熊本県,1
インドネシア,34：特定活動,26歳,2:女,43：熊本県,2
インドネシア,16：技術・人文知識・国際業務,27歳,2:女,43：熊本県,1
インドネシア,21：特定技能１号,27歳,2:女,43：熊本県,1
インドネシア,24：技能実習１号ロ,27歳,2:女,43：熊本県,4
インドネシア,26：技能実習２号ロ,27歳,2:女,43：熊本県,3
インドネシア,28：技能実習３号ロ,27歳,2:女,43：熊本県,3
インドネシア,31：留学,27歳,2:女,43：熊本県,1
インドネシア,33：家族滞在,27歳,2:女,43：熊本県,1
インドネシア,34：特定活動,27歳,2:女,43：熊本県,1
インドネシア,36：日本人の配偶者等,27歳,2:女,43：熊本県,2
インドネシア,21：特定技能１号,28歳,2:女,43：熊本県,4
インドネシア,24：技能実習１号ロ,28歳,2:女,43：熊本県,3
インドネシア,26：技能実習２号ロ,28歳,2:女,43：熊本県,2
インドネシア,28：技能実習３号ロ,28歳,2:女,43：熊本県,1
インドネシア,31：留学,28歳,2:女,43：熊本県,1
インドネシア,33：家族滞在,28歳,2:女,43：熊本県,1
インドネシア,34：特定活動,28歳,2:女,43：熊本県,2
インドネシア,36：日本人の配偶者等,28歳,2:女,43：熊本県,1
インドネシア,24：技能実習１号ロ,29歳,2:女,43：熊本県,3
インドネシア,26：技能実習２号ロ,29歳,2:女,43：熊本県,1
インドネシア,28：技能実習３号ロ,29歳,2:女,43：熊本県,1
インドネシア,31：留学,29歳,2:女,43：熊本県,1
インドネシア,36：日本人の配偶者等,29歳,2:女,43：熊本県,2
インドネシア,03：教授,30歳,2:女,43：熊本県,1
インドネシア,24：技能実習１号ロ,30歳,2:女,43：熊本県,1
インドネシア,26：技能実習２号ロ,30歳,2:女,43：熊本県,2
インドネシア,21：特定技能１号,31歳,2:女,43：熊本県,1
インドネシア,24：技能実習１号ロ,31歳,2:女,43：熊本県,1
インドネシア,31：留学,31歳,2:女,43：熊本県,1
インドネシア,34：特定活動,31歳,2:女,43：熊本県,1
インドネシア,21：特定技能１号,32歳,2:女,43：熊本県,1
インドネシア,24：技能実習１号ロ,32歳,2:女,43：熊本県,2
インドネシア,31：留学,32歳,2:女,43：熊本県,1
インドネシア,31：留学,33歳,2:女,43：熊本県,2
インドネシア,21：特定技能１号,34歳,2:女,43：熊本県,1
インドネシア,24：技能実習１号ロ,34歳,2:女,43：熊本県,1
インドネシア,31：留学,34歳,2:女,43：熊本県,2
インドネシア,33：家族滞在,34歳,2:女,43：熊本県,2
インドネシア,36：日本人の配偶者等,34歳,2:女,43：熊本県,1
インドネシア,26：技能実習２号ロ,35歳,2:女,43：熊本県,1
インドネシア,35：永住者,36歳,2:女,43：熊本県,1
インドネシア,36：日本人の配偶者等,36歳,2:女,43：熊本県,1
インドネシア,28：技能実習３号ロ,37歳,2:女,43：熊本県,1
インドネシア,36：日本人の配偶者等,37歳,2:女,43：熊本県,1
インドネシア,35：永住者,38歳,2:女,43：熊本県,3
インドネシア,36：日本人の配偶者等,38歳,2:女,43：熊本県,1
インドネシア,35：永住者,39歳,2:女,43：熊本県,2
インドネシア,36：日本人の配偶者等,39歳,2:女,43：熊本県,1
インドネシア,34：特定活動,40歳,2:女,43：熊本県,1
インドネシア,35：永住者,40歳,2:女,43：熊本県,2
インドネシア,35：永住者,41歳,2:女,43：熊本県,2
インドネシア,36：日本人の配偶者等,41歳,2:女,43：熊本県,1
インドネシア,35：永住者,42歳,2:女,43：熊本県,1
インドネシア,36：日本人の配偶者等,42歳,2:女,43：熊本県,2
インドネシア,38：定住者,42歳,2:女,43：熊本県,1
インドネシア,35：永住者,44歳,2:女,43：熊本県,1
インドネシア,21：特定技能１号,45歳,2:女,43：熊本県,1
インドネシア,35：永住者,45歳,2:女,43：熊本県,4
インドネシア,36：日本人の配偶者等,46歳,2:女,43：熊本県,2
インドネシア,36：日本人の配偶者等,47歳,2:女,43：熊本県,1
インドネシア,38：定住者,47歳,2:女,43：熊本県,1
インドネシア,35：永住者,49歳,2:女,43：熊本県,2
インドネシア,36：日本人の配偶者等,49歳,2:女,43：熊本県,1
インドネシア,35：永住者,50歳,2:女,43：熊本県,1
インドネシア,36：日本人の配偶者等,51歳,2:女,43：熊本県,1
インドネシア,16：技術・人文知識・国際業務,54歳,2:女,43：熊本県,1
インドネシア,36：日本人の配偶者等,59歳,2:女,43：熊本県,1
インドネシア,35：永住者,63歳,2:女,43：熊本県,1
オマーン,31：留学,25歳,1:男,43：熊本県,1
韓国,33：家族滞在,01歳,1:男,43：熊本県,1
韓国,33：家族滞在,02歳,1:男,43：熊本県,1
韓国,39：特別永住者,02歳,1:男,43：熊本県,1
韓国,33：家族滞在,03歳,1:男,43：熊本県,1
韓国,33：家族滞在,04歳,1:男,43：熊本県,1
韓国,33：家族滞在,07歳,1:男,43：熊本県,1
韓国,38：定住者,07歳,1:男,43：熊本県,1
韓国,33：家族滞在,09歳,1:男,43：熊本県,2
韓国,35：永住者,12歳,1:男,43：熊本県,1
韓国,33：家族滞在,14歳,1:男,43：熊本県,1
韓国,35：永住者,14歳,1:男,43：熊本県,1
韓国,39：特別永住者,15歳,1:男,43：熊本県,1
韓国,31：留学,17歳,1:男,43：熊本県,1
韓国,35：永住者,17歳,1:男,43：熊本県,2
韓国,33：家族滞在,18歳,1:男,43：熊本県,1
韓国,35：永住者,18歳,1:男,43：熊本県,3
韓国,39：特別永住者,18歳,1:男,43：熊本県,1
韓国,35：永住者,19歳,1:男,43：熊本県,1
韓国,31：留学,20歳,1:男,43：熊本県,4
韓国,35：永住者,20歳,1:男,43：熊本県,2
韓国,16：技術・人文知識・国際業務,21歳,1:男,43：熊本県,1
韓国,39：特別永住者,21歳,1:男,43：熊本県,2
韓国,31：留学,22歳,1:男,43：熊本県,1
韓国,16：技術・人文知識・国際業務,23歳,1:男,43：熊本県,2
韓国,31：留学,23歳,1:男,43：熊本県,4
韓国,35：永住者,23歳,1:男,43：熊本県,2
韓国,39：特別永住者,23歳,1:男,43：熊本県,1
韓国,16：技術・人文知識・国際業務,24歳,1:男,43：熊本県,6
韓国,31：留学,24歳,1:男,43：熊本県,1
韓国,35：永住者,24歳,1:男,43：熊本県,2
韓国,39：特別永住者,24歳,1:男,43：熊本県,1
韓国,16：技術・人文知識・国際業務,25歳,1:男,43：熊本県,5
韓国,31：留学,25歳,1:男,43：熊本県,2
韓国,36：日本人の配偶者等,25歳,1:男,43：熊本県,1
韓国,16：技術・人文知識・国際業務,26歳,1:男,43：熊本県,12
韓国,31：留学,26歳,1:男,43：熊本県,1
韓国,16：技術・人文知識・国際業務,27歳,1:男,43：熊本県,10
韓国,35：永住者,27歳,1:男,43：熊本県,1
韓国,36：日本人の配偶者等,27歳,1:男,43：熊本県,1
韓国,39：特別永住者,27歳,1:男,43：熊本県,1
韓国,16：技術・人文知識・国際業務,28歳,1:男,43：熊本県,7
韓国,17：企業内転勤,28歳,1:男,43：熊本県,1
韓国,35：永住者,28歳,1:男,43：熊本県,1
韓国,39：特別永住者,28歳,1:男,43：熊本県,1
韓国,16：技術・人文知識・国際業務,29歳,1:男,43：熊本県,11
韓国,17：企業内転勤,29歳,1:男,43：熊本県,3
韓国,31：留学,29歳,1:男,43：熊本県,1
韓国,36：日本人の配偶者等,29歳,1:男,43：熊本県,1
韓国,39：特別永住者,29歳,1:男,43：熊本県,3
韓国,03：教授,30歳,1:男,43：熊本県,1
韓国,16：技術・人文知識・国際業務,30歳,1:男,43：熊本県,5
韓国,36：日本人の配偶者等,30歳,1:男,43：熊本県,5
韓国,39：特別永住者,30歳,1:男,43：熊本県,5
韓国,16：技術・人文知識・国際業務,31歳,1:男,43：熊本県,8
韓国,17：企業内転勤,31歳,1:男,43：熊本県,2
韓国,31：留学,31歳,1:男,43：熊本県,1
韓国,34：特定活動,31歳,1:男,43：熊本県,1
韓国,35：永住者,31歳,1:男,43：熊本県,2
韓国,39：特別永住者,31歳,1:男,43：熊本県,2
韓国,16：技術・人文知識・国際業務,32歳,1:男,43：熊本県,4
韓国,16：技術・人文知識・国際業務,33歳,1:男,43：熊本県,1
韓国,35：永住者,33歳,1:男,43：熊本県,1
韓国,36：日本人の配偶者等,33歳,1:男,43：熊本県,2
韓国,39：特別永住者,33歳,1:男,43：熊本県,1
韓国,16：技術・人文知識・国際業務,34歳,1:男,43：熊本県,2
韓国,35：永住者,34歳,1:男,43：熊本県,1
韓国,36：日本人の配偶者等,34歳,1:男,43：熊本県,1
韓国,39：特別永住者,34歳,1:男,43：熊本県,1
韓国,08：高度専門職１号ロ,35歳,1:男,43：熊本県,1
韓国,16：技術・人文知識・国際業務,35歳,1:男,43：熊本県,3
韓国,36：日本人の配偶者等,35歳,1:男,43：熊本県,2
韓国,39：特別永住者,35歳,1:男,43：熊本県,2
韓国,16：技術・人文知識・国際業務,36歳,1:男,43：熊本県,4
韓国,17：企業内転勤,36歳,1:男,43：熊本県,1
韓国,36：日本人の配偶者等,36歳,1:男,43：熊本県,5
韓国,39：特別永住者,36歳,1:男,43：熊本県,3
韓国,16：技術・人文知識・国際業務,37歳,1:男,43：熊本県,2
韓国,35：永住者,37歳,1:男,43：熊本県,2
韓国,36：日本人の配偶者等,37歳,1:男,43：熊本県,3
韓国,39：特別永住者,37歳,1:男,43：熊本県,1
韓国,16：技術・人文知識・国際業務,38歳,1:男,43：熊本県,2
韓国,35：永住者,38歳,1:男,43：熊本県,2
韓国,36：日本人の配偶者等,38歳,1:男,43：熊本県,1
韓国,39：特別永住者,38歳,1:男,43：熊本県,6
韓国,03：教授,39歳,1:男,43：熊本県,1
韓国,16：技術・人文知識・国際業務,39歳,1:男,43：熊本県,3
韓国,35：永住者,39歳,1:男,43：熊本県,2
韓国,36：日本人の配偶者等,39歳,1:男,43：熊本県,3
韓国,39：特別永住者,39歳,1:男,43：熊本県,1
韓国,16：技術・人文知識・国際業務,40歳,1:男,43：熊本県,1
韓国,35：永住者,40歳,1:男,43：熊本県,1
韓国,36：日本人の配偶者等,40歳,1:男,43：熊本県,1
韓国,39：特別永住者,40歳,1:男,43：熊本県,3
韓国,35：永住者,41歳,1:男,43：熊本県,5
韓国,36：日本人の配偶者等,41歳,1:男,43：熊本県,3
韓国,39：特別永住者,41歳,1:男,43：熊本県,3
韓国,05：宗教,42歳,1:男,43：熊本県,1
韓国,35：永住者,42歳,1:男,43：熊本県,2
韓国,39：特別永住者,42歳,1:男,43：熊本県,3
韓国,35：永住者,43歳,1:男,43：熊本県,1
韓国,36：日本人の配偶者等,43歳,1:男,43：熊本県,1
韓国,38：定住者,43歳,1:男,43：熊本県,1
韓国,39：特別永住者,43歳,1:男,43：熊本県,1
韓国,16：技術・人文知識・国際業務,44歳,1:男,43：熊本県,1
韓国,36：日本人の配偶者等,44歳,1:男,43：熊本県,1
韓国,39：特別永住者,44歳,1:男,43：熊本県,3
韓国,05：宗教,45歳,1:男,43：熊本県,1
韓国,16：技術・人文知識・国際業務,45歳,1:男,43：熊本県,1
韓国,35：永住者,45歳,1:男,43：熊本県,5
韓国,36：日本人の配偶者等,45歳,1:男,43：熊本県,2
韓国,39：特別永住者,45歳,1:男,43：熊本県,1
韓国,05：宗教,46歳,1:男,43：熊本県,1
韓国,16：技術・人文知識・国際業務,46歳,1:男,43：熊本県,1
韓国,35：永住者,46歳,1:男,43：熊本県,2
韓国,36：日本人の配偶者等,46歳,1:男,43：熊本県,2
韓国,39：特別永住者,46歳,1:男,43：熊本県,2
韓国,16：技術・人文知識・国際業務,47歳,1:男,43：熊本県,1
韓国,36：日本人の配偶者等,47歳,1:男,43：熊本県,2
韓国,39：特別永住者,47歳,1:男,43：熊本県,2
韓国,16：技術・人文知識・国際業務,48歳,1:男,43：熊本県,1
韓国,35：永住者,48歳,1:男,43：熊本県,4
韓国,36：日本人の配偶者等,48歳,1:男,43：熊本県,1
韓国,39：特別永住者,48歳,1:男,43：熊本県,2
韓国,16：技術・人文知識・国際業務,49歳,1:男,43：熊本県,1
韓国,17：企業内転勤,49歳,1:男,43：熊本県,1
韓国,35：永住者,49歳,1:男,43：熊本県,5
韓国,36：日本人の配偶者等,49歳,1:男,43：熊本県,1
韓国,38：定住者,49歳,1:男,43：熊本県,1
韓国,39：特別永住者,49歳,1:男,43：熊本県,2
韓国,35：永住者,50歳,1:男,43：熊本県,3
韓国,36：日本人の配偶者等,50歳,1:男,43：熊本県,3
韓国,39：特別永住者,50歳,1:男,43：熊本県,2
韓国,11：経営・管理,51歳,1:男,43：熊本県,1
韓国,16：技術・人文知識・国際業務,51歳,1:男,43：熊本県,1
韓国,35：永住者,51歳,1:男,43：熊本県,4
韓国,39：特別永住者,51歳,1:男,43：熊本県,5
韓国,35：永住者,52歳,1:男,43：熊本県,2
韓国,39：特別永住者,52歳,1:男,43：熊本県,5
韓国,16：技術・人文知識・国際業務,53歳,1:男,43：熊本県,1
韓国,35：永住者,53歳,1:男,43：熊本県,2
韓国,36：日本人の配偶者等,53歳,1:男,43：熊本県,1
韓国,39：特別永住者,53歳,1:男,43：熊本県,2
韓国,05：宗教,54歳,1:男,43：熊本県,1
韓国,11：経営・管理,54歳,1:男,43：熊本県,1
韓国,35：永住者,54歳,1:男,43：熊本県,3
韓国,36：日本人の配偶者等,54歳,1:男,43：熊本県,1
韓国,35：永住者,55歳,1:男,43：熊本県,2
韓国,36：日本人の配偶者等,55歳,1:男,43：熊本県,1
韓国,39：特別永住者,55歳,1:男,43：熊本県,3
韓国,16：技術・人文知識・国際業務,56歳,1:男,43：熊本県,1
韓国,20：技能,56歳,1:男,43：熊本県,1
韓国,35：永住者,56歳,1:男,43：熊本県,3
韓国,39：特別永住者,56歳,1:男,43：熊本県,4
韓国,39：特別永住者,57歳,1:男,43：熊本県,4
韓国,16：技術・人文知識・国際業務,58歳,1:男,43：熊本県,2
韓国,35：永住者,58歳,1:男,43：熊本県,2
韓国,36：日本人の配偶者等,58歳,1:男,43：熊本県,1
韓国,39：特別永住者,58歳,1:男,43：熊本県,1
韓国,11：経営・管理,59歳,1:男,43：熊本県,1
韓国,35：永住者,59歳,1:男,43：熊本県,2
韓国,36：日本人の配偶者等,59歳,1:男,43：熊本県,2
韓国,39：特別永住者,59歳,1:男,43：熊本県,4
韓国,35：永住者,60歳,1:男,43：熊本県,2
韓国,39：特別永住者,60歳,1:男,43：熊本県,4
韓国,16：技術・人文知識・国際業務,61歳,1:男,43：熊本県,1
韓国,35：永住者,61歳,1:男,43：熊本県,1
韓国,36：日本人の配偶者等,61歳,1:男,43：熊本県,1
韓国,39：特別永住者,61歳,1:男,43：熊本県,3
韓国,16：技術・人文知識・国際業務,62歳,1:男,43：熊本県,1
韓国,35：永住者,62歳,1:男,43：熊本県,2
韓国,39：特別永住者,62歳,1:男,43：熊本県,5
韓国,35：永住者,63歳,1:男,43：熊本県,1
韓国,39：特別永住者,63歳,1:男,43：熊本県,4
韓国,35：永住者,64歳,1:男,43：熊本県,2
韓国,39：特別永住者,64歳,1:男,43：熊本県,5
韓国,35：永住者,65歳,1:男,43：熊本県,1
韓国,39：特別永住者,65歳,1:男,43：熊本県,4
韓国,39：特別永住者,66歳,1:男,43：熊本県,4
韓国,39：特別永住者,67歳,1:男,43：熊本県,3
韓国,39：特別永住者,68歳,1:男,43：熊本県,4
韓国,35：永住者,69歳,1:男,43：熊本県,2
韓国,39：特別永住者,69歳,1:男,43：熊本県,2
韓国,03：教授,70歳,1:男,43：熊本県,1
韓国,39：特別永住者,70歳,1:男,43：熊本県,9
韓国,39：特別永住者,71歳,1:男,43：熊本県,7
韓国,35：永住者,72歳,1:男,43：熊本県,1
韓国,39：特別永住者,72歳,1:男,43：熊本県,3
韓国,39：特別永住者,73歳,1:男,43：熊本県,9
韓国,39：特別永住者,74歳,1:男,43：熊本県,5
韓国,39：特別永住者,75歳,1:男,43：熊本県,2
韓国,39：特別永住者,76歳,1:男,43：熊本県,1
韓国,39：特別永住者,77歳,1:男,43：熊本県,6
韓国,39：特別永住者,78歳,1:男,43：熊本県,3
韓国,39：特別永住者,79歳,1:男,43：熊本県,2
韓国,39：特別永住者,80歳以上,1:男,43：熊本県,16
韓国,33：家族滞在,02歳,2:女,43：熊本県,1
韓国,38：定住者,04歳,2:女,43：熊本県,1
韓国,36：日本人の配偶者等,05歳,2:女,43：熊本県,1
韓国,38：定住者,06歳,2:女,43：熊本県,1
韓国,39：特別永住者,06歳,2:女,43：熊本県,1
韓国,33：家族滞在,09歳,2:女,43：熊本県,1
韓国,33：家族滞在,12歳,2:女,43：熊本県,1
韓国,35：永住者,12歳,2:女,43：熊本県,1
韓国,33：家族滞在,13歳,2:女,43：熊本県,1
韓国,35：永住者,16歳,2:女,43：熊本県,1
韓国,31：留学,20歳,2:女,43：熊本県,3
韓国,35：永住者,20歳,2:女,43：熊本県,1
韓国,16：技術・人文知識・国際業務,21歳,2:女,43：熊本県,1
韓国,31：留学,21歳,2:女,43：熊本県,5
韓国,31：留学,22歳,2:女,43：熊本県,4
韓国,35：永住者,22歳,2:女,43：熊本県,1
韓国,16：技術・人文知識・国際業務,23歳,2:女,43：熊本県,1
韓国,31：留学,23歳,2:女,43：熊本県,2
韓国,39：特別永住者,23歳,2:女,43：熊本県,2
韓国,16：技術・人文知識・国際業務,24歳,2:女,43：熊本県,2
韓国,31：留学,24歳,2:女,43：熊本県,1
韓国,35：永住者,24歳,2:女,43：熊本県,2
韓国,36：日本人の配偶者等,24歳,2:女,43：熊本県,1
韓国,39：特別永住者,24歳,2:女,43：熊本県,1
韓国,31：留学,25歳,2:女,43：熊本県,1
韓国,36：日本人の配偶者等,25歳,2:女,43：熊本県,1
韓国,33：家族滞在,26歳,2:女,43：熊本県,1
韓国,39：特別永住者,26歳,2:女,43：熊本県,2
韓国,16：技術・人文知識・国際業務,27歳,2:女,43：熊本県,3
韓国,39：特別永住者,27歳,2:女,43：熊本県,2
韓国,16：技術・人文知識・国際業務,28歳,2:女,43：熊本県,2
韓国,16：技術・人文知識・国際業務,29歳,2:女,43：熊本県,2
韓国,33：家族滞在,29歳,2:女,43：熊本県,2
韓国,33：家族滞在,30歳,2:女,43：熊本県,1
韓国,35：永住者,30歳,2:女,43：熊本県,2
韓国,36：日本人の配偶者等,30歳,2:女,43：熊本県,1
韓国,18：介護,31歳,2:女,43：熊本県,1
韓国,39：特別永住者,31歳,2:女,43：熊本県,1
韓国,16：技術・人文知識・国際業務,32歳,2:女,43：熊本県,2
韓国,36：日本人の配偶者等,32歳,2:女,43：熊本県,2
韓国,39：特別永住者,32歳,2:女,43：熊本県,1
韓国,36：日本人の配偶者等,33歳,2:女,43：熊本県,2
韓国,39：特別永住者,33歳,2:女,43：熊本県,1
韓国,36：日本人の配偶者等,34歳,2:女,43：熊本県,1
韓国,33：家族滞在,35歳,2:女,43：熊本県,1
韓国,35：永住者,35歳,2:女,43：熊本県,1
韓国,39：特別永住者,35歳,2:女,43：熊本県,2
韓国,16：技術・人文知識・国際業務,36歳,2:女,43：熊本県,1
韓国,33：家族滞在,36歳,2:女,43：熊本県,1
韓国,35：永住者,36歳,2:女,43：熊本県,1
韓国,36：日本人の配偶者等,36歳,2:女,43：熊本県,1
韓国,39：特別永住者,36歳,2:女,43：熊本県,2
韓国,39：特別永住者,37歳,2:女,43：熊本県,2
韓国,35：永住者,38歳,2:女,43：熊本県,1
韓国,36：日本人の配偶者等,38歳,2:女,43：熊本県,1
韓国,39：特別永住者,38歳,2:女,43：熊本県,4
韓国,16：技術・人文知識・国際業務,39歳,2:女,43：熊本県,1
韓国,35：永住者,39歳,2:女,43：熊本県,4
韓国,39：特別永住者,39歳,2:女,43：熊本県,2
韓国,16：技術・人文知識・国際業務,40歳,2:女,43：熊本県,1
韓国,31：留学,40歳,2:女,43：熊本県,1
韓国,36：日本人の配偶者等,40歳,2:女,43：熊本県,1
韓国,39：特別永住者,40歳,2:女,43：熊本県,4
韓国,35：永住者,41歳,2:女,43：熊本県,3
韓国,36：日本人の配偶者等,41歳,2:女,43：熊本県,1
韓国,39：特別永住者,41歳,2:女,43：熊本県,1
韓国,16：技術・人文知識・国際業務,42歳,2:女,43：熊本県,1
韓国,35：永住者,42歳,2:女,43：熊本県,4
韓国,36：日本人の配偶者等,42歳,2:女,43：熊本県,1
韓国,16：技術・人文知識・国際業務,43歳,2:女,43：熊本県,1
韓国,35：永住者,43歳,2:女,43：熊本県,2
韓国,36：日本人の配偶者等,43歳,2:女,43：熊本県,2
韓国,39：特別永住者,43歳,2:女,43：熊本県,3
韓国,33：家族滞在,44歳,2:女,43：熊本県,1
韓国,35：永住者,44歳,2:女,43：熊本県,3
韓国,39：特別永住者,44歳,2:女,43：熊本県,6
韓国,35：永住者,45歳,2:女,43：熊本県,2
韓国,36：日本人の配偶者等,45歳,2:女,43：熊本県,1
韓国,39：特別永住者,45歳,2:女,43：熊本県,3
韓国,35：永住者,46歳,2:女,43：熊本県,2
韓国,37：永住者の配偶者等,46歳,2:女,43：熊本県,1
韓国,39：特別永住者,46歳,2:女,43：熊本県,2
韓国,33：家族滞在,47歳,2:女,43：熊本県,2
韓国,39：特別永住者,47歳,2:女,43：熊本県,3
韓国,35：永住者,48歳,2:女,43：熊本県,4
韓国,36：日本人の配偶者等,48歳,2:女,43：熊本県,2
韓国,39：特別永住者,48歳,2:女,43：熊本県,4
韓国,35：永住者,49歳,2:女,43：熊本県,4
韓国,39：特別永住者,49歳,2:女,43：熊本県,2
韓国,35：永住者,50歳,2:女,43：熊本県,8
韓国,36：日本人の配偶者等,50歳,2:女,43：熊本県,2
韓国,39：特別永住者,50歳,2:女,43：熊本県,4
韓国,35：永住者,51歳,2:女,43：熊本県,3
韓国,36：日本人の配偶者等,51歳,2:女,43：熊本県,1
韓国,39：特別永住者,51歳,2:女,43：熊本県,2
韓国,16：技術・人文知識・国際業務,52歳,2:女,43：熊本県,1
韓国,33：家族滞在,52歳,2:女,43：熊本県,1
韓国,34：特定活動,52歳,2:女,43：熊本県,1
韓国,35：永住者,52歳,2:女,43：熊本県,6
韓国,36：日本人の配偶者等,52歳,2:女,43：熊本県,1
韓国,38：定住者,52歳,2:女,43：熊本県,1
韓国,39：特別永住者,52歳,2:女,43：熊本県,3
韓国,35：永住者,53歳,2:女,43：熊本県,3
韓国,39：特別永住者,53歳,2:女,43：熊本県,3
韓国,35：永住者,54歳,2:女,43：熊本県,4
韓国,39：特別永住者,54歳,2:女,43：熊本県,1
韓国,35：永住者,55歳,2:女,43：熊本県,1
韓国,36：日本人の配偶者等,55歳,2:女,43：熊本県,1
韓国,39：特別永住者,55歳,2:女,43：熊本県,4
韓国,35：永住者,56歳,2:女,43：熊本県,5
韓国,39：特別永住者,56歳,2:女,43：熊本県,1
韓国,35：永住者,57歳,2:女,43：熊本県,6
韓国,36：日本人の配偶者等,57歳,2:女,43：熊本県,1
韓国,39：特別永住者,57歳,2:女,43：熊本県,2
韓国,05：宗教,58歳,2:女,43：熊本県,1
韓国,35：永住者,58歳,2:女,43：熊本県,5
韓国,39：特別永住者,58歳,2:女,43：熊本県,1
韓国,35：永住者,59歳,2:女,43：熊本県,5
韓国,39：特別永住者,59歳,2:女,43：熊本県,9
韓国,16：技術・人文知識・国際業務,60歳,2:女,43：熊本県,1
韓国,35：永住者,60歳,2:女,43：熊本県,8
韓国,36：日本人の配偶者等,60歳,2:女,43：熊本県,1
韓国,39：特別永住者,60歳,2:女,43：熊本県,4
韓国,35：永住者,61歳,2:女,43：熊本県,6
韓国,39：特別永住者,61歳,2:女,43：熊本県,4
韓国,35：永住者,62歳,2:女,43：熊本県,10
韓国,36：日本人の配偶者等,62歳,2:女,43：熊本県,2
韓国,39：特別永住者,62歳,2:女,43：熊本県,2
韓国,35：永住者,63歳,2:女,43：熊本県,7
韓国,36：日本人の配偶者等,63歳,2:女,43：熊本県,1
韓国,38：定住者,63歳,2:女,43：熊本県,1
韓国,39：特別永住者,63歳,2:女,43：熊本県,5
韓国,35：永住者,64歳,2:女,43：熊本県,6
韓国,39：特別永住者,64歳,2:女,43：熊本県,4
韓国,35：永住者,65歳,2:女,43：熊本県,1
韓国,36：日本人の配偶者等,65歳,2:女,43：熊本県,1
韓国,38：定住者,65歳,2:女,43：熊本県,1
韓国,39：特別永住者,65歳,2:女,43：熊本県,4
韓国,35：永住者,66歳,2:女,43：熊本県,7
韓国,38：定住者,66歳,2:女,43：熊本県,1
韓国,39：特別永住者,66歳,2:女,43：熊本県,6
韓国,11：経営・管理,67歳,2:女,43：熊本県,1
韓国,35：永住者,67歳,2:女,43：熊本県,1
韓国,36：日本人の配偶者等,67歳,2:女,43：熊本県,1
韓国,38：定住者,67歳,2:女,43：熊本県,1
韓国,39：特別永住者,67歳,2:女,43：熊本県,5
韓国,35：永住者,68歳,2:女,43：熊本県,4
韓国,36：日本人の配偶者等,68歳,2:女,43：熊本県,1
韓国,39：特別永住者,68歳,2:女,43：熊本県,5
韓国,39：特別永住者,69歳,2:女,43：熊本県,4
韓国,35：永住者,70歳,2:女,43：熊本県,2
韓国,39：特別永住者,70歳,2:女,43：熊本県,5
韓国,35：永住者,71歳,2:女,43：熊本県,1
韓国,39：特別永住者,71歳,2:女,43：熊本県,8
韓国,05：宗教,72歳,2:女,43：熊本県,1
韓国,35：永住者,72歳,2:女,43：熊本県,1
韓国,39：特別永住者,72歳,2:女,43：熊本県,1
韓国,35：永住者,73歳,2:女,43：熊本県,1
韓国,39：特別永住者,73歳,2:女,43：熊本県,5
韓国,35：永住者,74歳,2:女,43：熊本県,4
韓国,39：特別永住者,74歳,2:女,43：熊本県,1
韓国,05：宗教,75歳,2:女,43：熊本県,1
韓国,35：永住者,75歳,2:女,43：熊本県,1
韓国,39：特別永住者,75歳,2:女,43：熊本県,4
韓国,39：特別永住者,76歳,2:女,43：熊本県,4
韓国,35：永住者,77歳,2:女,43：熊本県,1
韓国,39：特別永住者,77歳,2:女,43：熊本県,3
韓国,39：特別永住者,78歳,2:女,43：熊本県,5
韓国,39：特別永住者,79歳,2:女,43：熊本県,1
韓国,35：永住者,80歳以上,2:女,43：熊本県,4
韓国,38：定住者,80歳以上,2:女,43：熊本県,2
韓国,39：特別永住者,80歳以上,2:女,43：熊本県,48
朝鮮,39：特別永住者,32歳,1:男,43：熊本県,1
朝鮮,39：特別永住者,33歳,1:男,43：熊本県,1
朝鮮,39：特別永住者,34歳,1:男,43：熊本県,1
朝鮮,39：特別永住者,55歳,1:男,43：熊本県,1
朝鮮,39：特別永住者,58歳,1:男,43：熊本県,1
朝鮮,39：特別永住者,59歳,1:男,43：熊本県,1
朝鮮,39：特別永住者,60歳,1:男,43：熊本県,1
朝鮮,39：特別永住者,64歳,1:男,43：熊本県,1
朝鮮,39：特別永住者,66歳,1:男,43：熊本県,3
朝鮮,39：特別永住者,67歳,1:男,43：熊本県,2
朝鮮,39：特別永住者,73歳,1:男,43：熊本県,2
朝鮮,39：特別永住者,74歳,1:男,43：熊本県,2
朝鮮,39：特別永住者,75歳,1:男,43：熊本県,1
朝鮮,39：特別永住者,77歳,1:男,43：熊本県,1
朝鮮,39：特別永住者,78歳,1:男,43：熊本県,3
朝鮮,39：特別永住者,80歳以上,1:男,43：熊本県,1
朝鮮,39：特別永住者,02歳,2:女,43：熊本県,1
朝鮮,39：特別永住者,04歳,2:女,43：熊本県,1
朝鮮,39：特別永住者,26歳,2:女,43：熊本県,1
朝鮮,39：特別永住者,29歳,2:女,43：熊本県,1
朝鮮,39：特別永住者,34歳,2:女,43：熊本県,1
朝鮮,39：特別永住者,48歳,2:女,43：熊本県,1
朝鮮,39：特別永住者,49歳,2:女,43：熊本県,1
朝鮮,39：特別永住者,53歳,2:女,43：熊本県,1
朝鮮,39：特別永住者,54歳,2:女,43：熊本県,1
朝鮮,39：特別永住者,55歳,2:女,43：熊本県,1
朝鮮,39：特別永住者,56歳,2:女,43：熊本県,1
朝鮮,39：特別永住者,58歳,2:女,43：熊本県,1
朝鮮,39：特別永住者,59歳,2:女,43：熊本県,1
朝鮮,39：特別永住者,61歳,2:女,43：熊本県,1
朝鮮,39：特別永住者,62歳,2:女,43：熊本県,1
朝鮮,39：特別永住者,65歳,2:女,43：熊本県,1
朝鮮,39：特別永住者,66歳,2:女,43：熊本県,1
朝鮮,39：特別永住者,69歳,2:女,43：熊本県,3
朝鮮,39：特別永住者,72歳,2:女,43：熊本県,2
朝鮮,39：特別永住者,73歳,2:女,43：熊本県,1
朝鮮,39：特別永住者,75歳,2:女,43：熊本県,1
朝鮮,39：特別永住者,77歳,2:女,43：熊本県,1
朝鮮,39：特別永住者,79歳,2:女,43：熊本県,2
朝鮮,36：日本人の配偶者等,80歳以上,2:女,43：熊本県,1
朝鮮,39：特別永住者,80歳以上,2:女,43：熊本県,4
カンボジア,24：技能実習１号ロ,18歳,1:男,43：熊本県,1
カンボジア,24：技能実習１号ロ,19歳,1:男,43：熊本県,4
カンボジア,24：技能実習１号ロ,20歳,1:男,43：熊本県,8
カンボジア,26：技能実習２号ロ,20歳,1:男,43：熊本県,1
カンボジア,31：留学,20歳,1:男,43：熊本県,1
カンボジア,24：技能実習１号ロ,21歳,1:男,43：熊本県,13
カンボジア,26：技能実習２号ロ,21歳,1:男,43：熊本県,4
カンボジア,24：技能実習１号ロ,22歳,1:男,43：熊本県,9
カンボジア,26：技能実習２号ロ,22歳,1:男,43：熊本県,14
カンボジア,21：特定技能１号,23歳,1:男,43：熊本県,1
カンボジア,24：技能実習１号ロ,23歳,1:男,43：熊本県,8
カンボジア,26：技能実習２号ロ,23歳,1:男,43：熊本県,18
カンボジア,34：特定活動,23歳,1:男,43：熊本県,1
カンボジア,21：特定技能１号,24歳,1:男,43：熊本県,2
カンボジア,24：技能実習１号ロ,24歳,1:男,43：熊本県,12
カンボジア,26：技能実習２号ロ,24歳,1:男,43：熊本県,8
カンボジア,28：技能実習３号ロ,24歳,1:男,43：熊本県,2
カンボジア,34：特定活動,24歳,1:男,43：熊本県,3
カンボジア,24：技能実習１号ロ,25歳,1:男,43：熊本県,4
カンボジア,26：技能実習２号ロ,25歳,1:男,43：熊本県,10
カンボジア,28：技能実習３号ロ,25歳,1:男,43：熊本県,1
カンボジア,16：技術・人文知識・国際業務,26歳,1:男,43：熊本県,1
カンボジア,21：特定技能１号,26歳,1:男,43：熊本県,1
カンボジア,24：技能実習１号ロ,26歳,1:男,43：熊本県,5
カンボジア,26：技能実習２号ロ,26歳,1:男,43：熊本県,10
カンボジア,34：特定活動,26歳,1:男,43：熊本県,1
カンボジア,16：技術・人文知識・国際業務,27歳,1:男,43：熊本県,2
カンボジア,21：特定技能１号,27歳,1:男,43：熊本県,3
カンボジア,24：技能実習１号ロ,27歳,1:男,43：熊本県,9
カンボジア,26：技能実習２号ロ,27歳,1:男,43：熊本県,5
カンボジア,28：技能実習３号ロ,27歳,1:男,43：熊本県,3
カンボジア,34：特定活動,27歳,1:男,43：熊本県,3
カンボジア,16：技術・人文知識・国際業務,28歳,1:男,43：熊本県,1
カンボジア,17：企業内転勤,28歳,1:男,43：熊本県,1
カンボジア,21：特定技能１号,28歳,1:男,43：熊本県,2
カンボジア,24：技能実習１号ロ,28歳,1:男,43：熊本県,4
カンボジア,26：技能実習２号ロ,28歳,1:男,43：熊本県,6
カンボジア,28：技能実習３号ロ,28歳,1:男,43：熊本県,1
カンボジア,34：特定活動,28歳,1:男,43：熊本県,2
カンボジア,21：特定技能１号,29歳,1:男,43：熊本県,5
カンボジア,24：技能実習１号ロ,29歳,1:男,43：熊本県,3
カンボジア,26：技能実習２号ロ,29歳,1:男,43：熊本県,6
カンボジア,28：技能実習３号ロ,29歳,1:男,43：熊本県,3
カンボジア,34：特定活動,29歳,1:男,43：熊本県,2
カンボジア,16：技術・人文知識・国際業務,30歳,1:男,43：熊本県,2
カンボジア,21：特定技能１号,30歳,1:男,43：熊本県,2
カンボジア,24：技能実習１号ロ,30歳,1:男,43：熊本県,2
カンボジア,26：技能実習２号ロ,30歳,1:男,43：熊本県,7
カンボジア,28：技能実習３号ロ,30歳,1:男,43：熊本県,3
カンボジア,34：特定活動,30歳,1:男,43：熊本県,1
カンボジア,21：特定技能１号,31歳,1:男,43：熊本県,2
カンボジア,24：技能実習１号ロ,31歳,1:男,43：熊本県,3
カンボジア,26：技能実習２号ロ,31歳,1:男,43：熊本県,3
カンボジア,28：技能実習３号ロ,31歳,1:男,43：熊本県,1
カンボジア,34：特定活動,31歳,1:男,43：熊本県,2
カンボジア,21：特定技能１号,32歳,1:男,43：熊本県,3
カンボジア,24：技能実習１号ロ,32歳,1:男,43：熊本県,4
カンボジア,26：技能実習２号ロ,32歳,1:男,43：熊本県,5
カンボジア,28：技能実習３号ロ,32歳,1:男,43：熊本県,3
カンボジア,34：特定活動,32歳,1:男,43：熊本県,1
カンボジア,24：技能実習１号ロ,33歳,1:男,43：熊本県,6
カンボジア,26：技能実習２号ロ,33歳,1:男,43：熊本県,3
カンボジア,21：特定技能１号,34歳,1:男,43：熊本県,1
カンボジア,24：技能実習１号ロ,34歳,1:男,43：熊本県,5
カンボジア,26：技能実習２号ロ,34歳,1:男,43：熊本県,2
カンボジア,28：技能実習３号ロ,34歳,1:男,43：熊本県,1
カンボジア,34：特定活動,34歳,1:男,43：熊本県,1
カンボジア,21：特定技能１号,35歳,1:男,43：熊本県,1
カンボジア,24：技能実習１号ロ,35歳,1:男,43：熊本県,1
カンボジア,26：技能実習２号ロ,35歳,1:男,43：熊本県,4
カンボジア,28：技能実習３号ロ,35歳,1:男,43：熊本県,2
カンボジア,16：技術・人文知識・国際業務,36歳,1:男,43：熊本県,1
カンボジア,21：特定技能１号,36歳,1:男,43：熊本県,1
カンボジア,24：技能実習１号ロ,36歳,1:男,43：熊本県,1
カンボジア,26：技能実習２号ロ,36歳,1:男,43：熊本県,1
カンボジア,24：技能実習１号ロ,37歳,1:男,43：熊本県,2
カンボジア,26：技能実習２号ロ,37歳,1:男,43：熊本県,1
カンボジア,34：特定活動,37歳,1:男,43：熊本県,2
カンボジア,26：技能実習２号ロ,40歳,1:男,43：熊本県,1
カンボジア,34：特定活動,41歳,1:男,43：熊本県,1
カンボジア,24：技能実習１号ロ,18歳,2:女,43：熊本県,2
カンボジア,24：技能実習１号ロ,19歳,2:女,43：熊本県,8
カンボジア,24：技能実習１号ロ,20歳,2:女,43：熊本県,12
カンボジア,26：技能実習２号ロ,20歳,2:女,43：熊本県,3
カンボジア,21：特定技能１号,21歳,2:女,43：熊本県,1
カンボジア,24：技能実習１号ロ,21歳,2:女,43：熊本県,9
カンボジア,26：技能実習２号ロ,21歳,2:女,43：熊本県,16
カンボジア,21：特定技能１号,22歳,2:女,43：熊本県,3
カンボジア,24：技能実習１号ロ,22歳,2:女,43：熊本県,24
カンボジア,26：技能実習２号ロ,22歳,2:女,43：熊本県,11
カンボジア,28：技能実習３号ロ,22歳,2:女,43：熊本県,4
カンボジア,34：特定活動,22歳,2:女,43：熊本県,1
カンボジア,21：特定技能１号,23歳,2:女,43：熊本県,7
カンボジア,24：技能実習１号ロ,23歳,2:女,43：熊本県,12
カンボジア,26：技能実習２号ロ,23歳,2:女,43：熊本県,11
カンボジア,28：技能実習３号ロ,23歳,2:女,43：熊本県,3
カンボジア,31：留学,23歳,2:女,43：熊本県,1
カンボジア,34：特定活動,23歳,2:女,43：熊本県,2
カンボジア,21：特定技能１号,24歳,2:女,43：熊本県,10
カンボジア,24：技能実習１号ロ,24歳,2:女,43：熊本県,7
カンボジア,26：技能実習２号ロ,24歳,2:女,43：熊本県,15
カンボジア,28：技能実習３号ロ,24歳,2:女,43：熊本県,4
カンボジア,34：特定活動,24歳,2:女,43：熊本県,3
カンボジア,16：技術・人文知識・国際業務,25歳,2:女,43：熊本県,1
カンボジア,18：介護,25歳,2:女,43：熊本県,3
カンボジア,21：特定技能１号,25歳,2:女,43：熊本県,10
カンボジア,24：技能実習１号ロ,25歳,2:女,43：熊本県,8
カンボジア,26：技能実習２号ロ,25歳,2:女,43：熊本県,10
カンボジア,28：技能実習３号ロ,25歳,2:女,43：熊本県,6
カンボジア,31：留学,25歳,2:女,43：熊本県,2
カンボジア,34：特定活動,25歳,2:女,43：熊本県,1
カンボジア,21：特定技能１号,26歳,2:女,43：熊本県,10
カンボジア,24：技能実習１号ロ,26歳,2:女,43：熊本県,5
カンボジア,26：技能実習２号ロ,26歳,2:女,43：熊本県,19
カンボジア,28：技能実習３号ロ,26歳,2:女,43：熊本県,2
カンボジア,34：特定活動,26歳,2:女,43：熊本県,6
カンボジア,36：日本人の配偶者等,26歳,2:女,43：熊本県,1
カンボジア,16：技術・人文知識・国際業務,27歳,2:女,43：熊本県,1
カンボジア,18：介護,27歳,2:女,43：熊本県,2
カンボジア,21：特定技能１号,27歳,2:女,43：熊本県,12
カンボジア,24：技能実習１号ロ,27歳,2:女,43：熊本県,10
カンボジア,26：技能実習２号ロ,27歳,2:女,43：熊本県,7
カンボジア,34：特定活動,27歳,2:女,43：熊本県,6
カンボジア,36：日本人の配偶者等,27歳,2:女,43：熊本県,1
カンボジア,18：介護,28歳,2:女,43：熊本県,2
カンボジア,21：特定技能１号,28歳,2:女,43：熊本県,17
カンボジア,24：技能実習１号ロ,28歳,2:女,43：熊本県,10
カンボジア,26：技能実習２号ロ,28歳,2:女,43：熊本県,8
カンボジア,28：技能実習３号ロ,28歳,2:女,43：熊本県,3
カンボジア,31：留学,28歳,2:女,43：熊本県,1
カンボジア,34：特定活動,28歳,2:女,43：熊本県,3
カンボジア,16：技術・人文知識・国際業務,29歳,2:女,43：熊本県,1
カンボジア,18：介護,29歳,2:女,43：熊本県,4
カンボジア,21：特定技能１号,29歳,2:女,43：熊本県,15
カンボジア,24：技能実習１号ロ,29歳,2:女,43：熊本県,6
カンボジア,26：技能実習２号ロ,29歳,2:女,43：熊本県,11
カンボジア,28：技能実習３号ロ,29歳,2:女,43：熊本県,1
カンボジア,34：特定活動,29歳,2:女,43：熊本県,2
カンボジア,36：日本人の配偶者等,29歳,2:女,43：熊本県,1
カンボジア,21：特定技能１号,30歳,2:女,43：熊本県,7
カンボジア,24：技能実習１号ロ,30歳,2:女,43：熊本県,4
カンボジア,26：技能実習２号ロ,30歳,2:女,43：熊本県,4
カンボジア,28：技能実習３号ロ,30歳,2:女,43：熊本県,1
カンボジア,34：特定活動,30歳,2:女,43：熊本県,2
カンボジア,21：特定技能１号,31歳,2:女,43：熊本県,8
カンボジア,24：技能実習１号ロ,31歳,2:女,43：熊本県,7
カンボジア,26：技能実習２号ロ,31歳,2:女,43：熊本県,3
カンボジア,28：技能実習３号ロ,31歳,2:女,43：熊本県,2
カンボジア,34：特定活動,31歳,2:女,43：熊本県,2
カンボジア,21：特定技能１号,32歳,2:女,43：熊本県,6
カンボジア,24：技能実習１号ロ,32歳,2:女,43：熊本県,2
カンボジア,26：技能実習２号ロ,32歳,2:女,43：熊本県,6
カンボジア,28：技能実習３号ロ,32歳,2:女,43：熊本県,2
カンボジア,34：特定活動,32歳,2:女,43：熊本県,1
カンボジア,21：特定技能１号,33歳,2:女,43：熊本県,2
カンボジア,24：技能実習１号ロ,33歳,2:女,43：熊本県,2
カンボジア,26：技能実習２号ロ,33歳,2:女,43：熊本県,4
カンボジア,28：技能実習３号ロ,33歳,2:女,43：熊本県,2
カンボジア,34：特定活動,33歳,2:女,43：熊本県,1
カンボジア,18：介護,34歳,2:女,43：熊本県,1
カンボジア,21：特定技能１号,34歳,2:女,43：熊本県,3
カンボジア,24：技能実習１号ロ,34歳,2:女,43：熊本県,1
カンボジア,26：技能実習２号ロ,34歳,2:女,43：熊本県,4
カンボジア,28：技能実習３号ロ,34歳,2:女,43：熊本県,3
カンボジア,34：特定活動,34歳,2:女,43：熊本県,1
カンボジア,18：介護,35歳,2:女,43：熊本県,1
カンボジア,21：特定技能１号,35歳,2:女,43：熊本県,3
カンボジア,26：技能実習２号ロ,35歳,2:女,43：熊本県,2
カンボジア,28：技能実習３号ロ,35歳,2:女,43：熊本県,1
カンボジア,34：特定活動,35歳,2:女,43：熊本県,3
カンボジア,21：特定技能１号,36歳,2:女,43：熊本県,2
カンボジア,24：技能実習１号ロ,36歳,2:女,43：熊本県,1
カンボジア,26：技能実習２号ロ,36歳,2:女,43：熊本県,3
カンボジア,28：技能実習３号ロ,36歳,2:女,43：熊本県,4
カンボジア,34：特定活動,36歳,2:女,43：熊本県,1
カンボジア,21：特定技能１号,37歳,2:女,43：熊本県,2
カンボジア,26：技能実習２号ロ,37歳,2:女,43：熊本県,1
カンボジア,28：技能実習３号ロ,37歳,2:女,43：熊本県,1
カンボジア,24：技能実習１号ロ,38歳,2:女,43：熊本県,2
カンボジア,28：技能実習３号ロ,38歳,2:女,43：熊本県,1
カンボジア,34：特定活動,38歳,2:女,43：熊本県,1
カンボジア,36：日本人の配偶者等,38歳,2:女,43：熊本県,1
カンボジア,24：技能実習１号ロ,39歳,2:女,43：熊本県,1
カンボジア,28：技能実習３号ロ,39歳,2:女,43：熊本県,1
カンボジア,31：留学,39歳,2:女,43：熊本県,1
カンボジア,34：特定活動,39歳,2:女,43：熊本県,2
カンボジア,34：特定活動,40歳,2:女,43：熊本県,2
カンボジア,21：特定技能１号,41歳,2:女,43：熊本県,2
カンボジア,34：特定活動,41歳,2:女,43：熊本県,1
カンボジア,34：特定活動,42歳,2:女,43：熊本県,1
シリア,38：定住者,15歳,1:男,43：熊本県,1
シリア,34：特定活動,21歳,1:男,43：熊本県,1
シリア,34：特定活動,23歳,1:男,43：熊本県,1
シリア,16：技術・人文知識・国際業務,39歳,1:男,43：熊本県,1
シリア,38：定住者,39歳,1:男,43：熊本県,2
シリア,34：特定活動,43歳,1:男,43：熊本県,1
シリア,34：特定活動,48歳,1:男,43：熊本県,1
シリア,38：定住者,01歳,2:女,43：熊本県,1
シリア,38：定住者,03歳,2:女,43：熊本県,1
シリア,33：家族滞在,06歳,2:女,43：熊本県,1
シリア,38：定住者,09歳,2:女,43：熊本県,1
シリア,33：家族滞在,12歳,2:女,43：熊本県,1
シリア,38：定住者,13歳,2:女,43：熊本県,1
シリア,38：定住者,17歳,2:女,43：熊本県,1
シリア,38：定住者,28歳,2:女,43：熊本県,1
シリア,33：家族滞在,33歳,2:女,43：熊本県,1
シリア,38：定住者,41歳,2:女,43：熊本県,1
シンガポール,35：永住者,17歳,1:男,43：熊本県,1
シンガポール,35：永住者,19歳,1:男,43：熊本県,1
シンガポール,35：永住者,21歳,1:男,43：熊本県,1
シンガポール,15：教育,29歳,1:男,43：熊本県,1
シンガポール,15：教育,32歳,1:男,43：熊本県,1
シンガポール,16：技術・人文知識・国際業務,37歳,1:男,43：熊本県,1
シンガポール,35：永住者,40歳,1:男,43：熊本県,1
シンガポール,16：技術・人文知識・国際業務,46歳,1:男,43：熊本県,1
シンガポール,35：永住者,65歳,1:男,43：熊本県,1
シンガポール,05：宗教,66歳,1:男,43：熊本県,1
シンガポール,33：家族滞在,06歳,2:女,43：熊本県,1
シンガポール,33：家族滞在,09歳,2:女,43：熊本県,1
シンガポール,15：教育,30歳,2:女,43：熊本県,1
シンガポール,16：技術・人文知識・国際業務,31歳,2:女,43：熊本県,1
シンガポール,31：留学,31歳,2:女,43：熊本県,1
シンガポール,36：日本人の配偶者等,39歳,2:女,43：熊本県,2
シンガポール,35：永住者,41歳,2:女,43：熊本県,1
シンガポール,33：家族滞在,44歳,2:女,43：熊本県,1
シンガポール,35：永住者,44歳,2:女,43：熊本県,1
シンガポール,36：日本人の配偶者等,52歳,2:女,43：熊本県,1
シンガポール,05：宗教,57歳,2:女,43：熊本県,1
シンガポール,35：永住者,57歳,2:女,43：熊本県,1
シンガポール,36：日本人の配偶者等,60歳,2:女,43：熊本県,1
シンガポール,38：定住者,64歳,2:女,43：熊本県,1
シンガポール,35：永住者,70歳,2:女,43：熊本県,1
スリランカ,33：家族滞在,01歳,1:男,43：熊本県,1
スリランカ,33：家族滞在,06歳,1:男,43：熊本県,1
スリランカ,24：技能実習１号ロ,20歳,1:男,43：熊本県,1
スリランカ,16：技術・人文知識・国際業務,22歳,1:男,43：熊本県,1
スリランカ,24：技能実習１号ロ,22歳,1:男,43：熊本県,2
スリランカ,31：留学,22歳,1:男,43：熊本県,1
スリランカ,26：技能実習２号ロ,23歳,1:男,43：熊本県,1
スリランカ,31：留学,23歳,1:男,43：熊本県,1
スリランカ,16：技術・人文知識・国際業務,24歳,1:男,43：熊本県,2
スリランカ,26：技能実習２号ロ,24歳,1:男,43：熊本県,1
スリランカ,31：留学,24歳,1:男,43：熊本県,1
スリランカ,16：技術・人文知識・国際業務,25歳,1:男,43：熊本県,3
スリランカ,31：留学,25歳,1:男,43：熊本県,1
スリランカ,16：技術・人文知識・国際業務,26歳,1:男,43：熊本県,5
スリランカ,21：特定技能１号,26歳,1:男,43：熊本県,1
スリランカ,24：技能実習１号ロ,26歳,1:男,43：熊本県,2
スリランカ,31：留学,26歳,1:男,43：熊本県,2
スリランカ,36：日本人の配偶者等,26歳,1:男,43：熊本県,1
スリランカ,16：技術・人文知識・国際業務,27歳,1:男,43：熊本県,3
スリランカ,24：技能実習１号ロ,27歳,1:男,43：熊本県,1
スリランカ,26：技能実習２号ロ,27歳,1:男,43：熊本県,1
スリランカ,28：技能実習３号ロ,27歳,1:男,43：熊本県,1
スリランカ,36：日本人の配偶者等,27歳,1:男,43：熊本県,1
スリランカ,16：技術・人文知識・国際業務,28歳,1:男,43：熊本県,5
スリランカ,31：留学,28歳,1:男,43：熊本県,1
スリランカ,16：技術・人文知識・国際業務,29歳,1:男,43：熊本県,3
スリランカ,24：技能実習１号ロ,29歳,1:男,43：熊本県,1
スリランカ,31：留学,29歳,1:男,43：熊本県,2
スリランカ,16：技術・人文知識・国際業務,30歳,1:男,43：熊本県,5
スリランカ,20：技能,30歳,1:男,43：熊本県,1
スリランカ,28：技能実習３号ロ,30歳,1:男,43：熊本県,1
スリランカ,20：技能,31歳,1:男,43：熊本県,1
スリランカ,16：技術・人文知識・国際業務,32歳,1:男,43：熊本県,1
スリランカ,36：日本人の配偶者等,32歳,1:男,43：熊本県,1
スリランカ,16：技術・人文知識・国際業務,33歳,1:男,43：熊本県,2
スリランカ,26：技能実習２号ロ,33歳,1:男,43：熊本県,1
スリランカ,36：日本人の配偶者等,33歳,1:男,43：熊本県,1
スリランカ,16：技術・人文知識・国際業務,34歳,1:男,43：熊本県,1
スリランカ,26：技能実習２号ロ,34歳,1:男,43：熊本県,1
スリランカ,33：家族滞在,37歳,1:男,43：熊本県,1
スリランカ,35：永住者,37歳,1:男,43：熊本県,1
スリランカ,20：技能,38歳,1:男,43：熊本県,2
スリランカ,15：教育,41歳,1:男,43：熊本県,1
スリランカ,20：技能,41歳,1:男,43：熊本県,1
スリランカ,20：技能,44歳,1:男,43：熊本県,1
スリランカ,16：技術・人文知識・国際業務,45歳,1:男,43：熊本県,1
スリランカ,20：技能,45歳,1:男,43：熊本県,1
スリランカ,35：永住者,45歳,1:男,43：熊本県,1
スリランカ,16：技術・人文知識・国際業務,46歳,1:男,43：熊本県,1
スリランカ,20：技能,46歳,1:男,43：熊本県,1
スリランカ,20：技能,47歳,1:男,43：熊本県,1
スリランカ,20：技能,48歳,1:男,43：熊本県,1
スリランカ,35：永住者,48歳,1:男,43：熊本県,1
スリランカ,11：経営・管理,49歳,1:男,43：熊本県,1
スリランカ,16：技術・人文知識・国際業務,49歳,1:男,43：熊本県,2
スリランカ,20：技能,49歳,1:男,43：熊本県,3
スリランカ,35：永住者,54歳,1:男,43：熊本県,1
スリランカ,20：技能,60歳,1:男,43：熊本県,1
スリランカ,35：永住者,62歳,1:男,43：熊本県,1
スリランカ,35：永住者,66歳,1:男,43：熊本県,1
スリランカ,33：家族滞在,01歳,2:女,43：熊本県,1
スリランカ,33：家族滞在,02歳,2:女,43：熊本県,1
スリランカ,33：家族滞在,04歳,2:女,43：熊本県,1
スリランカ,33：家族滞在,05歳,2:女,43：熊本県,1
スリランカ,33：家族滞在,11歳,2:女,43：熊本県,1
スリランカ,33：家族滞在,12歳,2:女,43：熊本県,1
スリランカ,38：定住者,12歳,2:女,43：熊本県,1
スリランカ,33：家族滞在,13歳,2:女,43：熊本県,1
スリランカ,35：永住者,13歳,2:女,43：熊本県,1
スリランカ,33：家族滞在,15歳,2:女,43：熊本県,1
スリランカ,35：永住者,18歳,2:女,43：熊本県,1
スリランカ,35：永住者,20歳,2:女,43：熊本県,1
スリランカ,33：家族滞在,21歳,2:女,43：熊本県,1
スリランカ,33：家族滞在,24歳,2:女,43：熊本県,1
スリランカ,16：技術・人文知識・国際業務,25歳,2:女,43：熊本県,2
スリランカ,31：留学,26歳,2:女,43：熊本県,1
スリランカ,33：家族滞在,26歳,2:女,43：熊本県,1
スリランカ,16：技術・人文知識・国際業務,27歳,2:女,43：熊本県,2
スリランカ,33：家族滞在,27歳,2:女,43：熊本県,1
スリランカ,16：技術・人文知識・国際業務,29歳,2:女,43：熊本県,1
スリランカ,26：技能実習２号ロ,30歳,2:女,43：熊本県,1
スリランカ,33：家族滞在,30歳,2:女,43：熊本県,1
スリランカ,33：家族滞在,32歳,2:女,43：熊本県,1
スリランカ,16：技術・人文知識・国際業務,33歳,2:女,43：熊本県,1
スリランカ,26：技能実習２号ロ,34歳,2:女,43：熊本県,1
スリランカ,33：家族滞在,36歳,2:女,43：熊本県,1
スリランカ,11：経営・管理,37歳,2:女,43：熊本県,1
スリランカ,33：家族滞在,37歳,2:女,43：熊本県,1
スリランカ,33：家族滞在,42歳,2:女,43：熊本県,1
スリランカ,35：永住者,42歳,2:女,43：熊本県,1
スリランカ,35：永住者,47歳,2:女,43：熊本県,1
スリランカ,35：永住者,58歳,2:女,43：熊本県,1
スリランカ,35：永住者,60歳,2:女,43：熊本県,1
タイ,31：留学,19歳,1:男,43：熊本県,1
タイ,24：技能実習１号ロ,20歳,1:男,43：熊本県,3
タイ,38：定住者,20歳,1:男,43：熊本県,1
タイ,24：技能実習１号ロ,21歳,1:男,43：熊本県,4
タイ,31：留学,21歳,1:男,43：熊本県,2
タイ,24：技能実習１号ロ,22歳,1:男,43：熊本県,10
タイ,26：技能実習２号ロ,22歳,1:男,43：熊本県,10
タイ,34：特定活動,22歳,1:男,43：熊本県,1
タイ,21：特定技能１号,23歳,1:男,43：熊本県,2
タイ,24：技能実習１号ロ,23歳,1:男,43：熊本県,6
タイ,26：技能実習２号ロ,23歳,1:男,43：熊本県,16
タイ,28：技能実習３号ロ,23歳,1:男,43：熊本県,1
タイ,31：留学,23歳,1:男,43：熊本県,1
タイ,34：特定活動,23歳,1:男,43：熊本県,1
タイ,21：特定技能１号,24歳,1:男,43：熊本県,5
タイ,24：技能実習１号ロ,24歳,1:男,43：熊本県,1
タイ,26：技能実習２号ロ,24歳,1:男,43：熊本県,11
タイ,28：技能実習３号ロ,24歳,1:男,43：熊本県,3
タイ,31：留学,24歳,1:男,43：熊本県,1
タイ,33：家族滞在,24歳,1:男,43：熊本県,1
タイ,34：特定活動,24歳,1:男,43：熊本県,1
タイ,24：技能実習１号ロ,25歳,1:男,43：熊本県,2
タイ,26：技能実習２号ロ,25歳,1:男,43：熊本県,5
タイ,28：技能実習３号ロ,25歳,1:男,43：熊本県,3
タイ,31：留学,25歳,1:男,43：熊本県,1
タイ,34：特定活動,25歳,1:男,43：熊本県,1
タイ,21：特定技能１号,26歳,1:男,43：熊本県,1
タイ,26：技能実習２号ロ,26歳,1:男,43：熊本県,1
タイ,28：技能実習３号ロ,26歳,1:男,43：熊本県,5
タイ,34：特定活動,26歳,1:男,43：熊本県,1
タイ,21：特定技能１号,27歳,1:男,43：熊本県,1
タイ,24：技能実習１号ロ,27歳,1:男,43：熊本県,2
タイ,26：技能実習２号ロ,27歳,1:男,43：熊本県,1
タイ,28：技能実習３号ロ,27歳,1:男,43：熊本県,1
タイ,31：留学,27歳,1:男,43：熊本県,1
タイ,26：技能実習２号ロ,28歳,1:男,43：熊本県,1
タイ,28：技能実習３号ロ,28歳,1:男,43：熊本県,2
タイ,31：留学,28歳,1:男,43：熊本県,1
タイ,21：特定技能１号,29歳,1:男,43：熊本県,3
タイ,24：技能実習１号ロ,29歳,1:男,43：熊本県,2
タイ,26：技能実習２号ロ,29歳,1:男,43：熊本県,2
タイ,28：技能実習３号ロ,29歳,1:男,43：熊本県,4
タイ,31：留学,29歳,1:男,43：熊本県,1
タイ,33：家族滞在,29歳,1:男,43：熊本県,1
タイ,21：特定技能１号,30歳,1:男,43：熊本県,1
タイ,26：技能実習２号ロ,30歳,1:男,43：熊本県,2
タイ,28：技能実習３号ロ,30歳,1:男,43：熊本県,1
タイ,21：特定技能１号,31歳,1:男,43：熊本県,1
タイ,26：技能実習２号ロ,31歳,1:男,43：熊本県,1
タイ,31：留学,31歳,1:男,43：熊本県,1
タイ,17：企業内転勤,32歳,1:男,43：熊本県,1
タイ,21：特定技能１号,32歳,1:男,43：熊本県,2
タイ,24：技能実習１号ロ,32歳,1:男,43：熊本県,1
タイ,28：技能実習３号ロ,32歳,1:男,43：熊本県,1
タイ,34：特定活動,32歳,1:男,43：熊本県,1
タイ,03：教授,33歳,1:男,43：熊本県,1
タイ,26：技能実習２号ロ,33歳,1:男,43：熊本県,1
タイ,28：技能実習３号ロ,33歳,1:男,43：熊本県,1
タイ,17：企業内転勤,34歳,1:男,43：熊本県,1
タイ,24：技能実習１号ロ,34歳,1:男,43：熊本県,1
タイ,28：技能実習３号ロ,34歳,1:男,43：熊本県,1
タイ,26：技能実習２号ロ,35歳,1:男,43：熊本県,1
タイ,28：技能実習３号ロ,35歳,1:男,43：熊本県,1
タイ,26：技能実習２号ロ,37歳,1:男,43：熊本県,1
タイ,35：永住者,37歳,1:男,43：熊本県,1
タイ,17：企業内転勤,38歳,1:男,43：熊本県,1
タイ,28：技能実習３号ロ,41歳,1:男,43：熊本県,1
タイ,11：経営・管理,46歳,1:男,43：熊本県,1
タイ,35：永住者,47歳,1:男,43：熊本県,1
タイ,36：日本人の配偶者等,50歳,1:男,43：熊本県,1
タイ,38：定住者,65歳,1:男,43：熊本県,1
タイ,31：留学,18歳,2:女,43：熊本県,1
タイ,24：技能実習１号ロ,20歳,2:女,43：熊本県,1
タイ,26：技能実習２号ロ,20歳,2:女,43：熊本県,1
タイ,24：技能実習１号ロ,21歳,2:女,43：熊本県,4
タイ,26：技能実習２号ロ,21歳,2:女,43：熊本県,3
タイ,24：技能実習１号ロ,22歳,2:女,43：熊本県,1
タイ,26：技能実習２号ロ,22歳,2:女,43：熊本県,1
タイ,21：特定技能１号,23歳,2:女,43：熊本県,1
タイ,24：技能実習１号ロ,23歳,2:女,43：熊本県,4
タイ,26：技能実習２号ロ,23歳,2:女,43：熊本県,1
タイ,31：留学,23歳,2:女,43：熊本県,1
タイ,34：特定活動,23歳,2:女,43：熊本県,1
タイ,26：技能実習２号ロ,24歳,2:女,43：熊本県,9
タイ,28：技能実習３号ロ,24歳,2:女,43：熊本県,2
タイ,31：留学,24歳,2:女,43：熊本県,1
タイ,16：技術・人文知識・国際業務,25歳,2:女,43：熊本県,3
タイ,21：特定技能１号,25歳,2:女,43：熊本県,1
タイ,26：技能実習２号ロ,25歳,2:女,43：熊本県,7
タイ,28：技能実習３号ロ,25歳,2:女,43：熊本県,4
タイ,35：永住者,25歳,2:女,43：熊本県,1
タイ,16：技術・人文知識・国際業務,26歳,2:女,43：熊本県,4
タイ,24：技能実習１号ロ,26歳,2:女,43：熊本県,2
タイ,26：技能実習２号ロ,26歳,2:女,43：熊本県,4
タイ,31：留学,26歳,2:女,43：熊本県,2
タイ,21：特定技能１号,27歳,2:女,43：熊本県,1
タイ,24：技能実習１号ロ,27歳,2:女,43：熊本県,1
タイ,26：技能実習２号ロ,27歳,2:女,43：熊本県,3
タイ,28：技能実習３号ロ,27歳,2:女,43：熊本県,2
タイ,31：留学,27歳,2:女,43：熊本県,1
タイ,16：技術・人文知識・国際業務,28歳,2:女,43：熊本県,3
タイ,19：興行,28歳,2:女,43：熊本県,1
タイ,21：特定技能１号,28歳,2:女,43：熊本県,1
タイ,26：技能実習２号ロ,28歳,2:女,43：熊本県,1
タイ,28：技能実習３号ロ,28歳,2:女,43：熊本県,3
タイ,31：留学,28歳,2:女,43：熊本県,1
タイ,16：技術・人文知識・国際業務,29歳,2:女,43：熊本県,5
タイ,21：特定技能１号,29歳,2:女,43：熊本県,1
タイ,24：技能実習１号ロ,29歳,2:女,43：熊本県,1
タイ,26：技能実習２号ロ,29歳,2:女,43：熊本県,3
タイ,28：技能実習３号ロ,29歳,2:女,43：熊本県,2
タイ,31：留学,29歳,2:女,43：熊本県,1
タイ,36：日本人の配偶者等,29歳,2:女,43：熊本県,3
タイ,16：技術・人文知識・国際業務,30歳,2:女,43：熊本県,2
タイ,19：興行,30歳,2:女,43：熊本県,1
タイ,21：特定技能１号,30歳,2:女,43：熊本県,2
タイ,26：技能実習２号ロ,30歳,2:女,43：熊本県,2
タイ,28：技能実習３号ロ,30歳,2:女,43：熊本県,1
タイ,31：留学,30歳,2:女,43：熊本県,1
タイ,16：技術・人文知識・国際業務,31歳,2:女,43：熊本県,1
タイ,26：技能実習２号ロ,31歳,2:女,43：熊本県,1
タイ,28：技能実習３号ロ,31歳,2:女,43：熊本県,3
タイ,34：特定活動,31歳,2:女,43：熊本県,1
タイ,36：日本人の配偶者等,31歳,2:女,43：熊本県,1
タイ,16：技術・人文知識・国際業務,32歳,2:女,43：熊本県,3
タイ,21：特定技能１号,32歳,2:女,43：熊本県,1
タイ,35：永住者,32歳,2:女,43：熊本県,1
タイ,36：日本人の配偶者等,32歳,2:女,43：熊本県,2
タイ,38：定住者,32歳,2:女,43：熊本県,1
タイ,21：特定技能１号,33歳,2:女,43：熊本県,1
タイ,28：技能実習３号ロ,33歳,2:女,43：熊本県,2
タイ,31：留学,33歳,2:女,43：熊本県,1
タイ,34：特定活動,33歳,2:女,43：熊本県,1
タイ,36：日本人の配偶者等,33歳,2:女,43：熊本県,1
タイ,16：技術・人文知識・国際業務,34歳,2:女,43：熊本県,3
タイ,21：特定技能１号,34歳,2:女,43：熊本県,1
タイ,24：技能実習１号ロ,34歳,2:女,43：熊本県,1
タイ,28：技能実習３号ロ,34歳,2:女,43：熊本県,1
タイ,31：留学,34歳,2:女,43：熊本県,1
タイ,36：日本人の配偶者等,34歳,2:女,43：熊本県,1
タイ,19：興行,35歳,2:女,43：熊本県,1
タイ,28：技能実習３号ロ,35歳,2:女,43：熊本県,1
タイ,31：留学,35歳,2:女,43：熊本県,1
タイ,35：永住者,35歳,2:女,43：熊本県,1
タイ,36：日本人の配偶者等,35歳,2:女,43：熊本県,1
タイ,31：留学,36歳,2:女,43：熊本県,1
タイ,35：永住者,36歳,2:女,43：熊本県,1
タイ,36：日本人の配偶者等,36歳,2:女,43：熊本県,2
タイ,03：教授,37歳,2:女,43：熊本県,1
タイ,19：興行,37歳,2:女,43：熊本県,1
タイ,31：留学,37歳,2:女,43：熊本県,2
タイ,36：日本人の配偶者等,38歳,2:女,43：熊本県,1
タイ,35：永住者,39歳,2:女,43：熊本県,2
タイ,36：日本人の配偶者等,39歳,2:女,43：熊本県,1
タイ,21：特定技能１号,40歳,2:女,43：熊本県,1
タイ,31：留学,40歳,2:女,43：熊本県,2
タイ,35：永住者,40歳,2:女,43：熊本県,1
タイ,36：日本人の配偶者等,40歳,2:女,43：熊本県,1
タイ,36：日本人の配偶者等,41歳,2:女,43：熊本県,1
タイ,19：興行,42歳,2:女,43：熊本県,1
タイ,35：永住者,42歳,2:女,43：熊本県,3
タイ,36：日本人の配偶者等,42歳,2:女,43：熊本県,2
タイ,35：永住者,43歳,2:女,43：熊本県,1
タイ,36：日本人の配偶者等,43歳,2:女,43：熊本県,2
タイ,35：永住者,44歳,2:女,43：熊本県,3
タイ,17：企業内転勤,45歳,2:女,43：熊本県,1
タイ,35：永住者,45歳,2:女,43：熊本県,2
タイ,36：日本人の配偶者等,45歳,2:女,43：熊本県,2
タイ,35：永住者,46歳,2:女,43：熊本県,3
タイ,19：興行,47歳,2:女,43：熊本県,1
タイ,36：日本人の配偶者等,47歳,2:女,43：熊本県,2
タイ,35：永住者,48歳,2:女,43：熊本県,1
タイ,36：日本人の配偶者等,49歳,2:女,43：熊本県,1
タイ,35：永住者,50歳,2:女,43：熊本県,2
タイ,36：日本人の配偶者等,51歳,2:女,43：熊本県,1
タイ,36：日本人の配偶者等,52歳,2:女,43：熊本県,3
タイ,35：永住者,55歳,2:女,43：熊本県,2
タイ,35：永住者,56歳,2:女,43：熊本県,1
タイ,38：定住者,56歳,2:女,43：熊本県,1
タイ,35：永住者,57歳,2:女,43：熊本県,1
タイ,38：定住者,57歳,2:女,43：熊本県,1
タイ,35：永住者,58歳,2:女,43：熊本県,2
タイ,35：永住者,59歳,2:女,43：熊本県,3
タイ,36：日本人の配偶者等,59歳,2:女,43：熊本県,1
タイ,35：永住者,61歳,2:女,43：熊本県,1
タイ,35：永住者,65歳,2:女,43：熊本県,1
タイ,35：永住者,67歳,2:女,43：熊本県,1
タイ,35：永住者,72歳,2:女,43：熊本県,1
台湾,38：定住者,03歳,1:男,43：熊本県,2
台湾,33：家族滞在,05歳,1:男,43：熊本県,3
台湾,33：家族滞在,07歳,1:男,43：熊本県,1
台湾,31：留学,21歳,1:男,43：熊本県,3
台湾,31：留学,22歳,1:男,43：熊本県,1
台湾,16：技術・人文知識・国際業務,24歳,1:男,43：熊本県,1
台湾,16：技術・人文知識・国際業務,25歳,1:男,43：熊本県,1
台湾,16：技術・人文知識・国際業務,26歳,1:男,43：熊本県,3
台湾,36：日本人の配偶者等,26歳,1:男,43：熊本県,1
台湾,16：技術・人文知識・国際業務,27歳,1:男,43：熊本県,1
台湾,17：企業内転勤,27歳,1:男,43：熊本県,2
台湾,31：留学,27歳,1:男,43：熊本県,1
台湾,35：永住者,27歳,1:男,43：熊本県,1
台湾,16：技術・人文知識・国際業務,28歳,1:男,43：熊本県,7
台湾,08：高度専門職１号ロ,29歳,1:男,43：熊本県,1
台湾,16：技術・人文知識・国際業務,29歳,1:男,43：熊本県,2
台湾,03：教授,30歳,1:男,43：熊本県,1
台湾,16：技術・人文知識・国際業務,30歳,1:男,43：熊本県,1
台湾,31：留学,30歳,1:男,43：熊本県,1
台湾,36：日本人の配偶者等,31歳,1:男,43：熊本県,1
台湾,16：技術・人文知識・国際業務,32歳,1:男,43：熊本県,1
台湾,36：日本人の配偶者等,32歳,1:男,43：熊本県,1
台湾,16：技術・人文知識・国際業務,33歳,1:男,43：熊本県,1
台湾,17：企業内転勤,33歳,1:男,43：熊本県,2
台湾,20：技能,33歳,1:男,43：熊本県,1
台湾,07：高度専門職１号イ,34歳,1:男,43：熊本県,1
台湾,16：技術・人文知識・国際業務,34歳,1:男,43：熊本県,2
台湾,31：留学,34歳,1:男,43：熊本県,1
台湾,16：技術・人文知識・国際業務,35歳,1:男,43：熊本県,2
台湾,17：企業内転勤,35歳,1:男,43：熊本県,2
台湾,16：技術・人文知識・国際業務,36歳,1:男,43：熊本県,2
台湾,16：技術・人文知識・国際業務,37歳,1:男,43：熊本県,1
台湾,17：企業内転勤,37歳,1:男,43：熊本県,1
台湾,16：技術・人文知識・国際業務,38歳,1:男,43：熊本県,2
台湾,17：企業内転勤,38歳,1:男,43：熊本県,1
台湾,16：技術・人文知識・国際業務,39歳,1:男,43：熊本県,1
台湾,17：企業内転勤,39歳,1:男,43：熊本県,1
台湾,35：永住者,39歳,1:男,43：熊本県,1
台湾,36：日本人の配偶者等,39歳,1:男,43：熊本県,1
台湾,16：技術・人文知識・国際業務,40歳,1:男,43：熊本県,1
台湾,35：永住者,41歳,1:男,43：熊本県,1
台湾,17：企業内転勤,43歳,1:男,43：熊本県,1
台湾,35：永住者,43歳,1:男,43：熊本県,1
台湾,36：日本人の配偶者等,43歳,1:男,43：熊本県,1
台湾,35：永住者,46歳,1:男,43：熊本県,1
台湾,21：特定技能１号,47歳,1:男,43：熊本県,1
台湾,17：企業内転勤,48歳,1:男,43：熊本県,1
台湾,17：企業内転勤,49歳,1:男,43：熊本県,1
台湾,35：永住者,49歳,1:男,43：熊本県,1
台湾,17：企業内転勤,50歳,1:男,43：熊本県,1
台湾,11：経営・管理,54歳,1:男,43：熊本県,1
台湾,16：技術・人文知識・国際業務,54歳,1:男,43：熊本県,1
台湾,17：企業内転勤,55歳,1:男,43：熊本県,1
台湾,35：永住者,55歳,1:男,43：熊本県,1
台湾,35：永住者,58歳,1:男,43：熊本県,2
台湾,17：企業内転勤,59歳,1:男,43：熊本県,1
台湾,39：特別永住者,74歳,1:男,43：熊本県,1
台湾,34：特定活動,80歳以上,1:男,43：熊本県,1
台湾,35：永住者,80歳以上,1:男,43：熊本県,1
台湾,33：家族滞在,01歳,2:女,43：熊本県,1
台湾,36：日本人の配偶者等,07歳,2:女,43：熊本県,1
台湾,35：永住者,21歳,2:女,43：熊本県,1
台湾,16：技術・人文知識・国際業務,24歳,2:女,43：熊本県,1
台湾,17：企業内転勤,24歳,2:女,43：熊本県,1
台湾,16：技術・人文知識・国際業務,25歳,2:女,43：熊本県,2
台湾,34：特定活動,25歳,2:女,43：熊本県,1
台湾,16：技術・人文知識・国際業務,26歳,2:女,43：熊本県,1
台湾,33：家族滞在,26歳,2:女,43：熊本県,1
台湾,08：高度専門職１号ロ,27歳,2:女,43：熊本県,1
台湾,16：技術・人文知識・国際業務,27歳,2:女,43：熊本県,3
台湾,16：技術・人文知識・国際業務,28歳,2:女,43：熊本県,7
台湾,33：家族滞在,28歳,2:女,43：熊本県,2
台湾,35：永住者,28歳,2:女,43：熊本県,1
台湾,16：技術・人文知識・国際業務,29歳,2:女,43：熊本県,4
台湾,31：留学,29歳,2:女,43：熊本県,1
台湾,33：家族滞在,29歳,2:女,43：熊本県,1
台湾,35：永住者,29歳,2:女,43：熊本県,1
台湾,16：技術・人文知識・国際業務,30歳,2:女,43：熊本県,3
台湾,33：家族滞在,30歳,2:女,43：熊本県,1
台湾,36：日本人の配偶者等,30歳,2:女,43：熊本県,1
台湾,16：技術・人文知識・国際業務,31歳,2:女,43：熊本県,3
台湾,33：家族滞在,31歳,2:女,43：熊本県,1
台湾,36：日本人の配偶者等,31歳,2:女,43：熊本県,3
台湾,37：永住者の配偶者等,31歳,2:女,43：熊本県,1
台湾,16：技術・人文知識・国際業務,32歳,2:女,43：熊本県,3
台湾,33：家族滞在,32歳,2:女,43：熊本県,1
台湾,35：永住者,32歳,2:女,43：熊本県,1
台湾,36：日本人の配偶者等,32歳,2:女,43：熊本県,1
台湾,16：技術・人文知識・国際業務,33歳,2:女,43：熊本県,4
台湾,17：企業内転勤,33歳,2:女,43：熊本県,1
台湾,35：永住者,33歳,2:女,43：熊本県,1
台湾,36：日本人の配偶者等,33歳,2:女,43：熊本県,2
台湾,16：技術・人文知識・国際業務,34歳,2:女,43：熊本県,2
台湾,36：日本人の配偶者等,34歳,2:女,43：熊本県,2
台湾,16：技術・人文知識・国際業務,35歳,2:女,43：熊本県,4
台湾,35：永住者,35歳,2:女,43：熊本県,2
台湾,36：日本人の配偶者等,35歳,2:女,43：熊本県,1
台湾,16：技術・人文知識・国際業務,36歳,2:女,43：熊本県,2
台湾,35：永住者,36歳,2:女,43：熊本県,2
台湾,36：日本人の配偶者等,36歳,2:女,43：熊本県,1
台湾,16：技術・人文知識・国際業務,37歳,2:女,43：熊本県,1
台湾,33：家族滞在,37歳,2:女,43：熊本県,1
台湾,35：永住者,37歳,2:女,43：熊本県,2
台湾,16：技術・人文知識・国際業務,38歳,2:女,43：熊本県,2
台湾,35：永住者,38歳,2:女,43：熊本県,2
台湾,36：日本人の配偶者等,38歳,2:女,43：熊本県,1
台湾,16：技術・人文知識・国際業務,39歳,2:女,43：熊本県,1
台湾,35：永住者,39歳,2:女,43：熊本県,4
台湾,16：技術・人文知識・国際業務,40歳,2:女,43：熊本県,1
台湾,17：企業内転勤,40歳,2:女,43：熊本県,1
台湾,33：家族滞在,40歳,2:女,43：熊本県,1
台湾,35：永住者,40歳,2:女,43：熊本県,1
台湾,36：日本人の配偶者等,40歳,2:女,43：熊本県,2
台湾,35：永住者,41歳,2:女,43：熊本県,4
台湾,36：日本人の配偶者等,41歳,2:女,43：熊本県,2
台湾,17：企業内転勤,42歳,2:女,43：熊本県,1
台湾,33：家族滞在,42歳,2:女,43：熊本県,1
台湾,35：永住者,42歳,2:女,43：熊本県,2
台湾,36：日本人の配偶者等,42歳,2:女,43：熊本県,2
台湾,16：技術・人文知識・国際業務,44歳,2:女,43：熊本県,1
台湾,35：永住者,44歳,2:女,43：熊本県,1
台湾,36：日本人の配偶者等,44歳,2:女,43：熊本県,1
台湾,16：技術・人文知識・国際業務,45歳,2:女,43：熊本県,1
台湾,35：永住者,45歳,2:女,43：熊本県,1
台湾,37：永住者の配偶者等,45歳,2:女,43：熊本県,1
台湾,16：技術・人文知識・国際業務,46歳,2:女,43：熊本県,1
台湾,35：永住者,46歳,2:女,43：熊本県,1
台湾,36：日本人の配偶者等,46歳,2:女,43：熊本県,1
台湾,38：定住者,46歳,2:女,43：熊本県,1
台湾,35：永住者,47歳,2:女,43：熊本県,1
台湾,35：永住者,48歳,2:女,43：熊本県,1
台湾,33：家族滞在,49歳,2:女,43：熊本県,1
台湾,35：永住者,50歳,2:女,43：熊本県,2
台湾,16：技術・人文知識・国際業務,51歳,2:女,43：熊本県,1
台湾,35：永住者,51歳,2:女,43：熊本県,1
台湾,35：永住者,52歳,2:女,43：熊本県,5
台湾,35：永住者,53歳,2:女,43：熊本県,2
台湾,36：日本人の配偶者等,53歳,2:女,43：熊本県,1
台湾,35：永住者,54歳,2:女,43：熊本県,1
台湾,35：永住者,55歳,2:女,43：熊本県,1
台湾,35：永住者,56歳,2:女,43：熊本県,2
台湾,35：永住者,57歳,2:女,43：熊本県,1
台湾,36：日本人の配偶者等,57歳,2:女,43：熊本県,1
台湾,35：永住者,58歳,2:女,43：熊本県,2
台湾,35：永住者,59歳,2:女,43：熊本県,1
台湾,35：永住者,60歳,2:女,43：熊本県,2
台湾,35：永住者,61歳,2:女,43：熊本県,1
台湾,35：永住者,63歳,2:女,43：熊本県,2
台湾,35：永住者,65歳,2:女,43：熊本県,1
台湾,39：特別永住者,70歳,2:女,43：熊本県,1
台湾,35：永住者,73歳,2:女,43：熊本県,1
台湾,35：永住者,75歳,2:女,43：熊本県,1
台湾,34：特定活動,78歳,2:女,43：熊本県,1
台湾,35：永住者,78歳,2:女,43：熊本県,1
台湾,35：永住者,80歳以上,2:女,43：熊本県,1
中国,33：家族滞在,00歳,1:男,43：熊本県,1
中国,35：永住者,00歳,1:男,43：熊本県,3
中国,37：永住者の配偶者等,00歳,1:男,43：熊本県,2
中国,33：家族滞在,01歳,1:男,43：熊本県,1
中国,35：永住者,01歳,1:男,43：熊本県,3
中国,37：永住者の配偶者等,01歳,1:男,43：熊本県,1
中国,33：家族滞在,02歳,1:男,43：熊本県,7
中国,35：永住者,02歳,1:男,43：熊本県,5
中国,37：永住者の配偶者等,02歳,1:男,43：熊本県,4
中国,33：家族滞在,03歳,1:男,43：熊本県,2
中国,35：永住者,03歳,1:男,43：熊本県,4
中国,37：永住者の配偶者等,03歳,1:男,43：熊本県,2
中国,33：家族滞在,04歳,1:男,43：熊本県,2
中国,35：永住者,04歳,1:男,43：熊本県,6
中国,38：定住者,04歳,1:男,43：熊本県,1
中国,33：家族滞在,05歳,1:男,43：熊本県,5
中国,35：永住者,05歳,1:男,43：熊本県,6
中国,37：永住者の配偶者等,05歳,1:男,43：熊本県,1
中国,38：定住者,05歳,1:男,43：熊本県,1
中国,33：家族滞在,06歳,1:男,43：熊本県,6
中国,35：永住者,06歳,1:男,43：熊本県,4
中国,37：永住者の配偶者等,06歳,1:男,43：熊本県,1
中国,38：定住者,06歳,1:男,43：熊本県,2
中国,33：家族滞在,07歳,1:男,43：熊本県,4
中国,35：永住者,07歳,1:男,43：熊本県,7
中国,38：定住者,07歳,1:男,43：熊本県,1
中国,35：永住者,08歳,1:男,43：熊本県,6
中国,38：定住者,08歳,1:男,43：熊本県,3
中国,35：永住者,09歳,1:男,43：熊本県,5
中国,38：定住者,09歳,1:男,43：熊本県,2
中国,35：永住者,10歳,1:男,43：熊本県,9
中国,38：定住者,10歳,1:男,43：熊本県,1
中国,33：家族滞在,11歳,1:男,43：熊本県,2
中国,35：永住者,11歳,1:男,43：熊本県,6
中国,33：家族滞在,12歳,1:男,43：熊本県,3
中国,35：永住者,12歳,1:男,43：熊本県,7
中国,36：日本人の配偶者等,12歳,1:男,43：熊本県,1
中国,38：定住者,12歳,1:男,43：熊本県,1
中国,33：家族滞在,13歳,1:男,43：熊本県,2
中国,35：永住者,13歳,1:男,43：熊本県,5
中国,38：定住者,13歳,1:男,43：熊本県,1
中国,35：永住者,14歳,1:男,43：熊本県,7
中国,33：家族滞在,15歳,1:男,43：熊本県,1
中国,35：永住者,15歳,1:男,43：熊本県,5
中国,38：定住者,15歳,1:男,43：熊本県,1
中国,31：留学,16歳,1:男,43：熊本県,1
中国,35：永住者,16歳,1:男,43：熊本県,8
中国,38：定住者,16歳,1:男,43：熊本県,1
中国,35：永住者,17歳,1:男,43：熊本県,8
中国,37：永住者の配偶者等,17歳,1:男,43：熊本県,1
中国,38：定住者,17歳,1:男,43：熊本県,3
中国,31：留学,18歳,1:男,43：熊本県,3
中国,35：永住者,18歳,1:男,43：熊本県,5
中国,38：定住者,18歳,1:男,43：熊本県,1
中国,24：技能実習１号ロ,19歳,1:男,43：熊本県,1
中国,31：留学,19歳,1:男,43：熊本県,9
中国,33：家族滞在,19歳,1:男,43：熊本県,2
中国,35：永住者,19歳,1:男,43：熊本県,1
中国,36：日本人の配偶者等,19歳,1:男,43：熊本県,1
中国,24：技能実習１号ロ,20歳,1:男,43：熊本県,1
中国,31：留学,20歳,1:男,43：熊本県,10
中国,38：定住者,20歳,1:男,43：熊本県,3
中国,24：技能実習１号ロ,21歳,1:男,43：熊本県,2
中国,26：技能実習２号ロ,21歳,1:男,43：熊本県,4
中国,31：留学,21歳,1:男,43：熊本県,30
中国,33：家族滞在,21歳,1:男,43：熊本県,1
中国,34：特定活動,21歳,1:男,43：熊本県,1
中国,35：永住者,21歳,1:男,43：熊本県,3
中国,38：定住者,21歳,1:男,43：熊本県,2
中国,16：技術・人文知識・国際業務,22歳,1:男,43：熊本県,1
中国,21：特定技能１号,22歳,1:男,43：熊本県,1
中国,24：技能実習１号ロ,22歳,1:男,43：熊本県,1
中国,26：技能実習２号ロ,22歳,1:男,43：熊本県,2
中国,31：留学,22歳,1:男,43：熊本県,37
中国,34：特定活動,22歳,1:男,43：熊本県,1
中国,35：永住者,22歳,1:男,43：熊本県,4
中国,38：定住者,22歳,1:男,43：熊本県,2
中国,26：技能実習２号ロ,23歳,1:男,43：熊本県,2
中国,28：技能実習３号ロ,23歳,1:男,43：熊本県,2
中国,31：留学,23歳,1:男,43：熊本県,24
中国,34：特定活動,23歳,1:男,43：熊本県,1
中国,35：永住者,23歳,1:男,43：熊本県,7
中国,38：定住者,23歳,1:男,43：熊本県,2
中国,16：技術・人文知識・国際業務,24歳,1:男,43：熊本県,5
中国,24：技能実習１号ロ,24歳,1:男,43：熊本県,1
中国,26：技能実習２号ロ,24歳,1:男,43：熊本県,6
中国,29：文化活動,24歳,1:男,43：熊本県,1
中国,31：留学,24歳,1:男,43：熊本県,31
中国,34：特定活動,24歳,1:男,43：熊本県,2
中国,35：永住者,24歳,1:男,43：熊本県,7
中国,38：定住者,24歳,1:男,43：熊本県,1
中国,16：技術・人文知識・国際業務,25歳,1:男,43：熊本県,8
中国,21：特定技能１号,25歳,1:男,43：熊本県,1
中国,24：技能実習１号ロ,25歳,1:男,43：熊本県,2
中国,26：技能実習２号ロ,25歳,1:男,43：熊本県,1
中国,31：留学,25歳,1:男,43：熊本県,42
中国,34：特定活動,25歳,1:男,43：熊本県,1
中国,35：永住者,25歳,1:男,43：熊本県,5
中国,11：経営・管理,26歳,1:男,43：熊本県,1
中国,16：技術・人文知識・国際業務,26歳,1:男,43：熊本県,6
中国,21：特定技能１号,26歳,1:男,43：熊本県,1
中国,24：技能実習１号ロ,26歳,1:男,43：熊本県,1
中国,26：技能実習２号ロ,26歳,1:男,43：熊本県,2
中国,28：技能実習３号ロ,26歳,1:男,43：熊本県,1
中国,31：留学,26歳,1:男,43：熊本県,20
中国,33：家族滞在,26歳,1:男,43：熊本県,1
中国,34：特定活動,26歳,1:男,43：熊本県,3
中国,35：永住者,26歳,1:男,43：熊本県,5
中国,36：日本人の配偶者等,26歳,1:男,43：熊本県,1
中国,16：技術・人文知識・国際業務,27歳,1:男,43：熊本県,8
中国,21：特定技能１号,27歳,1:男,43：熊本県,1
中国,26：技能実習２号ロ,27歳,1:男,43：熊本県,1
中国,31：留学,27歳,1:男,43：熊本県,11
中国,33：家族滞在,27歳,1:男,43：熊本県,2
中国,35：永住者,27歳,1:男,43：熊本県,4
中国,37：永住者の配偶者等,27歳,1:男,43：熊本県,1
中国,16：技術・人文知識・国際業務,28歳,1:男,43：熊本県,9
中国,24：技能実習１号ロ,28歳,1:男,43：熊本県,2
中国,26：技能実習２号ロ,28歳,1:男,43：熊本県,2
中国,29：文化活動,28歳,1:男,43：熊本県,1
中国,31：留学,28歳,1:男,43：熊本県,17
中国,34：特定活動,28歳,1:男,43：熊本県,1
中国,35：永住者,28歳,1:男,43：熊本県,8
中国,16：技術・人文知識・国際業務,29歳,1:男,43：熊本県,11
中国,26：技能実習２号ロ,29歳,1:男,43：熊本県,3
中国,28：技能実習３号ロ,29歳,1:男,43：熊本県,1
中国,31：留学,29歳,1:男,43：熊本県,6
中国,33：家族滞在,29歳,1:男,43：熊本県,1
中国,35：永住者,29歳,1:男,43：熊本県,2
中国,37：永住者の配偶者等,29歳,1:男,43：熊本県,1
中国,38：定住者,29歳,1:男,43：熊本県,2
中国,11：経営・管理,30歳,1:男,43：熊本県,1
中国,16：技術・人文知識・国際業務,30歳,1:男,43：熊本県,10
中国,24：技能実習１号ロ,30歳,1:男,43：熊本県,2
中国,26：技能実習２号ロ,30歳,1:男,43：熊本県,1
中国,28：技能実習３号ロ,30歳,1:男,43：熊本県,1
中国,31：留学,30歳,1:男,43：熊本県,6
中国,33：家族滞在,30歳,1:男,43：熊本県,1
中国,35：永住者,30歳,1:男,43：熊本県,4
中国,36：日本人の配偶者等,30歳,1:男,43：熊本県,1
中国,03：教授,31歳,1:男,43：熊本県,1
中国,07：高度専門職１号イ,31歳,1:男,43：熊本県,3
中国,08：高度専門職１号ロ,31歳,1:男,43：熊本県,1
中国,16：技術・人文知識・国際業務,31歳,1:男,43：熊本県,6
中国,20：技能,31歳,1:男,43：熊本県,1
中国,24：技能実習１号ロ,31歳,1:男,43：熊本県,1
中国,26：技能実習２号ロ,31歳,1:男,43：熊本県,2
中国,31：留学,31歳,1:男,43：熊本県,3
中国,35：永住者,31歳,1:男,43：熊本県,7
中国,36：日本人の配偶者等,31歳,1:男,43：熊本県,1
中国,38：定住者,31歳,1:男,43：熊本県,1
中国,11：経営・管理,32歳,1:男,43：熊本県,3
中国,16：技術・人文知識・国際業務,32歳,1:男,43：熊本県,8
中国,20：技能,32歳,1:男,43：熊本県,1
中国,21：特定技能１号,32歳,1:男,43：熊本県,2
中国,24：技能実習１号ロ,32歳,1:男,43：熊本県,3
中国,26：技能実習２号ロ,32歳,1:男,43：熊本県,4
中国,31：留学,32歳,1:男,43：熊本県,1
中国,33：家族滞在,32歳,1:男,43：熊本県,4
中国,34：特定活動,32歳,1:男,43：熊本県,1
中国,35：永住者,32歳,1:男,43：熊本県,8
中国,36：日本人の配偶者等,32歳,1:男,43：熊本県,1
中国,37：永住者の配偶者等,32歳,1:男,43：熊本県,1
中国,38：定住者,32歳,1:男,43：熊本県,1
中国,08：高度専門職１号ロ,33歳,1:男,43：熊本県,1
中国,16：技術・人文知識・国際業務,33歳,1:男,43：熊本県,8
中国,24：技能実習１号ロ,33歳,1:男,43：熊本県,1
中国,26：技能実習２号ロ,33歳,1:男,43：熊本県,2
中国,28：技能実習３号ロ,33歳,1:男,43：熊本県,2
中国,31：留学,33歳,1:男,43：熊本県,1
中国,33：家族滞在,33歳,1:男,43：熊本県,1
中国,35：永住者,33歳,1:男,43：熊本県,7
中国,37：永住者の配偶者等,33歳,1:男,43：熊本県,1
中国,16：技術・人文知識・国際業務,34歳,1:男,43：熊本県,4
中国,21：特定技能１号,34歳,1:男,43：熊本県,3
中国,26：技能実習２号ロ,34歳,1:男,43：熊本県,2
中国,28：技能実習３号ロ,34歳,1:男,43：熊本県,2
中国,31：留学,34歳,1:男,43：熊本県,1
中国,33：家族滞在,34歳,1:男,43：熊本県,1
中国,35：永住者,34歳,1:男,43：熊本県,11
中国,36：日本人の配偶者等,34歳,1:男,43：熊本県,2
中国,16：技術・人文知識・国際業務,35歳,1:男,43：熊本県,6
中国,20：技能,35歳,1:男,43：熊本県,1
中国,21：特定技能１号,35歳,1:男,43：熊本県,4
中国,26：技能実習２号ロ,35歳,1:男,43：熊本県,3
中国,28：技能実習３号ロ,35歳,1:男,43：熊本県,1
中国,29：文化活動,35歳,1:男,43：熊本県,2
中国,31：留学,35歳,1:男,43：熊本県,2
中国,33：家族滞在,35歳,1:男,43：熊本県,1
中国,34：特定活動,35歳,1:男,43：熊本県,1
中国,35：永住者,35歳,1:男,43：熊本県,9
中国,11：経営・管理,36歳,1:男,43：熊本県,1
中国,16：技術・人文知識・国際業務,36歳,1:男,43：熊本県,7
中国,17：企業内転勤,36歳,1:男,43：熊本県,1
中国,24：技能実習１号ロ,36歳,1:男,43：熊本県,2
中国,26：技能実習２号ロ,36歳,1:男,43：熊本県,5
中国,28：技能実習３号ロ,36歳,1:男,43：熊本県,1
中国,34：特定活動,36歳,1:男,43：熊本県,1
中国,35：永住者,36歳,1:男,43：熊本県,6
中国,36：日本人の配偶者等,36歳,1:男,43：熊本県,1
中国,11：経営・管理,37歳,1:男,43：熊本県,1
中国,16：技術・人文知識・国際業務,37歳,1:男,43：熊本県,4
中国,20：技能,37歳,1:男,43：熊本県,1
中国,21：特定技能１号,37歳,1:男,43：熊本県,3
中国,26：技能実習２号ロ,37歳,1:男,43：熊本県,4
中国,28：技能実習３号ロ,37歳,1:男,43：熊本県,2
中国,35：永住者,37歳,1:男,43：熊本県,10
中国,16：技術・人文知識・国際業務,38歳,1:男,43：熊本県,4
中国,20：技能,38歳,1:男,43：熊本県,1
中国,21：特定技能１号,38歳,1:男,43：熊本県,2
中国,26：技能実習２号ロ,38歳,1:男,43：熊本県,4
中国,33：家族滞在,38歳,1:男,43：熊本県,1
中国,35：永住者,38歳,1:男,43：熊本県,8
中国,36：日本人の配偶者等,38歳,1:男,43：熊本県,1
中国,08：高度専門職１号ロ,39歳,1:男,43：熊本県,1
中国,09：高度専門職１号ハ,39歳,1:男,43：熊本県,1
中国,10：高度専門職２号,39歳,1:男,43：熊本県,1
中国,11：経営・管理,39歳,1:男,43：熊本県,1
中国,16：技術・人文知識・国際業務,39歳,1:男,43：熊本県,3
中国,20：技能,39歳,1:男,43：熊本県,1
中国,21：特定技能１号,39歳,1:男,43：熊本県,2
中国,26：技能実習２号ロ,39歳,1:男,43：熊本県,4
中国,34：特定活動,39歳,1:男,43：熊本県,2
中国,35：永住者,39歳,1:男,43：熊本県,10
中国,36：日本人の配偶者等,39歳,1:男,43：熊本県,1
中国,37：永住者の配偶者等,39歳,1:男,43：熊本県,1
中国,38：定住者,39歳,1:男,43：熊本県,1
中国,16：技術・人文知識・国際業務,40歳,1:男,43：熊本県,2
中国,20：技能,40歳,1:男,43：熊本県,2
中国,21：特定技能１号,40歳,1:男,43：熊本県,2
中国,24：技能実習１号ロ,40歳,1:男,43：熊本県,1
中国,26：技能実習２号ロ,40歳,1:男,43：熊本県,4
中国,28：技能実習３号ロ,40歳,1:男,43：熊本県,1
中国,34：特定活動,40歳,1:男,43：熊本県,1
中国,35：永住者,40歳,1:男,43：熊本県,9
中国,36：日本人の配偶者等,40歳,1:男,43：熊本県,4
中国,16：技術・人文知識・国際業務,41歳,1:男,43：熊本県,3
中国,20：技能,41歳,1:男,43：熊本県,3
中国,21：特定技能１号,41歳,1:男,43：熊本県,3
中国,24：技能実習１号ロ,41歳,1:男,43：熊本県,2
中国,26：技能実習２号ロ,41歳,1:男,43：熊本県,4
中国,28：技能実習３号ロ,41歳,1:男,43：熊本県,3
中国,31：留学,41歳,1:男,43：熊本県,1
中国,34：特定活動,41歳,1:男,43：熊本県,1
中国,35：永住者,41歳,1:男,43：熊本県,12
中国,37：永住者の配偶者等,41歳,1:男,43：熊本県,1
中国,11：経営・管理,42歳,1:男,43：熊本県,1
中国,20：技能,42歳,1:男,43：熊本県,2
中国,24：技能実習１号ロ,42歳,1:男,43：熊本県,1
中国,28：技能実習３号ロ,42歳,1:男,43：熊本県,1
中国,34：特定活動,42歳,1:男,43：熊本県,1
中国,35：永住者,42歳,1:男,43：熊本県,8
中国,36：日本人の配偶者等,42歳,1:男,43：熊本県,1
中国,37：永住者の配偶者等,42歳,1:男,43：熊本県,2
中国,38：定住者,42歳,1:男,43：熊本県,1
中国,11：経営・管理,43歳,1:男,43：熊本県,1
中国,16：技術・人文知識・国際業務,43歳,1:男,43：熊本県,3
中国,20：技能,43歳,1:男,43：熊本県,3
中国,24：技能実習１号ロ,43歳,1:男,43：熊本県,1
中国,26：技能実習２号ロ,43歳,1:男,43：熊本県,3
中国,28：技能実習３号ロ,43歳,1:男,43：熊本県,2
中国,34：特定活動,43歳,1:男,43：熊本県,2
中国,35：永住者,43歳,1:男,43：熊本県,9
中国,36：日本人の配偶者等,43歳,1:男,43：熊本県,1
中国,37：永住者の配偶者等,43歳,1:男,43：熊本県,1
中国,38：定住者,43歳,1:男,43：熊本県,1
中国,11：経営・管理,44歳,1:男,43：熊本県,1
中国,16：技術・人文知識・国際業務,44歳,1:男,43：熊本県,2
中国,20：技能,44歳,1:男,43：熊本県,3
中国,21：特定技能１号,44歳,1:男,43：熊本県,1
中国,24：技能実習１号ロ,44歳,1:男,43：熊本県,1
中国,26：技能実習２号ロ,44歳,1:男,43：熊本県,1
中国,34：特定活動,44歳,1:男,43：熊本県,2
中国,35：永住者,44歳,1:男,43：熊本県,10
中国,38：定住者,44歳,1:男,43：熊本県,1
中国,20：技能,45歳,1:男,43：熊本県,3
中国,33：家族滞在,45歳,1:男,43：熊本県,2
中国,34：特定活動,45歳,1:男,43：熊本県,1
中国,35：永住者,45歳,1:男,43：熊本県,7
中国,36：日本人の配偶者等,45歳,1:男,43：熊本県,1
中国,20：技能,46歳,1:男,43：熊本県,4
中国,21：特定技能１号,46歳,1:男,43：熊本県,1
中国,24：技能実習１号ロ,46歳,1:男,43：熊本県,1
中国,26：技能実習２号ロ,46歳,1:男,43：熊本県,2
中国,35：永住者,46歳,1:男,43：熊本県,7
中国,36：日本人の配偶者等,46歳,1:男,43：熊本県,1
中国,11：経営・管理,47歳,1:男,43：熊本県,2
中国,16：技術・人文知識・国際業務,47歳,1:男,43：熊本県,3
中国,20：技能,47歳,1:男,43：熊本県,2
中国,26：技能実習２号ロ,47歳,1:男,43：熊本県,1
中国,33：家族滞在,47歳,1:男,43：熊本県,1
中国,34：特定活動,47歳,1:男,43：熊本県,1
中国,35：永住者,47歳,1:男,43：熊本県,7
中国,36：日本人の配偶者等,47歳,1:男,43：熊本県,1
中国,16：技術・人文知識・国際業務,48歳,1:男,43：熊本県,1
中国,20：技能,48歳,1:男,43：熊本県,4
中国,35：永住者,48歳,1:男,43：熊本県,5
中国,36：日本人の配偶者等,48歳,1:男,43：熊本県,1
中国,16：技術・人文知識・国際業務,49歳,1:男,43：熊本県,1
中国,20：技能,49歳,1:男,43：熊本県,3
中国,33：家族滞在,49歳,1:男,43：熊本県,1
中国,35：永住者,49歳,1:男,43：熊本県,10
中国,36：日本人の配偶者等,49歳,1:男,43：熊本県,1
中国,20：技能,50歳,1:男,43：熊本県,1
中国,21：特定技能１号,50歳,1:男,43：熊本県,1
中国,24：技能実習１号ロ,50歳,1:男,43：熊本県,2
中国,33：家族滞在,50歳,1:男,43：熊本県,1
中国,35：永住者,50歳,1:男,43：熊本県,6
中国,36：日本人の配偶者等,50歳,1:男,43：熊本県,1
中国,37：永住者の配偶者等,50歳,1:男,43：熊本県,1
中国,16：技術・人文知識・国際業務,51歳,1:男,43：熊本県,1
中国,20：技能,51歳,1:男,43：熊本県,1
中国,26：技能実習２号ロ,51歳,1:男,43：熊本県,1
中国,35：永住者,51歳,1:男,43：熊本県,11
中国,37：永住者の配偶者等,51歳,1:男,43：熊本県,1
中国,11：経営・管理,52歳,1:男,43：熊本県,1
中国,20：技能,52歳,1:男,43：熊本県,2
中国,33：家族滞在,52歳,1:男,43：熊本県,1
中国,35：永住者,52歳,1:男,43：熊本県,6
中国,11：経営・管理,53歳,1:男,43：熊本県,2
中国,16：技術・人文知識・国際業務,53歳,1:男,43：熊本県,1
中国,20：技能,53歳,1:男,43：熊本県,1
中国,33：家族滞在,53歳,1:男,43：熊本県,1
中国,35：永住者,53歳,1:男,43：熊本県,6
中国,03：教授,54歳,1:男,43：熊本県,1
中国,16：技術・人文知識・国際業務,54歳,1:男,43：熊本県,1
中国,20：技能,54歳,1:男,43：熊本県,5
中国,35：永住者,54歳,1:男,43：熊本県,9
中国,35：永住者,55歳,1:男,43：熊本県,7
中国,37：永住者の配偶者等,55歳,1:男,43：熊本県,2
中国,11：経営・管理,56歳,1:男,43：熊本県,1
中国,20：技能,56歳,1:男,43：熊本県,1
中国,35：永住者,56歳,1:男,43：熊本県,5
中国,03：教授,57歳,1:男,43：熊本県,1
中国,16：技術・人文知識・国際業務,57歳,1:男,43：熊本県,1
中国,35：永住者,57歳,1:男,43：熊本県,10
中国,16：技術・人文知識・国際業務,58歳,1:男,43：熊本県,1
中国,35：永住者,58歳,1:男,43：熊本県,8
中国,16：技術・人文知識・国際業務,59歳,1:男,43：熊本県,1
中国,35：永住者,59歳,1:男,43：熊本県,9
中国,36：日本人の配偶者等,59歳,1:男,43：熊本県,1
中国,38：定住者,59歳,1:男,43：熊本県,1
中国,20：技能,60歳,1:男,43：熊本県,1
中国,35：永住者,60歳,1:男,43：熊本県,7
中国,20：技能,61歳,1:男,43：熊本県,1
中国,33：家族滞在,61歳,1:男,43：熊本県,1
中国,35：永住者,61歳,1:男,43：熊本県,6
中国,35：永住者,62歳,1:男,43：熊本県,6
中国,11：経営・管理,63歳,1:男,43：熊本県,1
中国,16：技術・人文知識・国際業務,63歳,1:男,43：熊本県,1
中国,20：技能,63歳,1:男,43：熊本県,1
中国,35：永住者,63歳,1:男,43：熊本県,7
中国,20：技能,64歳,1:男,43：熊本県,1
中国,35：永住者,64歳,1:男,43：熊本県,7
中国,35：永住者,65歳,1:男,43：熊本県,6
中国,36：日本人の配偶者等,65歳,1:男,43：熊本県,1
中国,35：永住者,66歳,1:男,43：熊本県,1
中国,37：永住者の配偶者等,66歳,1:男,43：熊本県,1
中国,35：永住者,67歳,1:男,43：熊本県,5
中国,35：永住者,68歳,1:男,43：熊本県,4
中国,38：定住者,68歳,1:男,43：熊本県,1
中国,35：永住者,69歳,1:男,43：熊本県,6
中国,35：永住者,70歳,1:男,43：熊本県,2
中国,37：永住者の配偶者等,70歳,1:男,43：熊本県,1
中国,38：定住者,70歳,1:男,43：熊本県,1
中国,34：特定活動,71歳,1:男,43：熊本県,1
中国,35：永住者,71歳,1:男,43：熊本県,5
中国,39：特別永住者,71歳,1:男,43：熊本県,1
中国,35：永住者,72歳,1:男,43：熊本県,7
中国,35：永住者,73歳,1:男,43：熊本県,3
中国,37：永住者の配偶者等,73歳,1:男,43：熊本県,1
中国,35：永住者,75歳,1:男,43：熊本県,2
中国,38：定住者,75歳,1:男,43：熊本県,1
中国,35：永住者,76歳,1:男,43：熊本県,1
中国,35：永住者,77歳,1:男,43：熊本県,2
中国,36：日本人の配偶者等,77歳,1:男,43：熊本県,1
中国,35：永住者,78歳,1:男,43：熊本県,1
中国,36：日本人の配偶者等,78歳,1:男,43：熊本県,1
中国,35：永住者,80歳以上,1:男,43：熊本県,7
中国,35：永住者,00歳,2:女,43：熊本県,1
中国,38：定住者,00歳,2:女,43：熊本県,1
中国,33：家族滞在,01歳,2:女,43：熊本県,5
中国,35：永住者,01歳,2:女,43：熊本県,4
中国,33：家族滞在,02歳,2:女,43：熊本県,3
中国,34：特定活動,02歳,2:女,43：熊本県,1
中国,35：永住者,02歳,2:女,43：熊本県,3
中国,33：家族滞在,03歳,2:女,43：熊本県,1
中国,35：永住者,03歳,2:女,43：熊本県,2
中国,33：家族滞在,04歳,2:女,43：熊本県,4
中国,35：永住者,04歳,2:女,43：熊本県,6
中国,38：定住者,04歳,2:女,43：熊本県,1
中国,33：家族滞在,05歳,2:女,43：熊本県,3
中国,35：永住者,05歳,2:女,43：熊本県,2
中国,37：永住者の配偶者等,05歳,2:女,43：熊本県,1
中国,33：家族滞在,06歳,2:女,43：熊本県,2
中国,35：永住者,06歳,2:女,43：熊本県,4
中国,37：永住者の配偶者等,06歳,2:女,43：熊本県,1
中国,38：定住者,06歳,2:女,43：熊本県,1
中国,33：家族滞在,07歳,2:女,43：熊本県,1
中国,35：永住者,07歳,2:女,43：熊本県,6
中国,38：定住者,07歳,2:女,43：熊本県,1
中国,33：家族滞在,08歳,2:女,43：熊本県,3
中国,35：永住者,08歳,2:女,43：熊本県,3
中国,33：家族滞在,09歳,2:女,43：熊本県,2
中国,35：永住者,09歳,2:女,43：熊本県,13
中国,38：定住者,09歳,2:女,43：熊本県,1
中国,33：家族滞在,10歳,2:女,43：熊本県,2
中国,35：永住者,10歳,2:女,43：熊本県,10
中国,35：永住者,11歳,2:女,43：熊本県,9
中国,38：定住者,11歳,2:女,43：熊本県,2
中国,33：家族滞在,12歳,2:女,43：熊本県,1
中国,35：永住者,12歳,2:女,43：熊本県,8
中国,33：家族滞在,13歳,2:女,43：熊本県,2
中国,35：永住者,13歳,2:女,43：熊本県,5
中国,35：永住者,14歳,2:女,43：熊本県,4
中国,38：定住者,14歳,2:女,43：熊本県,2
中国,35：永住者,15歳,2:女,43：熊本県,3
中国,38：定住者,15歳,2:女,43：熊本県,2
中国,33：家族滞在,16歳,2:女,43：熊本県,2
中国,35：永住者,16歳,2:女,43：熊本県,5
中国,38：定住者,16歳,2:女,43：熊本県,1
中国,33：家族滞在,17歳,2:女,43：熊本県,1
中国,38：定住者,17歳,2:女,43：熊本県,1
中国,31：留学,18歳,2:女,43：熊本県,1
中国,33：家族滞在,18歳,2:女,43：熊本県,1
中国,35：永住者,18歳,2:女,43：熊本県,4
中国,38：定住者,18歳,2:女,43：熊本県,1
中国,31：留学,19歳,2:女,43：熊本県,4
中国,33：家族滞在,19歳,2:女,43：熊本県,1
中国,35：永住者,19歳,2:女,43：熊本県,3
中国,38：定住者,19歳,2:女,43：熊本県,1
中国,26：技能実習２号ロ,20歳,2:女,43：熊本県,1
中国,31：留学,20歳,2:女,43：熊本県,10
中国,33：家族滞在,20歳,2:女,43：熊本県,1
中国,35：永住者,20歳,2:女,43：熊本県,7
中国,38：定住者,20歳,2:女,43：熊本県,1
中国,24：技能実習１号ロ,21歳,2:女,43：熊本県,1
中国,26：技能実習２号ロ,21歳,2:女,43：熊本県,2
中国,31：留学,21歳,2:女,43：熊本県,11
中国,35：永住者,21歳,2:女,43：熊本県,7
中国,38：定住者,21歳,2:女,43：熊本県,2
中国,26：技能実習２号ロ,22歳,2:女,43：熊本県,2
中国,31：留学,22歳,2:女,43：熊本県,14
中国,34：特定活動,22歳,2:女,43：熊本県,1
中国,35：永住者,22歳,2:女,43：熊本県,5
中国,38：定住者,22歳,2:女,43：熊本県,1
中国,16：技術・人文知識・国際業務,23歳,2:女,43：熊本県,1
中国,26：技能実習２号ロ,23歳,2:女,43：熊本県,2
中国,31：留学,23歳,2:女,43：熊本県,25
中国,33：家族滞在,23歳,2:女,43：熊本県,1
中国,34：特定活動,23歳,2:女,43：熊本県,1
中国,35：永住者,23歳,2:女,43：熊本県,7
中国,38：定住者,23歳,2:女,43：熊本県,1
中国,16：技術・人文知識・国際業務,24歳,2:女,43：熊本県,1
中国,26：技能実習２号ロ,24歳,2:女,43：熊本県,5
中国,28：技能実習３号ロ,24歳,2:女,43：熊本県,1
中国,31：留学,24歳,2:女,43：熊本県,29
中国,33：家族滞在,24歳,2:女,43：熊本県,1
中国,35：永住者,24歳,2:女,43：熊本県,5
中国,36：日本人の配偶者等,24歳,2:女,43：熊本県,1
中国,38：定住者,24歳,2:女,43：熊本県,4
中国,13：医療,25歳,2:女,43：熊本県,1
中国,16：技術・人文知識・国際業務,25歳,2:女,43：熊本県,8
中国,26：技能実習２号ロ,25歳,2:女,43：熊本県,1
中国,31：留学,25歳,2:女,43：熊本県,10
中国,33：家族滞在,25歳,2:女,43：熊本県,1
中国,34：特定活動,25歳,2:女,43：熊本県,3
中国,35：永住者,25歳,2:女,43：熊本県,6
中国,13：医療,26歳,2:女,43：熊本県,1
中国,16：技術・人文知識・国際業務,26歳,2:女,43：熊本県,4
中国,26：技能実習２号ロ,26歳,2:女,43：熊本県,1
中国,31：留学,26歳,2:女,43：熊本県,11
中国,33：家族滞在,26歳,2:女,43：熊本県,2
中国,35：永住者,26歳,2:女,43：熊本県,5
中国,37：永住者の配偶者等,26歳,2:女,43：熊本県,1
中国,38：定住者,26歳,2:女,43：熊本県,1
中国,16：技術・人文知識・国際業務,27歳,2:女,43：熊本県,9
中国,26：技能実習２号ロ,27歳,2:女,43：熊本県,4
中国,31：留学,27歳,2:女,43：熊本県,6
中国,33：家族滞在,27歳,2:女,43：熊本県,2
中国,35：永住者,27歳,2:女,43：熊本県,4
中国,36：日本人の配偶者等,27歳,2:女,43：熊本県,1
中国,08：高度専門職１号ロ,28歳,2:女,43：熊本県,1
中国,16：技術・人文知識・国際業務,28歳,2:女,43：熊本県,5
中国,26：技能実習２号ロ,28歳,2:女,43：熊本県,3
中国,31：留学,28歳,2:女,43：熊本県,10
中国,33：家族滞在,28歳,2:女,43：熊本県,1
中国,34：特定活動,28歳,2:女,43：熊本県,2
中国,35：永住者,28歳,2:女,43：熊本県,10
中国,36：日本人の配偶者等,28歳,2:女,43：熊本県,1
中国,37：永住者の配偶者等,28歳,2:女,43：熊本県,1
中国,38：定住者,28歳,2:女,43：熊本県,1
中国,03：教授,29歳,2:女,43：熊本県,2
中国,11：経営・管理,29歳,2:女,43：熊本県,1
中国,13：医療,29歳,2:女,43：熊本県,1
中国,16：技術・人文知識・国際業務,29歳,2:女,43：熊本県,4
中国,21：特定技能１号,29歳,2:女,43：熊本県,1
中国,24：技能実習１号ロ,29歳,2:女,43：熊本県,1
中国,26：技能実習２号ロ,29歳,2:女,43：熊本県,4
中国,31：留学,29歳,2:女,43：熊本県,4
中国,33：家族滞在,29歳,2:女,43：熊本県,1
中国,35：永住者,29歳,2:女,43：熊本県,5
中国,36：日本人の配偶者等,29歳,2:女,43：熊本県,1
中国,38：定住者,29歳,2:女,43：熊本県,2
中国,03：教授,30歳,2:女,43：熊本県,2
中国,08：高度専門職１号ロ,30歳,2:女,43：熊本県,1
中国,11：経営・管理,30歳,2:女,43：熊本県,1
中国,16：技術・人文知識・国際業務,30歳,2:女,43：熊本県,8
中国,24：技能実習１号ロ,30歳,2:女,43：熊本県,3
中国,26：技能実習２号ロ,30歳,2:女,43：熊本県,3
中国,28：技能実習３号ロ,30歳,2:女,43：熊本県,1
中国,31：留学,30歳,2:女,43：熊本県,4
中国,33：家族滞在,30歳,2:女,43：熊本県,3
中国,34：特定活動,30歳,2:女,43：熊本県,1
中国,35：永住者,30歳,2:女,43：熊本県,6
中国,36：日本人の配偶者等,30歳,2:女,43：熊本県,3
中国,37：永住者の配偶者等,30歳,2:女,43：熊本県,1
中国,38：定住者,30歳,2:女,43：熊本県,1
中国,16：技術・人文知識・国際業務,31歳,2:女,43：熊本県,8
中国,21：特定技能１号,31歳,2:女,43：熊本県,1
中国,24：技能実習１号ロ,31歳,2:女,43：熊本県,3
中国,26：技能実習２号ロ,31歳,2:女,43：熊本県,5
中国,28：技能実習３号ロ,31歳,2:女,43：熊本県,1
中国,31：留学,31歳,2:女,43：熊本県,2
中国,34：特定活動,31歳,2:女,43：熊本県,2
中国,35：永住者,31歳,2:女,43：熊本県,4
中国,36：日本人の配偶者等,31歳,2:女,43：熊本県,8
中国,37：永住者の配偶者等,31歳,2:女,43：熊本県,2
中国,38：定住者,31歳,2:女,43：熊本県,1
中国,07：高度専門職１号イ,32歳,2:女,43：熊本県,1
中国,08：高度専門職１号ロ,32歳,2:女,43：熊本県,1
中国,16：技術・人文知識・国際業務,32歳,2:女,43：熊本県,9
中国,24：技能実習１号ロ,32歳,2:女,43：熊本県,1
中国,26：技能実習２号ロ,32歳,2:女,43：熊本県,6
中国,28：技能実習３号ロ,32歳,2:女,43：熊本県,2
中国,31：留学,32歳,2:女,43：熊本県,1
中国,33：家族滞在,32歳,2:女,43：熊本県,1
中国,34：特定活動,32歳,2:女,43：熊本県,3
中国,35：永住者,32歳,2:女,43：熊本県,11
中国,36：日本人の配偶者等,32歳,2:女,43：熊本県,3
中国,37：永住者の配偶者等,32歳,2:女,43：熊本県,4
中国,13：医療,33歳,2:女,43：熊本県,1
中国,16：技術・人文知識・国際業務,33歳,2:女,43：熊本県,5
中国,21：特定技能１号,33歳,2:女,43：熊本県,1
中国,24：技能実習１号ロ,33歳,2:女,43：熊本県,1
中国,26：技能実習２号ロ,33歳,2:女,43：熊本県,3
中国,28：技能実習３号ロ,33歳,2:女,43：熊本県,1
中国,31：留学,33歳,2:女,43：熊本県,3
中国,33：家族滞在,33歳,2:女,43：熊本県,3
中国,34：特定活動,33歳,2:女,43：熊本県,5
中国,35：永住者,33歳,2:女,43：熊本県,8
中国,36：日本人の配偶者等,33歳,2:女,43：熊本県,5
中国,37：永住者の配偶者等,33歳,2:女,43：熊本県,2
中国,16：技術・人文知識・国際業務,34歳,2:女,43：熊本県,4
中国,24：技能実習１号ロ,34歳,2:女,43：熊本県,2
中国,26：技能実習２号ロ,34歳,2:女,43：熊本県,9
中国,28：技能実習３号ロ,34歳,2:女,43：熊本県,4
中国,31：留学,34歳,2:女,43：熊本県,1
中国,33：家族滞在,34歳,2:女,43：熊本県,2
中国,34：特定活動,34歳,2:女,43：熊本県,4
中国,35：永住者,34歳,2:女,43：熊本県,15
中国,36：日本人の配偶者等,34歳,2:女,43：熊本県,6
中国,37：永住者の配偶者等,34歳,2:女,43：熊本県,1
中国,16：技術・人文知識・国際業務,35歳,2:女,43：熊本県,2
中国,20：技能,35歳,2:女,43：熊本県,1
中国,21：特定技能１号,35歳,2:女,43：熊本県,2
中国,26：技能実習２号ロ,35歳,2:女,43：熊本県,13
中国,33：家族滞在,35歳,2:女,43：熊本県,7
中国,34：特定活動,35歳,2:女,43：熊本県,6
中国,35：永住者,35歳,2:女,43：熊本県,29
中国,36：日本人の配偶者等,35歳,2:女,43：熊本県,3
中国,37：永住者の配偶者等,35歳,2:女,43：熊本県,2
中国,38：定住者,35歳,2:女,43：熊本県,1
中国,21：特定技能１号,36歳,2:女,43：熊本県,4
中国,26：技能実習２号ロ,36歳,2:女,43：熊本県,12
中国,28：技能実習３号ロ,36歳,2:女,43：熊本県,1
中国,31：留学,36歳,2:女,43：熊本県,3
中国,33：家族滞在,36歳,2:女,43：熊本県,4
中国,34：特定活動,36歳,2:女,43：熊本県,8
中国,35：永住者,36歳,2:女,43：熊本県,16
中国,36：日本人の配偶者等,36歳,2:女,43：熊本県,3
中国,37：永住者の配偶者等,36歳,2:女,43：熊本県,1
中国,16：技術・人文知識・国際業務,37歳,2:女,43：熊本県,3
中国,21：特定技能１号,37歳,2:女,43：熊本県,3
中国,26：技能実習２号ロ,37歳,2:女,43：熊本県,9
中国,31：留学,37歳,2:女,43：熊本県,1
中国,33：家族滞在,37歳,2:女,43：熊本県,1
中国,34：特定活動,37歳,2:女,43：熊本県,4
中国,35：永住者,37歳,2:女,43：熊本県,22
中国,36：日本人の配偶者等,37歳,2:女,43：熊本県,3
中国,37：永住者の配偶者等,37歳,2:女,43：熊本県,1
中国,07：高度専門職１号イ,38歳,2:女,43：熊本県,2
中国,21：特定技能１号,38歳,2:女,43：熊本県,1
中国,24：技能実習１号ロ,38歳,2:女,43：熊本県,1
中国,26：技能実習２号ロ,38歳,2:女,43：熊本県,10
中国,28：技能実習３号ロ,38歳,2:女,43：熊本県,1
中国,33：家族滞在,38歳,2:女,43：熊本県,3
中国,34：特定活動,38歳,2:女,43：熊本県,5
中国,35：永住者,38歳,2:女,43：熊本県,10
中国,36：日本人の配偶者等,38歳,2:女,43：熊本県,4
中国,37：永住者の配偶者等,38歳,2:女,43：熊本県,1
中国,16：技術・人文知識・国際業務,39歳,2:女,43：熊本県,1
中国,21：特定技能１号,39歳,2:女,43：熊本県,5
中国,24：技能実習１号ロ,39歳,2:女,43：熊本県,4
中国,26：技能実習２号ロ,39歳,2:女,43：熊本県,18
中国,28：技能実習３号ロ,39歳,2:女,43：熊本県,3
中国,33：家族滞在,39歳,2:女,43：熊本県,2
中国,34：特定活動,39歳,2:女,43：熊本県,7
中国,35：永住者,39歳,2:女,43：熊本県,36
中国,36：日本人の配偶者等,39歳,2:女,43：熊本県,3
中国,37：永住者の配偶者等,39歳,2:女,43：熊本県,2
中国,38：定住者,39歳,2:女,43：熊本県,2
中国,11：経営・管理,40歳,2:女,43：熊本県,2
中国,21：特定技能１号,40歳,2:女,43：熊本県,4
中国,24：技能実習１号ロ,40歳,2:女,43：熊本県,1
中国,26：技能実習２号ロ,40歳,2:女,43：熊本県,15
中国,28：技能実習３号ロ,40歳,2:女,43：熊本県,2
中国,31：留学,40歳,2:女,43：熊本県,1
中国,33：家族滞在,40歳,2:女,43：熊本県,3
中国,34：特定活動,40歳,2:女,43：熊本県,8
中国,35：永住者,40歳,2:女,43：熊本県,41
中国,36：日本人の配偶者等,40歳,2:女,43：熊本県,7
中国,38：定住者,40歳,2:女,43：熊本県,1
中国,21：特定技能１号,41歳,2:女,43：熊本県,1
中国,24：技能実習１号ロ,41歳,2:女,43：熊本県,2
中国,26：技能実習２号ロ,41歳,2:女,43：熊本県,13
中国,28：技能実習３号ロ,41歳,2:女,43：熊本県,4
中国,33：家族滞在,41歳,2:女,43：熊本県,1
中国,34：特定活動,41歳,2:女,43：熊本県,2
中国,35：永住者,41歳,2:女,43：熊本県,28
中国,36：日本人の配偶者等,41歳,2:女,43：熊本県,5
中国,11：経営・管理,42歳,2:女,43：熊本県,1
中国,21：特定技能１号,42歳,2:女,43：熊本県,2
中国,24：技能実習１号ロ,42歳,2:女,43：熊本県,6
中国,26：技能実習２号ロ,42歳,2:女,43：熊本県,14
中国,28：技能実習３号ロ,42歳,2:女,43：熊本県,8
中国,33：家族滞在,42歳,2:女,43：熊本県,4
中国,34：特定活動,42歳,2:女,43：熊本県,8
中国,35：永住者,42歳,2:女,43：熊本県,37
中国,36：日本人の配偶者等,42歳,2:女,43：熊本県,5
中国,38：定住者,42歳,2:女,43：熊本県,5
中国,11：経営・管理,43歳,2:女,43：熊本県,1
中国,20：技能,43歳,2:女,43：熊本県,1
中国,21：特定技能１号,43歳,2:女,43：熊本県,1
中国,24：技能実習１号ロ,43歳,2:女,43：熊本県,4
中国,26：技能実習２号ロ,43歳,2:女,43：熊本県,24
中国,28：技能実習３号ロ,43歳,2:女,43：熊本県,4
中国,29：文化活動,43歳,2:女,43：熊本県,1
中国,34：特定活動,43歳,2:女,43：熊本県,8
中国,35：永住者,43歳,2:女,43：熊本県,27
中国,36：日本人の配偶者等,43歳,2:女,43：熊本県,8
中国,38：定住者,43歳,2:女,43：熊本県,2
中国,16：技術・人文知識・国際業務,44歳,2:女,43：熊本県,1
中国,20：技能,44歳,2:女,43：熊本県,1
中国,21：特定技能１号,44歳,2:女,43：熊本県,5
中国,24：技能実習１号ロ,44歳,2:女,43：熊本県,5
中国,26：技能実習２号ロ,44歳,2:女,43：熊本県,11
中国,33：家族滞在,44歳,2:女,43：熊本県,3
中国,34：特定活動,44歳,2:女,43：熊本県,1
中国,35：永住者,44歳,2:女,43：熊本県,31
中国,36：日本人の配偶者等,44歳,2:女,43：熊本県,8
中国,20：技能,45歳,2:女,43：熊本県,1
中国,21：特定技能１号,45歳,2:女,43：熊本県,4
中国,24：技能実習１号ロ,45歳,2:女,43：熊本県,6
中国,26：技能実習２号ロ,45歳,2:女,43：熊本県,12
中国,28：技能実習３号ロ,45歳,2:女,43：熊本県,3
中国,33：家族滞在,45歳,2:女,43：熊本県,4
中国,34：特定活動,45歳,2:女,43：熊本県,9
中国,35：永住者,45歳,2:女,43：熊本県,32
中国,36：日本人の配偶者等,45歳,2:女,43：熊本県,3
中国,37：永住者の配偶者等,45歳,2:女,43：熊本県,1
中国,38：定住者,45歳,2:女,43：熊本県,1
中国,20：技能,46歳,2:女,43：熊本県,1
中国,21：特定技能１号,46歳,2:女,43：熊本県,3
中国,24：技能実習１号ロ,46歳,2:女,43：熊本県,7
中国,26：技能実習２号ロ,46歳,2:女,43：熊本県,9
中国,28：技能実習３号ロ,46歳,2:女,43：熊本県,1
中国,33：家族滞在,46歳,2:女,43：熊本県,2
中国,34：特定活動,46歳,2:女,43：熊本県,8
中国,35：永住者,46歳,2:女,43：熊本県,25
中国,36：日本人の配偶者等,46歳,2:女,43：熊本県,3
中国,37：永住者の配偶者等,46歳,2:女,43：熊本県,1
中国,38：定住者,46歳,2:女,43：熊本県,1
中国,24：技能実習１号ロ,47歳,2:女,43：熊本県,5
中国,26：技能実習２号ロ,47歳,2:女,43：熊本県,3
中国,28：技能実習３号ロ,47歳,2:女,43：熊本県,1
中国,33：家族滞在,47歳,2:女,43：熊本県,2
中国,34：特定活動,47歳,2:女,43：熊本県,4
中国,35：永住者,47歳,2:女,43：熊本県,30
中国,36：日本人の配偶者等,47歳,2:女,43：熊本県,3
中国,37：永住者の配偶者等,47歳,2:女,43：熊本県,1
中国,38：定住者,47歳,2:女,43：熊本県,1
中国,20：技能,48歳,2:女,43：熊本県,1
中国,24：技能実習１号ロ,48歳,2:女,43：熊本県,2
中国,26：技能実習２号ロ,48歳,2:女,43：熊本県,6
中国,28：技能実習３号ロ,48歳,2:女,43：熊本県,1
中国,33：家族滞在,48歳,2:女,43：熊本県,1
中国,34：特定活動,48歳,2:女,43：熊本県,4
中国,35：永住者,48歳,2:女,43：熊本県,38
中国,36：日本人の配偶者等,48歳,2:女,43：熊本県,7
中国,16：技術・人文知識・国際業務,49歳,2:女,43：熊本県,1
中国,20：技能,49歳,2:女,43：熊本県,1
中国,21：特定技能１号,49歳,2:女,43：熊本県,2
中国,24：技能実習１号ロ,49歳,2:女,43：熊本県,2
中国,26：技能実習２号ロ,49歳,2:女,43：熊本県,3
中国,28：技能実習３号ロ,49歳,2:女,43：熊本県,3
中国,33：家族滞在,49歳,2:女,43：熊本県,3
中国,34：特定活動,49歳,2:女,43：熊本県,4
中国,35：永住者,49歳,2:女,43：熊本県,34
中国,36：日本人の配偶者等,49歳,2:女,43：熊本県,5
中国,37：永住者の配偶者等,49歳,2:女,43：熊本県,2
中国,38：定住者,49歳,2:女,43：熊本県,1
中国,20：技能,50歳,2:女,43：熊本県,1
中国,24：技能実習１号ロ,50歳,2:女,43：熊本県,1
中国,26：技能実習２号ロ,50歳,2:女,43：熊本県,1
中国,33：家族滞在,50歳,2:女,43：熊本県,3
中国,34：特定活動,50歳,2:女,43：熊本県,4
中国,35：永住者,50歳,2:女,43：熊本県,36
中国,36：日本人の配偶者等,50歳,2:女,43：熊本県,4
中国,37：永住者の配偶者等,50歳,2:女,43：熊本県,1
中国,20：技能,51歳,2:女,43：熊本県,1
中国,26：技能実習２号ロ,51歳,2:女,43：熊本県,2
中国,33：家族滞在,51歳,2:女,43：熊本県,3
中国,35：永住者,51歳,2:女,43：熊本県,32
中国,36：日本人の配偶者等,51歳,2:女,43：熊本県,6
中国,38：定住者,51歳,2:女,43：熊本県,1
中国,24：技能実習１号ロ,52歳,2:女,43：熊本県,1
中国,33：家族滞在,52歳,2:女,43：熊本県,2
中国,34：特定活動,52歳,2:女,43：熊本県,1
中国,35：永住者,52歳,2:女,43：熊本県,30
中国,36：日本人の配偶者等,52歳,2:女,43：熊本県,5
中国,37：永住者の配偶者等,52歳,2:女,43：熊本県,2
中国,20：技能,53歳,2:女,43：熊本県,1
中国,34：特定活動,53歳,2:女,43：熊本県,1
中国,35：永住者,53歳,2:女,43：熊本県,34
中国,36：日本人の配偶者等,53歳,2:女,43：熊本県,3
中国,37：永住者の配偶者等,53歳,2:女,43：熊本県,1
中国,38：定住者,53歳,2:女,43：熊本県,1
中国,24：技能実習１号ロ,54歳,2:女,43：熊本県,1
中国,33：家族滞在,54歳,2:女,43：熊本県,1
中国,35：永住者,54歳,2:女,43：熊本県,26
中国,36：日本人の配偶者等,54歳,2:女,43：熊本県,1
中国,35：永住者,55歳,2:女,43：熊本県,20
中国,11：経営・管理,56歳,2:女,43：熊本県,1
中国,33：家族滞在,56歳,2:女,43：熊本県,4
中国,35：永住者,56歳,2:女,43：熊本県,10
中国,36：日本人の配偶者等,56歳,2:女,43：熊本県,1
中国,37：永住者の配偶者等,56歳,2:女,43：熊本県,1
中国,38：定住者,56歳,2:女,43：熊本県,2
中国,35：永住者,57歳,2:女,43：熊本県,11
中国,36：日本人の配偶者等,57歳,2:女,43：熊本県,1
中国,35：永住者,58歳,2:女,43：熊本県,22
中国,36：日本人の配偶者等,58歳,2:女,43：熊本県,4
中国,33：家族滞在,59歳,2:女,43：熊本県,1
中国,35：永住者,59歳,2:女,43：熊本県,16
中国,36：日本人の配偶者等,59歳,2:女,43：熊本県,1
中国,35：永住者,60歳,2:女,43：熊本県,9
中国,35：永住者,61歳,2:女,43：熊本県,7
中国,33：家族滞在,62歳,2:女,43：熊本県,1
中国,35：永住者,62歳,2:女,43：熊本県,6
中国,36：日本人の配偶者等,62歳,2:女,43：熊本県,1
中国,35：永住者,63歳,2:女,43：熊本県,6
中国,35：永住者,64歳,2:女,43：熊本県,7
中国,35：永住者,65歳,2:女,43：熊本県,6
中国,36：日本人の配偶者等,65歳,2:女,43：熊本県,1
中国,35：永住者,66歳,2:女,43：熊本県,8
中国,36：日本人の配偶者等,66歳,2:女,43：熊本県,1
中国,35：永住者,67歳,2:女,43：熊本県,4
中国,35：永住者,68歳,2:女,43：熊本県,1
中国,35：永住者,69歳,2:女,43：熊本県,8
中国,35：永住者,70歳,2:女,43：熊本県,2
中国,38：定住者,70歳,2:女,43：熊本県,1
中国,35：永住者,71歳,2:女,43：熊本県,4
中国,38：定住者,71歳,2:女,43：熊本県,1
中国,35：永住者,72歳,2:女,43：熊本県,7
中国,35：永住者,73歳,2:女,43：熊本県,9
中国,35：永住者,74歳,2:女,43：熊本県,4
中国,35：永住者,75歳,2:女,43：熊本県,5
中国,35：永住者,76歳,2:女,43：熊本県,2
中国,36：日本人の配偶者等,78歳,2:女,43：熊本県,1
中国,35：永住者,79歳,2:女,43：熊本県,1
中国,34：特定活動,80歳以上,2:女,43：熊本県,2
中国,35：永住者,80歳以上,2:女,43：熊本県,7
トルコ,31：留学,29歳,1:男,43：熊本県,1
トルコ,29：文化活動,42歳,1:男,43：熊本県,1
トルコ,35：永住者,42歳,1:男,43：熊本県,1
トルコ,29：文化活動,33歳,2:女,43：熊本県,1
ネパール,33：家族滞在,00歳,1:男,43：熊本県,4
ネパール,33：家族滞在,01歳,1:男,43：熊本県,4
ネパール,33：家族滞在,02歳,1:男,43：熊本県,5
ネパール,34：特定活動,02歳,1:男,43：熊本県,1
ネパール,33：家族滞在,03歳,1:男,43：熊本県,3
ネパール,33：家族滞在,04歳,1:男,43：熊本県,2
ネパール,33：家族滞在,07歳,1:男,43：熊本県,1
ネパール,35：永住者,07歳,1:男,43：熊本県,1
ネパール,33：家族滞在,08歳,1:男,43：熊本県,1
ネパール,35：永住者,09歳,1:男,43：熊本県,1
ネパール,35：永住者,11歳,1:男,43：熊本県,1
ネパール,35：永住者,13歳,1:男,43：熊本県,1
ネパール,33：家族滞在,14歳,1:男,43：熊本県,1
ネパール,33：家族滞在,16歳,1:男,43：熊本県,2
ネパール,38：定住者,17歳,1:男,43：熊本県,1
ネパール,31：留学,18歳,1:男,43：熊本県,1
ネパール,31：留学,19歳,1:男,43：熊本県,11
ネパール,21：特定技能１号,20歳,1:男,43：熊本県,1
ネパール,31：留学,20歳,1:男,43：熊本県,21
ネパール,33：家族滞在,20歳,1:男,43：熊本県,1
ネパール,31：留学,21歳,1:男,43：熊本県,23
ネパール,16：技術・人文知識・国際業務,22歳,1:男,43：熊本県,1
ネパール,31：留学,22歳,1:男,43：熊本県,36
ネパール,35：永住者,22歳,1:男,43：熊本県,1
ネパール,16：技術・人文知識・国際業務,23歳,1:男,43：熊本県,8
ネパール,18：介護,23歳,1:男,43：熊本県,1
ネパール,21：特定技能１号,23歳,1:男,43：熊本県,2
ネパール,31：留学,23歳,1:男,43：熊本県,27
ネパール,34：特定活動,23歳,1:男,43：熊本県,2
ネパール,15：教育,24歳,1:男,43：熊本県,1
ネパール,16：技術・人文知識・国際業務,24歳,1:男,43：熊本県,12
ネパール,21：特定技能１号,24歳,1:男,43：熊本県,4
ネパール,31：留学,24歳,1:男,43：熊本県,29
ネパール,34：特定活動,24歳,1:男,43：熊本県,1
ネパール,16：技術・人文知識・国際業務,25歳,1:男,43：熊本県,29
ネパール,21：特定技能１号,25歳,1:男,43：熊本県,7
ネパール,26：技能実習２号ロ,25歳,1:男,43：熊本県,1
ネパール,31：留学,25歳,1:男,43：熊本県,23
ネパール,33：家族滞在,25歳,1:男,43：熊本県,3
ネパール,34：特定活動,25歳,1:男,43：熊本県,3
ネパール,16：技術・人文知識・国際業務,26歳,1:男,43：熊本県,26
ネパール,31：留学,26歳,1:男,43：熊本県,18
ネパール,33：家族滞在,26歳,1:男,43：熊本県,1
ネパール,34：特定活動,26歳,1:男,43：熊本県,1
ネパール,16：技術・人文知識・国際業務,27歳,1:男,43：熊本県,23
ネパール,21：特定技能１号,27歳,1:男,43：熊本県,4
ネパール,31：留学,27歳,1:男,43：熊本県,2
ネパール,34：特定活動,27歳,1:男,43：熊本県,1
ネパール,11：経営・管理,28歳,1:男,43：熊本県,1
ネパール,16：技術・人文知識・国際業務,28歳,1:男,43：熊本県,18
ネパール,20：技能,28歳,1:男,43：熊本県,1
ネパール,21：特定技能１号,28歳,1:男,43：熊本県,2
ネパール,31：留学,28歳,1:男,43：熊本県,6
ネパール,34：特定活動,28歳,1:男,43：熊本県,1
ネパール,16：技術・人文知識・国際業務,29歳,1:男,43：熊本県,27
ネパール,20：技能,29歳,1:男,43：熊本県,1
ネパール,21：特定技能１号,29歳,1:男,43：熊本県,2
ネパール,26：技能実習２号ロ,29歳,1:男,43：熊本県,1
ネパール,31：留学,29歳,1:男,43：熊本県,6
ネパール,33：家族滞在,29歳,1:男,43：熊本県,3
ネパール,16：技術・人文知識・国際業務,30歳,1:男,43：熊本県,18
ネパール,20：技能,30歳,1:男,43：熊本県,1
ネパール,21：特定技能１号,30歳,1:男,43：熊本県,1
ネパール,26：技能実習２号ロ,30歳,1:男,43：熊本県,1
ネパール,31：留学,30歳,1:男,43：熊本県,2
ネパール,33：家族滞在,30歳,1:男,43：熊本県,2
ネパール,34：特定活動,30歳,1:男,43：熊本県,1
ネパール,36：日本人の配偶者等,30歳,1:男,43：熊本県,1
ネパール,37：永住者の配偶者等,30歳,1:男,43：熊本県,1
ネパール,16：技術・人文知識・国際業務,31歳,1:男,43：熊本県,11
ネパール,20：技能,31歳,1:男,43：熊本県,2
ネパール,21：特定技能１号,31歳,1:男,43：熊本県,1
ネパール,31：留学,31歳,1:男,43：熊本県,3
ネパール,16：技術・人文知識・国際業務,32歳,1:男,43：熊本県,10
ネパール,20：技能,32歳,1:男,43：熊本県,2
ネパール,26：技能実習２号ロ,32歳,1:男,43：熊本県,1
ネパール,33：家族滞在,32歳,1:男,43：熊本県,1
ネパール,16：技術・人文知識・国際業務,33歳,1:男,43：熊本県,8
ネパール,21：特定技能１号,33歳,1:男,43：熊本県,2
ネパール,33：家族滞在,33歳,1:男,43：熊本県,1
ネパール,36：日本人の配偶者等,33歳,1:男,43：熊本県,1
ネパール,16：技術・人文知識・国際業務,34歳,1:男,43：熊本県,5
ネパール,20：技能,34歳,1:男,43：熊本県,4
ネパール,21：特定技能１号,34歳,1:男,43：熊本県,1
ネパール,28：技能実習３号ロ,34歳,1:男,43：熊本県,1
ネパール,04：芸術,35歳,1:男,43：熊本県,1
ネパール,16：技術・人文知識・国際業務,35歳,1:男,43：熊本県,1
ネパール,20：技能,35歳,1:男,43：熊本県,3
ネパール,28：技能実習３号ロ,35歳,1:男,43：熊本県,2
ネパール,31：留学,35歳,1:男,43：熊本県,1
ネパール,11：経営・管理,36歳,1:男,43：熊本県,1
ネパール,16：技術・人文知識・国際業務,36歳,1:男,43：熊本県,2
ネパール,20：技能,36歳,1:男,43：熊本県,4
ネパール,16：技術・人文知識・国際業務,37歳,1:男,43：熊本県,1
ネパール,20：技能,37歳,1:男,43：熊本県,2
ネパール,33：家族滞在,37歳,1:男,43：熊本県,1
ネパール,04：芸術,38歳,1:男,43：熊本県,1
ネパール,16：技術・人文知識・国際業務,38歳,1:男,43：熊本県,2
ネパール,20：技能,38歳,1:男,43：熊本県,3
ネパール,28：技能実習３号ロ,38歳,1:男,43：熊本県,1
ネパール,16：技術・人文知識・国際業務,39歳,1:男,43：熊本県,1
ネパール,20：技能,39歳,1:男,43：熊本県,3
ネパール,33：家族滞在,39歳,1:男,43：熊本県,2
ネパール,35：永住者,39歳,1:男,43：熊本県,1
ネパール,11：経営・管理,40歳,1:男,43：熊本県,1
ネパール,20：技能,40歳,1:男,43：熊本県,1
ネパール,35：永住者,40歳,1:男,43：熊本県,1
ネパール,04：芸術,41歳,1:男,43：熊本県,1
ネパール,33：家族滞在,41歳,1:男,43：熊本県,1
ネパール,04：芸術,42歳,1:男,43：熊本県,1
ネパール,20：技能,42歳,1:男,43：熊本県,2
ネパール,33：家族滞在,42歳,1:男,43：熊本県,1
ネパール,11：経営・管理,43歳,1:男,43：熊本県,1
ネパール,20：技能,43歳,1:男,43：熊本県,1
ネパール,04：芸術,44歳,1:男,43：熊本県,1
ネパール,20：技能,44歳,1:男,43：熊本県,2
ネパール,20：技能,47歳,1:男,43：熊本県,3
ネパール,35：永住者,47歳,1:男,43：熊本県,1
ネパール,20：技能,49歳,1:男,43：熊本県,1
ネパール,35：永住者,49歳,1:男,43：熊本県,2
ネパール,04：芸術,51歳,1:男,43：熊本県,1
ネパール,35：永住者,52歳,1:男,43：熊本県,1
ネパール,34：特定活動,77歳,1:男,43：熊本県,1
ネパール,33：家族滞在,00歳,2:女,43：熊本県,4
ネパール,33：家族滞在,01歳,2:女,43：熊本県,1
ネパール,35：永住者,01歳,2:女,43：熊本県,1
ネパール,33：家族滞在,04歳,2:女,43：熊本県,2
ネパール,33：家族滞在,07歳,2:女,43：熊本県,1
ネパール,33：家族滞在,16歳,2:女,43：熊本県,1
ネパール,31：留学,18歳,2:女,43：熊本県,2
ネパール,33：家族滞在,18歳,2:女,43：熊本県,1
ネパール,31：留学,19歳,2:女,43：熊本県,8
ネパール,33：家族滞在,19歳,2:女,43：熊本県,2
ネパール,31：留学,20歳,2:女,43：熊本県,14
ネパール,16：技術・人文知識・国際業務,21歳,2:女,43：熊本県,1
ネパール,31：留学,21歳,2:女,43：熊本県,16
ネパール,33：家族滞在,21歳,2:女,43：熊本県,1
ネパール,16：技術・人文知識・国際業務,22歳,2:女,43：熊本県,4
ネパール,21：特定技能１号,22歳,2:女,43：熊本県,1
ネパール,31：留学,22歳,2:女,43：熊本県,22
ネパール,34：特定活動,22歳,2:女,43：熊本県,1
ネパール,16：技術・人文知識・国際業務,23歳,2:女,43：熊本県,7
ネパール,21：特定技能１号,23歳,2:女,43：熊本県,5
ネパール,31：留学,23歳,2:女,43：熊本県,13
ネパール,33：家族滞在,23歳,2:女,43：熊本県,2
ネパール,34：特定活動,23歳,2:女,43：熊本県,2
ネパール,16：技術・人文知識・国際業務,24歳,2:女,43：熊本県,6
ネパール,31：留学,24歳,2:女,43：熊本県,9
ネパール,33：家族滞在,24歳,2:女,43：熊本県,4
ネパール,34：特定活動,24歳,2:女,43：熊本県,2
ネパール,16：技術・人文知識・国際業務,25歳,2:女,43：熊本県,13
ネパール,18：介護,25歳,2:女,43：熊本県,2
ネパール,21：特定技能１号,25歳,2:女,43：熊本県,2
ネパール,31：留学,25歳,2:女,43：熊本県,11
ネパール,33：家族滞在,25歳,2:女,43：熊本県,9
ネパール,34：特定活動,25歳,2:女,43：熊本県,1
ネパール,16：技術・人文知識・国際業務,26歳,2:女,43：熊本県,14
ネパール,31：留学,26歳,2:女,43：熊本県,4
ネパール,33：家族滞在,26歳,2:女,43：熊本県,6
ネパール,16：技術・人文知識・国際業務,27歳,2:女,43：熊本県,12
ネパール,21：特定技能１号,27歳,2:女,43：熊本県,2
ネパール,31：留学,27歳,2:女,43：熊本県,3
ネパール,33：家族滞在,27歳,2:女,43：熊本県,8
ネパール,18：介護,28歳,2:女,43：熊本県,1
ネパール,31：留学,28歳,2:女,43：熊本県,1
ネパール,33：家族滞在,28歳,2:女,43：熊本県,8
ネパール,34：特定活動,28歳,2:女,43：熊本県,2
ネパール,16：技術・人文知識・国際業務,29歳,2:女,43：熊本県,7
ネパール,18：介護,29歳,2:女,43：熊本県,1
ネパール,31：留学,29歳,2:女,43：熊本県,2
ネパール,33：家族滞在,29歳,2:女,43：熊本県,9
ネパール,34：特定活動,29歳,2:女,43：熊本県,1
ネパール,16：技術・人文知識・国際業務,30歳,2:女,43：熊本県,9
ネパール,18：介護,30歳,2:女,43：熊本県,1
ネパール,21：特定技能１号,30歳,2:女,43：熊本県,2
ネパール,31：留学,30歳,2:女,43：熊本県,1
ネパール,33：家族滞在,30歳,2:女,43：熊本県,3
ネパール,34：特定活動,30歳,2:女,43：熊本県,1
ネパール,16：技術・人文知識・国際業務,31歳,2:女,43：熊本県,8
ネパール,18：介護,31歳,2:女,43：熊本県,1
ネパール,21：特定技能１号,31歳,2:女,43：熊本県,2
ネパール,33：家族滞在,31歳,2:女,43：熊本県,6
ネパール,34：特定活動,31歳,2:女,43：熊本県,1
ネパール,16：技術・人文知識・国際業務,32歳,2:女,43：熊本県,2
ネパール,21：特定技能１号,32歳,2:女,43：熊本県,2
ネパール,33：家族滞在,32歳,2:女,43：熊本県,3
ネパール,34：特定活動,32歳,2:女,43：熊本県,1
ネパール,36：日本人の配偶者等,32歳,2:女,43：熊本県,1
ネパール,16：技術・人文知識・国際業務,33歳,2:女,43：熊本県,4
ネパール,33：家族滞在,33歳,2:女,43：熊本県,4
ネパール,35：永住者,33歳,2:女,43：熊本県,1
ネパール,16：技術・人文知識・国際業務,34歳,2:女,43：熊本県,2
ネパール,21：特定技能１号,34歳,2:女,43：熊本県,1
ネパール,35：永住者,34歳,2:女,43：熊本県,1
ネパール,16：技術・人文知識・国際業務,35歳,2:女,43：熊本県,1
ネパール,33：家族滞在,35歳,2:女,43：熊本県,4
ネパール,16：技術・人文知識・国際業務,36歳,2:女,43：熊本県,1
ネパール,35：永住者,37歳,2:女,43：熊本県,1
ネパール,16：技術・人文知識・国際業務,38歳,2:女,43：熊本県,1
ネパール,33：家族滞在,38歳,2:女,43：熊本県,2
ネパール,21：特定技能１号,39歳,2:女,43：熊本県,1
ネパール,33：家族滞在,39歳,2:女,43：熊本県,1
ネパール,35：永住者,41歳,2:女,43：熊本県,1
ネパール,35：永住者,44歳,2:女,43：熊本県,2
ネパール,35：永住者,50歳,2:女,43：熊本県,1
ネパール,33：家族滞在,56歳,2:女,43：熊本県,1
パキスタン,33：家族滞在,00歳,1:男,43：熊本県,1
パキスタン,33：家族滞在,01歳,1:男,43：熊本県,1
パキスタン,33：家族滞在,02歳,1:男,43：熊本県,1
パキスタン,33：家族滞在,03歳,1:男,43：熊本県,2
パキスタン,33：家族滞在,04歳,1:男,43：熊本県,1
パキスタン,33：家族滞在,07歳,1:男,43：熊本県,2
パキスタン,35：永住者,08歳,1:男,43：熊本県,1
パキスタン,37：永住者の配偶者等,10歳,1:男,43：熊本県,1
パキスタン,33：家族滞在,12歳,1:男,43：熊本県,1
パキスタン,33：家族滞在,13歳,1:男,43：熊本県,1
パキスタン,33：家族滞在,14歳,1:男,43：熊本県,1
パキスタン,33：家族滞在,15歳,1:男,43：熊本県,1
パキスタン,35：永住者,15歳,1:男,43：熊本県,1
パキスタン,38：定住者,16歳,1:男,43：熊本県,1
パキスタン,35：永住者,17歳,1:男,43：熊本県,1
パキスタン,33：家族滞在,18歳,1:男,43：熊本県,1
パキスタン,38：定住者,18歳,1:男,43：熊本県,1
パキスタン,38：定住者,23歳,1:男,43：熊本県,1
パキスタン,11：経営・管理,24歳,1:男,43：熊本県,1
パキスタン,16：技術・人文知識・国際業務,24歳,1:男,43：熊本県,1
パキスタン,31：留学,25歳,1:男,43：熊本県,1
パキスタン,16：技術・人文知識・国際業務,26歳,1:男,43：熊本県,2
パキスタン,38：定住者,26歳,1:男,43：熊本県,1
パキスタン,16：技術・人文知識・国際業務,27歳,1:男,43：熊本県,1
パキスタン,36：日本人の配偶者等,27歳,1:男,43：熊本県,1
パキスタン,16：技術・人文知識・国際業務,28歳,1:男,43：熊本県,2
パキスタン,16：技術・人文知識・国際業務,29歳,1:男,43：熊本県,3
パキスタン,34：特定活動,29歳,1:男,43：熊本県,1
パキスタン,36：日本人の配偶者等,29歳,1:男,43：熊本県,1
パキスタン,03：教授,30歳,1:男,43：熊本県,1
パキスタン,16：技術・人文知識・国際業務,30歳,1:男,43：熊本県,1
パキスタン,35：永住者,30歳,1:男,43：熊本県,1
パキスタン,36：日本人の配偶者等,30歳,1:男,43：熊本県,1
パキスタン,11：経営・管理,31歳,1:男,43：熊本県,2
パキスタン,16：技術・人文知識・国際業務,31歳,1:男,43：熊本県,1
パキスタン,16：技術・人文知識・国際業務,32歳,1:男,43：熊本県,2
パキスタン,36：日本人の配偶者等,33歳,1:男,43：熊本県,1
パキスタン,11：経営・管理,34歳,1:男,43：熊本県,1
パキスタン,05：宗教,35歳,1:男,43：熊本県,1
パキスタン,16：技術・人文知識・国際業務,35歳,1:男,43：熊本県,2
パキスタン,36：日本人の配偶者等,36歳,1:男,43：熊本県,1
パキスタン,11：経営・管理,37歳,1:男,43：熊本県,3
パキスタン,16：技術・人文知識・国際業務,37歳,1:男,43：熊本県,1
パキスタン,11：経営・管理,38歳,1:男,43：熊本県,1
パキスタン,16：技術・人文知識・国際業務,39歳,1:男,43：熊本県,1
パキスタン,16：技術・人文知識・国際業務,40歳,1:男,43：熊本県,2
パキスタン,35：永住者,41歳,1:男,43：熊本県,1
パキスタン,16：技術・人文知識・国際業務,42歳,1:男,43：熊本県,2
パキスタン,16：技術・人文知識・国際業務,43歳,1:男,43：熊本県,1
パキスタン,20：技能,43歳,1:男,43：熊本県,1
パキスタン,16：技術・人文知識・国際業務,44歳,1:男,43：熊本県,1
パキスタン,20：技能,47歳,1:男,43：熊本県,2
パキスタン,35：永住者,47歳,1:男,43：熊本県,1
パキスタン,35：永住者,48歳,1:男,43：熊本県,1
パキスタン,11：経営・管理,49歳,1:男,43：熊本県,1
パキスタン,35：永住者,49歳,1:男,43：熊本県,1
パキスタン,20：技能,50歳,1:男,43：熊本県,1
パキスタン,11：経営・管理,52歳,1:男,43：熊本県,1
パキスタン,35：永住者,52歳,1:男,43：熊本県,1
パキスタン,35：永住者,54歳,1:男,43：熊本県,1
パキスタン,16：技術・人文知識・国際業務,55歳,1:男,43：熊本県,1
パキスタン,16：技術・人文知識・国際業務,57歳,1:男,43：熊本県,1
パキスタン,35：永住者,57歳,1:男,43：熊本県,1
パキスタン,11：経営・管理,58歳,1:男,43：熊本県,1
パキスタン,11：経営・管理,59歳,1:男,43：熊本県,1
パキスタン,35：永住者,59歳,1:男,43：熊本県,1
パキスタン,35：永住者,63歳,1:男,43：熊本県,1
パキスタン,37：永住者の配偶者等,00歳,2:女,43：熊本県,1
パキスタン,33：家族滞在,01歳,2:女,43：熊本県,1
パキスタン,33：家族滞在,06歳,2:女,43：熊本県,1
パキスタン,33：家族滞在,08歳,2:女,43：熊本県,3
パキスタン,35：永住者,11歳,2:女,43：熊本県,1
パキスタン,35：永住者,13歳,2:女,43：熊本県,2
パキスタン,35：永住者,14歳,2:女,43：熊本県,1
パキスタン,35：永住者,15歳,2:女,43：熊本県,1
パキスタン,33：家族滞在,18歳,2:女,43：熊本県,1
パキスタン,33：家族滞在,20歳,2:女,43：熊本県,1
パキスタン,38：定住者,20歳,2:女,43：熊本県,1
パキスタン,33：家族滞在,27歳,2:女,43：熊本県,1
パキスタン,33：家族滞在,29歳,2:女,43：熊本県,1
パキスタン,33：家族滞在,30歳,2:女,43：熊本県,1
パキスタン,33：家族滞在,32歳,2:女,43：熊本県,1
パキスタン,33：家族滞在,33歳,2:女,43：熊本県,1
パキスタン,33：家族滞在,34歳,2:女,43：熊本県,1
パキスタン,33：家族滞在,39歳,2:女,43：熊本県,1
パキスタン,35：永住者,39歳,2:女,43：熊本県,1
パキスタン,37：永住者の配偶者等,43歳,2:女,43：熊本県,1
パキスタン,33：家族滞在,46歳,2:女,43：熊本県,1
パキスタン,35：永住者,47歳,2:女,43：熊本県,1
パキスタン,35：永住者,49歳,2:女,43：熊本県,1
パキスタン,37：永住者の配偶者等,52歳,2:女,43：熊本県,1
バングラデシュ,35：永住者,02歳,1:男,43：熊本県,1
バングラデシュ,33：家族滞在,03歳,1:男,43：熊本県,1
バングラデシュ,33：家族滞在,05歳,1:男,43：熊本県,2
バングラデシュ,33：家族滞在,14歳,1:男,43：熊本県,1
バングラデシュ,31：留学,22歳,1:男,43：熊本県,1
バングラデシュ,26：技能実習２号ロ,23歳,1:男,43：熊本県,2
バングラデシュ,31：留学,23歳,1:男,43：熊本県,2
バングラデシュ,16：技術・人文知識・国際業務,24歳,1:男,43：熊本県,1
バングラデシュ,34：特定活動,24歳,1:男,43：熊本県,1
バングラデシュ,16：技術・人文知識・国際業務,25歳,1:男,43：熊本県,1
バングラデシュ,26：技能実習２号ロ,25歳,1:男,43：熊本県,1
バングラデシュ,31：留学,25歳,1:男,43：熊本県,2
バングラデシュ,16：技術・人文知識・国際業務,26歳,1:男,43：熊本県,1
バングラデシュ,26：技能実習２号ロ,26歳,1:男,43：熊本県,1
バングラデシュ,31：留学,26歳,1:男,43：熊本県,1
バングラデシュ,16：技術・人文知識・国際業務,27歳,1:男,43：熊本県,2
バングラデシュ,34：特定活動,27歳,1:男,43：熊本県,1
バングラデシュ,26：技能実習２号ロ,28歳,1:男,43：熊本県,4
バングラデシュ,31：留学,28歳,1:男,43：熊本県,1
バングラデシュ,16：技術・人文知識・国際業務,29歳,1:男,43：熊本県,3
バングラデシュ,26：技能実習２号ロ,29歳,1:男,43：熊本県,4
バングラデシュ,31：留学,29歳,1:男,43：熊本県,1
バングラデシュ,03：教授,30歳,1:男,43：熊本県,1
バングラデシュ,16：技術・人文知識・国際業務,30歳,1:男,43：熊本県,1
バングラデシュ,24：技能実習１号ロ,30歳,1:男,43：熊本県,1
バングラデシュ,26：技能実習２号ロ,30歳,1:男,43：熊本県,1
バングラデシュ,34：特定活動,30歳,1:男,43：熊本県,1
バングラデシュ,15：教育,31歳,1:男,43：熊本県,1
バングラデシュ,16：技術・人文知識・国際業務,31歳,1:男,43：熊本県,1
バングラデシュ,31：留学,31歳,1:男,43：熊本県,1
バングラデシュ,31：留学,32歳,1:男,43：熊本県,1
バングラデシュ,35：永住者,32歳,1:男,43：熊本県,1
バングラデシュ,16：技術・人文知識・国際業務,33歳,1:男,43：熊本県,1
バングラデシュ,31：留学,33歳,1:男,43：熊本県,1
バングラデシュ,31：留学,34歳,1:男,43：熊本県,3
バングラデシュ,35：永住者,34歳,1:男,43：熊本県,1
バングラデシュ,31：留学,35歳,1:男,43：熊本県,2
バングラデシュ,16：技術・人文知識・国際業務,37歳,1:男,43：熊本県,1
バングラデシュ,31：留学,37歳,1:男,43：熊本県,1
バングラデシュ,33：家族滞在,37歳,1:男,43：熊本県,1
バングラデシュ,03：教授,38歳,1:男,43：熊本県,2
バングラデシュ,16：技術・人文知識・国際業務,39歳,1:男,43：熊本県,1
バングラデシュ,15：教育,44歳,1:男,43：熊本県,1
バングラデシュ,34：特定活動,55歳,1:男,43：熊本県,1
バングラデシュ,33：家族滞在,01歳,2:女,43：熊本県,2
バングラデシュ,33：家族滞在,02歳,2:女,43：熊本県,2
バングラデシュ,33：家族滞在,04歳,2:女,43：熊本県,1
バングラデシュ,35：永住者,04歳,2:女,43：熊本県,1
バングラデシュ,33：家族滞在,05歳,2:女,43：熊本県,1
バングラデシュ,33：家族滞在,20歳,2:女,43：熊本県,1
バングラデシュ,35：永住者,24歳,2:女,43：熊本県,1
バングラデシュ,33：家族滞在,26歳,2:女,43：熊本県,1
バングラデシュ,31：留学,27歳,2:女,43：熊本県,1
バングラデシュ,16：技術・人文知識・国際業務,28歳,2:女,43：熊本県,1
バングラデシュ,31：留学,28歳,2:女,43：熊本県,1
バングラデシュ,33：家族滞在,28歳,2:女,43：熊本県,1
バングラデシュ,31：留学,29歳,2:女,43：熊本県,2
バングラデシュ,33：家族滞在,32歳,2:女,43：熊本県,2
バングラデシュ,07：高度専門職１号イ,33歳,2:女,43：熊本県,1
バングラデシュ,31：留学,33歳,2:女,43：熊本県,1
バングラデシュ,33：家族滞在,34歳,2:女,43：熊本県,1
バングラデシュ,31：留学,35歳,2:女,43：熊本県,1
バングラデシュ,16：技術・人文知識・国際業務,37歳,2:女,43：熊本県,1
バングラデシュ,31：留学,40歳,2:女,43：熊本県,1
フィリピン,33：家族滞在,00歳,1:男,43：熊本県,1
フィリピン,34：特定活動,00歳,1:男,43：熊本県,1
フィリピン,35：永住者,00歳,1:男,43：熊本県,1
フィリピン,37：永住者の配偶者等,00歳,1:男,43：熊本県,2
フィリピン,38：定住者,00歳,1:男,43：熊本県,1
フィリピン,37：永住者の配偶者等,03歳,1:男,43：熊本県,2
フィリピン,38：定住者,05歳,1:男,43：熊本県,2
フィリピン,33：家族滞在,06歳,1:男,43：熊本県,1
フィリピン,38：定住者,09歳,1:男,43：熊本県,2
フィリピン,38：定住者,10歳,1:男,43：熊本県,2
フィリピン,33：家族滞在,11歳,1:男,43：熊本県,1
フィリピン,38：定住者,11歳,1:男,43：熊本県,1
フィリピン,33：家族滞在,12歳,1:男,43：熊本県,1
フィリピン,36：日本人の配偶者等,12歳,1:男,43：熊本県,1
フィリピン,38：定住者,12歳,1:男,43：熊本県,4
フィリピン,35：永住者,14歳,1:男,43：熊本県,2
フィリピン,38：定住者,14歳,1:男,43：熊本県,2
フィリピン,36：日本人の配偶者等,15歳,1:男,43：熊本県,1
フィリピン,35：永住者,16歳,1:男,43：熊本県,1
フィリピン,38：定住者,16歳,1:男,43：熊本県,2
フィリピン,35：永住者,17歳,1:男,43：熊本県,1
フィリピン,36：日本人の配偶者等,17歳,1:男,43：熊本県,1
フィリピン,35：永住者,18歳,1:男,43：熊本県,1
フィリピン,38：定住者,18歳,1:男,43：熊本県,1
フィリピン,38：定住者,19歳,1:男,43：熊本県,3
フィリピン,38：定住者,20歳,1:男,43：熊本県,1
フィリピン,35：永住者,21歳,1:男,43：熊本県,3
フィリピン,38：定住者,21歳,1:男,43：熊本県,2
フィリピン,21：特定技能１号,22歳,1:男,43：熊本県,2
フィリピン,24：技能実習１号ロ,22歳,1:男,43：熊本県,4
フィリピン,38：定住者,22歳,1:男,43：熊本県,3
フィリピン,21：特定技能１号,23歳,1:男,43：熊本県,1
フィリピン,24：技能実習１号ロ,23歳,1:男,43：熊本県,6
フィリピン,26：技能実習２号ロ,23歳,1:男,43：熊本県,4
フィリピン,32：研修,23歳,1:男,43：熊本県,1
フィリピン,35：永住者,23歳,1:男,43：熊本県,2
フィリピン,38：定住者,23歳,1:男,43：熊本県,1
フィリピン,21：特定技能１号,24歳,1:男,43：熊本県,2
フィリピン,24：技能実習１号ロ,24歳,1:男,43：熊本県,5
フィリピン,25：技能実習２号イ,24歳,1:男,43：熊本県,1
フィリピン,26：技能実習２号ロ,24歳,1:男,43：熊本県,7
フィリピン,35：永住者,24歳,1:男,43：熊本県,1
フィリピン,36：日本人の配偶者等,24歳,1:男,43：熊本県,1
フィリピン,16：技術・人文知識・国際業務,25歳,1:男,43：熊本県,1
フィリピン,21：特定技能１号,25歳,1:男,43：熊本県,3
フィリピン,24：技能実習１号ロ,25歳,1:男,43：熊本県,11
フィリピン,26：技能実習２号ロ,25歳,1:男,43：熊本県,9
フィリピン,28：技能実習３号ロ,25歳,1:男,43：熊本県,4
フィリピン,31：留学,25歳,1:男,43：熊本県,1
フィリピン,32：研修,25歳,1:男,43：熊本県,1
フィリピン,34：特定活動,25歳,1:男,43：熊本県,2
フィリピン,35：永住者,25歳,1:男,43：熊本県,3
フィリピン,38：定住者,25歳,1:男,43：熊本県,3
フィリピン,16：技術・人文知識・国際業務,26歳,1:男,43：熊本県,2
フィリピン,21：特定技能１号,26歳,1:男,43：熊本県,10
フィリピン,24：技能実習１号ロ,26歳,1:男,43：熊本県,12
フィリピン,26：技能実習２号ロ,26歳,1:男,43：熊本県,10
フィリピン,27：技能実習３号イ,26歳,1:男,43：熊本県,1
フィリピン,28：技能実習３号ロ,26歳,1:男,43：熊本県,6
フィリピン,31：留学,26歳,1:男,43：熊本県,1
フィリピン,32：研修,26歳,1:男,43：熊本県,1
フィリピン,35：永住者,26歳,1:男,43：熊本県,3
フィリピン,36：日本人の配偶者等,26歳,1:男,43：熊本県,1
フィリピン,38：定住者,26歳,1:男,43：熊本県,2
フィリピン,21：特定技能１号,27歳,1:男,43：熊本県,16
フィリピン,24：技能実習１号ロ,27歳,1:男,43：熊本県,11
フィリピン,26：技能実習２号ロ,27歳,1:男,43：熊本県,16
フィリピン,28：技能実習３号ロ,27歳,1:男,43：熊本県,8
フィリピン,34：特定活動,27歳,1:男,43：熊本県,5
フィリピン,35：永住者,27歳,1:男,43：熊本県,2
フィリピン,38：定住者,27歳,1:男,43：熊本県,2
フィリピン,21：特定技能１号,28歳,1:男,43：熊本県,14
フィリピン,24：技能実習１号ロ,28歳,1:男,43：熊本県,13
フィリピン,26：技能実習２号ロ,28歳,1:男,43：熊本県,15
フィリピン,28：技能実習３号ロ,28歳,1:男,43：熊本県,8
フィリピン,33：家族滞在,28歳,1:男,43：熊本県,1
フィリピン,35：永住者,28歳,1:男,43：熊本県,1
フィリピン,15：教育,29歳,1:男,43：熊本県,1
フィリピン,16：技術・人文知識・国際業務,29歳,1:男,43：熊本県,3
フィリピン,21：特定技能１号,29歳,1:男,43：熊本県,9
フィリピン,24：技能実習１号ロ,29歳,1:男,43：熊本県,10
フィリピン,26：技能実習２号ロ,29歳,1:男,43：熊本県,11
フィリピン,28：技能実習３号ロ,29歳,1:男,43：熊本県,6
フィリピン,34：特定活動,29歳,1:男,43：熊本県,3
フィリピン,35：永住者,29歳,1:男,43：熊本県,2
フィリピン,16：技術・人文知識・国際業務,30歳,1:男,43：熊本県,5
フィリピン,21：特定技能１号,30歳,1:男,43：熊本県,13
フィリピン,24：技能実習１号ロ,30歳,1:男,43：熊本県,10
フィリピン,26：技能実習２号ロ,30歳,1:男,43：熊本県,14
フィリピン,28：技能実習３号ロ,30歳,1:男,43：熊本県,8
フィリピン,31：留学,30歳,1:男,43：熊本県,1
フィリピン,34：特定活動,30歳,1:男,43：熊本県,2
フィリピン,35：永住者,30歳,1:男,43：熊本県,3
フィリピン,15：教育,31歳,1:男,43：熊本県,1
フィリピン,16：技術・人文知識・国際業務,31歳,1:男,43：熊本県,2
フィリピン,21：特定技能１号,31歳,1:男,43：熊本県,24
フィリピン,24：技能実習１号ロ,31歳,1:男,43：熊本県,3
フィリピン,26：技能実習２号ロ,31歳,1:男,43：熊本県,16
フィリピン,28：技能実習３号ロ,31歳,1:男,43：熊本県,4
フィリピン,34：特定活動,31歳,1:男,43：熊本県,1
フィリピン,35：永住者,31歳,1:男,43：熊本県,2
フィリピン,38：定住者,31歳,1:男,43：熊本県,1
フィリピン,16：技術・人文知識・国際業務,32歳,1:男,43：熊本県,3
フィリピン,21：特定技能１号,32歳,1:男,43：熊本県,19
フィリピン,24：技能実習１号ロ,32歳,1:男,43：熊本県,7
フィリピン,26：技能実習２号ロ,32歳,1:男,43：熊本県,15
フィリピン,28：技能実習３号ロ,32歳,1:男,43：熊本県,5
フィリピン,31：留学,32歳,1:男,43：熊本県,1
フィリピン,35：永住者,32歳,1:男,43：熊本県,1
フィリピン,36：日本人の配偶者等,32歳,1:男,43：熊本県,1
フィリピン,38：定住者,32歳,1:男,43：熊本県,1
フィリピン,03：教授,33歳,1:男,43：熊本県,1
フィリピン,16：技術・人文知識・国際業務,33歳,1:男,43：熊本県,1
フィリピン,21：特定技能１号,33歳,1:男,43：熊本県,8
フィリピン,24：技能実習１号ロ,33歳,1:男,43：熊本県,4
フィリピン,25：技能実習２号イ,33歳,1:男,43：熊本県,1
フィリピン,26：技能実習２号ロ,33歳,1:男,43：熊本県,8
フィリピン,28：技能実習３号ロ,33歳,1:男,43：熊本県,5
フィリピン,34：特定活動,33歳,1:男,43：熊本県,2
フィリピン,35：永住者,33歳,1:男,43：熊本県,4
フィリピン,16：技術・人文知識・国際業務,34歳,1:男,43：熊本県,4
フィリピン,21：特定技能１号,34歳,1:男,43：熊本県,5
フィリピン,23：技能実習１号イ,34歳,1:男,43：熊本県,1
フィリピン,24：技能実習１号ロ,34歳,1:男,43：熊本県,4
フィリピン,26：技能実習２号ロ,34歳,1:男,43：熊本県,6
フィリピン,28：技能実習３号ロ,34歳,1:男,43：熊本県,12
フィリピン,34：特定活動,34歳,1:男,43：熊本県,2
フィリピン,36：日本人の配偶者等,34歳,1:男,43：熊本県,1
フィリピン,21：特定技能１号,35歳,1:男,43：熊本県,13
フィリピン,24：技能実習１号ロ,35歳,1:男,43：熊本県,3
フィリピン,25：技能実習２号イ,35歳,1:男,43：熊本県,1
フィリピン,26：技能実習２号ロ,35歳,1:男,43：熊本県,6
フィリピン,28：技能実習３号ロ,35歳,1:男,43：熊本県,1
フィリピン,34：特定活動,35歳,1:男,43：熊本県,1
フィリピン,38：定住者,35歳,1:男,43：熊本県,2
フィリピン,21：特定技能１号,36歳,1:男,43：熊本県,11
フィリピン,24：技能実習１号ロ,36歳,1:男,43：熊本県,1
フィリピン,26：技能実習２号ロ,36歳,1:男,43：熊本県,6
フィリピン,27：技能実習３号イ,36歳,1:男,43：熊本県,1
フィリピン,28：技能実習３号ロ,36歳,1:男,43：熊本県,3
フィリピン,35：永住者,36歳,1:男,43：熊本県,1
フィリピン,36：日本人の配偶者等,36歳,1:男,43：熊本県,1
フィリピン,16：技術・人文知識・国際業務,37歳,1:男,43：熊本県,2
フィリピン,21：特定技能１号,37歳,1:男,43：熊本県,6
フィリピン,24：技能実習１号ロ,37歳,1:男,43：熊本県,1
フィリピン,26：技能実習２号ロ,37歳,1:男,43：熊本県,1
フィリピン,28：技能実習３号ロ,37歳,1:男,43：熊本県,5
フィリピン,34：特定活動,37歳,1:男,43：熊本県,1
フィリピン,35：永住者,37歳,1:男,43：熊本県,1
フィリピン,21：特定技能１号,38歳,1:男,43：熊本県,2
フィリピン,26：技能実習２号ロ,38歳,1:男,43：熊本県,3
フィリピン,28：技能実習３号ロ,38歳,1:男,43：熊本県,1
フィリピン,21：特定技能１号,39歳,1:男,43：熊本県,3
フィリピン,24：技能実習１号ロ,39歳,1:男,43：熊本県,1
フィリピン,26：技能実習２号ロ,39歳,1:男,43：熊本県,3
フィリピン,28：技能実習３号ロ,39歳,1:男,43：熊本県,1
フィリピン,34：特定活動,39歳,1:男,43：熊本県,2
フィリピン,36：日本人の配偶者等,39歳,1:男,43：熊本県,1
フィリピン,38：定住者,39歳,1:男,43：熊本県,1
フィリピン,24：技能実習１号ロ,40歳,1:男,43：熊本県,1
フィリピン,26：技能実習２号ロ,40歳,1:男,43：熊本県,2
フィリピン,35：永住者,40歳,1:男,43：熊本県,1
フィリピン,24：技能実習１号ロ,41歳,1:男,43：熊本県,1
フィリピン,26：技能実習２号ロ,41歳,1:男,43：熊本県,1
フィリピン,28：技能実習３号ロ,41歳,1:男,43：熊本県,1
フィリピン,35：永住者,41歳,1:男,43：熊本県,2
フィリピン,16：技術・人文知識・国際業務,42歳,1:男,43：熊本県,1
フィリピン,24：技能実習１号ロ,42歳,1:男,43：熊本県,1
フィリピン,26：技能実習２号ロ,42歳,1:男,43：熊本県,1
フィリピン,28：技能実習３号ロ,42歳,1:男,43：熊本県,1
フィリピン,33：家族滞在,42歳,1:男,43：熊本県,1
フィリピン,35：永住者,42歳,1:男,43：熊本県,1
フィリピン,16：技術・人文知識・国際業務,43歳,1:男,43：熊本県,1
フィリピン,16：技術・人文知識・国際業務,44歳,1:男,43：熊本県,1
フィリピン,33：家族滞在,44歳,1:男,43：熊本県,2
フィリピン,35：永住者,44歳,1:男,43：熊本県,1
フィリピン,35：永住者,45歳,1:男,43：熊本県,1
フィリピン,16：技術・人文知識・国際業務,49歳,1:男,43：熊本県,1
フィリピン,21：特定技能１号,49歳,1:男,43：熊本県,1
フィリピン,35：永住者,50歳,1:男,43：熊本県,1
フィリピン,35：永住者,51歳,1:男,43：熊本県,1
フィリピン,38：定住者,51歳,1:男,43：熊本県,1
フィリピン,35：永住者,52歳,1:男,43：熊本県,1
フィリピン,35：永住者,64歳,1:男,43：熊本県,1
フィリピン,35：永住者,76歳,1:男,43：熊本県,1
フィリピン,34：特定活動,00歳,2:女,43：熊本県,2
フィリピン,38：定住者,00歳,2:女,43：熊本県,2
フィリピン,35：永住者,01歳,2:女,43：熊本県,1
フィリピン,38：定住者,01歳,2:女,43：熊本県,1
フィリピン,37：永住者の配偶者等,02歳,2:女,43：熊本県,1
フィリピン,37：永住者の配偶者等,03歳,2:女,43：熊本県,1
フィリピン,36：日本人の配偶者等,06歳,2:女,43：熊本県,1
フィリピン,36：日本人の配偶者等,07歳,2:女,43：熊本県,1
フィリピン,37：永住者の配偶者等,07歳,2:女,43：熊本県,1
フィリピン,35：永住者,08歳,2:女,43：熊本県,1
フィリピン,38：定住者,08歳,2:女,43：熊本県,1
フィリピン,38：定住者,09歳,2:女,43：熊本県,3
フィリピン,33：家族滞在,10歳,2:女,43：熊本県,1
フィリピン,38：定住者,10歳,2:女,43：熊本県,3
フィリピン,35：永住者,11歳,2:女,43：熊本県,2
フィリピン,38：定住者,11歳,2:女,43：熊本県,2
フィリピン,33：家族滞在,12歳,2:女,43：熊本県,1
フィリピン,38：定住者,12歳,2:女,43：熊本県,2
フィリピン,35：永住者,13歳,2:女,43：熊本県,2
フィリピン,36：日本人の配偶者等,13歳,2:女,43：熊本県,1
フィリピン,38：定住者,13歳,2:女,43：熊本県,2
フィリピン,33：家族滞在,14歳,2:女,43：熊本県,1
フィリピン,35：永住者,14歳,2:女,43：熊本県,1
フィリピン,38：定住者,14歳,2:女,43：熊本県,2
フィリピン,35：永住者,15歳,2:女,43：熊本県,1
フィリピン,38：定住者,15歳,2:女,43：熊本県,1
フィリピン,36：日本人の配偶者等,16歳,2:女,43：熊本県,1
フィリピン,38：定住者,16歳,2:女,43：熊本県,2
フィリピン,35：永住者,17歳,2:女,43：熊本県,2
フィリピン,38：定住者,17歳,2:女,43：熊本県,1
フィリピン,35：永住者,18歳,2:女,43：熊本県,1
フィリピン,38：定住者,18歳,2:女,43：熊本県,3
フィリピン,35：永住者,19歳,2:女,43：熊本県,3
フィリピン,38：定住者,19歳,2:女,43：熊本県,4
フィリピン,24：技能実習１号ロ,20歳,2:女,43：熊本県,3
フィリピン,35：永住者,20歳,2:女,43：熊本県,1
フィリピン,24：技能実習１号ロ,21歳,2:女,43：熊本県,5
フィリピン,26：技能実習２号ロ,21歳,2:女,43：熊本県,3
フィリピン,35：永住者,21歳,2:女,43：熊本県,1
フィリピン,36：日本人の配偶者等,21歳,2:女,43：熊本県,1
フィリピン,38：定住者,21歳,2:女,43：熊本県,2
フィリピン,19：興行,22歳,2:女,43：熊本県,1
フィリピン,21：特定技能１号,22歳,2:女,43：熊本県,2
フィリピン,24：技能実習１号ロ,22歳,2:女,43：熊本県,4
フィリピン,26：技能実習２号ロ,22歳,2:女,43：熊本県,3
フィリピン,34：特定活動,22歳,2:女,43：熊本県,2
フィリピン,38：定住者,22歳,2:女,43：熊本県,3
フィリピン,19：興行,23歳,2:女,43：熊本県,1
フィリピン,21：特定技能１号,23歳,2:女,43：熊本県,2
フィリピン,24：技能実習１号ロ,23歳,2:女,43：熊本県,23
フィリピン,26：技能実習２号ロ,23歳,2:女,43：熊本県,3
フィリピン,31：留学,23歳,2:女,43：熊本県,1
フィリピン,34：特定活動,23歳,2:女,43：熊本県,2
フィリピン,36：日本人の配偶者等,23歳,2:女,43：熊本県,2
フィリピン,38：定住者,23歳,2:女,43：熊本県,1
フィリピン,19：興行,24歳,2:女,43：熊本県,3
フィリピン,21：特定技能１号,24歳,2:女,43：熊本県,5
フィリピン,24：技能実習１号ロ,24歳,2:女,43：熊本県,19
フィリピン,26：技能実習２号ロ,24歳,2:女,43：熊本県,19
フィリピン,28：技能実習３号ロ,24歳,2:女,43：熊本県,4
フィリピン,31：留学,24歳,2:女,43：熊本県,1
フィリピン,35：永住者,24歳,2:女,43：熊本県,1
フィリピン,36：日本人の配偶者等,24歳,2:女,43：熊本県,1
フィリピン,38：定住者,24歳,2:女,43：熊本県,2
フィリピン,19：興行,25歳,2:女,43：熊本県,2
フィリピン,21：特定技能１号,25歳,2:女,43：熊本県,12
フィリピン,24：技能実習１号ロ,25歳,2:女,43：熊本県,35
フィリピン,26：技能実習２号ロ,25歳,2:女,43：熊本県,23
フィリピン,28：技能実習３号ロ,25歳,2:女,43：熊本県,7
フィリピン,34：特定活動,25歳,2:女,43：熊本県,2
フィリピン,35：永住者,25歳,2:女,43：熊本県,2
フィリピン,36：日本人の配偶者等,25歳,2:女,43：熊本県,1
フィリピン,38：定住者,25歳,2:女,43：熊本県,1
フィリピン,16：技術・人文知識・国際業務,26歳,2:女,43：熊本県,2
フィリピン,19：興行,26歳,2:女,43：熊本県,3
フィリピン,21：特定技能１号,26歳,2:女,43：熊本県,18
フィリピン,24：技能実習１号ロ,26歳,2:女,43：熊本県,31
フィリピン,26：技能実習２号ロ,26歳,2:女,43：熊本県,39
フィリピン,28：技能実習３号ロ,26歳,2:女,43：熊本県,18
フィリピン,34：特定活動,26歳,2:女,43：熊本県,5
フィリピン,35：永住者,26歳,2:女,43：熊本県,2
フィリピン,36：日本人の配偶者等,26歳,2:女,43：熊本県,2
フィリピン,37：永住者の配偶者等,26歳,2:女,43：熊本県,1
フィリピン,16：技術・人文知識・国際業務,27歳,2:女,43：熊本県,4
フィリピン,19：興行,27歳,2:女,43：熊本県,1
フィリピン,21：特定技能１号,27歳,2:女,43：熊本県,23
フィリピン,24：技能実習１号ロ,27歳,2:女,43：熊本県,29
フィリピン,26：技能実習２号ロ,27歳,2:女,43：熊本県,37
フィリピン,28：技能実習３号ロ,27歳,2:女,43：熊本県,35
フィリピン,34：特定活動,27歳,2:女,43：熊本県,1
フィリピン,35：永住者,27歳,2:女,43：熊本県,1
フィリピン,36：日本人の配偶者等,27歳,2:女,43：熊本県,6
フィリピン,37：永住者の配偶者等,27歳,2:女,43：熊本県,1
フィリピン,38：定住者,27歳,2:女,43：熊本県,2
フィリピン,16：技術・人文知識・国際業務,28歳,2:女,43：熊本県,1
フィリピン,19：興行,28歳,2:女,43：熊本県,3
フィリピン,21：特定技能１号,28歳,2:女,43：熊本県,17
フィリピン,24：技能実習１号ロ,28歳,2:女,43：熊本県,19
フィリピン,26：技能実習２号ロ,28歳,2:女,43：熊本県,38
フィリピン,28：技能実習３号ロ,28歳,2:女,43：熊本県,21
フィリピン,34：特定活動,28歳,2:女,43：熊本県,2
フィリピン,35：永住者,28歳,2:女,43：熊本県,3
フィリピン,36：日本人の配偶者等,28歳,2:女,43：熊本県,9
フィリピン,37：永住者の配偶者等,28歳,2:女,43：熊本県,1
フィリピン,38：定住者,28歳,2:女,43：熊本県,1
フィリピン,16：技術・人文知識・国際業務,29歳,2:女,43：熊本県,3
フィリピン,19：興行,29歳,2:女,43：熊本県,6
フィリピン,21：特定技能１号,29歳,2:女,43：熊本県,18
フィリピン,24：技能実習１号ロ,29歳,2:女,43：熊本県,23
フィリピン,26：技能実習２号ロ,29歳,2:女,43：熊本県,26
フィリピン,28：技能実習３号ロ,29歳,2:女,43：熊本県,24
フィリピン,34：特定活動,29歳,2:女,43：熊本県,5
フィリピン,35：永住者,29歳,2:女,43：熊本県,3
フィリピン,36：日本人の配偶者等,29歳,2:女,43：熊本県,9
フィリピン,37：永住者の配偶者等,29歳,2:女,43：熊本県,1
フィリピン,38：定住者,29歳,2:女,43：熊本県,3
フィリピン,16：技術・人文知識・国際業務,30歳,2:女,43：熊本県,4
フィリピン,19：興行,30歳,2:女,43：熊本県,4
フィリピン,21：特定技能１号,30歳,2:女,43：熊本県,19
フィリピン,24：技能実習１号ロ,30歳,2:女,43：熊本県,15
フィリピン,26：技能実習２号ロ,30歳,2:女,43：熊本県,24
フィリピン,28：技能実習３号ロ,30歳,2:女,43：熊本県,28
フィリピン,33：家族滞在,30歳,2:女,43：熊本県,1
フィリピン,34：特定活動,30歳,2:女,43：熊本県,3
フィリピン,35：永住者,30歳,2:女,43：熊本県,3
フィリピン,36：日本人の配偶者等,30歳,2:女,43：熊本県,11
フィリピン,38：定住者,30歳,2:女,43：熊本県,4
フィリピン,15：教育,31歳,2:女,43：熊本県,1
フィリピン,16：技術・人文知識・国際業務,31歳,2:女,43：熊本県,1
フィリピン,19：興行,31歳,2:女,43：熊本県,3
フィリピン,21：特定技能１号,31歳,2:女,43：熊本県,12
フィリピン,24：技能実習１号ロ,31歳,2:女,43：熊本県,7
フィリピン,26：技能実習２号ロ,31歳,2:女,43：熊本県,14
フィリピン,28：技能実習３号ロ,31歳,2:女,43：熊本県,17
フィリピン,31：留学,31歳,2:女,43：熊本県,1
フィリピン,34：特定活動,31歳,2:女,43：熊本県,3
フィリピン,35：永住者,31歳,2:女,43：熊本県,1
フィリピン,36：日本人の配偶者等,31歳,2:女,43：熊本県,6
フィリピン,38：定住者,31歳,2:女,43：熊本県,4
フィリピン,15：教育,32歳,2:女,43：熊本県,1
フィリピン,16：技術・人文知識・国際業務,32歳,2:女,43：熊本県,1
フィリピン,19：興行,32歳,2:女,43：熊本県,3
フィリピン,21：特定技能１号,32歳,2:女,43：熊本県,15
フィリピン,24：技能実習１号ロ,32歳,2:女,43：熊本県,10
フィリピン,26：技能実習２号ロ,32歳,2:女,43：熊本県,14
フィリピン,28：技能実習３号ロ,32歳,2:女,43：熊本県,23
フィリピン,31：留学,32歳,2:女,43：熊本県,1
フィリピン,34：特定活動,32歳,2:女,43：熊本県,3
フィリピン,35：永住者,32歳,2:女,43：熊本県,4
フィリピン,36：日本人の配偶者等,32歳,2:女,43：熊本県,7
フィリピン,38：定住者,32歳,2:女,43：熊本県,2
フィリピン,15：教育,33歳,2:女,43：熊本県,1
フィリピン,16：技術・人文知識・国際業務,33歳,2:女,43：熊本県,1
フィリピン,21：特定技能１号,33歳,2:女,43：熊本県,10
フィリピン,24：技能実習１号ロ,33歳,2:女,43：熊本県,4
フィリピン,26：技能実習２号ロ,33歳,2:女,43：熊本県,11
フィリピン,28：技能実習３号ロ,33歳,2:女,43：熊本県,9
フィリピン,34：特定活動,33歳,2:女,43：熊本県,3
フィリピン,35：永住者,33歳,2:女,43：熊本県,1
フィリピン,36：日本人の配偶者等,33歳,2:女,43：熊本県,10
フィリピン,38：定住者,33歳,2:女,43：熊本県,2
フィリピン,21：特定技能１号,34歳,2:女,43：熊本県,13
フィリピン,24：技能実習１号ロ,34歳,2:女,43：熊本県,3
フィリピン,26：技能実習２号ロ,34歳,2:女,43：熊本県,9
フィリピン,28：技能実習３号ロ,34歳,2:女,43：熊本県,8
フィリピン,34：特定活動,34歳,2:女,43：熊本県,1
フィリピン,35：永住者,34歳,2:女,43：熊本県,2
フィリピン,36：日本人の配偶者等,34歳,2:女,43：熊本県,7
フィリピン,38：定住者,34歳,2:女,43：熊本県,2
フィリピン,13：医療,35歳,2:女,43：熊本県,1
フィリピン,15：教育,35歳,2:女,43：熊本県,1
フィリピン,21：特定技能１号,35歳,2:女,43：熊本県,4
フィリピン,24：技能実習１号ロ,35歳,2:女,43：熊本県,2
フィリピン,26：技能実習２号ロ,35歳,2:女,43：熊本県,6
フィリピン,28：技能実習３号ロ,35歳,2:女,43：熊本県,2
フィリピン,34：特定活動,35歳,2:女,43：熊本県,1
フィリピン,35：永住者,35歳,2:女,43：熊本県,5
フィリピン,36：日本人の配偶者等,35歳,2:女,43：熊本県,6
フィリピン,38：定住者,35歳,2:女,43：熊本県,3
フィリピン,19：興行,36歳,2:女,43：熊本県,1
フィリピン,21：特定技能１号,36歳,2:女,43：熊本県,2
フィリピン,24：技能実習１号ロ,36歳,2:女,43：熊本県,1
フィリピン,26：技能実習２号ロ,36歳,2:女,43：熊本県,5
フィリピン,34：特定活動,36歳,2:女,43：熊本県,2
フィリピン,35：永住者,36歳,2:女,43：熊本県,8
フィリピン,36：日本人の配偶者等,36歳,2:女,43：熊本県,6
フィリピン,21：特定技能１号,37歳,2:女,43：熊本県,2
フィリピン,24：技能実習１号ロ,37歳,2:女,43：熊本県,2
フィリピン,26：技能実習２号ロ,37歳,2:女,43：熊本県,2
フィリピン,28：技能実習３号ロ,37歳,2:女,43：熊本県,1
フィリピン,35：永住者,37歳,2:女,43：熊本県,15
フィリピン,36：日本人の配偶者等,37歳,2:女,43：熊本県,7
フィリピン,38：定住者,37歳,2:女,43：熊本県,1
フィリピン,24：技能実習１号ロ,38歳,2:女,43：熊本県,1
フィリピン,26：技能実習２号ロ,38歳,2:女,43：熊本県,2
フィリピン,28：技能実習３号ロ,38歳,2:女,43：熊本県,3
フィリピン,34：特定活動,38歳,2:女,43：熊本県,2
フィリピン,35：永住者,38歳,2:女,43：熊本県,15
フィリピン,36：日本人の配偶者等,38歳,2:女,43：熊本県,3
フィリピン,38：定住者,38歳,2:女,43：熊本県,3
フィリピン,24：技能実習１号ロ,39歳,2:女,43：熊本県,1
フィリピン,28：技能実習３号ロ,39歳,2:女,43：熊本県,3
フィリピン,33：家族滞在,39歳,2:女,43：熊本県,1
フィリピン,35：永住者,39歳,2:女,43：熊本県,22
フィリピン,36：日本人の配偶者等,39歳,2:女,43：熊本県,6
フィリピン,38：定住者,39歳,2:女,43：熊本県,4
フィリピン,15：教育,40歳,2:女,43：熊本県,1
フィリピン,24：技能実習１号ロ,40歳,2:女,43：熊本県,2
フィリピン,28：技能実習３号ロ,40歳,2:女,43：熊本県,2
フィリピン,35：永住者,40歳,2:女,43：熊本県,29
フィリピン,36：日本人の配偶者等,40歳,2:女,43：熊本県,7
フィリピン,38：定住者,40歳,2:女,43：熊本県,4
フィリピン,16：技術・人文知識・国際業務,41歳,2:女,43：熊本県,2
フィリピン,24：技能実習１号ロ,41歳,2:女,43：熊本県,1
フィリピン,26：技能実習２号ロ,41歳,2:女,43：熊本県,2
フィリピン,28：技能実習３号ロ,41歳,2:女,43：熊本県,1
フィリピン,35：永住者,41歳,2:女,43：熊本県,28
フィリピン,36：日本人の配偶者等,41歳,2:女,43：熊本県,7
フィリピン,38：定住者,41歳,2:女,43：熊本県,6
フィリピン,18：介護,42歳,2:女,43：熊本県,1
フィリピン,24：技能実習１号ロ,42歳,2:女,43：熊本県,2
フィリピン,26：技能実習２号ロ,42歳,2:女,43：熊本県,1
フィリピン,28：技能実習３号ロ,42歳,2:女,43：熊本県,1
フィリピン,35：永住者,42歳,2:女,43：熊本県,27
フィリピン,36：日本人の配偶者等,42歳,2:女,43：熊本県,8
フィリピン,38：定住者,42歳,2:女,43：熊本県,6
フィリピン,24：技能実習１号ロ,43歳,2:女,43：熊本県,2
フィリピン,26：技能実習２号ロ,43歳,2:女,43：熊本県,1
フィリピン,34：特定活動,43歳,2:女,43：熊本県,1
フィリピン,35：永住者,43歳,2:女,43：熊本県,26
フィリピン,36：日本人の配偶者等,43歳,2:女,43：熊本県,4
フィリピン,38：定住者,43歳,2:女,43：熊本県,1
フィリピン,24：技能実習１号ロ,44歳,2:女,43：熊本県,1
フィリピン,35：永住者,44歳,2:女,43：熊本県,26
フィリピン,36：日本人の配偶者等,44歳,2:女,43：熊本県,5
フィリピン,38：定住者,44歳,2:女,43：熊本県,3
フィリピン,35：永住者,45歳,2:女,43：熊本県,32
フィリピン,36：日本人の配偶者等,45歳,2:女,43：熊本県,2
フィリピン,38：定住者,45歳,2:女,43：熊本県,3
フィリピン,35：永住者,46歳,2:女,43：熊本県,25
フィリピン,36：日本人の配偶者等,46歳,2:女,43：熊本県,3
フィリピン,37：永住者の配偶者等,46歳,2:女,43：熊本県,1
フィリピン,38：定住者,46歳,2:女,43：熊本県,2
フィリピン,15：教育,47歳,2:女,43：熊本県,1
フィリピン,35：永住者,47歳,2:女,43：熊本県,28
フィリピン,36：日本人の配偶者等,47歳,2:女,43：熊本県,2
フィリピン,38：定住者,47歳,2:女,43：熊本県,1
フィリピン,26：技能実習２号ロ,48歳,2:女,43：熊本県,1
フィリピン,35：永住者,48歳,2:女,43：熊本県,33
フィリピン,36：日本人の配偶者等,48歳,2:女,43：熊本県,2
フィリピン,38：定住者,48歳,2:女,43：熊本県,5
フィリピン,35：永住者,49歳,2:女,43：熊本県,52
フィリピン,36：日本人の配偶者等,49歳,2:女,43：熊本県,4
フィリピン,38：定住者,49歳,2:女,43：熊本県,2
フィリピン,35：永住者,50歳,2:女,43：熊本県,50
フィリピン,36：日本人の配偶者等,50歳,2:女,43：熊本県,1
フィリピン,38：定住者,50歳,2:女,43：熊本県,4
フィリピン,35：永住者,51歳,2:女,43：熊本県,50
フィリピン,36：日本人の配偶者等,51歳,2:女,43：熊本県,3
フィリピン,38：定住者,51歳,2:女,43：熊本県,3
フィリピン,35：永住者,52歳,2:女,43：熊本県,84
フィリピン,36：日本人の配偶者等,52歳,2:女,43：熊本県,1
フィリピン,38：定住者,52歳,2:女,43：熊本県,3
フィリピン,35：永住者,53歳,2:女,43：熊本県,46
フィリピン,36：日本人の配偶者等,53歳,2:女,43：熊本県,3
フィリピン,38：定住者,53歳,2:女,43：熊本県,4
フィリピン,35：永住者,54歳,2:女,43：熊本県,40
フィリピン,36：日本人の配偶者等,54歳,2:女,43：熊本県,2
フィリピン,38：定住者,54歳,2:女,43：熊本県,1
フィリピン,35：永住者,55歳,2:女,43：熊本県,34
フィリピン,36：日本人の配偶者等,55歳,2:女,43：熊本県,1
フィリピン,38：定住者,55歳,2:女,43：熊本県,4
フィリピン,35：永住者,56歳,2:女,43：熊本県,29
フィリピン,36：日本人の配偶者等,56歳,2:女,43：熊本県,5
フィリピン,35：永住者,57歳,2:女,43：熊本県,23
フィリピン,36：日本人の配偶者等,57歳,2:女,43：熊本県,2
フィリピン,35：永住者,58歳,2:女,43：熊本県,24
フィリピン,36：日本人の配偶者等,58歳,2:女,43：熊本県,1
フィリピン,38：定住者,58歳,2:女,43：熊本県,1
フィリピン,35：永住者,59歳,2:女,43：熊本県,7
フィリピン,36：日本人の配偶者等,59歳,2:女,43：熊本県,1
フィリピン,38：定住者,59歳,2:女,43：熊本県,1
フィリピン,35：永住者,60歳,2:女,43：熊本県,15
フィリピン,35：永住者,61歳,2:女,43：熊本県,13
フィリピン,36：日本人の配偶者等,61歳,2:女,43：熊本県,1
フィリピン,35：永住者,62歳,2:女,43：熊本県,4
フィリピン,35：永住者,63歳,2:女,43：熊本県,7
フィリピン,38：定住者,63歳,2:女,43：熊本県,2
フィリピン,35：永住者,64歳,2:女,43：熊本県,1
フィリピン,35：永住者,65歳,2:女,43：熊本県,3
フィリピン,35：永住者,66歳,2:女,43：熊本県,2
フィリピン,35：永住者,68歳,2:女,43：熊本県,1
フィリピン,35：永住者,69歳,2:女,43：熊本県,1
フィリピン,35：永住者,71歳,2:女,43：熊本県,1
フィリピン,35：永住者,72歳,2:女,43：熊本県,3
フィリピン,35：永住者,73歳,2:女,43：熊本県,2
フィリピン,35：永住者,77歳,2:女,43：熊本県,1
ブータン,35：永住者,37歳,1:男,43：熊本県,1
ブータン,35：永住者,61歳,2:女,43：熊本県,1
ベトナム,33：家族滞在,00歳,1:男,43：熊本県,3
ベトナム,34：特定活動,00歳,1:男,43：熊本県,1
ベトナム,33：家族滞在,01歳,1:男,43：熊本県,6
ベトナム,33：家族滞在,02歳,1:男,43：熊本県,2
ベトナム,33：家族滞在,03歳,1:男,43：熊本県,5
ベトナム,33：家族滞在,04歳,1:男,43：熊本県,1
ベトナム,35：永住者,06歳,1:男,43：熊本県,1
ベトナム,33：家族滞在,08歳,1:男,43：熊本県,2
ベトナム,33：家族滞在,09歳,1:男,43：熊本県,3
ベトナム,35：永住者,09歳,1:男,43：熊本県,1
ベトナム,37：永住者の配偶者等,10歳,1:男,43：熊本県,1
ベトナム,35：永住者,12歳,1:男,43：熊本県,1
ベトナム,38：定住者,12歳,1:男,43：熊本県,1
ベトナム,24：技能実習１号ロ,18歳,1:男,43：熊本県,13
ベトナム,24：技能実習１号ロ,19歳,1:男,43：熊本県,22
ベトナム,31：留学,19歳,1:男,43：熊本県,6
ベトナム,24：技能実習１号ロ,20歳,1:男,43：熊本県,55
ベトナム,26：技能実習２号ロ,20歳,1:男,43：熊本県,19
ベトナム,31：留学,20歳,1:男,43：熊本県,4
ベトナム,34：特定活動,20歳,1:男,43：熊本県,1
ベトナム,21：特定技能１号,21歳,1:男,43：熊本県,2
ベトナム,24：技能実習１号ロ,21歳,1:男,43：熊本県,34
ベトナム,26：技能実習２号ロ,21歳,1:男,43：熊本県,103
ベトナム,31：留学,21歳,1:男,43：熊本県,10
ベトナム,34：特定活動,21歳,1:男,43：熊本県,10
ベトナム,21：特定技能１号,22歳,1:男,43：熊本県,20
ベトナム,23：技能実習１号イ,22歳,1:男,43：熊本県,1
ベトナム,24：技能実習１号ロ,22歳,1:男,43：熊本県,26
ベトナム,25：技能実習２号イ,22歳,1:男,43：熊本県,1
ベトナム,26：技能実習２号ロ,22歳,1:男,43：熊本県,119
ベトナム,28：技能実習３号ロ,22歳,1:男,43：熊本県,8
ベトナム,31：留学,22歳,1:男,43：熊本県,2
ベトナム,34：特定活動,22歳,1:男,43：熊本県,17
ベトナム,16：技術・人文知識・国際業務,23歳,1:男,43：熊本県,10
ベトナム,21：特定技能１号,23歳,1:男,43：熊本県,27
ベトナム,23：技能実習１号イ,23歳,1:男,43：熊本県,1
ベトナム,24：技能実習１号ロ,23歳,1:男,43：熊本県,36
ベトナム,25：技能実習２号イ,23歳,1:男,43：熊本県,1
ベトナム,26：技能実習２号ロ,23歳,1:男,43：熊本県,84
ベトナム,28：技能実習３号ロ,23歳,1:男,43：熊本県,23
ベトナム,31：留学,23歳,1:男,43：熊本県,3
ベトナム,34：特定活動,23歳,1:男,43：熊本県,33
ベトナム,36：日本人の配偶者等,23歳,1:男,43：熊本県,1
ベトナム,16：技術・人文知識・国際業務,24歳,1:男,43：熊本県,26
ベトナム,21：特定技能１号,24歳,1:男,43：熊本県,34
ベトナム,23：技能実習１号イ,24歳,1:男,43：熊本県,1
ベトナム,24：技能実習１号ロ,24歳,1:男,43：熊本県,26
ベトナム,26：技能実習２号ロ,24歳,1:男,43：熊本県,104
ベトナム,27：技能実習３号イ,24歳,1:男,43：熊本県,1
ベトナム,28：技能実習３号ロ,24歳,1:男,43：熊本県,36
ベトナム,31：留学,24歳,1:男,43：熊本県,6
ベトナム,34：特定活動,24歳,1:男,43：熊本県,29
ベトナム,11：経営・管理,25歳,1:男,43：熊本県,1
ベトナム,16：技術・人文知識・国際業務,25歳,1:男,43：熊本県,25
ベトナム,21：特定技能１号,25歳,1:男,43：熊本県,46
ベトナム,24：技能実習１号ロ,25歳,1:男,43：熊本県,12
ベトナム,25：技能実習２号イ,25歳,1:男,43：熊本県,2
ベトナム,26：技能実習２号ロ,25歳,1:男,43：熊本県,63
ベトナム,28：技能実習３号ロ,25歳,1:男,43：熊本県,24
ベトナム,31：留学,25歳,1:男,43：熊本県,4
ベトナム,33：家族滞在,25歳,1:男,43：熊本県,1
ベトナム,34：特定活動,25歳,1:男,43：熊本県,26
ベトナム,16：技術・人文知識・国際業務,26歳,1:男,43：熊本県,44
ベトナム,21：特定技能１号,26歳,1:男,43：熊本県,53
ベトナム,24：技能実習１号ロ,26歳,1:男,43：熊本県,19
ベトナム,26：技能実習２号ロ,26歳,1:男,43：熊本県,58
ベトナム,28：技能実習３号ロ,26歳,1:男,43：熊本県,24
ベトナム,31：留学,26歳,1:男,43：熊本県,2
ベトナム,34：特定活動,26歳,1:男,43：熊本県,29
ベトナム,36：日本人の配偶者等,26歳,1:男,43：熊本県,2
ベトナム,11：経営・管理,27歳,1:男,43：熊本県,1
ベトナム,16：技術・人文知識・国際業務,27歳,1:男,43：熊本県,44
ベトナム,21：特定技能１号,27歳,1:男,43：熊本県,36
ベトナム,24：技能実習１号ロ,27歳,1:男,43：熊本県,10
ベトナム,25：技能実習２号イ,27歳,1:男,43：熊本県,1
ベトナム,26：技能実習２号ロ,27歳,1:男,43：熊本県,44
ベトナム,27：技能実習３号イ,27歳,1:男,43：熊本県,2
ベトナム,28：技能実習３号ロ,27歳,1:男,43：熊本県,32
ベトナム,33：家族滞在,27歳,1:男,43：熊本県,1
ベトナム,34：特定活動,27歳,1:男,43：熊本県,27
ベトナム,36：日本人の配偶者等,27歳,1:男,43：熊本県,2
ベトナム,16：技術・人文知識・国際業務,28歳,1:男,43：熊本県,36
ベトナム,21：特定技能１号,28歳,1:男,43：熊本県,30
ベトナム,23：技能実習１号イ,28歳,1:男,43：熊本県,1
ベトナム,24：技能実習１号ロ,28歳,1:男,43：熊本県,10
ベトナム,26：技能実習２号ロ,28歳,1:男,43：熊本県,33
ベトナム,27：技能実習３号イ,28歳,1:男,43：熊本県,1
ベトナム,28：技能実習３号ロ,28歳,1:男,43：熊本県,31
ベトナム,31：留学,28歳,1:男,43：熊本県,1
ベトナム,33：家族滞在,28歳,1:男,43：熊本県,1
ベトナム,34：特定活動,28歳,1:男,43：熊本県,16
ベトナム,36：日本人の配偶者等,28歳,1:男,43：熊本県,2
ベトナム,11：経営・管理,29歳,1:男,43：熊本県,1
ベトナム,16：技術・人文知識・国際業務,29歳,1:男,43：熊本県,23
ベトナム,21：特定技能１号,29歳,1:男,43：熊本県,24
ベトナム,24：技能実習１号ロ,29歳,1:男,43：熊本県,16
ベトナム,25：技能実習２号イ,29歳,1:男,43：熊本県,1
ベトナム,26：技能実習２号ロ,29歳,1:男,43：熊本県,33
ベトナム,27：技能実習３号イ,29歳,1:男,43：熊本県,1
ベトナム,28：技能実習３号ロ,29歳,1:男,43：熊本県,25
ベトナム,31：留学,29歳,1:男,43：熊本県,4
ベトナム,34：特定活動,29歳,1:男,43：熊本県,27
ベトナム,11：経営・管理,30歳,1:男,43：熊本県,1
ベトナム,16：技術・人文知識・国際業務,30歳,1:男,43：熊本県,24
ベトナム,17：企業内転勤,30歳,1:男,43：熊本県,1
ベトナム,21：特定技能１号,30歳,1:男,43：熊本県,27
ベトナム,24：技能実習１号ロ,30歳,1:男,43：熊本県,8
ベトナム,26：技能実習２号ロ,30歳,1:男,43：熊本県,30
ベトナム,27：技能実習３号イ,30歳,1:男,43：熊本県,2
ベトナム,28：技能実習３号ロ,30歳,1:男,43：熊本県,17
ベトナム,31：留学,30歳,1:男,43：熊本県,3
ベトナム,34：特定活動,30歳,1:男,43：熊本県,22
ベトナム,36：日本人の配偶者等,30歳,1:男,43：熊本県,1
ベトナム,08：高度専門職１号ロ,31歳,1:男,43：熊本県,1
ベトナム,16：技術・人文知識・国際業務,31歳,1:男,43：熊本県,24
ベトナム,21：特定技能１号,31歳,1:男,43：熊本県,22
ベトナム,24：技能実習１号ロ,31歳,1:男,43：熊本県,10
ベトナム,26：技能実習２号ロ,31歳,1:男,43：熊本県,35
ベトナム,27：技能実習３号イ,31歳,1:男,43：熊本県,4
ベトナム,28：技能実習３号ロ,31歳,1:男,43：熊本県,16
ベトナム,34：特定活動,31歳,1:男,43：熊本県,13
ベトナム,36：日本人の配偶者等,31歳,1:男,43：熊本県,1
ベトナム,16：技術・人文知識・国際業務,32歳,1:男,43：熊本県,24
ベトナム,17：企業内転勤,32歳,1:男,43：熊本県,1
ベトナム,21：特定技能１号,32歳,1:男,43：熊本県,20
ベトナム,23：技能実習１号イ,32歳,1:男,43：熊本県,1
ベトナム,24：技能実習１号ロ,32歳,1:男,43：熊本県,6
ベトナム,25：技能実習２号イ,32歳,1:男,43：熊本県,3
ベトナム,26：技能実習２号ロ,32歳,1:男,43：熊本県,21
ベトナム,27：技能実習３号イ,32歳,1:男,43：熊本県,2
ベトナム,28：技能実習３号ロ,32歳,1:男,43：熊本県,14
ベトナム,33：家族滞在,32歳,1:男,43：熊本県,1
ベトナム,34：特定活動,32歳,1:男,43：熊本県,11
ベトナム,16：技術・人文知識・国際業務,33歳,1:男,43：熊本県,13
ベトナム,21：特定技能１号,33歳,1:男,43：熊本県,10
ベトナム,24：技能実習１号ロ,33歳,1:男,43：熊本県,8
ベトナム,26：技能実習２号ロ,33歳,1:男,43：熊本県,23
ベトナム,27：技能実習３号イ,33歳,1:男,43：熊本県,4
ベトナム,28：技能実習３号ロ,33歳,1:男,43：熊本県,14
ベトナム,34：特定活動,33歳,1:男,43：熊本県,12
ベトナム,36：日本人の配偶者等,33歳,1:男,43：熊本県,1
ベトナム,16：技術・人文知識・国際業務,34歳,1:男,43：熊本県,8
ベトナム,17：企業内転勤,34歳,1:男,43：熊本県,1
ベトナム,21：特定技能１号,34歳,1:男,43：熊本県,18
ベトナム,23：技能実習１号イ,34歳,1:男,43：熊本県,2
ベトナム,24：技能実習１号ロ,34歳,1:男,43：熊本県,8
ベトナム,25：技能実習２号イ,34歳,1:男,43：熊本県,1
ベトナム,26：技能実習２号ロ,34歳,1:男,43：熊本県,10
ベトナム,27：技能実習３号イ,34歳,1:男,43：熊本県,2
ベトナム,28：技能実習３号ロ,34歳,1:男,43：熊本県,9
ベトナム,31：留学,34歳,1:男,43：熊本県,2
ベトナム,34：特定活動,34歳,1:男,43：熊本県,15
ベトナム,36：日本人の配偶者等,34歳,1:男,43：熊本県,1
ベトナム,16：技術・人文知識・国際業務,35歳,1:男,43：熊本県,10
ベトナム,21：特定技能１号,35歳,1:男,43：熊本県,17
ベトナム,24：技能実習１号ロ,35歳,1:男,43：熊本県,3
ベトナム,25：技能実習２号イ,35歳,1:男,43：熊本県,1
ベトナム,26：技能実習２号ロ,35歳,1:男,43：熊本県,8
ベトナム,27：技能実習３号イ,35歳,1:男,43：熊本県,3
ベトナム,28：技能実習３号ロ,35歳,1:男,43：熊本県,9
ベトナム,34：特定活動,35歳,1:男,43：熊本県,9
ベトナム,16：技術・人文知識・国際業務,36歳,1:男,43：熊本県,8
ベトナム,17：企業内転勤,36歳,1:男,43：熊本県,1
ベトナム,21：特定技能１号,36歳,1:男,43：熊本県,11
ベトナム,23：技能実習１号イ,36歳,1:男,43：熊本県,1
ベトナム,24：技能実習１号ロ,36歳,1:男,43：熊本県,4
ベトナム,25：技能実習２号イ,36歳,1:男,43：熊本県,4
ベトナム,26：技能実習２号ロ,36歳,1:男,43：熊本県,8
ベトナム,27：技能実習３号イ,36歳,1:男,43：熊本県,9
ベトナム,28：技能実習３号ロ,36歳,1:男,43：熊本県,5
ベトナム,34：特定活動,36歳,1:男,43：熊本県,7
ベトナム,35：永住者,36歳,1:男,43：熊本県,1
ベトナム,16：技術・人文知識・国際業務,37歳,1:男,43：熊本県,2
ベトナム,21：特定技能１号,37歳,1:男,43：熊本県,4
ベトナム,23：技能実習１号イ,37歳,1:男,43：熊本県,1
ベトナム,24：技能実習１号ロ,37歳,1:男,43：熊本県,1
ベトナム,25：技能実習２号イ,37歳,1:男,43：熊本県,2
ベトナム,26：技能実習２号ロ,37歳,1:男,43：熊本県,4
ベトナム,27：技能実習３号イ,37歳,1:男,43：熊本県,8
ベトナム,33：家族滞在,37歳,1:男,43：熊本県,1
ベトナム,34：特定活動,37歳,1:男,43：熊本県,6
ベトナム,16：技術・人文知識・国際業務,38歳,1:男,43：熊本県,4
ベトナム,21：特定技能１号,38歳,1:男,43：熊本県,13
ベトナム,23：技能実習１号イ,38歳,1:男,43：熊本県,1
ベトナム,25：技能実習２号イ,38歳,1:男,43：熊本県,3
ベトナム,26：技能実習２号ロ,38歳,1:男,43：熊本県,3
ベトナム,27：技能実習３号イ,38歳,1:男,43：熊本県,6
ベトナム,28：技能実習３号ロ,38歳,1:男,43：熊本県,5
ベトナム,34：特定活動,38歳,1:男,43：熊本県,8
ベトナム,16：技術・人文知識・国際業務,39歳,1:男,43：熊本県,4
ベトナム,21：特定技能１号,39歳,1:男,43：熊本県,9
ベトナム,23：技能実習１号イ,39歳,1:男,43：熊本県,1
ベトナム,24：技能実習１号ロ,39歳,1:男,43：熊本県,1
ベトナム,25：技能実習２号イ,39歳,1:男,43：熊本県,2
ベトナム,26：技能実習２号ロ,39歳,1:男,43：熊本県,2
ベトナム,27：技能実習３号イ,39歳,1:男,43：熊本県,6
ベトナム,28：技能実習３号ロ,39歳,1:男,43：熊本県,1
ベトナム,33：家族滞在,39歳,1:男,43：熊本県,1
ベトナム,34：特定活動,39歳,1:男,43：熊本県,3
ベトナム,16：技術・人文知識・国際業務,40歳,1:男,43：熊本県,2
ベトナム,21：特定技能１号,40歳,1:男,43：熊本県,6
ベトナム,23：技能実習１号イ,40歳,1:男,43：熊本県,2
ベトナム,26：技能実習２号ロ,40歳,1:男,43：熊本県,3
ベトナム,27：技能実習３号イ,40歳,1:男,43：熊本県,5
ベトナム,28：技能実習３号ロ,40歳,1:男,43：熊本県,3
ベトナム,34：特定活動,40歳,1:男,43：熊本県,1
ベトナム,35：永住者,40歳,1:男,43：熊本県,1
ベトナム,21：特定技能１号,41歳,1:男,43：熊本県,3
ベトナム,25：技能実習２号イ,41歳,1:男,43：熊本県,1
ベトナム,26：技能実習２号ロ,41歳,1:男,43：熊本県,1
ベトナム,27：技能実習３号イ,41歳,1:男,43：熊本県,6
ベトナム,28：技能実習３号ロ,41歳,1:男,43：熊本県,1
ベトナム,34：特定活動,41歳,1:男,43：熊本県,2
ベトナム,21：特定技能１号,42歳,1:男,43：熊本県,3
ベトナム,24：技能実習１号ロ,42歳,1:男,43：熊本県,2
ベトナム,26：技能実習２号ロ,42歳,1:男,43：熊本県,1
ベトナム,27：技能実習３号イ,42歳,1:男,43：熊本県,2
ベトナム,34：特定活動,42歳,1:男,43：熊本県,1
ベトナム,21：特定技能１号,43歳,1:男,43：熊本県,2
ベトナム,34：特定活動,43歳,1:男,43：熊本県,1
ベトナム,35：永住者,43歳,1:男,43：熊本県,1
ベトナム,16：技術・人文知識・国際業務,44歳,1:男,43：熊本県,1
ベトナム,21：特定技能１号,44歳,1:男,43：熊本県,1
ベトナム,24：技能実習１号ロ,44歳,1:男,43：熊本県,1
ベトナム,34：特定活動,44歳,1:男,43：熊本県,1
ベトナム,21：特定技能１号,45歳,1:男,43：熊本県,1
ベトナム,21：特定技能１号,46歳,1:男,43：熊本県,1
ベトナム,33：家族滞在,00歳,2:女,43：熊本県,6
ベトナム,38：定住者,00歳,2:女,43：熊本県,1
ベトナム,33：家族滞在,02歳,2:女,43：熊本県,5
ベトナム,33：家族滞在,03歳,2:女,43：熊本県,2
ベトナム,33：家族滞在,04歳,2:女,43：熊本県,2
ベトナム,33：家族滞在,05歳,2:女,43：熊本県,1
ベトナム,38：定住者,05歳,2:女,43：熊本県,1
ベトナム,33：家族滞在,06歳,2:女,43：熊本県,1
ベトナム,33：家族滞在,08歳,2:女,43：熊本県,1
ベトナム,38：定住者,08歳,2:女,43：熊本県,1
ベトナム,38：定住者,09歳,2:女,43：熊本県,2
ベトナム,33：家族滞在,10歳,2:女,43：熊本県,1
ベトナム,24：技能実習１号ロ,18歳,2:女,43：熊本県,15
ベトナム,24：技能実習１号ロ,19歳,2:女,43：熊本県,63
ベトナム,26：技能実習２号ロ,19歳,2:女,43：熊本県,2
ベトナム,31：留学,19歳,2:女,43：熊本県,2
ベトナム,21：特定技能１号,20歳,2:女,43：熊本県,1
ベトナム,24：技能実習１号ロ,20歳,2:女,43：熊本県,84
ベトナム,26：技能実習２号ロ,20歳,2:女,43：熊本県,81
ベトナム,31：留学,20歳,2:女,43：熊本県,7
ベトナム,16：技術・人文知識・国際業務,21歳,2:女,43：熊本県,1
ベトナム,21：特定技能１号,21歳,2:女,43：熊本県,14
ベトナム,24：技能実習１号ロ,21歳,2:女,43：熊本県,74
ベトナム,26：技能実習２号ロ,21歳,2:女,43：熊本県,266
ベトナム,28：技能実習３号ロ,21歳,2:女,43：熊本県,11
ベトナム,31：留学,21歳,2:女,43：熊本県,5
ベトナム,34：特定活動,21歳,2:女,43：熊本県,10
ベトナム,16：技術・人文知識・国際業務,22歳,2:女,43：熊本県,7
ベトナム,18：介護,22歳,2:女,43：熊本県,2
ベトナム,21：特定技能１号,22歳,2:女,43：熊本県,49
ベトナム,24：技能実習１号ロ,22歳,2:女,43：熊本県,22
ベトナム,26：技能実習２号ロ,22歳,2:女,43：熊本県,149
ベトナム,28：技能実習３号ロ,22歳,2:女,43：熊本県,24
ベトナム,31：留学,22歳,2:女,43：熊本県,2
ベトナム,33：家族滞在,22歳,2:女,43：熊本県,3
ベトナム,34：特定活動,22歳,2:女,43：熊本県,13
ベトナム,16：技術・人文知識・国際業務,23歳,2:女,43：熊本県,8
ベトナム,21：特定技能１号,23歳,2:女,43：熊本県,72
ベトナム,24：技能実習１号ロ,23歳,2:女,43：熊本県,23
ベトナム,26：技能実習２号ロ,23歳,2:女,43：熊本県,100
ベトナム,28：技能実習３号ロ,23歳,2:女,43：熊本県,49
ベトナム,31：留学,23歳,2:女,43：熊本県,1
ベトナム,33：家族滞在,23歳,2:女,43：熊本県,2
ベトナム,34：特定活動,23歳,2:女,43：熊本県,16
ベトナム,36：日本人の配偶者等,23歳,2:女,43：熊本県,2
ベトナム,16：技術・人文知識・国際業務,24歳,2:女,43：熊本県,6
ベトナム,18：介護,24歳,2:女,43：熊本県,1
ベトナム,21：特定技能１号,24歳,2:女,43：熊本県,59
ベトナム,24：技能実習１号ロ,24歳,2:女,43：熊本県,11
ベトナム,26：技能実習２号ロ,24歳,2:女,43：熊本県,107
ベトナム,28：技能実習３号ロ,24歳,2:女,43：熊本県,55
ベトナム,31：留学,24歳,2:女,43：熊本県,1
ベトナム,33：家族滞在,24歳,2:女,43：熊本県,9
ベトナム,34：特定活動,24歳,2:女,43：熊本県,14
ベトナム,36：日本人の配偶者等,24歳,2:女,43：熊本県,3
ベトナム,16：技術・人文知識・国際業務,25歳,2:女,43：熊本県,13
ベトナム,18：介護,25歳,2:女,43：熊本県,3
ベトナム,21：特定技能１号,25歳,2:女,43：熊本県,49
ベトナム,24：技能実習１号ロ,25歳,2:女,43：熊本県,15
ベトナム,26：技能実習２号ロ,25歳,2:女,43：熊本県,76
ベトナム,28：技能実習３号ロ,25歳,2:女,43：熊本県,25
ベトナム,31：留学,25歳,2:女,43：熊本県,3
ベトナム,33：家族滞在,25歳,2:女,43：熊本県,3
ベトナム,34：特定活動,25歳,2:女,43：熊本県,15
ベトナム,36：日本人の配偶者等,25歳,2:女,43：熊本県,1
ベトナム,16：技術・人文知識・国際業務,26歳,2:女,43：熊本県,7
ベトナム,18：介護,26歳,2:女,43：熊本県,1
ベトナム,21：特定技能１号,26歳,2:女,43：熊本県,35
ベトナム,24：技能実習１号ロ,26歳,2:女,43：熊本県,17
ベトナム,26：技能実習２号ロ,26歳,2:女,43：熊本県,69
ベトナム,28：技能実習３号ロ,26歳,2:女,43：熊本県,23
ベトナム,31：留学,26歳,2:女,43：熊本県,2
ベトナム,33：家族滞在,26歳,2:女,43：熊本県,6
ベトナム,34：特定活動,26歳,2:女,43：熊本県,14
ベトナム,36：日本人の配偶者等,26歳,2:女,43：熊本県,1
ベトナム,03：教授,27歳,2:女,43：熊本県,1
ベトナム,16：技術・人文知識・国際業務,27歳,2:女,43：熊本県,12
ベトナム,21：特定技能１号,27歳,2:女,43：熊本県,32
ベトナム,24：技能実習１号ロ,27歳,2:女,43：熊本県,15
ベトナム,26：技能実習２号ロ,27歳,2:女,43：熊本県,53
ベトナム,28：技能実習３号ロ,27歳,2:女,43：熊本県,14
ベトナム,31：留学,27歳,2:女,43：熊本県,1
ベトナム,33：家族滞在,27歳,2:女,43：熊本県,6
ベトナム,34：特定活動,27歳,2:女,43：熊本県,10
ベトナム,16：技術・人文知識・国際業務,28歳,2:女,43：熊本県,9
ベトナム,21：特定技能１号,28歳,2:女,43：熊本県,44
ベトナム,24：技能実習１号ロ,28歳,2:女,43：熊本県,18
ベトナム,26：技能実習２号ロ,28歳,2:女,43：熊本県,57
ベトナム,28：技能実習３号ロ,28歳,2:女,43：熊本県,17
ベトナム,31：留学,28歳,2:女,43：熊本県,1
ベトナム,33：家族滞在,28歳,2:女,43：熊本県,3
ベトナム,34：特定活動,28歳,2:女,43：熊本県,9
ベトナム,35：永住者,28歳,2:女,43：熊本県,1
ベトナム,36：日本人の配偶者等,28歳,2:女,43：熊本県,3
ベトナム,11：経営・管理,29歳,2:女,43：熊本県,1
ベトナム,16：技術・人文知識・国際業務,29歳,2:女,43：熊本県,5
ベトナム,18：介護,29歳,2:女,43：熊本県,1
ベトナム,21：特定技能１号,29歳,2:女,43：熊本県,51
ベトナム,24：技能実習１号ロ,29歳,2:女,43：熊本県,26
ベトナム,26：技能実習２号ロ,29歳,2:女,43：熊本県,54
ベトナム,28：技能実習３号ロ,29歳,2:女,43：熊本県,15
ベトナム,31：留学,29歳,2:女,43：熊本県,1
ベトナム,33：家族滞在,29歳,2:女,43：熊本県,4
ベトナム,34：特定活動,29歳,2:女,43：熊本県,13
ベトナム,35：永住者,29歳,2:女,43：熊本県,1
ベトナム,36：日本人の配偶者等,29歳,2:女,43：熊本県,3
ベトナム,16：技術・人文知識・国際業務,30歳,2:女,43：熊本県,5
ベトナム,21：特定技能１号,30歳,2:女,43：熊本県,31
ベトナム,24：技能実習１号ロ,30歳,2:女,43：熊本県,20
ベトナム,26：技能実習２号ロ,30歳,2:女,43：熊本県,58
ベトナム,28：技能実習３号ロ,30歳,2:女,43：熊本県,24
ベトナム,33：家族滞在,30歳,2:女,43：熊本県,2
ベトナム,34：特定活動,30歳,2:女,43：熊本県,5
ベトナム,36：日本人の配偶者等,30歳,2:女,43：熊本県,2
ベトナム,16：技術・人文知識・国際業務,31歳,2:女,43：熊本県,5
ベトナム,18：介護,31歳,2:女,43：熊本県,1
ベトナム,21：特定技能１号,31歳,2:女,43：熊本県,31
ベトナム,24：技能実習１号ロ,31歳,2:女,43：熊本県,16
ベトナム,26：技能実習２号ロ,31歳,2:女,43：熊本県,50
ベトナム,28：技能実習３号ロ,31歳,2:女,43：熊本県,25
ベトナム,33：家族滞在,31歳,2:女,43：熊本県,2
ベトナム,34：特定活動,31歳,2:女,43：熊本県,12
ベトナム,36：日本人の配偶者等,31歳,2:女,43：熊本県,2
ベトナム,08：高度専門職１号ロ,32歳,2:女,43：熊本県,1
ベトナム,16：技術・人文知識・国際業務,32歳,2:女,43：熊本県,6
ベトナム,21：特定技能１号,32歳,2:女,43：熊本県,31
ベトナム,24：技能実習１号ロ,32歳,2:女,43：熊本県,18
ベトナム,26：技能実習２号ロ,32歳,2:女,43：熊本県,42
ベトナム,28：技能実習３号ロ,32歳,2:女,43：熊本県,23
ベトナム,31：留学,32歳,2:女,43：熊本県,1
ベトナム,33：家族滞在,32歳,2:女,43：熊本県,4
ベトナム,34：特定活動,32歳,2:女,43：熊本県,11
ベトナム,36：日本人の配偶者等,32歳,2:女,43：熊本県,1
ベトナム,03：教授,33歳,2:女,43：熊本県,1
ベトナム,16：技術・人文知識・国際業務,33歳,2:女,43：熊本県,4
ベトナム,21：特定技能１号,33歳,2:女,43：熊本県,23
ベトナム,24：技能実習１号ロ,33歳,2:女,43：熊本県,16
ベトナム,26：技能実習２号ロ,33歳,2:女,43：熊本県,46
ベトナム,28：技能実習３号ロ,33歳,2:女,43：熊本県,20
ベトナム,33：家族滞在,33歳,2:女,43：熊本県,1
ベトナム,34：特定活動,33歳,2:女,43：熊本県,8
ベトナム,36：日本人の配偶者等,33歳,2:女,43：熊本県,1
ベトナム,16：技術・人文知識・国際業務,34歳,2:女,43：熊本県,2
ベトナム,18：介護,34歳,2:女,43：熊本県,1
ベトナム,21：特定技能１号,34歳,2:女,43：熊本県,25
ベトナム,24：技能実習１号ロ,34歳,2:女,43：熊本県,5
ベトナム,26：技能実習２号ロ,34歳,2:女,43：熊本県,36
ベトナム,28：技能実習３号ロ,34歳,2:女,43：熊本県,12
ベトナム,33：家族滞在,34歳,2:女,43：熊本県,1
ベトナム,34：特定活動,34歳,2:女,43：熊本県,10
ベトナム,35：永住者,34歳,2:女,43：熊本県,2
ベトナム,36：日本人の配偶者等,34歳,2:女,43：熊本県,5
ベトナム,16：技術・人文知識・国際業務,35歳,2:女,43：熊本県,5
ベトナム,21：特定技能１号,35歳,2:女,43：熊本県,12
ベトナム,24：技能実習１号ロ,35歳,2:女,43：熊本県,8
ベトナム,26：技能実習２号ロ,35歳,2:女,43：熊本県,29
ベトナム,28：技能実習３号ロ,35歳,2:女,43：熊本県,10
ベトナム,34：特定活動,35歳,2:女,43：熊本県,6
ベトナム,35：永住者,35歳,2:女,43：熊本県,1
ベトナム,16：技術・人文知識・国際業務,36歳,2:女,43：熊本県,4
ベトナム,21：特定技能１号,36歳,2:女,43：熊本県,12
ベトナム,24：技能実習１号ロ,36歳,2:女,43：熊本県,5
ベトナム,26：技能実習２号ロ,36歳,2:女,43：熊本県,20
ベトナム,28：技能実習３号ロ,36歳,2:女,43：熊本県,16
ベトナム,34：特定活動,36歳,2:女,43：熊本県,9
ベトナム,35：永住者,36歳,2:女,43：熊本県,2
ベトナム,21：特定技能１号,37歳,2:女,43：熊本県,12
ベトナム,24：技能実習１号ロ,37歳,2:女,43：熊本県,8
ベトナム,26：技能実習２号ロ,37歳,2:女,43：熊本県,20
ベトナム,28：技能実習３号ロ,37歳,2:女,43：熊本県,15
ベトナム,34：特定活動,37歳,2:女,43：熊本県,2
ベトナム,36：日本人の配偶者等,37歳,2:女,43：熊本県,2
ベトナム,16：技術・人文知識・国際業務,38歳,2:女,43：熊本県,2
ベトナム,21：特定技能１号,38歳,2:女,43：熊本県,9
ベトナム,24：技能実習１号ロ,38歳,2:女,43：熊本県,5
ベトナム,26：技能実習２号ロ,38歳,2:女,43：熊本県,12
ベトナム,28：技能実習３号ロ,38歳,2:女,43：熊本県,7
ベトナム,34：特定活動,38歳,2:女,43：熊本県,6
ベトナム,36：日本人の配偶者等,38歳,2:女,43：熊本県,4
ベトナム,21：特定技能１号,39歳,2:女,43：熊本県,2
ベトナム,24：技能実習１号ロ,39歳,2:女,43：熊本県,5
ベトナム,26：技能実習２号ロ,39歳,2:女,43：熊本県,6
ベトナム,28：技能実習３号ロ,39歳,2:女,43：熊本県,10
ベトナム,33：家族滞在,39歳,2:女,43：熊本県,2
ベトナム,34：特定活動,39歳,2:女,43：熊本県,5
ベトナム,35：永住者,39歳,2:女,43：熊本県,2
ベトナム,36：日本人の配偶者等,39歳,2:女,43：熊本県,2
ベトナム,16：技術・人文知識・国際業務,40歳,2:女,43：熊本県,1
ベトナム,21：特定技能１号,40歳,2:女,43：熊本県,2
ベトナム,24：技能実習１号ロ,40歳,2:女,43：熊本県,3
ベトナム,26：技能実習２号ロ,40歳,2:女,43：熊本県,1
ベトナム,28：技能実習３号ロ,40歳,2:女,43：熊本県,5
ベトナム,34：特定活動,40歳,2:女,43：熊本県,1
ベトナム,35：永住者,40歳,2:女,43：熊本県,3
ベトナム,21：特定技能１号,41歳,2:女,43：熊本県,3
ベトナム,24：技能実習１号ロ,41歳,2:女,43：熊本県,2
ベトナム,26：技能実習２号ロ,41歳,2:女,43：熊本県,3
ベトナム,28：技能実習３号ロ,41歳,2:女,43：熊本県,1
ベトナム,36：日本人の配偶者等,41歳,2:女,43：熊本県,2
ベトナム,05：宗教,42歳,2:女,43：熊本県,1
ベトナム,24：技能実習１号ロ,42歳,2:女,43：熊本県,2
ベトナム,26：技能実習２号ロ,42歳,2:女,43：熊本県,1
ベトナム,28：技能実習３号ロ,42歳,2:女,43：熊本県,1
ベトナム,35：永住者,42歳,2:女,43：熊本県,4
ベトナム,36：日本人の配偶者等,42歳,2:女,43：熊本県,1
ベトナム,28：技能実習３号ロ,43歳,2:女,43：熊本県,1
ベトナム,24：技能実習１号ロ,44歳,2:女,43：熊本県,1
ベトナム,35：永住者,44歳,2:女,43：熊本県,1
ベトナム,34：特定活動,47歳,2:女,43：熊本県,1
ベトナム,35：永住者,47歳,2:女,43：熊本県,1
ベトナム,35：永住者,55歳,2:女,43：熊本県,1
マレーシア,31：留学,19歳,1:男,43：熊本県,2
マレーシア,31：留学,20歳,1:男,43：熊本県,3
マレーシア,31：留学,21歳,1:男,43：熊本県,2
マレーシア,31：留学,22歳,1:男,43：熊本県,5
マレーシア,31：留学,23歳,1:男,43：熊本県,1
マレーシア,31：留学,25歳,1:男,43：熊本県,1
マレーシア,16：技術・人文知識・国際業務,29歳,1:男,43：熊本県,1
マレーシア,16：技術・人文知識・国際業務,30歳,1:男,43：熊本県,1
マレーシア,31：留学,30歳,1:男,43：熊本県,1
マレーシア,03：教授,31歳,1:男,43：熊本県,1
マレーシア,03：教授,32歳,1:男,43：熊本県,1
マレーシア,14：研究,32歳,1:男,43：熊本県,1
マレーシア,03：教授,34歳,1:男,43：熊本県,1
マレーシア,16：技術・人文知識・国際業務,38歳,1:男,43：熊本県,1
マレーシア,35：永住者,51歳,1:男,43：熊本県,1
マレーシア,35：永住者,70歳,1:男,43：熊本県,1
マレーシア,31：留学,20歳,2:女,43：熊本県,1
マレーシア,31：留学,22歳,2:女,43：熊本県,4
マレーシア,31：留学,23歳,2:女,43：熊本県,3
マレーシア,31：留学,24歳,2:女,43：熊本県,1
マレーシア,31：留学,30歳,2:女,43：熊本県,1
マレーシア,33：家族滞在,31歳,2:女,43：熊本県,1
マレーシア,36：日本人の配偶者等,36歳,2:女,43：熊本県,1
マレーシア,35：永住者,45歳,2:女,43：熊本県,1
マレーシア,35：永住者,58歳,2:女,43：熊本県,1
マレーシア,35：永住者,59歳,2:女,43：熊本県,1
マレーシア,35：永住者,61歳,2:女,43：熊本県,1
マレーシア,35：永住者,62歳,2:女,43：熊本県,2
マレーシア,36：日本人の配偶者等,64歳,2:女,43：熊本県,1
マレーシア,35：永住者,68歳,2:女,43：熊本県,1
ミャンマー,35：永住者,11歳,1:男,43：熊本県,1
ミャンマー,24：技能実習１号ロ,19歳,1:男,43：熊本県,1
ミャンマー,24：技能実習１号ロ,20歳,1:男,43：熊本県,7
ミャンマー,24：技能実習１号ロ,21歳,1:男,43：熊本県,5
ミャンマー,26：技能実習２号ロ,21歳,1:男,43：熊本県,4
ミャンマー,24：技能実習１号ロ,22歳,1:男,43：熊本県,7
ミャンマー,26：技能実習２号ロ,22歳,1:男,43：熊本県,3
ミャンマー,34：特定活動,22歳,1:男,43：熊本県,1
ミャンマー,21：特定技能１号,23歳,1:男,43：熊本県,1
ミャンマー,24：技能実習１号ロ,23歳,1:男,43：熊本県,8
ミャンマー,26：技能実習２号ロ,23歳,1:男,43：熊本県,7
ミャンマー,28：技能実習３号ロ,23歳,1:男,43：熊本県,2
ミャンマー,21：特定技能１号,24歳,1:男,43：熊本県,3
ミャンマー,24：技能実習１号ロ,24歳,1:男,43：熊本県,14
ミャンマー,26：技能実習２号ロ,24歳,1:男,43：熊本県,6
ミャンマー,28：技能実習３号ロ,24歳,1:男,43：熊本県,2
ミャンマー,31：留学,24歳,1:男,43：熊本県,1
ミャンマー,16：技術・人文知識・国際業務,25歳,1:男,43：熊本県,2
ミャンマー,21：特定技能１号,25歳,1:男,43：熊本県,1
ミャンマー,24：技能実習１号ロ,25歳,1:男,43：熊本県,5
ミャンマー,26：技能実習２号ロ,25歳,1:男,43：熊本県,9
ミャンマー,31：留学,25歳,1:男,43：熊本県,1
ミャンマー,34：特定活動,25歳,1:男,43：熊本県,3
ミャンマー,16：技術・人文知識・国際業務,26歳,1:男,43：熊本県,3
ミャンマー,21：特定技能１号,26歳,1:男,43：熊本県,1
ミャンマー,24：技能実習１号ロ,26歳,1:男,43：熊本県,6
ミャンマー,26：技能実習２号ロ,26歳,1:男,43：熊本県,4
ミャンマー,28：技能実習３号ロ,26歳,1:男,43：熊本県,2
ミャンマー,34：特定活動,26歳,1:男,43：熊本県,1
ミャンマー,16：技術・人文知識・国際業務,27歳,1:男,43：熊本県,7
ミャンマー,21：特定技能１号,27歳,1:男,43：熊本県,1
ミャンマー,24：技能実習１号ロ,27歳,1:男,43：熊本県,6
ミャンマー,26：技能実習２号ロ,27歳,1:男,43：熊本県,5
ミャンマー,28：技能実習３号ロ,27歳,1:男,43：熊本県,3
ミャンマー,31：留学,27歳,1:男,43：熊本県,1
ミャンマー,34：特定活動,27歳,1:男,43：熊本県,4
ミャンマー,16：技術・人文知識・国際業務,28歳,1:男,43：熊本県,5
ミャンマー,21：特定技能１号,28歳,1:男,43：熊本県,2
ミャンマー,24：技能実習１号ロ,28歳,1:男,43：熊本県,5
ミャンマー,26：技能実習２号ロ,28歳,1:男,43：熊本県,7
ミャンマー,28：技能実習３号ロ,28歳,1:男,43：熊本県,1
ミャンマー,34：特定活動,28歳,1:男,43：熊本県,6
ミャンマー,16：技術・人文知識・国際業務,29歳,1:男,43：熊本県,3
ミャンマー,21：特定技能１号,29歳,1:男,43：熊本県,1
ミャンマー,24：技能実習１号ロ,29歳,1:男,43：熊本県,6
ミャンマー,26：技能実習２号ロ,29歳,1:男,43：熊本県,7
ミャンマー,31：留学,29歳,1:男,43：熊本県,1
ミャンマー,34：特定活動,29歳,1:男,43：熊本県,4
ミャンマー,16：技術・人文知識・国際業務,30歳,1:男,43：熊本県,2
ミャンマー,21：特定技能１号,30歳,1:男,43：熊本県,1
ミャンマー,24：技能実習１号ロ,30歳,1:男,43：熊本県,1
ミャンマー,26：技能実習２号ロ,30歳,1:男,43：熊本県,3
ミャンマー,28：技能実習３号ロ,30歳,1:男,43：熊本県,1
ミャンマー,31：留学,30歳,1:男,43：熊本県,1
ミャンマー,34：特定活動,30歳,1:男,43：熊本県,3
ミャンマー,16：技術・人文知識・国際業務,31歳,1:男,43：熊本県,2
ミャンマー,21：特定技能１号,31歳,1:男,43：熊本県,1
ミャンマー,24：技能実習１号ロ,31歳,1:男,43：熊本県,4
ミャンマー,26：技能実習２号ロ,31歳,1:男,43：熊本県,1
ミャンマー,28：技能実習３号ロ,31歳,1:男,43：熊本県,1
ミャンマー,31：留学,31歳,1:男,43：熊本県,1
ミャンマー,34：特定活動,31歳,1:男,43：熊本県,2
ミャンマー,16：技術・人文知識・国際業務,32歳,1:男,43：熊本県,1
ミャンマー,21：特定技能１号,32歳,1:男,43：熊本県,1
ミャンマー,24：技能実習１号ロ,32歳,1:男,43：熊本県,4
ミャンマー,26：技能実習２号ロ,32歳,1:男,43：熊本県,5
ミャンマー,31：留学,32歳,1:男,43：熊本県,1
ミャンマー,34：特定活動,32歳,1:男,43：熊本県,2
ミャンマー,24：技能実習１号ロ,33歳,1:男,43：熊本県,1
ミャンマー,26：技能実習２号ロ,33歳,1:男,43：熊本県,2
ミャンマー,24：技能実習１号ロ,34歳,1:男,43：熊本県,1
ミャンマー,28：技能実習３号ロ,34歳,1:男,43：熊本県,1
ミャンマー,34：特定活動,34歳,1:男,43：熊本県,1
ミャンマー,35：永住者,34歳,1:男,43：熊本県,1
ミャンマー,31：留学,35歳,1:男,43：熊本県,1
ミャンマー,34：特定活動,35歳,1:男,43：熊本県,3
ミャンマー,24：技能実習１号ロ,36歳,1:男,43：熊本県,1
ミャンマー,34：特定活動,36歳,1:男,43：熊本県,1
ミャンマー,26：技能実習２号ロ,37歳,1:男,43：熊本県,1
ミャンマー,34：特定活動,38歳,1:男,43：熊本県,2
ミャンマー,28：技能実習３号ロ,40歳,1:男,43：熊本県,1
ミャンマー,34：特定活動,40歳,1:男,43：熊本県,1
ミャンマー,35：永住者,40歳,1:男,43：熊本県,2
ミャンマー,31：留学,44歳,1:男,43：熊本県,1
ミャンマー,35：永住者,53歳,1:男,43：熊本県,1
ミャンマー,33：家族滞在,00歳,2:女,43：熊本県,1
ミャンマー,24：技能実習１号ロ,20歳,2:女,43：熊本県,2
ミャンマー,26：技能実習２号ロ,20歳,2:女,43：熊本県,1
ミャンマー,21：特定技能１号,21歳,2:女,43：熊本県,3
ミャンマー,24：技能実習１号ロ,21歳,2:女,43：熊本県,3
ミャンマー,26：技能実習２号ロ,21歳,2:女,43：熊本県,6
ミャンマー,21：特定技能１号,22歳,2:女,43：熊本県,2
ミャンマー,24：技能実習１号ロ,22歳,2:女,43：熊本県,9
ミャンマー,26：技能実習２号ロ,22歳,2:女,43：熊本県,8
ミャンマー,34：特定活動,22歳,2:女,43：熊本県,1
ミャンマー,21：特定技能１号,23歳,2:女,43：熊本県,3
ミャンマー,24：技能実習１号ロ,23歳,2:女,43：熊本県,5
ミャンマー,26：技能実習２号ロ,23歳,2:女,43：熊本県,8
ミャンマー,34：特定活動,23歳,2:女,43：熊本県,2
ミャンマー,16：技術・人文知識・国際業務,24歳,2:女,43：熊本県,1
ミャンマー,21：特定技能１号,24歳,2:女,43：熊本県,1
ミャンマー,24：技能実習１号ロ,24歳,2:女,43：熊本県,8
ミャンマー,26：技能実習２号ロ,24歳,2:女,43：熊本県,6
ミャンマー,28：技能実習３号ロ,24歳,2:女,43：熊本県,2
ミャンマー,34：特定活動,24歳,2:女,43：熊本県,1
ミャンマー,36：日本人の配偶者等,24歳,2:女,43：熊本県,1
ミャンマー,16：技術・人文知識・国際業務,25歳,2:女,43：熊本県,2
ミャンマー,21：特定技能１号,25歳,2:女,43：熊本県,4
ミャンマー,24：技能実習１号ロ,25歳,2:女,43：熊本県,9
ミャンマー,26：技能実習２号ロ,25歳,2:女,43：熊本県,8
ミャンマー,28：技能実習３号ロ,25歳,2:女,43：熊本県,2
ミャンマー,31：留学,25歳,2:女,43：熊本県,1
ミャンマー,34：特定活動,25歳,2:女,43：熊本県,5
ミャンマー,16：技術・人文知識・国際業務,26歳,2:女,43：熊本県,3
ミャンマー,21：特定技能１号,26歳,2:女,43：熊本県,5
ミャンマー,24：技能実習１号ロ,26歳,2:女,43：熊本県,12
ミャンマー,26：技能実習２号ロ,26歳,2:女,43：熊本県,9
ミャンマー,28：技能実習３号ロ,26歳,2:女,43：熊本県,3
ミャンマー,34：特定活動,26歳,2:女,43：熊本県,3
ミャンマー,16：技術・人文知識・国際業務,27歳,2:女,43：熊本県,3
ミャンマー,21：特定技能１号,27歳,2:女,43：熊本県,8
ミャンマー,24：技能実習１号ロ,27歳,2:女,43：熊本県,10
ミャンマー,26：技能実習２号ロ,27歳,2:女,43：熊本県,9
ミャンマー,28：技能実習３号ロ,27歳,2:女,43：熊本県,1
ミャンマー,34：特定活動,27歳,2:女,43：熊本県,2
ミャンマー,36：日本人の配偶者等,27歳,2:女,43：熊本県,2
ミャンマー,16：技術・人文知識・国際業務,28歳,2:女,43：熊本県,1
ミャンマー,21：特定技能１号,28歳,2:女,43：熊本県,5
ミャンマー,24：技能実習１号ロ,28歳,2:女,43：熊本県,5
ミャンマー,26：技能実習２号ロ,28歳,2:女,43：熊本県,2
ミャンマー,28：技能実習３号ロ,28歳,2:女,43：熊本県,1
ミャンマー,16：技術・人文知識・国際業務,29歳,2:女,43：熊本県,2
ミャンマー,21：特定技能１号,29歳,2:女,43：熊本県,4
ミャンマー,24：技能実習１号ロ,29歳,2:女,43：熊本県,5
ミャンマー,26：技能実習２号ロ,29歳,2:女,43：熊本県,6
ミャンマー,28：技能実習３号ロ,29歳,2:女,43：熊本県,3
ミャンマー,16：技術・人文知識・国際業務,30歳,2:女,43：熊本県,1
ミャンマー,21：特定技能１号,30歳,2:女,43：熊本県,1
ミャンマー,24：技能実習１号ロ,30歳,2:女,43：熊本県,4
ミャンマー,26：技能実習２号ロ,30歳,2:女,43：熊本県,9
ミャンマー,28：技能実習３号ロ,30歳,2:女,43：熊本県,2
ミャンマー,21：特定技能１号,31歳,2:女,43：熊本県,1
ミャンマー,24：技能実習１号ロ,31歳,2:女,43：熊本県,5
ミャンマー,26：技能実習２号ロ,31歳,2:女,43：熊本県,1
ミャンマー,28：技能実習３号ロ,31歳,2:女,43：熊本県,1
ミャンマー,34：特定活動,31歳,2:女,43：熊本県,3
ミャンマー,16：技術・人文知識・国際業務,32歳,2:女,43：熊本県,2
ミャンマー,26：技能実習２号ロ,32歳,2:女,43：熊本県,3
ミャンマー,28：技能実習３号ロ,32歳,2:女,43：熊本県,1
ミャンマー,26：技能実習２号ロ,33歳,2:女,43：熊本県,1
ミャンマー,28：技能実習３号ロ,33歳,2:女,43：熊本県,1
ミャンマー,16：技術・人文知識・国際業務,34歳,2:女,43：熊本県,1
ミャンマー,21：特定技能１号,34歳,2:女,43：熊本県,1
ミャンマー,26：技能実習２号ロ,34歳,2:女,43：熊本県,3
ミャンマー,28：技能実習３号ロ,34歳,2:女,43：熊本県,3
ミャンマー,26：技能実習２号ロ,35歳,2:女,43：熊本県,1
ミャンマー,21：特定技能１号,36歳,2:女,43：熊本県,1
ミャンマー,24：技能実習１号ロ,36歳,2:女,43：熊本県,1
ミャンマー,28：技能実習３号ロ,36歳,2:女,43：熊本県,2
ミャンマー,33：家族滞在,36歳,2:女,43：熊本県,1
ミャンマー,21：特定技能１号,37歳,2:女,43：熊本県,1
ミャンマー,24：技能実習１号ロ,37歳,2:女,43：熊本県,1
ミャンマー,26：技能実習２号ロ,37歳,2:女,43：熊本県,1
ミャンマー,34：特定活動,37歳,2:女,43：熊本県,2
ミャンマー,35：永住者,37歳,2:女,43：熊本県,1
ミャンマー,24：技能実習１号ロ,38歳,2:女,43：熊本県,1
ミャンマー,26：技能実習２号ロ,38歳,2:女,43：熊本県,3
ミャンマー,28：技能実習３号ロ,38歳,2:女,43：熊本県,1
ミャンマー,28：技能実習３号ロ,39歳,2:女,43：熊本県,2
ミャンマー,33：家族滞在,39歳,2:女,43：熊本県,1
ミャンマー,16：技術・人文知識・国際業務,40歳,2:女,43：熊本県,1
ミャンマー,21：特定技能１号,40歳,2:女,43：熊本県,1
ミャンマー,26：技能実習２号ロ,40歳,2:女,43：熊本県,2
ミャンマー,28：技能実習３号ロ,40歳,2:女,43：熊本県,2
ミャンマー,28：技能実習３号ロ,41歳,2:女,43：熊本県,1
ミャンマー,28：技能実習３号ロ,42歳,2:女,43：熊本県,2
ミャンマー,16：技術・人文知識・国際業務,43歳,2:女,43：熊本県,1
ミャンマー,36：日本人の配偶者等,45歳,2:女,43：熊本県,1
ミャンマー,35：永住者,49歳,2:女,43：熊本県,1
ミャンマー,36：日本人の配偶者等,49歳,2:女,43：熊本県,1
ミャンマー,36：日本人の配偶者等,53歳,2:女,43：熊本県,1
ミャンマー,36：日本人の配偶者等,67歳,2:女,43：熊本県,1
ミャンマー,35：永住者,74歳,2:女,43：熊本県,1
モルディブ,36：日本人の配偶者等,32歳,1:男,43：熊本県,1
モルディブ,35：永住者,44歳,1:男,43：熊本県,1
モルディブ,35：永住者,47歳,1:男,43：熊本県,1
モンゴル,33：家族滞在,02歳,1:男,43：熊本県,1
モンゴル,33：家族滞在,04歳,1:男,43：熊本県,1
モンゴル,33：家族滞在,05歳,1:男,43：熊本県,1
モンゴル,33：家族滞在,06歳,1:男,43：熊本県,1
モンゴル,33：家族滞在,12歳,1:男,43：熊本県,1
モンゴル,38：定住者,13歳,1:男,43：熊本県,1
モンゴル,31：留学,19歳,1:男,43：熊本県,2
モンゴル,31：留学,21歳,1:男,43：熊本県,3
モンゴル,31：留学,22歳,1:男,43：熊本県,2
モンゴル,31：留学,23歳,1:男,43：熊本県,1
モンゴル,31：留学,25歳,1:男,43：熊本県,1
モンゴル,20：技能,26歳,1:男,43：熊本県,1
モンゴル,26：技能実習２号ロ,26歳,1:男,43：熊本県,2
モンゴル,34：特定活動,26歳,1:男,43：熊本県,1
モンゴル,16：技術・人文知識・国際業務,27歳,1:男,43：熊本県,2
モンゴル,21：特定技能１号,29歳,1:男,43：熊本県,1
モンゴル,31：留学,35歳,1:男,43：熊本県,2
モンゴル,07：高度専門職１号イ,37歳,1:男,43：熊本県,1
モンゴル,31：留学,37歳,1:男,43：熊本県,1
モンゴル,03：教授,50歳,1:男,43：熊本県,1
モンゴル,33：家族滞在,05歳,2:女,43：熊本県,2
モンゴル,33：家族滞在,09歳,2:女,43：熊本県,1
モンゴル,33：家族滞在,13歳,2:女,43：熊本県,1
モンゴル,33：家族滞在,15歳,2:女,43：熊本県,1
モンゴル,31：留学,20歳,2:女,43：熊本県,3
モンゴル,31：留学,21歳,2:女,43：熊本県,1
モンゴル,26：技能実習２号ロ,22歳,2:女,43：熊本県,1
モンゴル,31：留学,22歳,2:女,43：熊本県,1
モンゴル,26：技能実習２号ロ,23歳,2:女,43：熊本県,1
モンゴル,33：家族滞在,23歳,2:女,43：熊本県,1
モンゴル,26：技能実習２号ロ,24歳,2:女,43：熊本県,1
モンゴル,16：技術・人文知識・国際業務,25歳,2:女,43：熊本県,1
モンゴル,31：留学,26歳,2:女,43：熊本県,1
モンゴル,33：家族滞在,31歳,2:女,43：熊本県,1
モンゴル,26：技能実習２号ロ,32歳,2:女,43：熊本県,1
モンゴル,18：介護,33歳,2:女,43：熊本県,1
モンゴル,24：技能実習１号ロ,33歳,2:女,43：熊本県,1
モンゴル,33：家族滞在,35歳,2:女,43：熊本県,1
モンゴル,24：技能実習１号ロ,36歳,2:女,43：熊本県,1
モンゴル,16：技術・人文知識・国際業務,37歳,2:女,43：熊本県,1
モンゴル,35：永住者,38歳,2:女,43：熊本県,1
モンゴル,31：留学,39歳,2:女,43：熊本県,1
モンゴル,35：永住者,42歳,2:女,43：熊本県,1
モンゴル,36：日本人の配偶者等,42歳,2:女,43：熊本県,1
モンゴル,35：永住者,45歳,2:女,43：熊本県,1
モンゴル,35：永住者,47歳,2:女,43：熊本県,1
モンゴル,16：技術・人文知識・国際業務,49歳,2:女,43：熊本県,1
ヨルダン,35：永住者,41歳,1:男,43：熊本県,1
ラオス,34：特定活動,23歳,1:男,43：熊本県,2
ラオス,24：技能実習１号ロ,24歳,1:男,43：熊本県,1
ラオス,24：技能実習１号ロ,25歳,1:男,43：熊本県,1
ラオス,16：技術・人文知識・国際業務,34歳,1:男,43：熊本県,1
ラオス,31：留学,36歳,1:男,43：熊本県,1
ラオス,24：技能実習１号ロ,20歳,2:女,43：熊本県,1
ラオス,24：技能実習１号ロ,26歳,2:女,43：熊本県,1
ラオス,24：技能実習１号ロ,29歳,2:女,43：熊本県,1
ラオス,33：家族滞在,35歳,2:女,43：熊本県,1
ラオス,35：永住者,40歳,2:女,43：熊本県,1
アイルランド,15：教育,29歳,1:男,43：熊本県,1
アイルランド,15：教育,31歳,1:男,43：熊本県,1
アイルランド,36：日本人の配偶者等,40歳,1:男,43：熊本県,1
アイルランド,15：教育,49歳,1:男,43：熊本県,1
アイルランド,35：永住者,73歳,1:男,43：熊本県,1
アイルランド,35：永住者,75歳,1:男,43：熊本県,1
アイルランド,35：永住者,76歳,1:男,43：熊本県,1
アイルランド,15：教育,24歳,2:女,43：熊本県,1
アイルランド,15：教育,28歳,2:女,43：熊本県,1
アイルランド,35：永住者,38歳,2:女,43：熊本県,1
アイルランド,35：永住者,51歳,2:女,43：熊本県,1
イタリア,16：技術・人文知識・国際業務,31歳,1:男,43：熊本県,1
イタリア,36：日本人の配偶者等,33歳,1:男,43：熊本県,1
イタリア,36：日本人の配偶者等,36歳,1:男,43：熊本県,1
イタリア,36：日本人の配偶者等,41歳,1:男,43：熊本県,2
イタリア,36：日本人の配偶者等,43歳,1:男,43：熊本県,1
イタリア,16：技術・人文知識・国際業務,51歳,1:男,43：熊本県,1
イタリア,35：永住者,51歳,1:男,43：熊本県,1
イタリア,35：永住者,52歳,1:男,43：熊本県,1
イタリア,05：宗教,65歳,1:男,43：熊本県,1
イタリア,16：技術・人文知識・国際業務,65歳,1:男,43：熊本県,1
イタリア,05：宗教,66歳,1:男,43：熊本県,1
イタリア,35：永住者,67歳,1:男,43：熊本県,1
イタリア,35：永住者,80歳以上,1:男,43：熊本県,1
イタリア,05：宗教,73歳,2:女,43：熊本県,1
ウクライナ,36：日本人の配偶者等,29歳,1:男,43：熊本県,1
ウクライナ,16：技術・人文知識・国際業務,46歳,1:男,43：熊本県,1
ウクライナ,31：留学,21歳,2:女,43：熊本県,1
ウクライナ,31：留学,26歳,2:女,43：熊本県,1
ウクライナ,16：技術・人文知識・国際業務,29歳,2:女,43：熊本県,1
ウクライナ,35：永住者,50歳,2:女,43：熊本県,1
ウクライナ,35：永住者,53歳,2:女,43：熊本県,1
ウズベキスタン,26：技能実習２号ロ,21歳,1:男,43：熊本県,2
ウズベキスタン,16：技術・人文知識・国際業務,27歳,1:男,43：熊本県,1
ウズベキスタン,26：技能実習２号ロ,31歳,1:男,43：熊本県,1
ウズベキスタン,16：技術・人文知識・国際業務,32歳,1:男,43：熊本県,1
ウズベキスタン,35：永住者,37歳,1:男,43：熊本県,1
ウズベキスタン,16：技術・人文知識・国際業務,37歳,2:女,43：熊本県,1
ウズベキスタン,16：技術・人文知識・国際業務,38歳,2:女,43：熊本県,1
ウズベキスタン,35：永住者,44歳,2:女,43：熊本県,1
英国,38：定住者,15歳,1:男,43：熊本県,1
英国,31：留学,20歳,1:男,43：熊本県,1
英国,35：永住者,20歳,1:男,43：熊本県,1
英国,15：教育,23歳,1:男,43：熊本県,1
英国,16：技術・人文知識・国際業務,24歳,1:男,43：熊本県,1
英国,15：教育,25歳,1:男,43：熊本県,2
英国,16：技術・人文知識・国際業務,25歳,1:男,43：熊本県,1
英国,15：教育,26歳,1:男,43：熊本県,2
英国,15：教育,27歳,1:男,43：熊本県,1
英国,19：興行,27歳,1:男,43：熊本県,1
英国,15：教育,28歳,1:男,43：熊本県,2
英国,16：技術・人文知識・国際業務,29歳,1:男,43：熊本県,1
英国,15：教育,30歳,1:男,43：熊本県,1
英国,03：教授,31歳,1:男,43：熊本県,1
英国,15：教育,31歳,1:男,43：熊本県,1
英国,16：技術・人文知識・国際業務,31歳,1:男,43：熊本県,2
英国,36：日本人の配偶者等,31歳,1:男,43：熊本県,1
英国,36：日本人の配偶者等,32歳,1:男,43：熊本県,1
英国,03：教授,33歳,1:男,43：熊本県,1
英国,15：教育,33歳,1:男,43：熊本県,1
英国,35：永住者,34歳,1:男,43：熊本県,1
英国,36：日本人の配偶者等,34歳,1:男,43：熊本県,2
英国,16：技術・人文知識・国際業務,35歳,1:男,43：熊本県,1
英国,36：日本人の配偶者等,35歳,1:男,43：熊本県,1
英国,35：永住者,36歳,1:男,43：熊本県,1
英国,36：日本人の配偶者等,36歳,1:男,43：熊本県,1
英国,03：教授,37歳,1:男,43：熊本県,1
英国,07：高度専門職１号イ,37歳,1:男,43：熊本県,1
英国,35：永住者,37歳,1:男,43：熊本県,1
英国,35：永住者,38歳,1:男,43：熊本県,1
英国,36：日本人の配偶者等,38歳,1:男,43：熊本県,1
英国,36：日本人の配偶者等,39歳,1:男,43：熊本県,1
英国,36：日本人の配偶者等,40歳,1:男,43：熊本県,1
英国,35：永住者,41歳,1:男,43：熊本県,1
英国,36：日本人の配偶者等,41歳,1:男,43：熊本県,1
英国,35：永住者,42歳,1:男,43：熊本県,1
英国,03：教授,43歳,1:男,43：熊本県,1
英国,35：永住者,43歳,1:男,43：熊本県,2
英国,35：永住者,44歳,1:男,43：熊本県,4
英国,36：日本人の配偶者等,44歳,1:男,43：熊本県,1
英国,16：技術・人文知識・国際業務,45歳,1:男,43：熊本県,1
英国,35：永住者,45歳,1:男,43：熊本県,1
英国,36：日本人の配偶者等,45歳,1:男,43：熊本県,1
英国,36：日本人の配偶者等,46歳,1:男,43：熊本県,1
英国,35：永住者,47歳,1:男,43：熊本県,1
英国,36：日本人の配偶者等,47歳,1:男,43：熊本県,1
英国,35：永住者,48歳,1:男,43：熊本県,1
英国,36：日本人の配偶者等,48歳,1:男,43：熊本県,1
英国,35：永住者,50歳,1:男,43：熊本県,3
英国,35：永住者,51歳,1:男,43：熊本県,1
英国,36：日本人の配偶者等,51歳,1:男,43：熊本県,1
英国,35：永住者,52歳,1:男,43：熊本県,2
英国,35：永住者,53歳,1:男,43：熊本県,1
英国,35：永住者,55歳,1:男,43：熊本県,1
英国,35：永住者,57歳,1:男,43：熊本県,2
英国,35：永住者,58歳,1:男,43：熊本県,2
英国,35：永住者,60歳,1:男,43：熊本県,2
英国,35：永住者,61歳,1:男,43：熊本県,1
英国,35：永住者,65歳,1:男,43：熊本県,1
英国,35：永住者,66歳,1:男,43：熊本県,1
英国,35：永住者,67歳,1:男,43：熊本県,1
英国,36：日本人の配偶者等,67歳,1:男,43：熊本県,1
英国,35：永住者,68歳,1:男,43：熊本県,1
英国,35：永住者,70歳,1:男,43：熊本県,2
英国,35：永住者,73歳,1:男,43：熊本県,1
英国,35：永住者,75歳,1:男,43：熊本県,1
英国,35：永住者,77歳,1:男,43：熊本県,1
英国,35：永住者,79歳,1:男,43：熊本県,1
英国,36：日本人の配偶者等,11歳,2:女,43：熊本県,1
英国,37：永住者の配偶者等,12歳,2:女,43：熊本県,1
英国,35：永住者,21歳,2:女,43：熊本県,1
英国,15：教育,23歳,2:女,43：熊本県,1
英国,15：教育,24歳,2:女,43：熊本県,1
英国,15：教育,25歳,2:女,43：熊本県,1
英国,16：技術・人文知識・国際業務,26歳,2:女,43：熊本県,1
英国,33：家族滞在,26歳,2:女,43：熊本県,1
英国,36：日本人の配偶者等,26歳,2:女,43：熊本県,1
英国,15：教育,27歳,2:女,43：熊本県,1
英国,15：教育,30歳,2:女,43：熊本県,1
英国,16：技術・人文知識・国際業務,30歳,2:女,43：熊本県,1
英国,15：教育,31歳,2:女,43：熊本県,1
英国,36：日本人の配偶者等,31歳,2:女,43：熊本県,1
英国,35：永住者,44歳,2:女,43：熊本県,1
英国,35：永住者,45歳,2:女,43：熊本県,1
英国,35：永住者,48歳,2:女,43：熊本県,1
英国,35：永住者,50歳,2:女,43：熊本県,1
英国,35：永住者,51歳,2:女,43：熊本県,3
英国,36：日本人の配偶者等,51歳,2:女,43：熊本県,1
英国,35：永住者,52歳,2:女,43：熊本県,3
英国,35：永住者,74歳,2:女,43：熊本県,1
オーストリア,31：留学,36歳,1:男,43：熊本県,1
オーストリア,35：永住者,80歳以上,1:男,43：熊本県,1
オーストリア,33：家族滞在,00歳,2:女,43：熊本県,1
オーストリア,36：日本人の配偶者等,29歳,2:女,43：熊本県,1
オーストリア,15：教育,30歳,2:女,43：熊本県,1
オーストリア,33：家族滞在,32歳,2:女,43：熊本県,1
オランダ,16：技術・人文知識・国際業務,29歳,1:男,43：熊本県,1
オランダ,36：日本人の配偶者等,42歳,1:男,43：熊本県,1
オランダ,35：永住者,49歳,1:男,43：熊本県,1
オランダ,35：永住者,61歳,1:男,43：熊本県,1
オランダ,36：日本人の配偶者等,63歳,1:男,43：熊本県,1
カザフスタン,31：留学,27歳,1:男,43：熊本県,1
ギリシャ,17：企業内転勤,32歳,1:男,43：熊本県,1
ギリシャ,17：企業内転勤,42歳,1:男,43：熊本県,1
キルギス,31：留学,21歳,1:男,43：熊本県,1
コソボ共和国,35：永住者,40歳,1:男,43：熊本県,1
サンマリノ,36：日本人の配偶者等,40歳,1:男,43：熊本県,1
スイス,35：永住者,56歳,1:男,43：熊本県,1
スイス,36：日本人の配偶者等,68歳,1:男,43：熊本県,1
スイス,35：永住者,58歳,2:女,43：熊本県,1
スイス,35：永住者,76歳,2:女,43：熊本県,1
スウェーデン,36：日本人の配偶者等,05歳,1:男,43：熊本県,1
スウェーデン,36：日本人の配偶者等,33歳,1:男,43：熊本県,1
スウェーデン,36：日本人の配偶者等,50歳,1:男,43：熊本県,1
スウェーデン,35：永住者,47歳,2:女,43：熊本県,1
スペイン,31：留学,27歳,1:男,43：熊本県,1
スペイン,16：技術・人文知識・国際業務,32歳,1:男,43：熊本県,1
スペイン,36：日本人の配偶者等,35歳,1:男,43：熊本県,1
スペイン,35：永住者,47歳,1:男,43：熊本県,1
スペイン,35：永住者,49歳,1:男,43：熊本県,1
スペイン,03：教授,33歳,2:女,43：熊本県,1
スペイン,36：日本人の配偶者等,48歳,2:女,43：熊本県,1
スロバキア,16：技術・人文知識・国際業務,29歳,1:男,43：熊本県,1
スロバキア,35：永住者,49歳,1:男,43：熊本県,1
スロバキア,36：日本人の配偶者等,44歳,2:女,43：熊本県,1
スロベニア,16：技術・人文知識・国際業務,28歳,2:女,43：熊本県,1
チェコ,31：留学,26歳,1:男,43：熊本県,1
チェコ,29：文化活動,30歳,1:男,43：熊本県,1
チェコ,29：文化活動,37歳,1:男,43：熊本県,1
チェコ,36：日本人の配偶者等,39歳,1:男,43：熊本県,1
ドイツ,31：留学,22歳,1:男,43：熊本県,1
ドイツ,31：留学,26歳,1:男,43：熊本県,1
ドイツ,36：日本人の配偶者等,26歳,1:男,43：熊本県,1
ドイツ,31：留学,30歳,1:男,43：熊本県,1
ドイツ,36：日本人の配偶者等,34歳,1:男,43：熊本県,1
ドイツ,35：永住者,41歳,1:男,43：熊本県,1
ドイツ,36：日本人の配偶者等,42歳,1:男,43：熊本県,1
ドイツ,35：永住者,44歳,1:男,43：熊本県,1
ドイツ,35：永住者,46歳,1:男,43：熊本県,1
ドイツ,35：永住者,56歳,1:男,43：熊本県,1
ドイツ,35：永住者,57歳,1:男,43：熊本県,1
ドイツ,35：永住者,60歳,1:男,43：熊本県,1
ドイツ,35：永住者,61歳,1:男,43：熊本県,1
ドイツ,35：永住者,65歳,1:男,43：熊本県,1
ドイツ,35：永住者,75歳,1:男,43：熊本県,1
ドイツ,34：特定活動,20歳,2:女,43：熊本県,1
ドイツ,31：留学,24歳,2:女,43：熊本県,1
ドイツ,31：留学,25歳,2:女,43：熊本県,1
ドイツ,36：日本人の配偶者等,26歳,2:女,43：熊本県,1
ドイツ,31：留学,27歳,2:女,43：熊本県,1
ドイツ,16：技術・人文知識・国際業務,29歳,2:女,43：熊本県,1
ドイツ,36：日本人の配偶者等,32歳,2:女,43：熊本県,1
ドイツ,36：日本人の配偶者等,43歳,2:女,43：熊本県,1
ドイツ,35：永住者,47歳,2:女,43：熊本県,1
ドイツ,36：日本人の配偶者等,62歳,2:女,43：熊本県,1
ノルウェー,36：日本人の配偶者等,33歳,1:男,43：熊本県,1
ノルウェー,35：永住者,80歳以上,1:男,43：熊本県,1
フィンランド,36：日本人の配偶者等,44歳,1:男,43：熊本県,1
フィンランド,35：永住者,60歳,2:女,43：熊本県,1
フィンランド,35：永住者,70歳,2:女,43：熊本県,1
フランス,38：定住者,08歳,1:男,43：熊本県,1
フランス,31：留学,21歳,1:男,43：熊本県,1
フランス,31：留学,23歳,1:男,43：熊本県,1
フランス,36：日本人の配偶者等,23歳,1:男,43：熊本県,1
フランス,15：教育,26歳,1:男,43：熊本県,1
フランス,16：技術・人文知識・国際業務,26歳,1:男,43：熊本県,1
フランス,16：技術・人文知識・国際業務,27歳,1:男,43：熊本県,1
フランス,16：技術・人文知識・国際業務,28歳,1:男,43：熊本県,1
フランス,36：日本人の配偶者等,32歳,1:男,43：熊本県,1
フランス,34：特定活動,33歳,1:男,43：熊本県,1
フランス,35：永住者,33歳,1:男,43：熊本県,1
フランス,16：技術・人文知識・国際業務,34歳,1:男,43：熊本県,1
フランス,35：永住者,35歳,1:男,43：熊本県,1
フランス,35：永住者,37歳,1:男,43：熊本県,1
フランス,36：日本人の配偶者等,37歳,1:男,43：熊本県,2
フランス,35：永住者,39歳,1:男,43：熊本県,1
フランス,35：永住者,41歳,1:男,43：熊本県,2
フランス,38：定住者,41歳,1:男,43：熊本県,1
フランス,36：日本人の配偶者等,42歳,1:男,43：熊本県,1
フランス,35：永住者,45歳,1:男,43：熊本県,1
フランス,36：日本人の配偶者等,47歳,1:男,43：熊本県,1
フランス,35：永住者,48歳,1:男,43：熊本県,2
フランス,36：日本人の配偶者等,48歳,1:男,43：熊本県,1
フランス,31：留学,51歳,1:男,43：熊本県,1
フランス,35：永住者,56歳,1:男,43：熊本県,1
フランス,35：永住者,62歳,1:男,43：熊本県,1
フランス,35：永住者,65歳,1:男,43：熊本県,1
フランス,31：留学,21歳,2:女,43：熊本県,1
フランス,31：留学,24歳,2:女,43：熊本県,1
フランス,36：日本人の配偶者等,26歳,2:女,43：熊本県,1
フランス,16：技術・人文知識・国際業務,27歳,2:女,43：熊本県,1
フランス,15：教育,30歳,2:女,43：熊本県,1
フランス,16：技術・人文知識・国際業務,36歳,2:女,43：熊本県,1
フランス,36：日本人の配偶者等,39歳,2:女,43：熊本県,1
フランス,36：日本人の配偶者等,49歳,2:女,43：熊本県,1
フランス,35：永住者,59歳,2:女,43：熊本県,1
フランス,35：永住者,66歳,2:女,43：熊本県,1
ブルガリア,35：永住者,49歳,2:女,43：熊本県,1
ブルガリア,20：技能,64歳,2:女,43：熊本県,1
ベルギー,36：日本人の配偶者等,23歳,1:男,43：熊本県,1
ベルギー,36：日本人の配偶者等,35歳,1:男,43：熊本県,1
ベルギー,36：日本人の配偶者等,59歳,1:男,43：熊本県,1
ポーランド,36：日本人の配偶者等,36歳,1:男,43：熊本県,1
ポーランド,35：永住者,44歳,1:男,43：熊本県,1
ポーランド,36：日本人の配偶者等,29歳,2:女,43：熊本県,1
ポーランド,36：日本人の配偶者等,30歳,2:女,43：熊本県,1
ポーランド,36：日本人の配偶者等,31歳,2:女,43：熊本県,1
ポーランド,35：永住者,55歳,2:女,43：熊本県,1
モルドバ,35：永住者,40歳,2:女,43：熊本県,1
リトアニア,16：技術・人文知識・国際業務,30歳,2:女,43：熊本県,1
ルーマニア,36：日本人の配偶者等,32歳,1:男,43：熊本県,1
ルーマニア,35：永住者,39歳,1:男,43：熊本県,1
ルーマニア,17：企業内転勤,46歳,1:男,43：熊本県,1
ルーマニア,36：日本人の配偶者等,46歳,1:男,43：熊本県,1
ルーマニア,35：永住者,08歳,2:女,43：熊本県,1
ルーマニア,35：永住者,15歳,2:女,43：熊本県,1
ルーマニア,35：永住者,18歳,2:女,43：熊本県,1
ルーマニア,35：永住者,37歳,2:女,43：熊本県,1
ルーマニア,35：永住者,38歳,2:女,43：熊本県,2
ルーマニア,35：永住者,39歳,2:女,43：熊本県,1
ルーマニア,35：永住者,40歳,2:女,43：熊本県,1
ルーマニア,35：永住者,41歳,2:女,43：熊本県,1
ルーマニア,36：日本人の配偶者等,41歳,2:女,43：熊本県,1
ルーマニア,35：永住者,42歳,2:女,43：熊本県,3
ルーマニア,35：永住者,43歳,2:女,43：熊本県,2
ルーマニア,35：永住者,44歳,2:女,43：熊本県,1
ルーマニア,35：永住者,45歳,2:女,43：熊本県,1
ルーマニア,35：永住者,47歳,2:女,43：熊本県,1
ルーマニア,36：日本人の配偶者等,47歳,2:女,43：熊本県,1
ルーマニア,35：永住者,50歳,2:女,43：熊本県,2
ルーマニア,35：永住者,53歳,2:女,43：熊本県,1
ルーマニア,35：永住者,54歳,2:女,43：熊本県,1
ロシア,35：永住者,19歳,1:男,43：熊本県,1
ロシア,16：技術・人文知識・国際業務,30歳,1:男,43：熊本県,1
ロシア,29：文化活動,30歳,1:男,43：熊本県,1
ロシア,16：技術・人文知識・国際業務,31歳,1:男,43：熊本県,1
ロシア,35：永住者,35歳,1:男,43：熊本県,1
ロシア,36：日本人の配偶者等,42歳,1:男,43：熊本県,1
ロシア,35：永住者,43歳,1:男,43：熊本県,1
ロシア,36：日本人の配偶者等,48歳,1:男,43：熊本県,1
ロシア,16：技術・人文知識・国際業務,25歳,2:女,43：熊本県,1
ロシア,36：日本人の配偶者等,26歳,2:女,43：熊本県,1
ロシア,35：永住者,27歳,2:女,43：熊本県,1
ロシア,31：留学,28歳,2:女,43：熊本県,1
ロシア,35：永住者,29歳,2:女,43：熊本県,1
ロシア,16：技術・人文知識・国際業務,30歳,2:女,43：熊本県,1
ロシア,16：技術・人文知識・国際業務,31歳,2:女,43：熊本県,1
ロシア,16：技術・人文知識・国際業務,38歳,2:女,43：熊本県,1
ロシア,35：永住者,38歳,2:女,43：熊本県,1
ロシア,35：永住者,39歳,2:女,43：熊本県,1
ロシア,36：日本人の配偶者等,39歳,2:女,43：熊本県,1
ロシア,35：永住者,42歳,2:女,43：熊本県,1
ロシア,35：永住者,47歳,2:女,43：熊本県,1
ロシア,36：日本人の配偶者等,47歳,2:女,43：熊本県,1
ロシア,35：永住者,60歳,2:女,43：熊本県,1
ウガンダ,35：永住者,39歳,1:男,43：熊本県,1
エジプト,33：家族滞在,03歳,1:男,43：熊本県,1
エジプト,33：家族滞在,04歳,1:男,43：熊本県,2
エジプト,33：家族滞在,05歳,1:男,43：熊本県,2
エジプト,33：家族滞在,07歳,1:男,43：熊本県,2
エジプト,33：家族滞在,08歳,1:男,43：熊本県,1
エジプト,33：家族滞在,09歳,1:男,43：熊本県,1
エジプト,33：家族滞在,11歳,1:男,43：熊本県,1
エジプト,31：留学,31歳,1:男,43：熊本県,2
エジプト,31：留学,32歳,1:男,43：熊本県,1
エジプト,31：留学,34歳,1:男,43：熊本県,2
エジプト,31：留学,35歳,1:男,43：熊本県,1
エジプト,29：文化活動,37歳,1:男,43：熊本県,1
エジプト,03：教授,38歳,1:男,43：熊本県,1
エジプト,03：教授,39歳,1:男,43：熊本県,2
エジプト,33：家族滞在,39歳,1:男,43：熊本県,1
エジプト,07：高度専門職１号イ,40歳,1:男,43：熊本県,1
エジプト,33：家族滞在,40歳,1:男,43：熊本県,1
エジプト,03：教授,42歳,1:男,43：熊本県,1
エジプト,03：教授,49歳,1:男,43：熊本県,1
エジプト,33：家族滞在,00歳,2:女,43：熊本県,1
エジプト,33：家族滞在,01歳,2:女,43：熊本県,1
エジプト,33：家族滞在,02歳,2:女,43：熊本県,1
エジプト,33：家族滞在,04歳,2:女,43：熊本県,1
エジプト,33：家族滞在,06歳,2:女,43：熊本県,1
エジプト,33：家族滞在,07歳,2:女,43：熊本県,1
エジプト,31：留学,30歳,2:女,43：熊本県,1
エジプト,31：留学,31歳,2:女,43：熊本県,1
エジプト,33：家族滞在,31歳,2:女,43：熊本県,1
エジプト,33：家族滞在,32歳,2:女,43：熊本県,2
エジプト,33：家族滞在,34歳,2:女,43：熊本県,1
エジプト,31：留学,35歳,2:女,43：熊本県,2
エジプト,03：教授,37歳,2:女,43：熊本県,1
エジプト,33：家族滞在,40歳,2:女,43：熊本県,1
エチオピア,31：留学,37歳,1:男,43：熊本県,1
エチオピア,36：日本人の配偶者等,46歳,1:男,43：熊本県,1
ガーナ,33：家族滞在,02歳,1:男,43：熊本県,1
ガーナ,31：留学,31歳,1:男,43：熊本県,1
ガーナ,31：留学,32歳,1:男,43：熊本県,1
ガーナ,31：留学,33歳,1:男,43：熊本県,2
ガーナ,31：留学,34歳,1:男,43：熊本県,2
ガーナ,31：留学,42歳,1:男,43：熊本県,1
ガーナ,33：家族滞在,26歳,2:女,43：熊本県,1
ガーナ,31：留学,35歳,2:女,43：熊本県,1
ガーナ,31：留学,36歳,2:女,43：熊本県,1
ギニア,36：日本人の配偶者等,35歳,1:男,43：熊本県,2
ケニア,31：留学,17歳,1:男,43：熊本県,1
ケニア,31：留学,26歳,1:男,43：熊本県,1
ケニア,31：留学,30歳,1:男,43：熊本県,1
ケニア,31：留学,32歳,1:男,43：熊本県,1
ケニア,38：定住者,50歳,1:男,43：熊本県,1
ケニア,33：家族滞在,01歳,2:女,43：熊本県,1
ケニア,15：教育,27歳,2:女,43：熊本県,1
ケニア,16：技術・人文知識・国際業務,40歳,2:女,43：熊本県,1
ザンビア,33：家族滞在,03歳,1:男,43：熊本県,1
ザンビア,31：留学,36歳,1:男,43：熊本県,1
ザンビア,33：家族滞在,05歳,2:女,43：熊本県,1
ザンビア,33：家族滞在,27歳,2:女,43：熊本県,1
ジブチ,31：留学,29歳,1:男,43：熊本県,1
ジンバブエ,33：家族滞在,33歳,1:男,43：熊本県,1
ジンバブエ,15：教育,36歳,2:女,43：熊本県,1
スーダン,33：家族滞在,02歳,1:男,43：熊本県,1
スーダン,33：家族滞在,08歳,1:男,43：熊本県,1
スーダン,31：留学,25歳,1:男,43：熊本県,1
スーダン,31：留学,32歳,1:男,43：熊本県,1
スーダン,38：定住者,33歳,1:男,43：熊本県,1
スーダン,31：留学,34歳,1:男,43：熊本県,1
スーダン,07：高度専門職１号イ,35歳,1:男,43：熊本県,1
スーダン,33：家族滞在,32歳,2:女,43：熊本県,1
セネガル,31：留学,26歳,1:男,43：熊本県,2
セネガル,36：日本人の配偶者等,32歳,1:男,43：熊本県,1
セネガル,36：日本人の配偶者等,37歳,1:男,43：熊本県,1
セネガル,35：永住者,44歳,1:男,43：熊本県,1
セネガル,36：日本人の配偶者等,50歳,1:男,43：熊本県,1
セネガル,35：永住者,03歳,2:女,43：熊本県,1
セネガル,31：留学,15歳,2:女,43：熊本県,1
セネガル,35：永住者,35歳,2:女,43：熊本県,1
タンザニア,33：家族滞在,04歳,1:男,43：熊本県,1
タンザニア,31：留学,32歳,1:男,43：熊本県,1
タンザニア,31：留学,33歳,1:男,43：熊本県,2
タンザニア,03：教授,37歳,1:男,43：熊本県,1
タンザニア,36：日本人の配偶者等,39歳,1:男,43：熊本県,1
タンザニア,36：日本人の配偶者等,45歳,1:男,43：熊本県,1
タンザニア,33：家族滞在,03歳,2:女,43：熊本県,1
タンザニア,33：家族滞在,31歳,2:女,43：熊本県,1
タンザニア,31：留学,34歳,2:女,43：熊本県,1
タンザニア,33：家族滞在,34歳,2:女,43：熊本県,1
チュニジア,31：留学,22歳,2:女,43：熊本県,1
ナイジェリア,31：留学,37歳,1:男,43：熊本県,1
ナイジェリア,35：永住者,39歳,1:男,43：熊本県,1
ナイジェリア,35：永住者,44歳,1:男,43：熊本県,1
ナイジェリア,36：日本人の配偶者等,46歳,1:男,43：熊本県,1
ナイジェリア,35：永住者,51歳,1:男,43：熊本県,1
ナイジェリア,36：日本人の配偶者等,51歳,1:男,43：熊本県,1
ナイジェリア,35：永住者,54歳,1:男,43：熊本県,1
ナイジェリア,35：永住者,55歳,1:男,43：熊本県,2
ボツワナ,16：技術・人文知識・国際業務,27歳,2:女,43：熊本県,1
マラウイ,31：留学,21歳,2:女,43：熊本県,1
マラウイ,16：技術・人文知識・国際業務,33歳,2:女,43：熊本県,1
南アフリカ共和国,35：永住者,05歳,1:男,43：熊本県,1
南アフリカ共和国,15：教育,22歳,1:男,43：熊本県,1
南アフリカ共和国,15：教育,23歳,1:男,43：熊本県,1
南アフリカ共和国,15：教育,28歳,1:男,43：熊本県,1
南アフリカ共和国,15：教育,29歳,1:男,43：熊本県,1
南アフリカ共和国,15：教育,30歳,1:男,43：熊本県,1
南アフリカ共和国,16：技術・人文知識・国際業務,35歳,1:男,43：熊本県,1
南アフリカ共和国,35：永住者,36歳,1:男,43：熊本県,1
南アフリカ共和国,35：永住者,55歳,1:男,43：熊本県,1
南アフリカ共和国,35：永住者,68歳,1:男,43：熊本県,1
南アフリカ共和国,33：家族滞在,02歳,2:女,43：熊本県,1
南アフリカ共和国,15：教育,23歳,2:女,43：熊本県,1
南アフリカ共和国,16：技術・人文知識・国際業務,25歳,2:女,43：熊本県,1
南アフリカ共和国,15：教育,28歳,2:女,43：熊本県,1
南アフリカ共和国,15：教育,31歳,2:女,43：熊本県,2
南アフリカ共和国,15：教育,35歳,2:女,43：熊本県,1
南アフリカ共和国,35：永住者,41歳,2:女,43：熊本県,1
南アフリカ共和国,16：技術・人文知識・国際業務,44歳,2:女,43：熊本県,1
モーリシャス,35：永住者,51歳,1:男,43：熊本県,1
モーリタニア,31：留学,28歳,1:男,43：熊本県,2
モーリタニア,33：家族滞在,27歳,2:女,43：熊本県,1
モロッコ,35：永住者,40歳,1:男,43：熊本県,1
モロッコ,36：日本人の配偶者等,35歳,2:女,43：熊本県,1
カナダ,15：教育,24歳,1:男,43：熊本県,1
カナダ,15：教育,26歳,1:男,43：熊本県,2
カナダ,15：教育,27歳,1:男,43：熊本県,1
カナダ,36：日本人の配偶者等,30歳,1:男,43：熊本県,1
カナダ,36：日本人の配偶者等,31歳,1:男,43：熊本県,1
カナダ,16：技術・人文知識・国際業務,32歳,1:男,43：熊本県,1
カナダ,35：永住者,33歳,1:男,43：熊本県,1
カナダ,36：日本人の配偶者等,33歳,1:男,43：熊本県,1
カナダ,38：定住者,33歳,1:男,43：熊本県,1
カナダ,15：教育,35歳,1:男,43：熊本県,1
カナダ,03：教授,37歳,1:男,43：熊本県,1
カナダ,15：教育,38歳,1:男,43：熊本県,1
カナダ,03：教授,39歳,1:男,43：熊本県,1
カナダ,36：日本人の配偶者等,39歳,1:男,43：熊本県,1
カナダ,36：日本人の配偶者等,40歳,1:男,43：熊本県,2
カナダ,35：永住者,44歳,1:男,43：熊本県,2
カナダ,35：永住者,45歳,1:男,43：熊本県,1
カナダ,35：永住者,46歳,1:男,43：熊本県,2
カナダ,35：永住者,47歳,1:男,43：熊本県,2
カナダ,36：日本人の配偶者等,48歳,1:男,43：熊本県,1
カナダ,35：永住者,49歳,1:男,43：熊本県,1
カナダ,16：技術・人文知識・国際業務,53歳,1:男,43：熊本県,1
カナダ,36：日本人の配偶者等,53歳,1:男,43：熊本県,1
カナダ,35：永住者,54歳,1:男,43：熊本県,2
カナダ,35：永住者,55歳,1:男,43：熊本県,2
カナダ,35：永住者,58歳,1:男,43：熊本県,1
カナダ,35：永住者,59歳,1:男,43：熊本県,1
カナダ,35：永住者,61歳,1:男,43：熊本県,2
カナダ,36：日本人の配偶者等,66歳,1:男,43：熊本県,1
カナダ,35：永住者,67歳,1:男,43：熊本県,1
カナダ,36：日本人の配偶者等,80歳以上,1:男,43：熊本県,1
カナダ,15：教育,23歳,2:女,43：熊本県,1
カナダ,15：教育,26歳,2:女,43：熊本県,1
カナダ,15：教育,27歳,2:女,43：熊本県,1
カナダ,15：教育,28歳,2:女,43：熊本県,3
カナダ,15：教育,29歳,2:女,43：熊本県,1
カナダ,16：技術・人文知識・国際業務,30歳,2:女,43：熊本県,1
カナダ,36：日本人の配偶者等,34歳,2:女,43：熊本県,1
カナダ,16：技術・人文知識・国際業務,39歳,2:女,43：熊本県,1
カナダ,35：永住者,41歳,2:女,43：熊本県,1
カナダ,36：日本人の配偶者等,41歳,2:女,43：熊本県,1
カナダ,36：日本人の配偶者等,42歳,2:女,43：熊本県,1
カナダ,16：技術・人文知識・国際業務,43歳,2:女,43：熊本県,1
カナダ,16：技術・人文知識・国際業務,48歳,2:女,43：熊本県,1
カナダ,35：永住者,49歳,2:女,43：熊本県,1
カナダ,36：日本人の配偶者等,57歳,2:女,43：熊本県,1
カナダ,35：永住者,71歳,2:女,43：熊本県,1
カナダ,35：永住者,76歳,2:女,43：熊本県,1
カナダ,36：日本人の配偶者等,80歳以上,2:女,43：熊本県,1
コスタリカ,36：日本人の配偶者等,24歳,1:男,43：熊本県,1
コスタリカ,36：日本人の配偶者等,61歳,1:男,43：熊本県,1
ジャマイカ,15：教育,30歳,1:男,43：熊本県,1
ジャマイカ,36：日本人の配偶者等,46歳,1:男,43：熊本県,1
ジャマイカ,16：技術・人文知識・国際業務,31歳,2:女,43：熊本県,1
ジャマイカ,15：教育,32歳,2:女,43：熊本県,1
ジャマイカ,15：教育,33歳,2:女,43：熊本県,1
ジャマイカ,15：教育,35歳,2:女,43：熊本県,1
ジャマイカ,16：技術・人文知識・国際業務,41歳,2:女,43：熊本県,1
ジャマイカ,15：教育,48歳,2:女,43：熊本県,1
ドミニカ共和国,31：留学,27歳,1:男,43：熊本県,1
トリニダード・トバゴ,15：教育,29歳,1:男,43：熊本県,1
トリニダード・トバゴ,15：教育,33歳,1:男,43：熊本県,1
米国,34：特定活動,07歳,1:男,43：熊本県,1
米国,33：家族滞在,10歳,1:男,43：熊本県,1
米国,35：永住者,17歳,1:男,43：熊本県,1
米国,35：永住者,21歳,1:男,43：熊本県,1
米国,15：教育,22歳,1:男,43：熊本県,4
米国,15：教育,23歳,1:男,43：熊本県,7
米国,16：技術・人文知識・国際業務,23歳,1:男,43：熊本県,1
米国,15：教育,24歳,1:男,43：熊本県,6
米国,33：家族滞在,24歳,1:男,43：熊本県,1
米国,15：教育,25歳,1:男,43：熊本県,6
米国,16：技術・人文知識・国際業務,25歳,1:男,43：熊本県,1
米国,15：教育,26歳,1:男,43：熊本県,4
米国,16：技術・人文知識・国際業務,26歳,1:男,43：熊本県,1
米国,19：興行,26歳,1:男,43：熊本県,1
米国,36：日本人の配偶者等,26歳,1:男,43：熊本県,1
米国,15：教育,27歳,1:男,43：熊本県,5
米国,16：技術・人文知識・国際業務,27歳,1:男,43：熊本県,1
米国,29：文化活動,27歳,1:男,43：熊本県,1
米国,34：特定活動,27歳,1:男,43：熊本県,1
米国,15：教育,28歳,1:男,43：熊本県,2
米国,16：技術・人文知識・国際業務,28歳,1:男,43：熊本県,1
米国,17：企業内転勤,28歳,1:男,43：熊本県,1
米国,33：家族滞在,28歳,1:男,43：熊本県,1
米国,36：日本人の配偶者等,28歳,1:男,43：熊本県,1
米国,15：教育,29歳,1:男,43：熊本県,1
米国,36：日本人の配偶者等,29歳,1:男,43：熊本県,1
米国,15：教育,30歳,1:男,43：熊本県,4
米国,16：技術・人文知識・国際業務,30歳,1:男,43：熊本県,1
米国,36：日本人の配偶者等,30歳,1:男,43：熊本県,4
米国,08：高度専門職１号ロ,31歳,1:男,43：熊本県,1
米国,15：教育,31歳,1:男,43：熊本県,2
米国,19：興行,31歳,1:男,43：熊本県,1
米国,15：教育,32歳,1:男,43：熊本県,1
米国,36：日本人の配偶者等,32歳,1:男,43：熊本県,1
米国,36：日本人の配偶者等,33歳,1:男,43：熊本県,1
米国,11：経営・管理,34歳,1:男,43：熊本県,1
米国,15：教育,34歳,1:男,43：熊本県,3
米国,35：永住者,34歳,1:男,43：熊本県,2
米国,36：日本人の配偶者等,34歳,1:男,43：熊本県,4
米国,16：技術・人文知識・国際業務,35歳,1:男,43：熊本県,1
米国,36：日本人の配偶者等,35歳,1:男,43：熊本県,1
米国,15：教育,36歳,1:男,43：熊本県,2
米国,16：技術・人文知識・国際業務,36歳,1:男,43：熊本県,1
米国,35：永住者,36歳,1:男,43：熊本県,1
米国,36：日本人の配偶者等,36歳,1:男,43：熊本県,2
米国,36：日本人の配偶者等,37歳,1:男,43：熊本県,2
米国,15：教育,38歳,1:男,43：熊本県,1
米国,35：永住者,38歳,1:男,43：熊本県,2
米国,36：日本人の配偶者等,38歳,1:男,43：熊本県,2
米国,35：永住者,39歳,1:男,43：熊本県,1
米国,36：日本人の配偶者等,39歳,1:男,43：熊本県,1
米国,16：技術・人文知識・国際業務,40歳,1:男,43：熊本県,1
米国,35：永住者,40歳,1:男,43：熊本県,2
米国,36：日本人の配偶者等,40歳,1:男,43：熊本県,3
米国,16：技術・人文知識・国際業務,41歳,1:男,43：熊本県,1
米国,35：永住者,41歳,1:男,43：熊本県,4
米国,36：日本人の配偶者等,41歳,1:男,43：熊本県,2
米国,05：宗教,42歳,1:男,43：熊本県,1
米国,16：技術・人文知識・国際業務,42歳,1:男,43：熊本県,1
米国,35：永住者,42歳,1:男,43：熊本県,3
米国,36：日本人の配偶者等,42歳,1:男,43：熊本県,1
米国,35：永住者,43歳,1:男,43：熊本県,2
米国,35：永住者,44歳,1:男,43：熊本県,1
米国,36：日本人の配偶者等,44歳,1:男,43：熊本県,1
米国,16：技術・人文知識・国際業務,45歳,1:男,43：熊本県,1
米国,35：永住者,45歳,1:男,43：熊本県,4
米国,36：日本人の配偶者等,45歳,1:男,43：熊本県,4
米国,03：教授,46歳,1:男,43：熊本県,1
米国,35：永住者,46歳,1:男,43：熊本県,1
米国,36：日本人の配偶者等,46歳,1:男,43：熊本県,2
米国,35：永住者,47歳,1:男,43：熊本県,3
米国,36：日本人の配偶者等,47歳,1:男,43：熊本県,2
米国,05：宗教,48歳,1:男,43：熊本県,1
米国,35：永住者,48歳,1:男,43：熊本県,3
米国,36：日本人の配偶者等,48歳,1:男,43：熊本県,1
米国,35：永住者,49歳,1:男,43：熊本県,3
米国,36：日本人の配偶者等,49歳,1:男,43：熊本県,2
米国,03：教授,50歳,1:男,43：熊本県,1
米国,35：永住者,50歳,1:男,43：熊本県,3
米国,35：永住者,51歳,1:男,43：熊本県,3
米国,35：永住者,52歳,1:男,43：熊本県,4
米国,36：日本人の配偶者等,52歳,1:男,43：熊本県,1
米国,35：永住者,53歳,1:男,43：熊本県,3
米国,35：永住者,54歳,1:男,43：熊本県,5
米国,36：日本人の配偶者等,54歳,1:男,43：熊本県,2
米国,35：永住者,55歳,1:男,43：熊本県,2
米国,36：日本人の配偶者等,55歳,1:男,43：熊本県,2
米国,35：永住者,56歳,1:男,43：熊本県,1
米国,36：日本人の配偶者等,56歳,1:男,43：熊本県,1
米国,35：永住者,57歳,1:男,43：熊本県,3
米国,35：永住者,58歳,1:男,43：熊本県,2
米国,36：日本人の配偶者等,58歳,1:男,43：熊本県,1
米国,35：永住者,59歳,1:男,43：熊本県,2
米国,35：永住者,60歳,1:男,43：熊本県,4
米国,36：日本人の配偶者等,60歳,1:男,43：熊本県,1
米国,38：定住者,60歳,1:男,43：熊本県,1
米国,35：永住者,61歳,1:男,43：熊本県,2
米国,36：日本人の配偶者等,61歳,1:男,43：熊本県,1
米国,35：永住者,62歳,1:男,43：熊本県,2
米国,36：日本人の配偶者等,62歳,1:男,43：熊本県,1
米国,03：教授,63歳,1:男,43：熊本県,1
米国,35：永住者,63歳,1:男,43：熊本県,1
米国,36：日本人の配偶者等,63歳,1:男,43：熊本県,2
米国,03：教授,64歳,1:男,43：熊本県,1
米国,36：日本人の配偶者等,64歳,1:男,43：熊本県,1
米国,35：永住者,65歳,1:男,43：熊本県,3
米国,35：永住者,66歳,1:男,43：熊本県,4
米国,36：日本人の配偶者等,66歳,1:男,43：熊本県,1
米国,03：教授,67歳,1:男,43：熊本県,1
米国,35：永住者,67歳,1:男,43：熊本県,1
米国,35：永住者,68歳,1:男,43：熊本県,1
米国,36：日本人の配偶者等,68歳,1:男,43：熊本県,4
米国,19：興行,69歳,1:男,43：熊本県,1
米国,35：永住者,70歳,1:男,43：熊本県,2
米国,36：日本人の配偶者等,70歳,1:男,43：熊本県,1
米国,35：永住者,71歳,1:男,43：熊本県,1
米国,35：永住者,72歳,1:男,43：熊本県,1
米国,35：永住者,76歳,1:男,43：熊本県,2
米国,35：永住者,77歳,1:男,43：熊本県,1
米国,35：永住者,78歳,1:男,43：熊本県,1
米国,36：日本人の配偶者等,80歳以上,1:男,43：熊本県,2
米国,33：家族滞在,07歳,2:女,43：熊本県,1
米国,35：永住者,07歳,2:女,43：熊本県,1
米国,35：永住者,08歳,2:女,43：熊本県,1
米国,33：家族滞在,12歳,2:女,43：熊本県,1
米国,36：日本人の配偶者等,12歳,2:女,43：熊本県,1
米国,35：永住者,13歳,2:女,43：熊本県,1
米国,36：日本人の配偶者等,14歳,2:女,43：熊本県,1
米国,35：永住者,15歳,2:女,43：熊本県,1
米国,33：家族滞在,17歳,2:女,43：熊本県,1
米国,35：永住者,17歳,2:女,43：熊本県,1
米国,35：永住者,20歳,2:女,43：熊本県,2
米国,15：教育,22歳,2:女,43：熊本県,5
米国,31：留学,22歳,2:女,43：熊本県,1
米国,15：教育,23歳,2:女,43：熊本県,6
米国,15：教育,24歳,2:女,43：熊本県,7
米国,15：教育,25歳,2:女,43：熊本県,9
米国,16：技術・人文知識・国際業務,25歳,2:女,43：熊本県,1
米国,33：家族滞在,25歳,2:女,43：熊本県,1
米国,15：教育,26歳,2:女,43：熊本県,3
米国,31：留学,26歳,2:女,43：熊本県,1
米国,15：教育,27歳,2:女,43：熊本県,8
米国,33：家族滞在,27歳,2:女,43：熊本県,1
米国,15：教育,28歳,2:女,43：熊本県,5
米国,16：技術・人文知識・国際業務,28歳,2:女,43：熊本県,4
米国,15：教育,29歳,2:女,43：熊本県,6
米国,36：日本人の配偶者等,29歳,2:女,43：熊本県,1
米国,05：宗教,30歳,2:女,43：熊本県,1
米国,15：教育,30歳,2:女,43：熊本県,2
米国,16：技術・人文知識・国際業務,30歳,2:女,43：熊本県,1
米国,03：教授,31歳,2:女,43：熊本県,1
米国,15：教育,31歳,2:女,43：熊本県,1
米国,36：日本人の配偶者等,31歳,2:女,43：熊本県,1
米国,15：教育,32歳,2:女,43：熊本県,1
米国,36：日本人の配偶者等,32歳,2:女,43：熊本県,1
米国,15：教育,33歳,2:女,43：熊本県,3
米国,35：永住者,33歳,2:女,43：熊本県,1
米国,15：教育,35歳,2:女,43：熊本県,1
米国,19：興行,35歳,2:女,43：熊本県,1
米国,36：日本人の配偶者等,35歳,2:女,43：熊本県,1
米国,15：教育,36歳,2:女,43：熊本県,1
米国,36：日本人の配偶者等,37歳,2:女,43：熊本県,2
米国,15：教育,38歳,2:女,43：熊本県,1
米国,35：永住者,38歳,2:女,43：熊本県,1
米国,36：日本人の配偶者等,38歳,2:女,43：熊本県,2
米国,15：教育,39歳,2:女,43：熊本県,1
米国,36：日本人の配偶者等,39歳,2:女,43：熊本県,1
米国,35：永住者,42歳,2:女,43：熊本県,1
米国,05：宗教,45歳,2:女,43：熊本県,1
米国,15：教育,46歳,2:女,43：熊本県,1
米国,35：永住者,46歳,2:女,43：熊本県,1
米国,35：永住者,48歳,2:女,43：熊本県,1
米国,36：日本人の配偶者等,49歳,2:女,43：熊本県,1
米国,38：定住者,49歳,2:女,43：熊本県,1
米国,37：永住者の配偶者等,50歳,2:女,43：熊本県,1
米国,35：永住者,51歳,2:女,43：熊本県,2
米国,35：永住者,52歳,2:女,43：熊本県,2
米国,35：永住者,54歳,2:女,43：熊本県,1
米国,35：永住者,57歳,2:女,43：熊本県,3
米国,35：永住者,58歳,2:女,43：熊本県,1
米国,36：日本人の配偶者等,58歳,2:女,43：熊本県,1
米国,35：永住者,59歳,2:女,43：熊本県,1
米国,35：永住者,61歳,2:女,43：熊本県,1
米国,36：日本人の配偶者等,61歳,2:女,43：熊本県,1
米国,15：教育,63歳,2:女,43：熊本県,1
米国,35：永住者,63歳,2:女,43：熊本県,3
米国,35：永住者,64歳,2:女,43：熊本県,1
米国,36：日本人の配偶者等,64歳,2:女,43：熊本県,1
米国,35：永住者,66歳,2:女,43：熊本県,3
米国,35：永住者,67歳,2:女,43：熊本県,1
米国,35：永住者,68歳,2:女,43：熊本県,1
米国,35：永住者,72歳,2:女,43：熊本県,2
米国,36：日本人の配偶者等,72歳,2:女,43：熊本県,1
米国,35：永住者,73歳,2:女,43：熊本県,1
米国,36：日本人の配偶者等,73歳,2:女,43：熊本県,1
米国,36：日本人の配偶者等,77歳,2:女,43：熊本県,1
米国,36：日本人の配偶者等,78歳,2:女,43：熊本県,1
米国,35：永住者,79歳,2:女,43：熊本県,1
米国,35：永住者,80歳以上,2:女,43：熊本県,5
米国,36：日本人の配偶者等,80歳以上,2:女,43：熊本県,3
ベリーズ,35：永住者,40歳,1:男,43：熊本県,1
メキシコ,36：日本人の配偶者等,34歳,1:男,43：熊本県,1
メキシコ,35：永住者,37歳,1:男,43：熊本県,1
メキシコ,35：永住者,40歳,1:男,43：熊本県,1
メキシコ,35：永住者,42歳,1:男,43：熊本県,1
メキシコ,35：永住者,45歳,1:男,43：熊本県,1
メキシコ,36：日本人の配偶者等,53歳,1:男,43：熊本県,1
メキシコ,35：永住者,55歳,1:男,43：熊本県,1
メキシコ,38：定住者,59歳,1:男,43：熊本県,1
メキシコ,36：日本人の配偶者等,24歳,2:女,43：熊本県,1
メキシコ,35：永住者,33歳,2:女,43：熊本県,1
メキシコ,35：永住者,50歳,2:女,43：熊本県,1
メキシコ,38：定住者,57歳,2:女,43：熊本県,1
アルゼンチン,15：教育,34歳,1:男,43：熊本県,1
アルゼンチン,35：永住者,42歳,1:男,43：熊本県,1
アルゼンチン,35：永住者,45歳,1:男,43：熊本県,1
アルゼンチン,36：日本人の配偶者等,29歳,2:女,43：熊本県,1
ウルグアイ,35：永住者,57歳,1:男,43：熊本県,1
コロンビア,36：日本人の配偶者等,31歳,1:男,43：熊本県,1
コロンビア,35：永住者,42歳,1:男,43：熊本県,1
チリ,38：定住者,56歳,2:女,43：熊本県,1
チリ,35：永住者,59歳,2:女,43：熊本県,1
ブラジル,19：興行,20歳,1:男,43：熊本県,1
ブラジル,19：興行,21歳,1:男,43：熊本県,1
ブラジル,35：永住者,26歳,1:男,43：熊本県,1
ブラジル,38：定住者,26歳,1:男,43：熊本県,1
ブラジル,35：永住者,29歳,1:男,43：熊本県,1
ブラジル,35：永住者,32歳,1:男,43：熊本県,1
ブラジル,35：永住者,34歳,1:男,43：熊本県,1
ブラジル,38：定住者,43歳,1:男,43：熊本県,1
ブラジル,35：永住者,44歳,1:男,43：熊本県,2
ブラジル,35：永住者,45歳,1:男,43：熊本県,1
ブラジル,35：永住者,47歳,1:男,43：熊本県,3
ブラジル,38：定住者,50歳,1:男,43：熊本県,1
ブラジル,35：永住者,53歳,1:男,43：熊本県,1
ブラジル,35：永住者,54歳,1:男,43：熊本県,1
ブラジル,35：永住者,60歳,1:男,43：熊本県,1
ブラジル,36：日本人の配偶者等,68歳,1:男,43：熊本県,1
ブラジル,35：永住者,72歳,1:男,43：熊本県,1
ブラジル,35：永住者,80歳以上,1:男,43：熊本県,1
ブラジル,37：永住者の配偶者等,03歳,2:女,43：熊本県,1
ブラジル,37：永住者の配偶者等,04歳,2:女,43：熊本県,1
ブラジル,38：定住者,08歳,2:女,43：熊本県,2
ブラジル,35：永住者,23歳,2:女,43：熊本県,1
ブラジル,35：永住者,24歳,2:女,43：熊本県,1
ブラジル,36：日本人の配偶者等,25歳,2:女,43：熊本県,1
ブラジル,35：永住者,26歳,2:女,43：熊本県,1
ブラジル,35：永住者,27歳,2:女,43：熊本県,1
ブラジル,35：永住者,35歳,2:女,43：熊本県,1
ブラジル,35：永住者,43歳,2:女,43：熊本県,1
ブラジル,35：永住者,45歳,2:女,43：熊本県,1
ブラジル,38：定住者,45歳,2:女,43：熊本県,1
ブラジル,35：永住者,47歳,2:女,43：熊本県,1
ブラジル,36：日本人の配偶者等,50歳,2:女,43：熊本県,1
ブラジル,35：永住者,51歳,2:女,43：熊本県,1
ブラジル,35：永住者,52歳,2:女,43：熊本県,1
ブラジル,35：永住者,53歳,2:女,43：熊本県,1
ブラジル,35：永住者,54歳,2:女,43：熊本県,1
ブラジル,35：永住者,55歳,2:女,43：熊本県,1
ブラジル,35：永住者,57歳,2:女,43：熊本県,1
ブラジル,35：永住者,58歳,2:女,43：熊本県,1
ブラジル,35：永住者,63歳,2:女,43：熊本県,1
ブラジル,35：永住者,65歳,2:女,43：熊本県,1
ブラジル,35：永住者,66歳,2:女,43：熊本県,1
ブラジル,35：永住者,67歳,2:女,43：熊本県,1
ブラジル,35：永住者,70歳,2:女,43：熊本県,1
ブラジル,35：永住者,71歳,2:女,43：熊本県,1
ブラジル,35：永住者,73歳,2:女,43：熊本県,1
ブラジル,35：永住者,75歳,2:女,43：熊本県,1
ブラジル,35：永住者,79歳,2:女,43：熊本県,1
ベネズエラ,36：日本人の配偶者等,40歳,1:男,43：熊本県,1
ベネズエラ,35：永住者,56歳,1:男,43：熊本県,1
ベネズエラ,35：永住者,63歳,1:男,43：熊本県,1
ペルー,35：永住者,32歳,1:男,43：熊本県,1
ペルー,35：永住者,42歳,1:男,43：熊本県,1
ペルー,35：永住者,48歳,1:男,43：熊本県,1
ペルー,38：定住者,53歳,1:男,43：熊本県,1
ペルー,35：永住者,64歳,1:男,43：熊本県,1
ペルー,31：留学,26歳,2:女,43：熊本県,1
ペルー,35：永住者,30歳,2:女,43：熊本県,1
ボリビア,34：特定活動,27歳,1:男,43：熊本県,1
ボリビア,35：永住者,39歳,1:男,43：熊本県,1
オーストラリア,33：家族滞在,04歳,1:男,43：熊本県,1
オーストラリア,36：日本人の配偶者等,24歳,1:男,43：熊本県,1
オーストラリア,15：教育,26歳,1:男,43：熊本県,2
オーストラリア,16：技術・人文知識・国際業務,27歳,1:男,43：熊本県,1
オーストラリア,15：教育,29歳,1:男,43：熊本県,2
オーストラリア,35：永住者,29歳,1:男,43：熊本県,1
オーストラリア,36：日本人の配偶者等,29歳,1:男,43：熊本県,1
オーストラリア,11：経営・管理,32歳,1:男,43：熊本県,1
オーストラリア,15：教育,32歳,1:男,43：熊本県,1
オーストラリア,35：永住者,32歳,1:男,43：熊本県,1
オーストラリア,16：技術・人文知識・国際業務,34歳,1:男,43：熊本県,1
オーストラリア,36：日本人の配偶者等,35歳,1:男,43：熊本県,2
オーストラリア,03：教授,37歳,1:男,43：熊本県,1
オーストラリア,35：永住者,37歳,1:男,43：熊本県,1
オーストラリア,36：日本人の配偶者等,37歳,1:男,43：熊本県,1
オーストラリア,36：日本人の配偶者等,38歳,1:男,43：熊本県,1
オーストラリア,35：永住者,40歳,1:男,43：熊本県,1
オーストラリア,36：日本人の配偶者等,40歳,1:男,43：熊本県,2
オーストラリア,35：永住者,43歳,1:男,43：熊本県,1
オーストラリア,36：日本人の配偶者等,43歳,1:男,43：熊本県,1
オーストラリア,35：永住者,44歳,1:男,43：熊本県,1
オーストラリア,35：永住者,46歳,1:男,43：熊本県,1
オーストラリア,35：永住者,47歳,1:男,43：熊本県,1
オーストラリア,36：日本人の配偶者等,47歳,1:男,43：熊本県,1
オーストラリア,35：永住者,48歳,1:男,43：熊本県,1
オーストラリア,35：永住者,49歳,1:男,43：熊本県,1
オーストラリア,03：教授,50歳,1:男,43：熊本県,1
オーストラリア,35：永住者,50歳,1:男,43：熊本県,1
オーストラリア,35：永住者,51歳,1:男,43：熊本県,2
オーストラリア,35：永住者,52歳,1:男,43：熊本県,1
オーストラリア,35：永住者,54歳,1:男,43：熊本県,1
オーストラリア,35：永住者,59歳,1:男,43：熊本県,1
オーストラリア,35：永住者,61歳,1:男,43：熊本県,1
オーストラリア,35：永住者,65歳,1:男,43：熊本県,1
オーストラリア,36：日本人の配偶者等,65歳,1:男,43：熊本県,1
オーストラリア,35：永住者,67歳,1:男,43：熊本県,1
オーストラリア,36：日本人の配偶者等,69歳,1:男,43：熊本県,1
オーストラリア,38：定住者,69歳,1:男,43：熊本県,1
オーストラリア,35：永住者,73歳,1:男,43：熊本県,1
オーストラリア,35：永住者,74歳,1:男,43：熊本県,1
オーストラリア,34：特定活動,78歳,1:男,43：熊本県,1
オーストラリア,36：日本人の配偶者等,78歳,1:男,43：熊本県,1
オーストラリア,33：家族滞在,01歳,2:女,43：熊本県,1
オーストラリア,15：教育,24歳,2:女,43：熊本県,1
オーストラリア,15：教育,28歳,2:女,43：熊本県,2
オーストラリア,36：日本人の配偶者等,32歳,2:女,43：熊本県,1
オーストラリア,03：教授,36歳,2:女,43：熊本県,1
オーストラリア,15：教育,39歳,2:女,43：熊本県,1
オーストラリア,35：永住者,44歳,2:女,43：熊本県,1
オーストラリア,33：家族滞在,52歳,2:女,43：熊本県,1
オーストラリア,35：永住者,59歳,2:女,43：熊本県,1
オーストラリア,36：日本人の配偶者等,62歳,2:女,43：熊本県,1
オーストラリア,35：永住者,63歳,2:女,43：熊本県,1
オーストラリア,35：永住者,65歳,2:女,43：熊本県,1
オーストラリア,36：日本人の配偶者等,70歳,2:女,43：熊本県,1
トンガ,35：永住者,07歳,1:男,43：熊本県,1
トンガ,35：永住者,14歳,1:男,43：熊本県,2
トンガ,35：永住者,40歳,1:男,43：熊本県,1
トンガ,35：永住者,10歳,2:女,43：熊本県,1
トンガ,35：永住者,40歳,2:女,43：熊本県,1
ニュージーランド,15：教育,23歳,1:男,43：熊本県,1
ニュージーランド,15：教育,25歳,1:男,43：熊本県,2
ニュージーランド,15：教育,27歳,1:男,43：熊本県,1
ニュージーランド,16：技術・人文知識・国際業務,28歳,1:男,43：熊本県,1
ニュージーランド,36：日本人の配偶者等,31歳,1:男,43：熊本県,1
ニュージーランド,36：日本人の配偶者等,32歳,1:男,43：熊本県,1
ニュージーランド,15：教育,34歳,1:男,43：熊本県,1
ニュージーランド,35：永住者,35歳,1:男,43：熊本県,1
ニュージーランド,35：永住者,41歳,1:男,43：熊本県,1
ニュージーランド,35：永住者,44歳,1:男,43：熊本県,1
ニュージーランド,35：永住者,45歳,1:男,43：熊本県,1
ニュージーランド,36：日本人の配偶者等,46歳,1:男,43：熊本県,1
ニュージーランド,15：教育,48歳,1:男,43：熊本県,1
ニュージーランド,35：永住者,48歳,1:男,43：熊本県,1
ニュージーランド,36：日本人の配偶者等,50歳,1:男,43：熊本県,1
ニュージーランド,35：永住者,80歳以上,1:男,43：熊本県,1
ニュージーランド,15：教育,24歳,2:女,43：熊本県,1
バヌアツ,31：留学,36歳,1:男,43：熊本県,1
フィジー,36：日本人の配偶者等,33歳,1:男,43：熊本県,1
無国籍,33：家族滞在,00歳,1:男,43：熊本県,1
無国籍,36：日本人の配偶者等,58歳,1:男,43：熊本県,1
無国籍,35：永住者,74歳,1:男,43：熊本県,1
無国籍,35：永住者,38歳,2:女,43：熊本県,1
無国籍,35：永住者,80歳以上,2:女,43：熊本県,1
