国籍・地域,在留資格,年齢,性別,都道府県,在留外国人数
アフガニスタン,定住者,01歳,1:男,43：熊本県,1
アフガニスタン,特定活動,02歳,1:男,43：熊本県,1
アフガニスタン,特定活動,04歳,1:男,43：熊本県,1
アフガニスタン,特定活動,08歳,1:男,43：熊本県,1
アフガニスタン,特定活動,10歳,1:男,43：熊本県,1
アフガニスタン,留学,31歳,1:男,43：熊本県,2
アフガニスタン,留学,33歳,1:男,43：熊本県,1
アフガニスタン,留学,34歳,1:男,43：熊本県,2
アフガニスタン,特定活動,35歳,1:男,43：熊本県,1
アフガニスタン,定住者,35歳,1:男,43：熊本県,1
アフガニスタン,留学,36歳,1:男,43：熊本県,1
アフガニスタン,特定活動,38歳,1:男,43：熊本県,1
アフガニスタン,経営・管理,50歳,1:男,43：熊本県,1
アフガニスタン,永住者,68歳,1:男,43：熊本県,1
アフガニスタン,特定活動,00歳,2:女,43：熊本県,1
アフガニスタン,家族滞在,01歳,2:女,43：熊本県,1
アフガニスタン,家族滞在,04歳,2:女,43：熊本県,1
アフガニスタン,特定活動,05歳,2:女,43：熊本県,1
アフガニスタン,家族滞在,07歳,2:女,43：熊本県,1
アフガニスタン,特定活動,08歳,2:女,43：熊本県,1
アフガニスタン,特定活動,10歳,2:女,43：熊本県,1
アフガニスタン,家族滞在,26歳,2:女,43：熊本県,1
アフガニスタン,家族滞在,31歳,2:女,43：熊本県,1
アフガニスタン,特定活動,31歳,2:女,43：熊本県,1
アフガニスタン,定住者,31歳,2:女,43：熊本県,1
アフガニスタン,特定活動,33歳,2:女,43：熊本県,1
アラブ首長国連邦,留学,24歳,1:男,43：熊本県,1
イスラエル,企業内転勤,29歳,1:男,43：熊本県,1
イスラエル,日本人の配偶者等,32歳,1:男,43：熊本県,1
イスラエル,企業内転勤,39歳,1:男,43：熊本県,1
イスラエル,永住者,64歳,1:男,43：熊本県,1
イスラエル,日本人の配偶者等,27歳,2:女,43：熊本県,1
イラン,留学,24歳,1:男,43：熊本県,1
イラン,留学,27歳,1:男,43：熊本県,1
イラン,教授,37歳,1:男,43：熊本県,1
イラン,留学,24歳,2:女,43：熊本県,1
イラン,留学,25歳,2:女,43：熊本県,1
イラン,留学,43歳,2:女,43：熊本県,1
インド,永住者,15歳,1:男,43：熊本県,1
インド,留学,21歳,1:男,43：熊本県,1
インド,技能実習１号ロ,22歳,1:男,43：熊本県,1
インド,留学,22歳,1:男,43：熊本県,1
インド,技能実習１号ロ,23歳,1:男,43：熊本県,3
インド,留学,23歳,1:男,43：熊本県,1
インド,技能実習１号ロ,24歳,1:男,43：熊本県,2
インド,特定技能１号,25歳,1:男,43：熊本県,1
インド,技能実習１号ロ,25歳,1:男,43：熊本県,6
インド,技術・人文知識・国際業務,26歳,1:男,43：熊本県,2
インド,技能実習１号ロ,26歳,1:男,43：熊本県,7
インド,技術・人文知識・国際業務,27歳,1:男,43：熊本県,2
インド,技能実習１号ロ,27歳,1:男,43：熊本県,4
インド,技術・人文知識・国際業務,28歳,1:男,43：熊本県,4
インド,技能実習１号ロ,28歳,1:男,43：熊本県,3
インド,技術・人文知識・国際業務,29歳,1:男,43：熊本県,1
インド,技能,29歳,1:男,43：熊本県,1
インド,技能実習１号ロ,29歳,1:男,43：熊本県,1
インド,技能,30歳,1:男,43：熊本県,2
インド,技術・人文知識・国際業務,31歳,1:男,43：熊本県,1
インド,技能,32歳,1:男,43：熊本県,1
インド,技能,33歳,1:男,43：熊本県,3
インド,教授,34歳,1:男,43：熊本県,1
インド,技術・人文知識・国際業務,34歳,1:男,43：熊本県,1
インド,日本人の配偶者等,34歳,1:男,43：熊本県,1
インド,教授,35歳,1:男,43：熊本県,1
インド,技能,35歳,1:男,43：熊本県,4
インド,技術・人文知識・国際業務,36歳,1:男,43：熊本県,1
インド,技能,36歳,1:男,43：熊本県,1
インド,技能,37歳,1:男,43：熊本県,1
インド,技能,38歳,1:男,43：熊本県,3
インド,技能,39歳,1:男,43：熊本県,1
インド,技能,40歳,1:男,43：熊本県,3
インド,技能,41歳,1:男,43：熊本県,3
インド,永住者,42歳,1:男,43：熊本県,1
インド,技術・人文知識・国際業務,43歳,1:男,43：熊本県,1
インド,技能,43歳,1:男,43：熊本県,5
インド,技能,44歳,1:男,43：熊本県,1
インド,永住者,44歳,1:男,43：熊本県,1
インド,技能,45歳,1:男,43：熊本県,1
インド,技能,46歳,1:男,43：熊本県,1
インド,技能,48歳,1:男,43：熊本県,1
インド,技能,49歳,1:男,43：熊本県,1
インド,永住者,54歳,1:男,43：熊本県,1
インド,技能,55歳,1:男,43：熊本県,1
インド,永住者,78歳,1:男,43：熊本県,1
インド,永住者,10歳,2:女,43：熊本県,1
インド,家族滞在,21歳,2:女,43：熊本県,1
インド,特定技能１号,22歳,2:女,43：熊本県,2
インド,留学,22歳,2:女,43：熊本県,1
インド,特定技能１号,24歳,2:女,43：熊本県,1
インド,特定技能１号,25歳,2:女,43：熊本県,3
インド,特定技能１号,26歳,2:女,43：熊本県,1
インド,留学,26歳,2:女,43：熊本県,1
インド,家族滞在,26歳,2:女,43：熊本県,1
インド,特定技能１号,27歳,2:女,43：熊本県,2
インド,特定技能１号,28歳,2:女,43：熊本県,1
インド,留学,28歳,2:女,43：熊本県,2
インド,教授,32歳,2:女,43：熊本県,1
インド,永住者,40歳,2:女,43：熊本県,1
インドネシア,家族滞在,01歳,1:男,43：熊本県,1
インドネシア,家族滞在,03歳,1:男,43：熊本県,1
インドネシア,家族滞在,05歳,1:男,43：熊本県,1
インドネシア,特定活動,08歳,1:男,43：熊本県,1
インドネシア,定住者,11歳,1:男,43：熊本県,1
インドネシア,日本人の配偶者等,16歳,1:男,43：熊本県,1
インドネシア,永住者,17歳,1:男,43：熊本県,1
インドネシア,定住者,17歳,1:男,43：熊本県,1
インドネシア,技能実習１号ロ,18歳,1:男,43：熊本県,1
インドネシア,留学,18歳,1:男,43：熊本県,1
インドネシア,特定技能１号,19歳,1:男,43：熊本県,3
インドネシア,技能実習１号ロ,19歳,1:男,43：熊本県,10
インドネシア,特定技能１号,20歳,1:男,43：熊本県,5
インドネシア,技能実習１号ロ,20歳,1:男,43：熊本県,46
インドネシア,技能実習２号ロ,20歳,1:男,43：熊本県,1
インドネシア,留学,20歳,1:男,43：熊本県,2
インドネシア,特定技能１号,21歳,1:男,43：熊本県,12
インドネシア,技能実習１号ロ,21歳,1:男,43：熊本県,44
インドネシア,技能実習２号ロ,21歳,1:男,43：熊本県,7
インドネシア,留学,21歳,1:男,43：熊本県,1
インドネシア,特定技能１号,22歳,1:男,43：熊本県,14
インドネシア,技能実習１号ロ,22歳,1:男,43：熊本県,64
インドネシア,技能実習２号ロ,22歳,1:男,43：熊本県,17
インドネシア,技能実習３号ロ,22歳,1:男,43：熊本県,10
インドネシア,留学,22歳,1:男,43：熊本県,1
インドネシア,特定活動,22歳,1:男,43：熊本県,1
インドネシア,技術・人文知識・国際業務,23歳,1:男,43：熊本県,2
インドネシア,特定技能１号,23歳,1:男,43：熊本県,17
インドネシア,技能実習１号ロ,23歳,1:男,43：熊本県,55
インドネシア,技能実習２号ロ,23歳,1:男,43：熊本県,18
インドネシア,技能実習３号ロ,23歳,1:男,43：熊本県,11
インドネシア,留学,23歳,1:男,43：熊本県,1
インドネシア,技術・人文知識・国際業務,24歳,1:男,43：熊本県,2
インドネシア,特定技能１号,24歳,1:男,43：熊本県,12
インドネシア,技能実習１号ロ,24歳,1:男,43：熊本県,46
インドネシア,技能実習２号ロ,24歳,1:男,43：熊本県,12
インドネシア,技能実習３号ロ,24歳,1:男,43：熊本県,12
インドネシア,留学,24歳,1:男,43：熊本県,2
インドネシア,技術・人文知識・国際業務,25歳,1:男,43：熊本県,1
インドネシア,特定技能１号,25歳,1:男,43：熊本県,31
インドネシア,技能実習１号ロ,25歳,1:男,43：熊本県,24
インドネシア,技能実習２号ロ,25歳,1:男,43：熊本県,10
インドネシア,技能実習３号ロ,25歳,1:男,43：熊本県,11
インドネシア,留学,25歳,1:男,43：熊本県,5
インドネシア,特定技能１号,26歳,1:男,43：熊本県,25
インドネシア,技能実習１号ロ,26歳,1:男,43：熊本県,20
インドネシア,技能実習２号ロ,26歳,1:男,43：熊本県,11
インドネシア,技能実習３号ロ,26歳,1:男,43：熊本県,14
インドネシア,留学,26歳,1:男,43：熊本県,1
インドネシア,特定活動,26歳,1:男,43：熊本県,2
インドネシア,技術・人文知識・国際業務,27歳,1:男,43：熊本県,5
インドネシア,特定技能１号,27歳,1:男,43：熊本県,22
インドネシア,技能実習１号ロ,27歳,1:男,43：熊本県,18
インドネシア,技能実習２号ロ,27歳,1:男,43：熊本県,7
インドネシア,技能実習３号ロ,27歳,1:男,43：熊本県,10
インドネシア,留学,27歳,1:男,43：熊本県,2
インドネシア,特定活動,27歳,1:男,43：熊本県,4
インドネシア,特定技能１号,28歳,1:男,43：熊本県,17
インドネシア,技能実習１号ロ,28歳,1:男,43：熊本県,11
インドネシア,技能実習２号ロ,28歳,1:男,43：熊本県,4
インドネシア,技能実習３号ロ,28歳,1:男,43：熊本県,7
インドネシア,留学,28歳,1:男,43：熊本県,3
インドネシア,技術・人文知識・国際業務,29歳,1:男,43：熊本県,4
インドネシア,特定技能１号,29歳,1:男,43：熊本県,19
インドネシア,技能実習１号ロ,29歳,1:男,43：熊本県,9
インドネシア,技能実習２号ロ,29歳,1:男,43：熊本県,1
インドネシア,技能実習３号ロ,29歳,1:男,43：熊本県,4
インドネシア,留学,29歳,1:男,43：熊本県,1
インドネシア,特定活動,29歳,1:男,43：熊本県,2
インドネシア,技術・人文知識・国際業務,30歳,1:男,43：熊本県,3
インドネシア,企業内転勤,30歳,1:男,43：熊本県,1
インドネシア,特定技能１号,30歳,1:男,43：熊本県,11
インドネシア,技能実習１号ロ,30歳,1:男,43：熊本県,11
インドネシア,技能実習３号ロ,30歳,1:男,43：熊本県,6
インドネシア,留学,30歳,1:男,43：熊本県,1
インドネシア,特定活動,30歳,1:男,43：熊本県,2
インドネシア,技術・人文知識・国際業務,31歳,1:男,43：熊本県,1
インドネシア,特定技能１号,31歳,1:男,43：熊本県,10
インドネシア,技能実習１号ロ,31歳,1:男,43：熊本県,4
インドネシア,技能実習２号ロ,31歳,1:男,43：熊本県,2
インドネシア,技能実習３号ロ,31歳,1:男,43：熊本県,2
インドネシア,留学,31歳,1:男,43：熊本県,3
インドネシア,特定活動,31歳,1:男,43：熊本県,2
インドネシア,企業内転勤,32歳,1:男,43：熊本県,1
インドネシア,特定技能１号,32歳,1:男,43：熊本県,6
インドネシア,技能実習１号ロ,32歳,1:男,43：熊本県,2
インドネシア,技能実習２号ロ,32歳,1:男,43：熊本県,1
インドネシア,技能実習３号ロ,32歳,1:男,43：熊本県,1
インドネシア,家族滞在,32歳,1:男,43：熊本県,1
インドネシア,特定技能１号,33歳,1:男,43：熊本県,2
インドネシア,技能実習１号ロ,33歳,1:男,43：熊本県,1
インドネシア,技能実習３号ロ,33歳,1:男,43：熊本県,1
インドネシア,特定技能１号,34歳,1:男,43：熊本県,1
インドネシア,技能実習１号ロ,34歳,1:男,43：熊本県,4
インドネシア,留学,34歳,1:男,43：熊本県,1
インドネシア,企業内転勤,35歳,1:男,43：熊本県,1
インドネシア,特定技能１号,35歳,1:男,43：熊本県,7
インドネシア,技能実習１号ロ,35歳,1:男,43：熊本県,1
インドネシア,技能実習３号ロ,35歳,1:男,43：熊本県,1
インドネシア,家族滞在,35歳,1:男,43：熊本県,1
インドネシア,特定活動,35歳,1:男,43：熊本県,1
インドネシア,企業内転勤,36歳,1:男,43：熊本県,2
インドネシア,特定技能１号,36歳,1:男,43：熊本県,5
インドネシア,技能実習３号ロ,36歳,1:男,43：熊本県,1
インドネシア,留学,36歳,1:男,43：熊本県,1
インドネシア,企業内転勤,37歳,1:男,43：熊本県,1
インドネシア,特定技能１号,37歳,1:男,43：熊本県,2
インドネシア,技能実習１号ロ,37歳,1:男,43：熊本県,1
インドネシア,文化活動,37歳,1:男,43：熊本県,1
インドネシア,永住者,37歳,1:男,43：熊本県,1
インドネシア,特定技能１号,38歳,1:男,43：熊本県,1
インドネシア,特定技能１号,39歳,1:男,43：熊本県,2
インドネシア,技能実習１号ロ,39歳,1:男,43：熊本県,1
インドネシア,家族滞在,39歳,1:男,43：熊本県,1
インドネシア,永住者,39歳,1:男,43：熊本県,1
インドネシア,企業内転勤,40歳,1:男,43：熊本県,1
インドネシア,日本人の配偶者等,40歳,1:男,43：熊本県,1
インドネシア,定住者,40歳,1:男,43：熊本県,1
インドネシア,特定活動,41歳,1:男,43：熊本県,1
インドネシア,特定技能１号,42歳,1:男,43：熊本県,1
インドネシア,日本人の配偶者等,42歳,1:男,43：熊本県,1
インドネシア,家族滞在,43歳,1:男,43：熊本県,1
インドネシア,日本人の配偶者等,43歳,1:男,43：熊本県,1
インドネシア,特定技能１号,44歳,1:男,43：熊本県,1
インドネシア,留学,44歳,1:男,43：熊本県,1
インドネシア,特定技能１号,46歳,1:男,43：熊本県,1
インドネシア,永住者,46歳,1:男,43：熊本県,1
インドネシア,永住者,47歳,1:男,43：熊本県,2
インドネシア,永住者,48歳,1:男,43：熊本県,1
インドネシア,特定活動,49歳,1:男,43：熊本県,1
インドネシア,永住者,49歳,1:男,43：熊本県,1
インドネシア,特定活動,56歳,1:男,43：熊本県,1
インドネシア,家族滞在,66歳,1:男,43：熊本県,1
インドネシア,家族滞在,00歳,2:女,43：熊本県,1
インドネシア,家族滞在,02歳,2:女,43：熊本県,1
インドネシア,家族滞在,04歳,2:女,43：熊本県,1
インドネシア,家族滞在,05歳,2:女,43：熊本県,1
インドネシア,家族滞在,06歳,2:女,43：熊本県,2
インドネシア,家族滞在,08歳,2:女,43：熊本県,1
インドネシア,特定活動,13歳,2:女,43：熊本県,1
インドネシア,特定技能１号,18歳,2:女,43：熊本県,1
インドネシア,技能実習１号ロ,18歳,2:女,43：熊本県,4
インドネシア,定住者,18歳,2:女,43：熊本県,1
インドネシア,特定技能１号,19歳,2:女,43：熊本県,10
インドネシア,技能実習１号ロ,19歳,2:女,43：熊本県,35
インドネシア,特定技能１号,20歳,2:女,43：熊本県,25
インドネシア,技能実習１号イ,20歳,2:女,43：熊本県,3
インドネシア,技能実習１号ロ,20歳,2:女,43：熊本県,58
インドネシア,技能実習２号ロ,20歳,2:女,43：熊本県,2
インドネシア,留学,20歳,2:女,43：熊本県,2
インドネシア,特定活動,20歳,2:女,43：熊本県,1
インドネシア,特定技能１号,21歳,2:女,43：熊本県,19
インドネシア,技能実習１号イ,21歳,2:女,43：熊本県,1
インドネシア,技能実習１号ロ,21歳,2:女,43：熊本県,52
インドネシア,技能実習２号ロ,21歳,2:女,43：熊本県,18
インドネシア,特定活動,21歳,2:女,43：熊本県,1
インドネシア,特定技能１号,22歳,2:女,43：熊本県,25
インドネシア,技能実習１号ロ,22歳,2:女,43：熊本県,59
インドネシア,技能実習２号ロ,22歳,2:女,43：熊本県,23
インドネシア,技能実習３号ロ,22歳,2:女,43：熊本県,3
インドネシア,特定活動,22歳,2:女,43：熊本県,1
インドネシア,特定技能１号,23歳,2:女,43：熊本県,15
インドネシア,技能実習１号ロ,23歳,2:女,43：熊本県,40
インドネシア,技能実習２号ロ,23歳,2:女,43：熊本県,7
インドネシア,技能実習３号ロ,23歳,2:女,43：熊本県,3
インドネシア,留学,23歳,2:女,43：熊本県,1
インドネシア,特定技能１号,24歳,2:女,43：熊本県,12
インドネシア,技能実習１号ロ,24歳,2:女,43：熊本県,26
インドネシア,技能実習２号ロ,24歳,2:女,43：熊本県,6
インドネシア,技能実習３号ロ,24歳,2:女,43：熊本県,3
インドネシア,留学,24歳,2:女,43：熊本県,1
インドネシア,永住者,24歳,2:女,43：熊本県,1
インドネシア,定住者,24歳,2:女,43：熊本県,1
インドネシア,特定技能１号,25歳,2:女,43：熊本県,14
インドネシア,技能実習１号イ,25歳,2:女,43：熊本県,1
インドネシア,技能実習１号ロ,25歳,2:女,43：熊本県,14
インドネシア,技能実習２号ロ,25歳,2:女,43：熊本県,11
インドネシア,技能実習３号ロ,25歳,2:女,43：熊本県,2
インドネシア,留学,25歳,2:女,43：熊本県,1
インドネシア,特定活動,25歳,2:女,43：熊本県,1
インドネシア,日本人の配偶者等,25歳,2:女,43：熊本県,1
インドネシア,特定技能１号,26歳,2:女,43：熊本県,11
インドネシア,技能実習１号ロ,26歳,2:女,43：熊本県,17
インドネシア,技能実習２号ロ,26歳,2:女,43：熊本県,8
インドネシア,技能実習３号ロ,26歳,2:女,43：熊本県,4
インドネシア,技術・人文知識・国際業務,27歳,2:女,43：熊本県,2
インドネシア,特定技能１号,27歳,2:女,43：熊本県,5
インドネシア,技能実習１号イ,27歳,2:女,43：熊本県,1
インドネシア,技能実習１号ロ,27歳,2:女,43：熊本県,10
インドネシア,技能実習２号ロ,27歳,2:女,43：熊本県,2
インドネシア,技能実習３号ロ,27歳,2:女,43：熊本県,5
インドネシア,留学,27歳,2:女,43：熊本県,1
インドネシア,特定活動,27歳,2:女,43：熊本県,2
インドネシア,技術・人文知識・国際業務,28歳,2:女,43：熊本県,1
インドネシア,特定技能１号,28歳,2:女,43：熊本県,9
インドネシア,技能実習１号ロ,28歳,2:女,43：熊本県,5
インドネシア,技能実習２号ロ,28歳,2:女,43：熊本県,2
インドネシア,技能実習３号ロ,28歳,2:女,43：熊本県,1
インドネシア,留学,28歳,2:女,43：熊本県,2
インドネシア,家族滞在,28歳,2:女,43：熊本県,3
インドネシア,永住者,28歳,2:女,43：熊本県,1
インドネシア,日本人の配偶者等,28歳,2:女,43：熊本県,2
インドネシア,特定技能１号,29歳,2:女,43：熊本県,8
インドネシア,技能実習１号ロ,29歳,2:女,43：熊本県,5
インドネシア,技能実習３号ロ,29歳,2:女,43：熊本県,2
インドネシア,留学,29歳,2:女,43：熊本県,1
インドネシア,特定活動,29歳,2:女,43：熊本県,2
インドネシア,日本人の配偶者等,29歳,2:女,43：熊本県,1
インドネシア,技能実習１号ロ,30歳,2:女,43：熊本県,1
インドネシア,留学,30歳,2:女,43：熊本県,1
インドネシア,日本人の配偶者等,30歳,2:女,43：熊本県,1
インドネシア,特定技能１号,31歳,2:女,43：熊本県,1
インドネシア,技能実習１号ロ,31歳,2:女,43：熊本県,2
インドネシア,技能実習２号ロ,31歳,2:女,43：熊本県,1
インドネシア,留学,31歳,2:女,43：熊本県,1
インドネシア,特定技能１号,32歳,2:女,43：熊本県,4
インドネシア,技能実習１号ロ,32歳,2:女,43：熊本県,3
インドネシア,留学,32歳,2:女,43：熊本県,2
インドネシア,芸術,33歳,2:女,43：熊本県,1
インドネシア,技術・人文知識・国際業務,33歳,2:女,43：熊本県,1
インドネシア,特定技能１号,33歳,2:女,43：熊本県,1
インドネシア,技能実習１号ロ,33歳,2:女,43：熊本県,2
インドネシア,留学,33歳,2:女,43：熊本県,2
インドネシア,日本人の配偶者等,33歳,2:女,43：熊本県,1
インドネシア,技能実習１号ロ,34歳,2:女,43：熊本県,1
インドネシア,留学,34歳,2:女,43：熊本県,1
インドネシア,家族滞在,34歳,2:女,43：熊本県,2
インドネシア,日本人の配偶者等,34歳,2:女,43：熊本県,1
インドネシア,技能実習１号ロ,35歳,2:女,43：熊本県,1
インドネシア,技能実習２号ロ,35歳,2:女,43：熊本県,1
インドネシア,留学,35歳,2:女,43：熊本県,1
インドネシア,興行,37歳,2:女,43：熊本県,1
インドネシア,特定技能１号,37歳,2:女,43：熊本県,1
インドネシア,永住者,37歳,2:女,43：熊本県,1
インドネシア,日本人の配偶者等,37歳,2:女,43：熊本県,1
インドネシア,興行,38歳,2:女,43：熊本県,2
インドネシア,永住者,38歳,2:女,43：熊本県,1
インドネシア,日本人の配偶者等,38歳,2:女,43：熊本県,1
インドネシア,留学,39歳,2:女,43：熊本県,1
インドネシア,永住者,39歳,2:女,43：熊本県,3
インドネシア,日本人の配偶者等,39歳,2:女,43：熊本県,2
インドネシア,永住者,40歳,2:女,43：熊本県,2
インドネシア,特定活動,41歳,2:女,43：熊本県,1
インドネシア,永住者,41歳,2:女,43：熊本県,1
インドネシア,日本人の配偶者等,41歳,2:女,43：熊本県,1
インドネシア,永住者,42歳,2:女,43：熊本県,2
インドネシア,日本人の配偶者等,42歳,2:女,43：熊本県,1
インドネシア,日本人の配偶者等,43歳,2:女,43：熊本県,1
インドネシア,定住者,43歳,2:女,43：熊本県,1
インドネシア,特定技能１号,45歳,2:女,43：熊本県,1
インドネシア,永住者,45歳,2:女,43：熊本県,4
インドネシア,永住者,46歳,2:女,43：熊本県,1
インドネシア,日本人の配偶者等,46歳,2:女,43：熊本県,1
インドネシア,日本人の配偶者等,47歳,2:女,43：熊本県,1
インドネシア,定住者,47歳,2:女,43：熊本県,1
インドネシア,日本人の配偶者等,48歳,2:女,43：熊本県,1
インドネシア,永住者,49歳,2:女,43：熊本県,1
インドネシア,日本人の配偶者等,49歳,2:女,43：熊本県,1
インドネシア,永住者,50歳,2:女,43：熊本県,1
インドネシア,永住者,51歳,2:女,43：熊本県,1
インドネシア,日本人の配偶者等,51歳,2:女,43：熊本県,1
インドネシア,技術・人文知識・国際業務,55歳,2:女,43：熊本県,1
インドネシア,日本人の配偶者等,59歳,2:女,43：熊本県,1
インドネシア,永住者,64歳,2:女,43：熊本県,1
オマーン,留学,25歳,1:男,43：熊本県,1
オマーン,留学,27歳,2:女,43：熊本県,1
韓国,家族滞在,02歳,1:男,43：熊本県,1
韓国,家族滞在,03歳,1:男,43：熊本県,1
韓国,特別永住者,03歳,1:男,43：熊本県,1
韓国,家族滞在,04歳,1:男,43：熊本県,3
韓国,家族滞在,08歳,1:男,43：熊本県,1
韓国,定住者,08歳,1:男,43：熊本県,1
韓国,家族滞在,10歳,1:男,43：熊本県,2
韓国,永住者,13歳,1:男,43：熊本県,1
韓国,家族滞在,15歳,1:男,43：熊本県,1
韓国,永住者,15歳,1:男,43：熊本県,1
韓国,特別永住者,15歳,1:男,43：熊本県,1
韓国,留学,18歳,1:男,43：熊本県,1
韓国,永住者,18歳,1:男,43：熊本県,5
韓国,特別永住者,18歳,1:男,43：熊本県,1
韓国,家族滞在,19歳,1:男,43：熊本県,1
韓国,永住者,19歳,1:男,43：熊本県,1
韓国,留学,20歳,1:男,43：熊本県,2
韓国,留学,21歳,1:男,43：熊本県,2
韓国,永住者,21歳,1:男,43：熊本県,2
韓国,特別永住者,21歳,1:男,43：熊本県,2
韓国,技術・人文知識・国際業務,22歳,1:男,43：熊本県,1
韓国,技術・人文知識・国際業務,23歳,1:男,43：熊本県,1
韓国,留学,23歳,1:男,43：熊本県,4
韓国,永住者,23歳,1:男,43：熊本県,2
韓国,特別永住者,23歳,1:男,43：熊本県,1
韓国,技術・人文知識・国際業務,24歳,1:男,43：熊本県,3
韓国,留学,24歳,1:男,43：熊本県,2
韓国,永住者,24歳,1:男,43：熊本県,2
韓国,特別永住者,24歳,1:男,43：熊本県,1
韓国,技術・人文知識・国際業務,25歳,1:男,43：熊本県,13
韓国,留学,25歳,1:男,43：熊本県,3
韓国,特別永住者,25歳,1:男,43：熊本県,1
韓国,技術・人文知識・国際業務,26歳,1:男,43：熊本県,10
韓国,留学,26歳,1:男,43：熊本県,2
韓国,日本人の配偶者等,26歳,1:男,43：熊本県,2
韓国,技術・人文知識・国際業務,27歳,1:男,43：熊本県,11
韓国,留学,27歳,1:男,43：熊本県,1
韓国,技術・人文知識・国際業務,28歳,1:男,43：熊本県,7
韓国,永住者,28歳,1:男,43：熊本県,2
韓国,日本人の配偶者等,28歳,1:男,43：熊本県,1
韓国,特別永住者,28歳,1:男,43：熊本県,2
韓国,技術・人文知識・国際業務,29歳,1:男,43：熊本県,14
韓国,企業内転勤,29歳,1:男,43：熊本県,2
韓国,留学,29歳,1:男,43：熊本県,1
韓国,日本人の配偶者等,29歳,1:男,43：熊本県,1
韓国,技術・人文知識・国際業務,30歳,1:男,43：熊本県,7
韓国,企業内転勤,30歳,1:男,43：熊本県,1
韓国,日本人の配偶者等,30歳,1:男,43：熊本県,3
韓国,特別永住者,30歳,1:男,43：熊本県,5
韓国,教授,31歳,1:男,43：熊本県,1
韓国,技術・人文知識・国際業務,31歳,1:男,43：熊本県,8
韓国,留学,31歳,1:男,43：熊本県,1
韓国,永住者,31歳,1:男,43：熊本県,1
韓国,日本人の配偶者等,31歳,1:男,43：熊本県,2
韓国,特別永住者,31歳,1:男,43：熊本県,4
韓国,技術・人文知識・国際業務,32歳,1:男,43：熊本県,10
韓国,企業内転勤,32歳,1:男,43：熊本県,1
韓国,永住者,32歳,1:男,43：熊本県,1
韓国,特別永住者,32歳,1:男,43：熊本県,4
韓国,永住者,33歳,1:男,43：熊本県,1
韓国,日本人の配偶者等,33歳,1:男,43：熊本県,2
韓国,特別永住者,33歳,1:男,43：熊本県,2
韓国,技術・人文知識・国際業務,34歳,1:男,43：熊本県,1
韓国,永住者,34歳,1:男,43：熊本県,1
韓国,日本人の配偶者等,34歳,1:男,43：熊本県,2
韓国,高度専門職１号ロ,35歳,1:男,43：熊本県,1
韓国,技術・人文知識・国際業務,35歳,1:男,43：熊本県,3
韓国,特別永住者,35歳,1:男,43：熊本県,3
韓国,技術・人文知識・国際業務,36歳,1:男,43：熊本県,4
韓国,永住者,36歳,1:男,43：熊本県,1
韓国,日本人の配偶者等,36歳,1:男,43：熊本県,1
韓国,特別永住者,36歳,1:男,43：熊本県,2
韓国,技術・人文知識・国際業務,37歳,1:男,43：熊本県,6
韓国,企業内転勤,37歳,1:男,43：熊本県,1
韓国,永住者,37歳,1:男,43：熊本県,1
韓国,日本人の配偶者等,37歳,1:男,43：熊本県,6
韓国,特別永住者,37歳,1:男,43：熊本県,1
韓国,技術・人文知識・国際業務,38歳,1:男,43：熊本県,2
韓国,企業内転勤,38歳,1:男,43：熊本県,1
韓国,永住者,38歳,1:男,43：熊本県,3
韓国,日本人の配偶者等,38歳,1:男,43：熊本県,2
韓国,特別永住者,38歳,1:男,43：熊本県,4
韓国,技術・人文知識・国際業務,39歳,1:男,43：熊本県,3
韓国,永住者,39歳,1:男,43：熊本県,2
韓国,日本人の配偶者等,39歳,1:男,43：熊本県,4
韓国,特別永住者,39歳,1:男,43：熊本県,2
韓国,教授,40歳,1:男,43：熊本県,1
韓国,技術・人文知識・国際業務,40歳,1:男,43：熊本県,1
韓国,永住者,40歳,1:男,43：熊本県,1
韓国,日本人の配偶者等,40歳,1:男,43：熊本県,1
韓国,特別永住者,40歳,1:男,43：熊本県,1
韓国,技術・人文知識・国際業務,41歳,1:男,43：熊本県,1
韓国,永住者,41歳,1:男,43：熊本県,2
韓国,日本人の配偶者等,41歳,1:男,43：熊本県,3
韓国,特別永住者,41歳,1:男,43：熊本県,5
韓国,永住者,42歳,1:男,43：熊本県,3
韓国,特別永住者,42歳,1:男,43：熊本県,2
韓国,宗教,43歳,1:男,43：熊本県,1
韓国,永住者,43歳,1:男,43：熊本県,2
韓国,日本人の配偶者等,43歳,1:男,43：熊本県,1
韓国,定住者,43歳,1:男,43：熊本県,1
韓国,特別永住者,43歳,1:男,43：熊本県,3
韓国,永住者,44歳,1:男,43：熊本県,1
韓国,日本人の配偶者等,44歳,1:男,43：熊本県,2
韓国,特別永住者,44歳,1:男,43：熊本県,3
韓国,技術・人文知識・国際業務,45歳,1:男,43：熊本県,1
韓国,永住者,45歳,1:男,43：熊本県,1
韓国,日本人の配偶者等,45歳,1:男,43：熊本県,1
韓国,特別永住者,45歳,1:男,43：熊本県,1
韓国,宗教,46歳,1:男,43：熊本県,1
韓国,技術・人文知識・国際業務,46歳,1:男,43：熊本県,2
韓国,永住者,46歳,1:男,43：熊本県,5
韓国,日本人の配偶者等,46歳,1:男,43：熊本県,1
韓国,特別永住者,46歳,1:男,43：熊本県,2
韓国,宗教,47歳,1:男,43：熊本県,1
韓国,技術・人文知識・国際業務,47歳,1:男,43：熊本県,1
韓国,永住者,47歳,1:男,43：熊本県,2
韓国,日本人の配偶者等,47歳,1:男,43：熊本県,3
韓国,特別永住者,47歳,1:男,43：熊本県,1
韓国,永住者,48歳,1:男,43：熊本県,3
韓国,日本人の配偶者等,48歳,1:男,43：熊本県,2
韓国,特別永住者,48歳,1:男,43：熊本県,3
韓国,技術・人文知識・国際業務,49歳,1:男,43：熊本県,2
韓国,永住者,49歳,1:男,43：熊本県,3
韓国,定住者,49歳,1:男,43：熊本県,1
韓国,特別永住者,49歳,1:男,43：熊本県,1
韓国,企業内転勤,50歳,1:男,43：熊本県,1
韓国,永住者,50歳,1:男,43：熊本県,4
韓国,日本人の配偶者等,50歳,1:男,43：熊本県,2
韓国,特別永住者,50歳,1:男,43：熊本県,2
韓国,経営・管理,51歳,1:男,43：熊本県,1
韓国,技術・人文知識・国際業務,51歳,1:男,43：熊本県,1
韓国,永住者,51歳,1:男,43：熊本県,3
韓国,日本人の配偶者等,51歳,1:男,43：熊本県,2
韓国,特別永住者,51歳,1:男,43：熊本県,4
韓国,永住者,52歳,1:男,43：熊本県,2
韓国,特別永住者,52歳,1:男,43：熊本県,5
韓国,技術・人文知識・国際業務,53歳,1:男,43：熊本県,2
韓国,永住者,53歳,1:男,43：熊本県,3
韓国,特別永住者,53歳,1:男,43：熊本県,4
韓国,宗教,54歳,1:男,43：熊本県,1
韓国,経営・管理,54歳,1:男,43：熊本県,1
韓国,永住者,54歳,1:男,43：熊本県,3
韓国,日本人の配偶者等,54歳,1:男,43：熊本県,2
韓国,特別永住者,54歳,1:男,43：熊本県,1
韓国,永住者,55歳,1:男,43：熊本県,2
韓国,日本人の配偶者等,55歳,1:男,43：熊本県,1
韓国,特別永住者,55歳,1:男,43：熊本県,2
韓国,技術・人文知識・国際業務,56歳,1:男,43：熊本県,1
韓国,永住者,56歳,1:男,43：熊本県,4
韓国,特別永住者,56歳,1:男,43：熊本県,5
韓国,永住者,57歳,1:男,43：熊本県,1
韓国,特別永住者,57歳,1:男,43：熊本県,2
韓国,技術・人文知識・国際業務,58歳,1:男,43：熊本県,1
韓国,永住者,58歳,1:男,43：熊本県,1
韓国,日本人の配偶者等,58歳,1:男,43：熊本県,1
韓国,特別永住者,58歳,1:男,43：熊本県,3
韓国,技術・人文知識・国際業務,59歳,1:男,43：熊本県,1
韓国,永住者,59歳,1:男,43：熊本県,1
韓国,日本人の配偶者等,59歳,1:男,43：熊本県,2
韓国,特別永住者,59歳,1:男,43：熊本県,1
韓国,経営・管理,60歳,1:男,43：熊本県,1
韓国,永住者,60歳,1:男,43：熊本県,3
韓国,特別永住者,60歳,1:男,43：熊本県,5
韓国,永住者,61歳,1:男,43：熊本県,1
韓国,日本人の配偶者等,61歳,1:男,43：熊本県,1
韓国,特別永住者,61歳,1:男,43：熊本県,3
韓国,永住者,62歳,1:男,43：熊本県,3
韓国,特別永住者,62歳,1:男,43：熊本県,4
韓国,永住者,63歳,1:男,43：熊本県,1
韓国,特別永住者,63歳,1:男,43：熊本県,6
韓国,永住者,64歳,1:男,43：熊本県,1
韓国,特別永住者,64歳,1:男,43：熊本県,5
韓国,永住者,65歳,1:男,43：熊本県,2
韓国,特別永住者,65歳,1:男,43：熊本県,3
韓国,特別永住者,66歳,1:男,43：熊本県,6
韓国,特別永住者,67歳,1:男,43：熊本県,1
韓国,特別永住者,68歳,1:男,43：熊本県,3
韓国,特別永住者,69歳,1:男,43：熊本県,4
韓国,永住者,70歳,1:男,43：熊本県,2
韓国,特別永住者,70歳,1:男,43：熊本県,5
韓国,文化活動,71歳,1:男,43：熊本県,1
韓国,特別永住者,71歳,1:男,43：熊本県,7
韓国,特別永住者,72歳,1:男,43：熊本県,6
韓国,永住者,73歳,1:男,43：熊本県,1
韓国,特別永住者,73歳,1:男,43：熊本県,6
韓国,特別永住者,74歳,1:男,43：熊本県,5
韓国,特別永住者,75歳,1:男,43：熊本県,3
韓国,特別永住者,76歳,1:男,43：熊本県,3
韓国,特別永住者,77歳,1:男,43：熊本県,2
韓国,特別永住者,78歳,1:男,43：熊本県,5
韓国,特別永住者,79歳,1:男,43：熊本県,2
韓国,特別永住者,80歳以上,1:男,43：熊本県,15
韓国,特別永住者,00歳,2:女,43：熊本県,1
韓国,特別永住者,01歳,2:女,43：熊本県,1
韓国,家族滞在,02歳,2:女,43：熊本県,1
韓国,特別永住者,03歳,2:女,43：熊本県,1
韓国,定住者,04歳,2:女,43：熊本県,1
韓国,日本人の配偶者等,05歳,2:女,43：熊本県,1
韓国,家族滞在,07歳,2:女,43：熊本県,1
韓国,定住者,07歳,2:女,43：熊本県,1
韓国,特別永住者,07歳,2:女,43：熊本県,1
韓国,家族滞在,09歳,2:女,43：熊本県,1
韓国,家族滞在,12歳,2:女,43：熊本県,1
韓国,永住者,13歳,2:女,43：熊本県,1
韓国,家族滞在,14歳,2:女,43：熊本県,1
韓国,永住者,16歳,2:女,43：熊本県,1
韓国,留学,20歳,2:女,43：熊本県,1
韓国,永住者,20歳,2:女,43：熊本県,1
韓国,留学,21歳,2:女,43：熊本県,5
韓国,技術・人文知識・国際業務,22歳,2:女,43：熊本県,1
韓国,留学,22歳,2:女,43：熊本県,3
韓国,永住者,22歳,2:女,43：熊本県,1
韓国,留学,23歳,2:女,43：熊本県,3
韓国,特別永住者,23歳,2:女,43：熊本県,1
韓国,技術・人文知識・国際業務,24歳,2:女,43：熊本県,2
韓国,特別永住者,24歳,2:女,43：熊本県,2
韓国,技術・人文知識・国際業務,25歳,2:女,43：熊本県,3
韓国,永住者,25歳,2:女,43：熊本県,2
韓国,日本人の配偶者等,25歳,2:女,43：熊本県,1
韓国,技術・人文知識・国際業務,26歳,2:女,43：熊本県,1
韓国,留学,26歳,2:女,43：熊本県,1
韓国,日本人の配偶者等,26歳,2:女,43：熊本県,1
韓国,特別永住者,26歳,2:女,43：熊本県,1
韓国,技術・人文知識・国際業務,27歳,2:女,43：熊本県,1
韓国,特別永住者,27歳,2:女,43：熊本県,2
韓国,技術・人文知識・国際業務,28歳,2:女,43：熊本県,2
韓国,特別永住者,28歳,2:女,43：熊本県,2
韓国,家族滞在,29歳,2:女,43：熊本県,1
韓国,技術・人文知識・国際業務,30歳,2:女,43：熊本県,1
韓国,家族滞在,30歳,2:女,43：熊本県,1
韓国,永住者,31歳,2:女,43：熊本県,1
韓国,日本人の配偶者等,31歳,2:女,43：熊本県,1
韓国,特別永住者,31歳,2:女,43：熊本県,1
韓国,介護,32歳,2:女,43：熊本県,1
韓国,日本人の配偶者等,32歳,2:女,43：熊本県,1
韓国,特別永住者,32歳,2:女,43：熊本県,1
韓国,技術・人文知識・国際業務,33歳,2:女,43：熊本県,3
韓国,永住者,33歳,2:女,43：熊本県,1
韓国,日本人の配偶者等,33歳,2:女,43：熊本県,2
韓国,特別永住者,33歳,2:女,43：熊本県,1
韓国,家族滞在,34歳,2:女,43：熊本県,1
韓国,日本人の配偶者等,34歳,2:女,43：熊本県,1
韓国,技術・人文知識・国際業務,35歳,2:女,43：熊本県,1
韓国,家族滞在,35歳,2:女,43：熊本県,1
韓国,永住者,35歳,2:女,43：熊本県,1
韓国,特別永住者,35歳,2:女,43：熊本県,2
韓国,技術・人文知識・国際業務,36歳,2:女,43：熊本県,1
韓国,特別永住者,36歳,2:女,43：熊本県,2
韓国,家族滞在,37歳,2:女,43：熊本県,1
韓国,永住者,37歳,2:女,43：熊本県,1
韓国,日本人の配偶者等,37歳,2:女,43：熊本県,1
韓国,特別永住者,37歳,2:女,43：熊本県,1
韓国,永住者,38歳,2:女,43：熊本県,1
韓国,日本人の配偶者等,38歳,2:女,43：熊本県,1
韓国,特別永住者,38歳,2:女,43：熊本県,3
韓国,永住者,39歳,2:女,43：熊本県,3
韓国,特別永住者,39歳,2:女,43：熊本県,3
韓国,技術・人文知識・国際業務,40歳,2:女,43：熊本県,1
韓国,留学,40歳,2:女,43：熊本県,1
韓国,永住者,40歳,2:女,43：熊本県,1
韓国,特別永住者,40歳,2:女,43：熊本県,3
韓国,永住者,41歳,2:女,43：熊本県,1
韓国,日本人の配偶者等,41歳,2:女,43：熊本県,2
韓国,特別永住者,41歳,2:女,43：熊本県,3
韓国,永住者,42歳,2:女,43：熊本県,3
韓国,日本人の配偶者等,42歳,2:女,43：熊本県,1
韓国,技術・人文知識・国際業務,43歳,2:女,43：熊本県,1
韓国,永住者,43歳,2:女,43：熊本県,4
韓国,日本人の配偶者等,43歳,2:女,43：熊本県,1
韓国,特別永住者,43歳,2:女,43：熊本県,2
韓国,技術・人文知識・国際業務,44歳,2:女,43：熊本県,1
韓国,家族滞在,44歳,2:女,43：熊本県,1
韓国,永住者,44歳,2:女,43：熊本県,3
韓国,特別永住者,44歳,2:女,43：熊本県,2
韓国,永住者,45歳,2:女,43：熊本県,1
韓国,日本人の配偶者等,45歳,2:女,43：熊本県,1
韓国,特別永住者,45歳,2:女,43：熊本県,6
韓国,永住者,46歳,2:女,43：熊本県,3
韓国,永住者の配偶者等,46歳,2:女,43：熊本県,1
韓国,特別永住者,46歳,2:女,43：熊本県,2
韓国,家族滞在,47歳,2:女,43：熊本県,2
韓国,永住者,47歳,2:女,43：熊本県,2
韓国,特別永住者,47歳,2:女,43：熊本県,2
韓国,永住者,48歳,2:女,43：熊本県,2
韓国,日本人の配偶者等,48歳,2:女,43：熊本県,1
韓国,特別永住者,48歳,2:女,43：熊本県,5
韓国,永住者,49歳,2:女,43：熊本県,6
韓国,日本人の配偶者等,49歳,2:女,43：熊本県,1
韓国,特別永住者,49歳,2:女,43：熊本県,3
韓国,永住者,50歳,2:女,43：熊本県,2
韓国,日本人の配偶者等,50歳,2:女,43：熊本県,1
韓国,特別永住者,50歳,2:女,43：熊本県,6
韓国,永住者,51歳,2:女,43：熊本県,9
韓国,日本人の配偶者等,51歳,2:女,43：熊本県,1
韓国,特別永住者,51歳,2:女,43：熊本県,2
韓国,永住者,52歳,2:女,43：熊本県,3
韓国,日本人の配偶者等,52歳,2:女,43：熊本県,1
韓国,定住者,52歳,2:女,43：熊本県,1
韓国,特別永住者,52歳,2:女,43：熊本県,3
韓国,技術・人文知識・国際業務,53歳,2:女,43：熊本県,1
韓国,家族滞在,53歳,2:女,43：熊本県,1
韓国,永住者,53歳,2:女,43：熊本県,3
韓国,永住者の配偶者等,53歳,2:女,43：熊本県,1
韓国,特別永住者,53歳,2:女,43：熊本県,1
韓国,永住者,54歳,2:女,43：熊本県,7
韓国,特別永住者,54歳,2:女,43：熊本県,3
韓国,永住者,55歳,2:女,43：熊本県,1
韓国,日本人の配偶者等,55歳,2:女,43：熊本県,1
韓国,特別永住者,55歳,2:女,43：熊本県,4
韓国,永住者,56歳,2:女,43：熊本県,2
韓国,永住者,57歳,2:女,43：熊本県,7
韓国,日本人の配偶者等,57歳,2:女,43：熊本県,1
韓国,特別永住者,57歳,2:女,43：熊本県,1
韓国,永住者,58歳,2:女,43：熊本県,4
韓国,特別永住者,58歳,2:女,43：熊本県,2
韓国,宗教,59歳,2:女,43：熊本県,1
韓国,永住者,59歳,2:女,43：熊本県,6
韓国,特別永住者,59歳,2:女,43：熊本県,7
韓国,永住者,60歳,2:女,43：熊本県,6
韓国,日本人の配偶者等,60歳,2:女,43：熊本県,1
韓国,特別永住者,60歳,2:女,43：熊本県,5
韓国,技術・人文知識・国際業務,61歳,2:女,43：熊本県,1
韓国,永住者,61歳,2:女,43：熊本県,5
韓国,特別永住者,61歳,2:女,43：熊本県,2
韓国,永住者,62歳,2:女,43：熊本県,9
韓国,日本人の配偶者等,62歳,2:女,43：熊本県,2
韓国,特別永住者,62歳,2:女,43：熊本県,5
韓国,永住者,63歳,2:女,43：熊本県,11
韓国,日本人の配偶者等,63歳,2:女,43：熊本県,1
韓国,特別永住者,63歳,2:女,43：熊本県,5
韓国,永住者,64歳,2:女,43：熊本県,3
韓国,定住者,64歳,2:女,43：熊本県,1
韓国,特別永住者,64歳,2:女,43：熊本県,5
韓国,永住者,65歳,2:女,43：熊本県,5
韓国,定住者,65歳,2:女,43：熊本県,1
韓国,特別永住者,65歳,2:女,43：熊本県,5
韓国,永住者,66歳,2:女,43：熊本県,4
韓国,日本人の配偶者等,66歳,2:女,43：熊本県,1
韓国,定住者,66歳,2:女,43：熊本県,1
韓国,特別永住者,66歳,2:女,43：熊本県,5
韓国,永住者,67歳,2:女,43：熊本県,4
韓国,日本人の配偶者等,67歳,2:女,43：熊本県,1
韓国,定住者,67歳,2:女,43：熊本県,1
韓国,特別永住者,67歳,2:女,43：熊本県,4
韓国,永住者,68歳,2:女,43：熊本県,1
韓国,日本人の配偶者等,68歳,2:女,43：熊本県,1
韓国,特別永住者,68歳,2:女,43：熊本県,8
韓国,永住者,69歳,2:女,43：熊本県,2
韓国,特別永住者,69歳,2:女,43：熊本県,3
韓国,永住者,70歳,2:女,43：熊本県,2
韓国,特別永住者,70歳,2:女,43：熊本県,4
韓国,特別永住者,71歳,2:女,43：熊本県,5
韓国,宗教,72歳,2:女,43：熊本県,1
韓国,永住者,72歳,2:女,43：熊本県,1
韓国,特別永住者,72歳,2:女,43：熊本県,5
韓国,永住者,73歳,2:女,43：熊本県,2
韓国,特別永住者,73歳,2:女,43：熊本県,4
韓国,永住者,74歳,2:女,43：熊本県,3
韓国,特別永住者,74歳,2:女,43：熊本県,3
韓国,永住者,75歳,2:女,43：熊本県,1
韓国,特別永住者,75歳,2:女,43：熊本県,1
韓国,宗教,76歳,2:女,43：熊本県,1
韓国,永住者,76歳,2:女,43：熊本県,1
韓国,特別永住者,76歳,2:女,43：熊本県,4
韓国,永住者,77歳,2:女,43：熊本県,1
韓国,特別永住者,77歳,2:女,43：熊本県,4
韓国,特別永住者,78歳,2:女,43：熊本県,3
韓国,特別永住者,79歳,2:女,43：熊本県,3
韓国,永住者,80歳以上,2:女,43：熊本県,4
韓国,定住者,80歳以上,2:女,43：熊本県,2
韓国,特別永住者,80歳以上,2:女,43：熊本県,47
朝鮮,特別永住者,32歳,1:男,43：熊本県,1
朝鮮,特別永住者,34歳,1:男,43：熊本県,1
朝鮮,特別永住者,56歳,1:男,43：熊本県,1
朝鮮,特別永住者,59歳,1:男,43：熊本県,1
朝鮮,特別永住者,61歳,1:男,43：熊本県,1
朝鮮,特別永住者,65歳,1:男,43：熊本県,1
朝鮮,特別永住者,66歳,1:男,43：熊本県,1
朝鮮,特別永住者,67歳,1:男,43：熊本県,4
朝鮮,特別永住者,73歳,1:男,43：熊本県,1
朝鮮,特別永住者,74歳,1:男,43：熊本県,2
朝鮮,特別永住者,75歳,1:男,43：熊本県,2
朝鮮,特別永住者,77歳,1:男,43：熊本県,1
朝鮮,特別永住者,78歳,1:男,43：熊本県,2
朝鮮,特別永住者,79歳,1:男,43：熊本県,1
朝鮮,特別永住者,80歳以上,1:男,43：熊本県,1
朝鮮,特別永住者,00歳,2:女,43：熊本県,1
朝鮮,特別永住者,03歳,2:女,43：熊本県,1
朝鮮,特別永住者,05歳,2:女,43：熊本県,1
朝鮮,特別永住者,26歳,2:女,43：熊本県,1
朝鮮,特別永住者,29歳,2:女,43：熊本県,1
朝鮮,特別永住者,35歳,2:女,43：熊本県,1
朝鮮,特別永住者,48歳,2:女,43：熊本県,1
朝鮮,特別永住者,50歳,2:女,43：熊本県,1
朝鮮,特別永住者,54歳,2:女,43：熊本県,1
朝鮮,特別永住者,55歳,2:女,43：熊本県,1
朝鮮,特別永住者,56歳,2:女,43：熊本県,1
朝鮮,特別永住者,57歳,2:女,43：熊本県,1
朝鮮,特別永住者,59歳,2:女,43：熊本県,1
朝鮮,特別永住者,62歳,2:女,43：熊本県,1
朝鮮,特別永住者,63歳,2:女,43：熊本県,1
朝鮮,特別永住者,67歳,2:女,43：熊本県,1
朝鮮,特別永住者,69歳,2:女,43：熊本県,1
朝鮮,特別永住者,70歳,2:女,43：熊本県,2
朝鮮,特別永住者,72歳,2:女,43：熊本県,1
朝鮮,特別永住者,73歳,2:女,43：熊本県,2
朝鮮,特別永住者,75歳,2:女,43：熊本県,1
朝鮮,特別永住者,78歳,2:女,43：熊本県,1
朝鮮,特別永住者,79歳,2:女,43：熊本県,1
朝鮮,日本人の配偶者等,80歳以上,2:女,43：熊本県,1
朝鮮,特別永住者,80歳以上,2:女,43：熊本県,5
カンボジア,技能実習１号ロ,18歳,1:男,43：熊本県,1
カンボジア,技能実習１号ロ,19歳,1:男,43：熊本県,15
カンボジア,技能実習１号ロ,20歳,1:男,43：熊本県,21
カンボジア,技能実習２号ロ,20歳,1:男,43：熊本県,1
カンボジア,留学,20歳,1:男,43：熊本県,1
カンボジア,技能実習１号ロ,21歳,1:男,43：熊本県,23
カンボジア,技能実習１号ロ,22歳,1:男,43：熊本県,27
カンボジア,技能実習２号ロ,22歳,1:男,43：熊本県,8
カンボジア,特定活動,22歳,1:男,43：熊本県,2
カンボジア,特定技能１号,23歳,1:男,43：熊本県,1
カンボジア,技能実習１号ロ,23歳,1:男,43：熊本県,26
カンボジア,技能実習２号ロ,23歳,1:男,43：熊本県,14
カンボジア,留学,23歳,1:男,43：熊本県,2
カンボジア,特定活動,23歳,1:男,43：熊本県,2
カンボジア,特定技能１号,24歳,1:男,43：熊本県,7
カンボジア,技能実習１号ロ,24歳,1:男,43：熊本県,24
カンボジア,技能実習２号ロ,24歳,1:男,43：熊本県,8
カンボジア,技能実習３号ロ,24歳,1:男,43：熊本県,3
カンボジア,留学,24歳,1:男,43：熊本県,1
カンボジア,特定活動,24歳,1:男,43：熊本県,3
カンボジア,特定技能１号,25歳,1:男,43：熊本県,2
カンボジア,技能実習１号ロ,25歳,1:男,43：熊本県,17
カンボジア,技能実習２号ロ,25歳,1:男,43：熊本県,4
カンボジア,技能実習３号ロ,25歳,1:男,43：熊本県,2
カンボジア,技術・人文知識・国際業務,26歳,1:男,43：熊本県,1
カンボジア,特定技能１号,26歳,1:男,43：熊本県,3
カンボジア,技能実習１号ロ,26歳,1:男,43：熊本県,13
カンボジア,技能実習２号ロ,26歳,1:男,43：熊本県,6
カンボジア,技能実習３号ロ,26歳,1:男,43：熊本県,2
カンボジア,特定活動,26歳,1:男,43：熊本県,3
カンボジア,技術・人文知識・国際業務,27歳,1:男,43：熊本県,1
カンボジア,特定技能１号,27歳,1:男,43：熊本県,5
カンボジア,技能実習１号ロ,27歳,1:男,43：熊本県,13
カンボジア,技能実習２号ロ,27歳,1:男,43：熊本県,6
カンボジア,留学,27歳,1:男,43：熊本県,1
カンボジア,特定活動,27歳,1:男,43：熊本県,1
カンボジア,技術・人文知識・国際業務,28歳,1:男,43：熊本県,2
カンボジア,特定技能１号,28歳,1:男,43：熊本県,5
カンボジア,技能実習１号ロ,28歳,1:男,43：熊本県,10
カンボジア,技能実習２号ロ,28歳,1:男,43：熊本県,3
カンボジア,技能実習３号ロ,28歳,1:男,43：熊本県,5
カンボジア,企業内転勤,29歳,1:男,43：熊本県,1
カンボジア,特定技能１号,29歳,1:男,43：熊本県,5
カンボジア,技能実習１号ロ,29歳,1:男,43：熊本県,6
カンボジア,技能実習２号ロ,29歳,1:男,43：熊本県,4
カンボジア,特定活動,29歳,1:男,43：熊本県,2
カンボジア,技術・人文知識・国際業務,30歳,1:男,43：熊本県,2
カンボジア,特定技能１号,30歳,1:男,43：熊本県,8
カンボジア,技能実習１号ロ,30歳,1:男,43：熊本県,14
カンボジア,技能実習２号ロ,30歳,1:男,43：熊本県,3
カンボジア,技能実習３号ロ,30歳,1:男,43：熊本県,2
カンボジア,留学,30歳,1:男,43：熊本県,1
カンボジア,特定活動,30歳,1:男,43：熊本県,2
カンボジア,技術・人文知識・国際業務,31歳,1:男,43：熊本県,1
カンボジア,特定技能１号,31歳,1:男,43：熊本県,1
カンボジア,技能実習１号ロ,31歳,1:男,43：熊本県,17
カンボジア,技能実習２号ロ,31歳,1:男,43：熊本県,4
カンボジア,技能実習３号ロ,31歳,1:男,43：熊本県,1
カンボジア,特定活動,31歳,1:男,43：熊本県,1
カンボジア,特定技能１号,32歳,1:男,43：熊本県,6
カンボジア,技能実習１号ロ,32歳,1:男,43：熊本県,12
カンボジア,技能実習２号ロ,32歳,1:男,43：熊本県,2
カンボジア,技能実習３号ロ,32歳,1:男,43：熊本県,4
カンボジア,特定活動,32歳,1:男,43：熊本県,3
カンボジア,特定技能１号,33歳,1:男,43：熊本県,1
カンボジア,技能実習１号ロ,33歳,1:男,43：熊本県,8
カンボジア,技能実習２号ロ,33歳,1:男,43：熊本県,2
カンボジア,技能実習３号ロ,33歳,1:男,43：熊本県,1
カンボジア,特定技能１号,34歳,1:男,43：熊本県,1
カンボジア,技能実習１号ロ,34歳,1:男,43：熊本県,11
カンボジア,技能実習２号ロ,34歳,1:男,43：熊本県,2
カンボジア,技能実習３号ロ,34歳,1:男,43：熊本県,1
カンボジア,特定活動,34歳,1:男,43：熊本県,2
カンボジア,特定技能１号,35歳,1:男,43：熊本県,1
カンボジア,技能実習１号ロ,35歳,1:男,43：熊本県,3
カンボジア,技能実習２号ロ,35歳,1:男,43：熊本県,2
カンボジア,技能実習３号ロ,35歳,1:男,43：熊本県,4
カンボジア,技術・人文知識・国際業務,36歳,1:男,43：熊本県,1
カンボジア,特定技能１号,36歳,1:男,43：熊本県,1
カンボジア,技能実習１号ロ,36歳,1:男,43：熊本県,6
カンボジア,技能実習２号ロ,36歳,1:男,43：熊本県,1
カンボジア,特定活動,36歳,1:男,43：熊本県,1
カンボジア,技能実習１号ロ,37歳,1:男,43：熊本県,1
カンボジア,特定活動,37歳,1:男,43：熊本県,1
カンボジア,技能実習１号ロ,38歳,1:男,43：熊本県,1
カンボジア,特定技能１号,42歳,1:男,43：熊本県,1
カンボジア,技能実習１号ロ,18歳,2:女,43：熊本県,3
カンボジア,技能実習１号ロ,19歳,2:女,43：熊本県,28
カンボジア,技能実習１号ロ,20歳,2:女,43：熊本県,38
カンボジア,技能実習２号ロ,20歳,2:女,43：熊本県,1
カンボジア,技能実習１号ロ,21歳,2:女,43：熊本県,25
カンボジア,技能実習２号ロ,21歳,2:女,43：熊本県,7
カンボジア,留学,21歳,2:女,43：熊本県,1
カンボジア,特定活動,21歳,2:女,43：熊本県,1
カンボジア,特定技能１号,22歳,2:女,43：熊本県,3
カンボジア,技能実習１号ロ,22歳,2:女,43：熊本県,42
カンボジア,技能実習２号ロ,22歳,2:女,43：熊本県,13
カンボジア,技能実習３号ロ,22歳,2:女,43：熊本県,4
カンボジア,留学,22歳,2:女,43：熊本県,1
カンボジア,特定活動,22歳,2:女,43：熊本県,2
カンボジア,特定技能１号,23歳,2:女,43：熊本県,8
カンボジア,技能実習１号ロ,23歳,2:女,43：熊本県,26
カンボジア,技能実習２号ロ,23歳,2:女,43：熊本県,5
カンボジア,技能実習３号ロ,23歳,2:女,43：熊本県,4
カンボジア,留学,23歳,2:女,43：熊本県,2
カンボジア,特定活動,23歳,2:女,43：熊本県,2
カンボジア,特定技能１号,24歳,2:女,43：熊本県,9
カンボジア,技能実習１号ロ,24歳,2:女,43：熊本県,27
カンボジア,技能実習２号ロ,24歳,2:女,43：熊本県,9
カンボジア,技能実習３号ロ,24歳,2:女,43：熊本県,3
カンボジア,留学,24歳,2:女,43：熊本県,2
カンボジア,特定活動,24歳,2:女,43：熊本県,4
カンボジア,介護,25歳,2:女,43：熊本県,1
カンボジア,特定技能１号,25歳,2:女,43：熊本県,12
カンボジア,技能実習１号ロ,25歳,2:女,43：熊本県,11
カンボジア,技能実習２号ロ,25歳,2:女,43：熊本県,7
カンボジア,技能実習３号ロ,25歳,2:女,43：熊本県,4
カンボジア,留学,25歳,2:女,43：熊本県,2
カンボジア,特定活動,25歳,2:女,43：熊本県,2
カンボジア,技術・人文知識・国際業務,26歳,2:女,43：熊本県,1
カンボジア,介護,26歳,2:女,43：熊本県,2
カンボジア,特定技能１号,26歳,2:女,43：熊本県,13
カンボジア,技能実習１号ロ,26歳,2:女,43：熊本県,14
カンボジア,技能実習２号ロ,26歳,2:女,43：熊本県,6
カンボジア,技能実習３号ロ,26歳,2:女,43：熊本県,5
カンボジア,特定活動,26歳,2:女,43：熊本県,2
カンボジア,介護,27歳,2:女,43：熊本県,2
カンボジア,特定技能１号,27歳,2:女,43：熊本県,15
カンボジア,技能実習１号ロ,27歳,2:女,43：熊本県,16
カンボジア,技能実習２号ロ,27歳,2:女,43：熊本県,4
カンボジア,技能実習３号ロ,27歳,2:女,43：熊本県,3
カンボジア,特定活動,27歳,2:女,43：熊本県,6
カンボジア,日本人の配偶者等,27歳,2:女,43：熊本県,2
カンボジア,介護,28歳,2:女,43：熊本県,1
カンボジア,特定技能１号,28歳,2:女,43：熊本県,21
カンボジア,技能実習１号ロ,28歳,2:女,43：熊本県,14
カンボジア,技能実習２号ロ,28歳,2:女,43：熊本県,6
カンボジア,技能実習３号ロ,28歳,2:女,43：熊本県,2
カンボジア,留学,28歳,2:女,43：熊本県,2
カンボジア,特定活動,28歳,2:女,43：熊本県,4
カンボジア,技術・人文知識・国際業務,29歳,2:女,43：熊本県,1
カンボジア,介護,29歳,2:女,43：熊本県,4
カンボジア,特定技能１号,29歳,2:女,43：熊本県,18
カンボジア,技能実習１号ロ,29歳,2:女,43：熊本県,20
カンボジア,技能実習２号ロ,29歳,2:女,43：熊本県,7
カンボジア,技能実習３号ロ,29歳,2:女,43：熊本県,5
カンボジア,特定活動,29歳,2:女,43：熊本県,1
カンボジア,日本人の配偶者等,29歳,2:女,43：熊本県,1
カンボジア,特定技能１号,30歳,2:女,43：熊本県,14
カンボジア,技能実習１号ロ,30歳,2:女,43：熊本県,13
カンボジア,技能実習２号ロ,30歳,2:女,43：熊本県,5
カンボジア,技能実習３号ロ,30歳,2:女,43：熊本県,1
カンボジア,特定活動,30歳,2:女,43：熊本県,5
カンボジア,特定技能１号,31歳,2:女,43：熊本県,6
カンボジア,技能実習１号ロ,31歳,2:女,43：熊本県,8
カンボジア,技能実習２号ロ,31歳,2:女,43：熊本県,1
カンボジア,技能実習３号ロ,31歳,2:女,43：熊本県,2
カンボジア,特定活動,31歳,2:女,43：熊本県,1
カンボジア,特定技能１号,32歳,2:女,43：熊本県,7
カンボジア,技能実習１号ロ,32歳,2:女,43：熊本県,9
カンボジア,技能実習２号ロ,32歳,2:女,43：熊本県,3
カンボジア,技能実習３号ロ,32歳,2:女,43：熊本県,4
カンボジア,特定技能１号,33歳,2:女,43：熊本県,7
カンボジア,技能実習２号ロ,33歳,2:女,43：熊本県,2
カンボジア,技能実習３号ロ,33歳,2:女,43：熊本県,3
カンボジア,特定活動,33歳,2:女,43：熊本県,2
カンボジア,特定技能１号,34歳,2:女,43：熊本県,2
カンボジア,技能実習１号ロ,34歳,2:女,43：熊本県,6
カンボジア,技能実習２号ロ,34歳,2:女,43：熊本県,1
カンボジア,技能実習３号ロ,34歳,2:女,43：熊本県,3
カンボジア,特定活動,34歳,2:女,43：熊本県,1
カンボジア,介護,35歳,2:女,43：熊本県,2
カンボジア,特定技能１号,35歳,2:女,43：熊本県,4
カンボジア,技能実習１号ロ,35歳,2:女,43：熊本県,1
カンボジア,技能実習３号ロ,35歳,2:女,43：熊本県,2
カンボジア,特定活動,35歳,2:女,43：熊本県,3
カンボジア,特定技能１号,36歳,2:女,43：熊本県,2
カンボジア,技能実習１号ロ,36歳,2:女,43：熊本県,4
カンボジア,技能実習２号ロ,36歳,2:女,43：熊本県,1
カンボジア,技能実習３号ロ,36歳,2:女,43：熊本県,1
カンボジア,特定活動,36歳,2:女,43：熊本県,3
カンボジア,特定技能１号,37歳,2:女,43：熊本県,4
カンボジア,技能実習２号ロ,37歳,2:女,43：熊本県,1
カンボジア,技能実習３号ロ,37歳,2:女,43：熊本県,1
カンボジア,技能実習１号ロ,38歳,2:女,43：熊本県,2
カンボジア,技能実習３号ロ,38歳,2:女,43：熊本県,3
カンボジア,特定活動,38歳,2:女,43：熊本県,1
カンボジア,日本人の配偶者等,38歳,2:女,43：熊本県,1
カンボジア,特定技能１号,39歳,2:女,43：熊本県,2
カンボジア,技能実習１号ロ,39歳,2:女,43：熊本県,2
カンボジア,留学,39歳,2:女,43：熊本県,1
カンボジア,特定技能１号,40歳,2:女,43：熊本県,1
カンボジア,技能実習１号ロ,40歳,2:女,43：熊本県,1
カンボジア,特定活動,40歳,2:女,43：熊本県,1
カンボジア,特定技能１号,41歳,2:女,43：熊本県,1
カンボジア,技能実習３号ロ,41歳,2:女,43：熊本県,1
カンボジア,特定活動,41歳,2:女,43：熊本県,1
カンボジア,特定技能１号,42歳,2:女,43：熊本県,1
カンボジア,特定活動,42歳,2:女,43：熊本県,1
シリア,定住者,16歳,1:男,43：熊本県,1
シリア,特定活動,19歳,1:男,43：熊本県,2
シリア,特定活動,21歳,1:男,43：熊本県,1
シリア,特定活動,22歳,1:男,43：熊本県,1
シリア,定住者,23歳,1:男,43：熊本県,1
シリア,技術・人文知識・国際業務,39歳,1:男,43：熊本県,1
シリア,定住者,40歳,1:男,43：熊本県,1
シリア,特定活動,49歳,1:男,43：熊本県,1
シリア,定住者,02歳,2:女,43：熊本県,1
シリア,家族滞在,06歳,2:女,43：熊本県,1
シリア,家族滞在,12歳,2:女,43：熊本県,1
シリア,定住者,13歳,2:女,43：熊本県,1
シリア,定住者,17歳,2:女,43：熊本県,1
シリア,家族滞在,33歳,2:女,43：熊本県,1
シリア,定住者,42歳,2:女,43：熊本県,1
シンガポール,永住者,18歳,1:男,43：熊本県,1
シンガポール,留学,19歳,1:男,43：熊本県,6
シンガポール,留学,20歳,1:男,43：熊本県,2
シンガポール,永住者,20歳,1:男,43：熊本県,1
シンガポール,留学,21歳,1:男,43：熊本県,1
シンガポール,永住者,21歳,1:男,43：熊本県,1
シンガポール,留学,22歳,1:男,43：熊本県,1
シンガポール,教育,30歳,1:男,43：熊本県,1
シンガポール,宗教,31歳,1:男,43：熊本県,1
シンガポール,教育,32歳,1:男,43：熊本県,1
シンガポール,永住者,41歳,1:男,43：熊本県,1
シンガポール,技術・人文知識・国際業務,46歳,1:男,43：熊本県,1
シンガポール,永住者,66歳,1:男,43：熊本県,1
シンガポール,宗教,67歳,1:男,43：熊本県,1
シンガポール,家族滞在,06歳,2:女,43：熊本県,1
シンガポール,家族滞在,09歳,2:女,43：熊本県,1
シンガポール,教育,28歳,2:女,43：熊本県,1
シンガポール,宗教,30歳,2:女,43：熊本県,1
シンガポール,教育,30歳,2:女,43：熊本県,1
シンガポール,宗教,31歳,2:女,43：熊本県,1
シンガポール,技術・人文知識・国際業務,31歳,2:女,43：熊本県,1
シンガポール,留学,32歳,2:女,43：熊本県,1
シンガポール,日本人の配偶者等,40歳,2:女,43：熊本県,2
シンガポール,永住者,42歳,2:女,43：熊本県,1
シンガポール,永住者,44歳,2:女,43：熊本県,1
シンガポール,家族滞在,45歳,2:女,43：熊本県,1
シンガポール,永住者,52歳,2:女,43：熊本県,1
シンガポール,日本人の配偶者等,53歳,2:女,43：熊本県,1
シンガポール,宗教,57歳,2:女,43：熊本県,1
シンガポール,永住者,57歳,2:女,43：熊本県,1
シンガポール,日本人の配偶者等,60歳,2:女,43：熊本県,1
シンガポール,定住者,65歳,2:女,43：熊本県,1
シンガポール,永住者,71歳,2:女,43：熊本県,1
スリランカ,家族滞在,02歳,1:男,43：熊本県,1
スリランカ,家族滞在,06歳,1:男,43：熊本県,1
スリランカ,家族滞在,17歳,1:男,43：熊本県,1
スリランカ,技能実習１号ロ,20歳,1:男,43：熊本県,1
スリランカ,技能実習１号ロ,21歳,1:男,43：熊本県,3
スリランカ,技能実習１号ロ,22歳,1:男,43：熊本県,2
スリランカ,技能実習１号ロ,23歳,1:男,43：熊本県,1
スリランカ,技能実習２号ロ,23歳,1:男,43：熊本県,1
スリランカ,留学,23歳,1:男,43：熊本県,1
スリランカ,技能実習１号ロ,24歳,1:男,43：熊本県,1
スリランカ,留学,24歳,1:男,43：熊本県,2
スリランカ,技術・人文知識・国際業務,25歳,1:男,43：熊本県,4
スリランカ,技能実習１号ロ,25歳,1:男,43：熊本県,1
スリランカ,日本人の配偶者等,25歳,1:男,43：熊本県,1
スリランカ,技術・人文知識・国際業務,26歳,1:男,43：熊本県,8
スリランカ,特定技能１号,26歳,1:男,43：熊本県,1
スリランカ,技能実習１号ロ,26歳,1:男,43：熊本県,1
スリランカ,留学,26歳,1:男,43：熊本県,1
スリランカ,技術・人文知識・国際業務,27歳,1:男,43：熊本県,3
スリランカ,技能実習１号ロ,27歳,1:男,43：熊本県,3
スリランカ,留学,27歳,1:男,43：熊本県,2
スリランカ,技術・人文知識・国際業務,28歳,1:男,43：熊本県,6
スリランカ,技能実習１号ロ,28歳,1:男,43：熊本県,1
スリランカ,技能実習２号ロ,28歳,1:男,43：熊本県,1
スリランカ,技能実習３号ロ,28歳,1:男,43：熊本県,1
スリランカ,特定活動,28歳,1:男,43：熊本県,1
スリランカ,日本人の配偶者等,28歳,1:男,43：熊本県,1
スリランカ,技術・人文知識・国際業務,29歳,1:男,43：熊本県,4
スリランカ,留学,29歳,1:男,43：熊本県,3
スリランカ,技術・人文知識・国際業務,30歳,1:男,43：熊本県,3
スリランカ,技能実習１号ロ,30歳,1:男,43：熊本県,1
スリランカ,技術・人文知識・国際業務,31歳,1:男,43：熊本県,4
スリランカ,技能,31歳,1:男,43：熊本県,1
スリランカ,技能実習３号ロ,31歳,1:男,43：熊本県,1
スリランカ,技術・人文知識・国際業務,32歳,1:男,43：熊本県,1
スリランカ,技能,32歳,1:男,43：熊本県,1
スリランカ,技術・人文知識・国際業務,33歳,1:男,43：熊本県,2
スリランカ,技能実習２号ロ,33歳,1:男,43：熊本県,1
スリランカ,特定活動,33歳,1:男,43：熊本県,1
スリランカ,日本人の配偶者等,33歳,1:男,43：熊本県,2
スリランカ,技術・人文知識・国際業務,34歳,1:男,43：熊本県,2
スリランカ,技能実習２号ロ,35歳,1:男,43：熊本県,1
スリランカ,技術・人文知識・国際業務,37歳,1:男,43：熊本県,1
スリランカ,技能,38歳,1:男,43：熊本県,1
スリランカ,家族滞在,38歳,1:男,43：熊本県,1
スリランカ,永住者,38歳,1:男,43：熊本県,1
スリランカ,技能,39歳,1:男,43：熊本県,1
スリランカ,永住者,41歳,1:男,43：熊本県,1
スリランカ,技能,42歳,1:男,43：熊本県,1
スリランカ,技能,44歳,1:男,43：熊本県,1
スリランカ,技術・人文知識・国際業務,45歳,1:男,43：熊本県,1
スリランカ,技能,45歳,1:男,43：熊本県,1
スリランカ,永住者,46歳,1:男,43：熊本県,1
スリランカ,技術・人文知識・国際業務,47歳,1:男,43：熊本県,1
スリランカ,技能,47歳,1:男,43：熊本県,2
スリランカ,永住者,48歳,1:男,43：熊本県,1
スリランカ,技術・人文知識・国際業務,49歳,1:男,43：熊本県,1
スリランカ,技能,49歳,1:男,43：熊本県,2
スリランカ,経営・管理,50歳,1:男,43：熊本県,1
スリランカ,技能,50歳,1:男,43：熊本県,1
スリランカ,技能,52歳,1:男,43：熊本県,1
スリランカ,永住者,54歳,1:男,43：熊本県,1
スリランカ,技能,60歳,1:男,43：熊本県,1
スリランカ,永住者,62歳,1:男,43：熊本県,1
スリランカ,永住者,66歳,1:男,43：熊本県,1
スリランカ,家族滞在,02歳,2:女,43：熊本県,1
スリランカ,家族滞在,03歳,2:女,43：熊本県,1
スリランカ,家族滞在,05歳,2:女,43：熊本県,1
スリランカ,永住者,06歳,2:女,43：熊本県,1
スリランカ,家族滞在,11歳,2:女,43：熊本県,1
スリランカ,家族滞在,12歳,2:女,43：熊本県,1
スリランカ,定住者,12歳,2:女,43：熊本県,1
スリランカ,永住者,14歳,2:女,43：熊本県,1
スリランカ,家族滞在,15歳,2:女,43：熊本県,1
スリランカ,永住者,19歳,2:女,43：熊本県,1
スリランカ,永住者,21歳,2:女,43：熊本県,1
スリランカ,家族滞在,25歳,2:女,43：熊本県,2
スリランカ,特定技能１号,26歳,2:女,43：熊本県,2
スリランカ,留学,26歳,2:女,43：熊本県,1
スリランカ,家族滞在,26歳,2:女,43：熊本県,1
スリランカ,技術・人文知識・国際業務,27歳,2:女,43：熊本県,1
スリランカ,家族滞在,27歳,2:女,43：熊本県,3
スリランカ,日本人の配偶者等,27歳,2:女,43：熊本県,1
スリランカ,家族滞在,28歳,2:女,43：熊本県,1
スリランカ,技術・人文知識・国際業務,30歳,2:女,43：熊本県,1
スリランカ,家族滞在,30歳,2:女,43：熊本県,1
スリランカ,技能実習２号ロ,31歳,2:女,43：熊本県,1
スリランカ,家族滞在,31歳,2:女,43：熊本県,1
スリランカ,家族滞在,32歳,2:女,43：熊本県,1
スリランカ,技術・人文知識・国際業務,33歳,2:女,43：熊本県,1
スリランカ,技能実習２号ロ,35歳,2:女,43：熊本県,1
スリランカ,家族滞在,36歳,2:女,43：熊本県,1
スリランカ,経営・管理,37歳,2:女,43：熊本県,1
スリランカ,永住者,37歳,2:女,43：熊本県,1
スリランカ,家族滞在,42歳,2:女,43：熊本県,1
スリランカ,永住者,43歳,2:女,43：熊本県,1
スリランカ,永住者,48歳,2:女,43：熊本県,1
スリランカ,永住者,59歳,2:女,43：熊本県,1
スリランカ,永住者,60歳,2:女,43：熊本県,1
タイ,留学,19歳,1:男,43：熊本県,1
タイ,技能実習１号ロ,20歳,1:男,43：熊本県,1
タイ,技能実習１号ロ,21歳,1:男,43：熊本県,4
タイ,留学,21歳,1:男,43：熊本県,1
タイ,定住者,21歳,1:男,43：熊本県,1
タイ,特定技能１号,22歳,1:男,43：熊本県,1
タイ,技能実習１号ロ,22歳,1:男,43：熊本県,11
タイ,技能実習２号ロ,22歳,1:男,43：熊本県,3
タイ,留学,22歳,1:男,43：熊本県,1
タイ,特定技能１号,23歳,1:男,43：熊本県,1
タイ,技能実習１号ロ,23歳,1:男,43：熊本県,12
タイ,技能実習２号ロ,23歳,1:男,43：熊本県,4
タイ,特定活動,23歳,1:男,43：熊本県,2
タイ,特定技能１号,24歳,1:男,43：熊本県,2
タイ,技能実習１号ロ,24歳,1:男,43：熊本県,3
タイ,技能実習２号ロ,24歳,1:男,43：熊本県,9
タイ,技能実習３号ロ,24歳,1:男,43：熊本県,5
タイ,留学,24歳,1:男,43：熊本県,1
タイ,特定技能１号,25歳,1:男,43：熊本県,3
タイ,技能実習１号ロ,25歳,1:男,43：熊本県,2
タイ,技能実習２号ロ,25歳,1:男,43：熊本県,1
タイ,技能実習３号ロ,25歳,1:男,43：熊本県,6
タイ,留学,25歳,1:男,43：熊本県,2
タイ,家族滞在,25歳,1:男,43：熊本県,1
タイ,特定活動,25歳,1:男,43：熊本県,1
タイ,技能実習１号ロ,26歳,1:男,43：熊本県,1
タイ,技能実習２号ロ,26歳,1:男,43：熊本県,3
タイ,技能実習３号ロ,26歳,1:男,43：熊本県,4
タイ,留学,26歳,1:男,43：熊本県,1
タイ,特定技能１号,27歳,1:男,43：熊本県,1
タイ,技能実習１号ロ,27歳,1:男,43：熊本県,1
タイ,技能実習３号ロ,27歳,1:男,43：熊本県,3
タイ,留学,27歳,1:男,43：熊本県,1
タイ,特定活動,27歳,1:男,43：熊本県,1
タイ,技能実習１号ロ,28歳,1:男,43：熊本県,1
タイ,技能実習２号ロ,28歳,1:男,43：熊本県,1
タイ,留学,28歳,1:男,43：熊本県,2
タイ,技能実習１号ロ,29歳,1:男,43：熊本県,2
タイ,技能実習３号ロ,29歳,1:男,43：熊本県,4
タイ,留学,29歳,1:男,43：熊本県,2
タイ,技術・人文知識・国際業務,30歳,1:男,43：熊本県,1
タイ,特定技能１号,30歳,1:男,43：熊本県,5
タイ,技能実習１号ロ,30歳,1:男,43：熊本県,1
タイ,技能実習３号ロ,30歳,1:男,43：熊本県,1
タイ,特定活動,30歳,1:男,43：熊本県,1
タイ,技能実習３号ロ,31歳,1:男,43：熊本県,1
タイ,留学,31歳,1:男,43：熊本県,1
タイ,企業内転勤,32歳,1:男,43：熊本県,1
タイ,特定技能１号,32歳,1:男,43：熊本県,1
タイ,教授,33歳,1:男,43：熊本県,1
タイ,特定技能１号,33歳,1:男,43：熊本県,1
タイ,技能実習３号ロ,33歳,1:男,43：熊本県,1
タイ,企業内転勤,34歳,1:男,43：熊本県,1
タイ,技能実習１号ロ,34歳,1:男,43：熊本県,1
タイ,技能実習３号ロ,34歳,1:男,43：熊本県,3
タイ,技能実習２号ロ,36歳,1:男,43：熊本県,1
タイ,技能実習３号ロ,36歳,1:男,43：熊本県,1
タイ,永住者,37歳,1:男,43：熊本県,1
タイ,企業内転勤,39歳,1:男,43：熊本県,1
タイ,技能実習３号ロ,42歳,1:男,43：熊本県,1
タイ,経営・管理,47歳,1:男,43：熊本県,1
タイ,永住者,48歳,1:男,43：熊本県,1
タイ,日本人の配偶者等,51歳,1:男,43：熊本県,1
タイ,定住者,65歳,1:男,43：熊本県,1
タイ,留学,18歳,2:女,43：熊本県,2
タイ,技能実習２号ロ,20歳,2:女,43：熊本県,1
タイ,技能実習１号ロ,21歳,2:女,43：熊本県,7
タイ,技能実習１号ロ,22歳,2:女,43：熊本県,8
タイ,技能実習２号ロ,22歳,2:女,43：熊本県,2
タイ,特定活動,22歳,2:女,43：熊本県,1
タイ,技能実習１号ロ,23歳,2:女,43：熊本県,4
タイ,技能実習２号ロ,23歳,2:女,43：熊本県,1
タイ,留学,23歳,2:女,43：熊本県,1
タイ,興行,24歳,2:女,43：熊本県,1
タイ,特定技能１号,24歳,2:女,43：熊本県,3
タイ,技能実習１号ロ,24歳,2:女,43：熊本県,8
タイ,技能実習２号ロ,24歳,2:女,43：熊本県,1
タイ,技能実習３号ロ,24歳,2:女,43：熊本県,2
タイ,留学,24歳,2:女,43：熊本県,1
タイ,特定活動,24歳,2:女,43：熊本県,1
タイ,技術・人文知識・国際業務,25歳,2:女,43：熊本県,2
タイ,特定技能１号,25歳,2:女,43：熊本県,1
タイ,技能実習１号ロ,25歳,2:女,43：熊本県,2
タイ,技能実習２号ロ,25歳,2:女,43：熊本県,8
タイ,技能実習３号ロ,25歳,2:女,43：熊本県,3
タイ,留学,25歳,2:女,43：熊本県,1
タイ,特定活動,25歳,2:女,43：熊本県,1
タイ,技術・人文知識・国際業務,26歳,2:女,43：熊本県,3
タイ,特定技能１号,26歳,2:女,43：熊本県,1
タイ,技能実習１号ロ,26歳,2:女,43：熊本県,5
タイ,技能実習２号ロ,26歳,2:女,43：熊本県,4
タイ,技能実習３号ロ,26歳,2:女,43：熊本県,4
タイ,留学,26歳,2:女,43：熊本県,3
タイ,永住者,26歳,2:女,43：熊本県,1
タイ,技術・人文知識・国際業務,27歳,2:女,43：熊本県,2
タイ,特定技能１号,27歳,2:女,43：熊本県,1
タイ,技能実習１号ロ,27歳,2:女,43：熊本県,4
タイ,技能実習２号ロ,27歳,2:女,43：熊本県,1
タイ,技能実習３号ロ,27歳,2:女,43：熊本県,2
タイ,留学,27歳,2:女,43：熊本県,2
タイ,技術・人文知識・国際業務,28歳,2:女,43：熊本県,2
タイ,技能実習２号ロ,28歳,2:女,43：熊本県,3
タイ,技能実習３号ロ,28歳,2:女,43：熊本県,2
タイ,留学,28歳,2:女,43：熊本県,1
タイ,特定活動,28歳,2:女,43：熊本県,1
タイ,技術・人文知識・国際業務,29歳,2:女,43：熊本県,4
タイ,特定技能１号,29歳,2:女,43：熊本県,1
タイ,技能実習１号ロ,29歳,2:女,43：熊本県,1
タイ,技能実習２号ロ,29歳,2:女,43：熊本県,3
タイ,技能実習３号ロ,29歳,2:女,43：熊本県,3
タイ,留学,29歳,2:女,43：熊本県,2
タイ,日本人の配偶者等,29歳,2:女,43：熊本県,1
タイ,技術・人文知識・国際業務,30歳,2:女,43：熊本県,5
タイ,特定技能１号,30歳,2:女,43：熊本県,2
タイ,技能実習１号ロ,30歳,2:女,43：熊本県,4
タイ,技能実習２号ロ,30歳,2:女,43：熊本県,1
タイ,技能実習３号ロ,30歳,2:女,43：熊本県,1
タイ,留学,30歳,2:女,43：熊本県,1
タイ,日本人の配偶者等,30歳,2:女,43：熊本県,2
タイ,興行,31歳,2:女,43：熊本県,1
タイ,特定技能１号,31歳,2:女,43：熊本県,2
タイ,技能実習１号ロ,31歳,2:女,43：熊本県,1
タイ,技能実習２号ロ,31歳,2:女,43：熊本県,3
タイ,留学,31歳,2:女,43：熊本県,1
タイ,特定活動,31歳,2:女,43：熊本県,1
タイ,技術・人文知識・国際業務,32歳,2:女,43：熊本県,3
タイ,特定技能１号,32歳,2:女,43：熊本県,1
タイ,技能実習３号ロ,32歳,2:女,43：熊本県,2
タイ,日本人の配偶者等,32歳,2:女,43：熊本県,2
タイ,定住者,32歳,2:女,43：熊本県,1
タイ,技術・人文知識・国際業務,33歳,2:女,43：熊本県,1
タイ,技能実習３号ロ,33歳,2:女,43：熊本県,1
タイ,留学,33歳,2:女,43：熊本県,1
タイ,特定活動,33歳,2:女,43：熊本県,2
タイ,日本人の配偶者等,33歳,2:女,43：熊本県,2
タイ,技術・人文知識・国際業務,34歳,2:女,43：熊本県,2
タイ,特定技能１号,34歳,2:女,43：熊本県,3
タイ,技能実習３号ロ,34歳,2:女,43：熊本県,1
タイ,留学,34歳,2:女,43：熊本県,2
タイ,興行,35歳,2:女,43：熊本県,1
タイ,特定技能１号,35歳,2:女,43：熊本県,1
タイ,技能実習１号ロ,35歳,2:女,43：熊本県,1
タイ,技能実習３号ロ,35歳,2:女,43：熊本県,2
タイ,留学,35歳,2:女,43：熊本県,1
タイ,永住者,35歳,2:女,43：熊本県,1
タイ,日本人の配偶者等,35歳,2:女,43：熊本県,1
タイ,永住者,36歳,2:女,43：熊本県,1
タイ,日本人の配偶者等,36歳,2:女,43：熊本県,3
タイ,教授,37歳,2:女,43：熊本県,1
タイ,留学,37歳,2:女,43：熊本県,1
タイ,日本人の配偶者等,38歳,2:女,43：熊本県,1
タイ,永住者,39歳,2:女,43：熊本県,1
タイ,日本人の配偶者等,39歳,2:女,43：熊本県,1
タイ,特定技能１号,40歳,2:女,43：熊本県,1
タイ,留学,40歳,2:女,43：熊本県,1
タイ,永住者,40歳,2:女,43：熊本県,1
タイ,日本人の配偶者等,40歳,2:女,43：熊本県,1
タイ,留学,41歳,2:女,43：熊本県,1
タイ,永住者,41歳,2:女,43：熊本県,1
タイ,日本人の配偶者等,41歳,2:女,43：熊本県,1
タイ,永住者,42歳,2:女,43：熊本県,1
タイ,日本人の配偶者等,42歳,2:女,43：熊本県,1
タイ,永住者,43歳,2:女,43：熊本県,2
タイ,日本人の配偶者等,43歳,2:女,43：熊本県,1
タイ,永住者,44歳,2:女,43：熊本県,3
タイ,日本人の配偶者等,44歳,2:女,43：熊本県,1
タイ,永住者,45歳,2:女,43：熊本県,1
タイ,日本人の配偶者等,45歳,2:女,43：熊本県,1
タイ,企業内転勤,46歳,2:女,43：熊本県,1
タイ,永住者,46歳,2:女,43：熊本県,3
タイ,日本人の配偶者等,46歳,2:女,43：熊本県,1
タイ,永住者,47歳,2:女,43：熊本県,2
タイ,日本人の配偶者等,47歳,2:女,43：熊本県,2
タイ,興行,48歳,2:女,43：熊本県,1
タイ,日本人の配偶者等,48歳,2:女,43：熊本県,1
タイ,永住者,49歳,2:女,43：熊本県,1
タイ,日本人の配偶者等,50歳,2:女,43：熊本県,1
タイ,永住者,51歳,2:女,43：熊本県,3
タイ,日本人の配偶者等,51歳,2:女,43：熊本県,1
タイ,日本人の配偶者等,52歳,2:女,43：熊本県,2
タイ,日本人の配偶者等,53歳,2:女,43：熊本県,1
タイ,永住者,56歳,2:女,43：熊本県,2
タイ,永住者,57歳,2:女,43：熊本県,2
タイ,定住者,57歳,2:女,43：熊本県,1
タイ,永住者,58歳,2:女,43：熊本県,1
タイ,定住者,58歳,2:女,43：熊本県,1
タイ,永住者,59歳,2:女,43：熊本県,2
タイ,日本人の配偶者等,59歳,2:女,43：熊本県,1
タイ,永住者,60歳,2:女,43：熊本県,2
タイ,日本人の配偶者等,61歳,2:女,43：熊本県,1
タイ,永住者,62歳,2:女,43：熊本県,1
タイ,永住者,66歳,2:女,43：熊本県,1
タイ,永住者,67歳,2:女,43：熊本県,1
タイ,永住者,72歳,2:女,43：熊本県,1
台湾,家族滞在,00歳,1:男,43：熊本県,1
台湾,家族滞在,01歳,1:男,43：熊本県,1
台湾,家族滞在,02歳,1:男,43：熊本県,1
台湾,家族滞在,03歳,1:男,43：熊本県,1
台湾,定住者,03歳,1:男,43：熊本県,1
台湾,家族滞在,04歳,1:男,43：熊本県,1
台湾,定住者,04歳,1:男,43：熊本県,1
台湾,家族滞在,05歳,1:男,43：熊本県,2
台湾,家族滞在,06歳,1:男,43：熊本県,3
台湾,家族滞在,07歳,1:男,43：熊本県,2
台湾,留学,20歳,1:男,43：熊本県,1
台湾,留学,21歳,1:男,43：熊本県,1
台湾,特定活動,21歳,1:男,43：熊本県,8
台湾,留学,22歳,1:男,43：熊本県,2
台湾,特定活動,22歳,1:男,43：熊本県,5
台湾,留学,23歳,1:男,43：熊本県,1
台湾,特定活動,23歳,1:男,43：熊本県,2
台湾,技術・人文知識・国際業務,24歳,1:男,43：熊本県,1
台湾,技術・人文知識・国際業務,25歳,1:男,43：熊本県,3
台湾,技術・人文知識・国際業務,26歳,1:男,43：熊本県,5
台湾,技術・人文知識・国際業務,27歳,1:男,43：熊本県,2
台湾,企業内転勤,27歳,1:男,43：熊本県,1
台湾,永住者,27歳,1:男,43：熊本県,1
台湾,日本人の配偶者等,27歳,1:男,43：熊本県,1
台湾,技術・人文知識・国際業務,28歳,1:男,43：熊本県,2
台湾,企業内転勤,28歳,1:男,43：熊本県,3
台湾,技術・人文知識・国際業務,29歳,1:男,43：熊本県,7
台湾,留学,29歳,1:男,43：熊本県,1
台湾,高度専門職１号ロ,30歳,1:男,43：熊本県,2
台湾,技術・人文知識・国際業務,30歳,1:男,43：熊本県,3
台湾,企業内転勤,30歳,1:男,43：熊本県,1
台湾,留学,30歳,1:男,43：熊本県,1
台湾,技術・人文知識・国際業務,31歳,1:男,43：熊本県,1
台湾,技術・人文知識・国際業務,32歳,1:男,43：熊本県,1
台湾,日本人の配偶者等,32歳,1:男,43：熊本県,2
台湾,技術・人文知識・国際業務,33歳,1:男,43：熊本県,3
台湾,企業内転勤,33歳,1:男,43：熊本県,2
台湾,技能,33歳,1:男,43：熊本県,1
台湾,技術・人文知識・国際業務,34歳,1:男,43：熊本県,2
台湾,企業内転勤,34歳,1:男,43：熊本県,1
台湾,技術・人文知識・国際業務,35歳,1:男,43：熊本県,3
台湾,企業内転勤,35歳,1:男,43：熊本県,4
台湾,留学,35歳,1:男,43：熊本県,1
台湾,永住者の配偶者等,35歳,1:男,43：熊本県,1
台湾,技術・人文知識・国際業務,36歳,1:男,43：熊本県,4
台湾,企業内転勤,36歳,1:男,43：熊本県,1
台湾,技術・人文知識・国際業務,37歳,1:男,43：熊本県,3
台湾,企業内転勤,37歳,1:男,43：熊本県,1
台湾,技術・人文知識・国際業務,38歳,1:男,43：熊本県,3
台湾,企業内転勤,38歳,1:男,43：熊本県,2
台湾,技術・人文知識・国際業務,39歳,1:男,43：熊本県,2
台湾,企業内転勤,39歳,1:男,43：熊本県,2
台湾,永住者,39歳,1:男,43：熊本県,1
台湾,日本人の配偶者等,39歳,1:男,43：熊本県,1
台湾,技術・人文知識・国際業務,40歳,1:男,43：熊本県,1
台湾,企業内転勤,40歳,1:男,43：熊本県,1
台湾,永住者,40歳,1:男,43：熊本県,1
台湾,技術・人文知識・国際業務,41歳,1:男,43：熊本県,1
台湾,企業内転勤,41歳,1:男,43：熊本県,1
台湾,永住者,41歳,1:男,43：熊本県,1
台湾,日本人の配偶者等,41歳,1:男,43：熊本県,1
台湾,永住者,43歳,1:男,43：熊本県,1
台湾,日本人の配偶者等,43歳,1:男,43：熊本県,1
台湾,企業内転勤,44歳,1:男,43：熊本県,1
台湾,永住者,46歳,1:男,43：熊本県,1
台湾,特定技能１号,47歳,1:男,43：熊本県,1
台湾,永住者,49歳,1:男,43：熊本県,1
台湾,企業内転勤,51歳,1:男,43：熊本県,1
台湾,技術・人文知識・国際業務,52歳,1:男,43：熊本県,1
台湾,企業内転勤,53歳,1:男,43：熊本県,1
台湾,経営・管理,54歳,1:男,43：熊本県,1
台湾,技術・人文知識・国際業務,54歳,1:男,43：熊本県,1
台湾,企業内転勤,55歳,1:男,43：熊本県,1
台湾,永住者,56歳,1:男,43：熊本県,1
台湾,永住者,58歳,1:男,43：熊本県,2
台湾,企業内転勤,59歳,1:男,43：熊本県,1
台湾,企業内転勤,60歳,1:男,43：熊本県,1
台湾,永住者,68歳,1:男,43：熊本県,1
台湾,特別永住者,75歳,1:男,43：熊本県,1
台湾,特定活動,80歳以上,1:男,43：熊本県,1
台湾,永住者,80歳以上,1:男,43：熊本県,1
台湾,家族滞在,01歳,2:女,43：熊本県,1
台湾,家族滞在,03歳,2:女,43：熊本県,1
台湾,家族滞在,06歳,2:女,43：熊本県,1
台湾,家族滞在,08歳,2:女,43：熊本県,1
台湾,日本人の配偶者等,08歳,2:女,43：熊本県,1
台湾,留学,20歳,2:女,43：熊本県,1
台湾,特定活動,21歳,2:女,43：熊本県,7
台湾,技術・人文知識・国際業務,22歳,2:女,43：熊本県,4
台湾,留学,22歳,2:女,43：熊本県,1
台湾,特定活動,22歳,2:女,43：熊本県,7
台湾,永住者,22歳,2:女,43：熊本県,1
台湾,技術・人文知識・国際業務,23歳,2:女,43：熊本県,1
台湾,留学,24歳,2:女,43：熊本県,1
台湾,技術・人文知識・国際業務,25歳,2:女,43：熊本県,3
台湾,企業内転勤,25歳,2:女,43：熊本県,1
台湾,留学,25歳,2:女,43：熊本県,2
台湾,技術・人文知識・国際業務,26歳,2:女,43：熊本県,2
台湾,家族滞在,26歳,2:女,43：熊本県,1
台湾,高度専門職１号ロ,27歳,2:女,43：熊本県,1
台湾,技術・人文知識・国際業務,27歳,2:女,43：熊本県,4
台湾,技術・人文知識・国際業務,28歳,2:女,43：熊本県,4
台湾,企業内転勤,28歳,2:女,43：熊本県,1
台湾,家族滞在,28歳,2:女,43：熊本県,2
台湾,永住者,28歳,2:女,43：熊本県,1
台湾,高度専門職１号ロ,29歳,2:女,43：熊本県,1
台湾,技術・人文知識・国際業務,29歳,2:女,43：熊本県,5
台湾,留学,29歳,2:女,43：熊本県,1
台湾,家族滞在,29歳,2:女,43：熊本県,2
台湾,技術・人文知識・国際業務,30歳,2:女,43：熊本県,7
台湾,家族滞在,30歳,2:女,43：熊本県,1
台湾,永住者,30歳,2:女,43：熊本県,2
台湾,技術・人文知識・国際業務,31歳,2:女,43：熊本県,4
台湾,家族滞在,31歳,2:女,43：熊本県,1
台湾,永住者,31歳,2:女,43：熊本県,1
台湾,日本人の配偶者等,31歳,2:女,43：熊本県,1
台湾,永住者の配偶者等,31歳,2:女,43：熊本県,1
台湾,技術・人文知識・国際業務,32歳,2:女,43：熊本県,6
台湾,家族滞在,32歳,2:女,43：熊本県,2
台湾,永住者,32歳,2:女,43：熊本県,4
台湾,日本人の配偶者等,32歳,2:女,43：熊本県,1
台湾,技術・人文知識・国際業務,33歳,2:女,43：熊本県,4
台湾,永住者,33歳,2:女,43：熊本県,2
台湾,日本人の配偶者等,33歳,2:女,43：熊本県,1
台湾,技術・人文知識・国際業務,34歳,2:女,43：熊本県,1
台湾,企業内転勤,34歳,2:女,43：熊本県,1
台湾,家族滞在,34歳,2:女,43：熊本県,1
台湾,永住者,34歳,2:女,43：熊本県,1
台湾,日本人の配偶者等,34歳,2:女,43：熊本県,3
台湾,技術・人文知識・国際業務,35歳,2:女,43：熊本県,5
台湾,永住者,35歳,2:女,43：熊本県,2
台湾,日本人の配偶者等,35歳,2:女,43：熊本県,2
台湾,技術・人文知識・国際業務,36歳,2:女,43：熊本県,2
台湾,家族滞在,36歳,2:女,43：熊本県,1
台湾,永住者,36歳,2:女,43：熊本県,2
台湾,技術・人文知識・国際業務,37歳,2:女,43：熊本県,2
台湾,家族滞在,37歳,2:女,43：熊本県,1
台湾,永住者,37歳,2:女,43：熊本県,2
台湾,日本人の配偶者等,37歳,2:女,43：熊本県,1
台湾,技術・人文知識・国際業務,38歳,2:女,43：熊本県,1
台湾,家族滞在,38歳,2:女,43：熊本県,2
台湾,技術・人文知識・国際業務,39歳,2:女,43：熊本県,1
台湾,家族滞在,39歳,2:女,43：熊本県,2
台湾,永住者,39歳,2:女,43：熊本県,5
台湾,日本人の配偶者等,39歳,2:女,43：熊本県,1
台湾,高度専門職１号ロ,40歳,2:女,43：熊本県,1
台湾,技術・人文知識・国際業務,40歳,2:女,43：熊本県,1
台湾,永住者,40歳,2:女,43：熊本県,2
台湾,技術・人文知識・国際業務,41歳,2:女,43：熊本県,1
台湾,企業内転勤,41歳,2:女,43：熊本県,1
台湾,家族滞在,41歳,2:女,43：熊本県,1
台湾,永住者,41歳,2:女,43：熊本県,1
台湾,日本人の配偶者等,41歳,2:女,43：熊本県,4
台湾,企業内転勤,42歳,2:女,43：熊本県,1
台湾,永住者,42歳,2:女,43：熊本県,4
台湾,日本人の配偶者等,42歳,2:女,43：熊本県,3
台湾,家族滞在,43歳,2:女,43：熊本県,1
台湾,永住者,43歳,2:女,43：熊本県,2
台湾,永住者,44歳,2:女,43：熊本県,1
台湾,技術・人文知識・国際業務,45歳,2:女,43：熊本県,1
台湾,永住者,45歳,2:女,43：熊本県,1
台湾,技術・人文知識・国際業務,46歳,2:女,43：熊本県,1
台湾,永住者,46歳,2:女,43：熊本県,1
台湾,日本人の配偶者等,46歳,2:女,43：熊本県,1
台湾,永住者の配偶者等,46歳,2:女,43：熊本県,1
台湾,定住者,46歳,2:女,43：熊本県,1
台湾,技術・人文知識・国際業務,47歳,2:女,43：熊本県,1
台湾,永住者,47歳,2:女,43：熊本県,2
台湾,永住者,49歳,2:女,43：熊本県,1
台湾,企業内転勤,50歳,2:女,43：熊本県,1
台湾,家族滞在,50歳,2:女,43：熊本県,1
台湾,永住者,51歳,2:女,43：熊本県,2
台湾,日本人の配偶者等,51歳,2:女,43：熊本県,1
台湾,技術・人文知識・国際業務,52歳,2:女,43：熊本県,1
台湾,家族滞在,52歳,2:女,43：熊本県,1
台湾,永住者,52歳,2:女,43：熊本県,4
台湾,永住者,53歳,2:女,43：熊本県,5
台湾,日本人の配偶者等,53歳,2:女,43：熊本県,1
台湾,家族滞在,55歳,2:女,43：熊本県,1
台湾,永住者,55歳,2:女,43：熊本県,1
台湾,永住者,56歳,2:女,43：熊本県,2
台湾,永住者,57歳,2:女,43：熊本県,1
台湾,永住者,58歳,2:女,43：熊本県,2
台湾,家族滞在,59歳,2:女,43：熊本県,1
台湾,永住者,59歳,2:女,43：熊本県,2
台湾,永住者,60歳,2:女,43：熊本県,1
台湾,永住者,61歳,2:女,43：熊本県,2
台湾,永住者,62歳,2:女,43：熊本県,1
台湾,永住者,63歳,2:女,43：熊本県,2
台湾,永住者,65歳,2:女,43：熊本県,1
台湾,特別永住者,70歳,2:女,43：熊本県,1
台湾,永住者,74歳,2:女,43：熊本県,1
台湾,永住者,75歳,2:女,43：熊本県,1
台湾,永住者,78歳,2:女,43：熊本県,1
台湾,特定活動,79歳,2:女,43：熊本県,1
台湾,永住者,80歳以上,2:女,43：熊本県,1
中国,家族滞在,00歳,1:男,43：熊本県,2
中国,永住者,00歳,1:男,43：熊本県,3
中国,永住者の配偶者等,00歳,1:男,43：熊本県,1
中国,家族滞在,01歳,1:男,43：熊本県,1
中国,永住者,01歳,1:男,43：熊本県,3
中国,永住者の配偶者等,01歳,1:男,43：熊本県,1
中国,家族滞在,02歳,1:男,43：熊本県,3
中国,永住者,02歳,1:男,43：熊本県,4
中国,永住者の配偶者等,02歳,1:男,43：熊本県,2
中国,定住者,02歳,1:男,43：熊本県,1
中国,家族滞在,03歳,1:男,43：熊本県,5
中国,永住者,03歳,1:男,43：熊本県,5
中国,永住者の配偶者等,03歳,1:男,43：熊本県,2
中国,家族滞在,04歳,1:男,43：熊本県,2
中国,永住者,04歳,1:男,43：熊本県,3
中国,永住者の配偶者等,04歳,1:男,43：熊本県,2
中国,家族滞在,05歳,1:男,43：熊本県,5
中国,永住者,05歳,1:男,43：熊本県,8
中国,永住者の配偶者等,05歳,1:男,43：熊本県,1
中国,定住者,05歳,1:男,43：熊本県,1
中国,家族滞在,06歳,1:男,43：熊本県,4
中国,永住者,06歳,1:男,43：熊本県,5
中国,定住者,06歳,1:男,43：熊本県,2
中国,家族滞在,07歳,1:男,43：熊本県,3
中国,永住者,07歳,1:男,43：熊本県,5
中国,永住者の配偶者等,07歳,1:男,43：熊本県,1
中国,家族滞在,08歳,1:男,43：熊本県,4
中国,永住者,08歳,1:男,43：熊本県,8
中国,定住者,08歳,1:男,43：熊本県,2
中国,永住者,09歳,1:男,43：熊本県,6
中国,定住者,09歳,1:男,43：熊本県,2
中国,家族滞在,10歳,1:男,43：熊本県,1
中国,永住者,10歳,1:男,43：熊本県,4
中国,定住者,10歳,1:男,43：熊本県,2
中国,家族滞在,11歳,1:男,43：熊本県,2
中国,永住者,11歳,1:男,43：熊本県,10
中国,定住者,11歳,1:男,43：熊本県,1
中国,家族滞在,12歳,1:男,43：熊本県,2
中国,永住者,12歳,1:男,43：熊本県,4
中国,日本人の配偶者等,12歳,1:男,43：熊本県,1
中国,定住者,12歳,1:男,43：熊本県,2
中国,家族滞在,13歳,1:男,43：熊本県,3
中国,永住者,13歳,1:男,43：熊本県,9
中国,定住者,13歳,1:男,43：熊本県,1
中国,家族滞在,14歳,1:男,43：熊本県,1
中国,永住者,14歳,1:男,43：熊本県,5
中国,永住者,15歳,1:男,43：熊本県,4
中国,定住者,15歳,1:男,43：熊本県,1
中国,留学,16歳,1:男,43：熊本県,1
中国,家族滞在,16歳,1:男,43：熊本県,1
中国,永住者,16歳,1:男,43：熊本県,7
中国,定住者,16歳,1:男,43：熊本県,1
中国,永住者,17歳,1:男,43：熊本県,8
中国,永住者の配偶者等,17歳,1:男,43：熊本県,1
中国,定住者,17歳,1:男,43：熊本県,3
中国,留学,18歳,1:男,43：熊本県,2
中国,永住者,18歳,1:男,43：熊本県,10
中国,定住者,18歳,1:男,43：熊本県,4
中国,留学,19歳,1:男,43：熊本県,5
中国,永住者,19歳,1:男,43：熊本県,1
中国,技能実習１号ロ,20歳,1:男,43：熊本県,1
中国,留学,20歳,1:男,43：熊本県,18
中国,家族滞在,20歳,1:男,43：熊本県,1
中国,日本人の配偶者等,20歳,1:男,43：熊本県,1
中国,定住者,20歳,1:男,43：熊本県,3
中国,技能実習１号ロ,21歳,1:男,43：熊本県,1
中国,留学,21歳,1:男,43：熊本県,19
中国,家族滞在,21歳,1:男,43：熊本県,1
中国,永住者,21歳,1:男,43：熊本県,2
中国,定住者,21歳,1:男,43：熊本県,1
中国,特定技能１号,22歳,1:男,43：熊本県,1
中国,技能実習１号ロ,22歳,1:男,43：熊本県,1
中国,技能実習２号ロ,22歳,1:男,43：熊本県,4
中国,留学,22歳,1:男,43：熊本県,37
中国,特定活動,22歳,1:男,43：熊本県,1
中国,永住者,22歳,1:男,43：熊本県,2
中国,定住者,22歳,1:男,43：熊本県,2
中国,技術・人文知識・国際業務,23歳,1:男,43：熊本県,1
中国,特定技能１号,23歳,1:男,43：熊本県,1
中国,技能実習１号ロ,23歳,1:男,43：熊本県,2
中国,技能実習３号ロ,23歳,1:男,43：熊本県,1
中国,留学,23歳,1:男,43：熊本県,35
中国,永住者,23歳,1:男,43：熊本県,8
中国,定住者,23歳,1:男,43：熊本県,1
中国,技能実習３号ロ,24歳,1:男,43：熊本県,1
中国,留学,24歳,1:男,43：熊本県,43
中国,永住者,24歳,1:男,43：熊本県,8
中国,定住者,24歳,1:男,43：熊本県,1
中国,技術・人文知識・国際業務,25歳,1:男,43：熊本県,5
中国,技能実習１号ロ,25歳,1:男,43：熊本県,3
中国,技能実習２号ロ,25歳,1:男,43：熊本県,2
中国,技能実習３号ロ,25歳,1:男,43：熊本県,1
中国,留学,25歳,1:男,43：熊本県,32
中国,特定活動,25歳,1:男,43：熊本県,1
中国,永住者,25歳,1:男,43：熊本県,3
中国,定住者,25歳,1:男,43：熊本県,1
中国,技術・人文知識・国際業務,26歳,1:男,43：熊本県,10
中国,特定技能１号,26歳,1:男,43：熊本県,1
中国,技能実習１号ロ,26歳,1:男,43：熊本県,2
中国,技能実習３号ロ,26歳,1:男,43：熊本県,1
中国,留学,26歳,1:男,43：熊本県,37
中国,特定活動,26歳,1:男,43：熊本県,2
中国,永住者,26歳,1:男,43：熊本県,8
中国,経営・管理,27歳,1:男,43：熊本県,1
中国,技術・人文知識・国際業務,27歳,1:男,43：熊本県,4
中国,特定技能１号,27歳,1:男,43：熊本県,1
中国,技能実習１号ロ,27歳,1:男,43：熊本県,1
中国,留学,27歳,1:男,43：熊本県,19
中国,家族滞在,27歳,1:男,43：熊本県,2
中国,特定活動,27歳,1:男,43：熊本県,2
中国,永住者,27歳,1:男,43：熊本県,3
中国,日本人の配偶者等,27歳,1:男,43：熊本県,1
中国,高度専門職１号ロ,28歳,1:男,43：熊本県,1
中国,技術・人文知識・国際業務,28歳,1:男,43：熊本県,9
中国,技能実習１号ロ,28歳,1:男,43：熊本県,1
中国,技能実習３号ロ,28歳,1:男,43：熊本県,1
中国,文化活動,28歳,1:男,43：熊本県,1
中国,留学,28歳,1:男,43：熊本県,9
中国,特定活動,28歳,1:男,43：熊本県,1
中国,永住者,28歳,1:男,43：熊本県,8
中国,永住者の配偶者等,28歳,1:男,43：熊本県,1
中国,教授,29歳,1:男,43：熊本県,1
中国,技術・人文知識・国際業務,29歳,1:男,43：熊本県,11
中国,技能実習１号ロ,29歳,1:男,43：熊本県,2
中国,技能実習３号ロ,29歳,1:男,43：熊本県,1
中国,文化活動,29歳,1:男,43：熊本県,2
中国,留学,29歳,1:男,43：熊本県,10
中国,特定活動,29歳,1:男,43：熊本県,1
中国,永住者,29歳,1:男,43：熊本県,4
中国,永住者の配偶者等,29歳,1:男,43：熊本県,1
中国,技術・人文知識・国際業務,30歳,1:男,43：熊本県,8
中国,企業内転勤,30歳,1:男,43：熊本県,1
中国,技能実習１号ロ,30歳,1:男,43：熊本県,1
中国,技能実習２号ロ,30歳,1:男,43：熊本県,1
中国,留学,30歳,1:男,43：熊本県,8
中国,家族滞在,30歳,1:男,43：熊本県,1
中国,永住者,30歳,1:男,43：熊本県,5
中国,定住者,30歳,1:男,43：熊本県,2
中国,教授,31歳,1:男,43：熊本県,1
中国,高度専門職１号イ,31歳,1:男,43：熊本県,1
中国,経営・管理,31歳,1:男,43：熊本県,1
中国,技術・人文知識・国際業務,31歳,1:男,43：熊本県,3
中国,特定技能１号,31歳,1:男,43：熊本県,1
中国,技能実習２号ロ,31歳,1:男,43：熊本県,1
中国,留学,31歳,1:男,43：熊本県,5
中国,家族滞在,31歳,1:男,43：熊本県,2
中国,永住者,31歳,1:男,43：熊本県,1
中国,日本人の配偶者等,31歳,1:男,43：熊本県,1
中国,定住者,31歳,1:男,43：熊本県,1
中国,高度専門職１号イ,32歳,1:男,43：熊本県,2
中国,高度専門職１号ロ,32歳,1:男,43：熊本県,1
中国,経営・管理,32歳,1:男,43：熊本県,2
中国,技術・人文知識・国際業務,32歳,1:男,43：熊本県,9
中国,特定技能１号,32歳,1:男,43：熊本県,4
中国,技能実習１号ロ,32歳,1:男,43：熊本県,2
中国,技能実習３号ロ,32歳,1:男,43：熊本県,2
中国,留学,32歳,1:男,43：熊本県,3
中国,家族滞在,32歳,1:男,43：熊本県,3
中国,永住者,32歳,1:男,43：熊本県,9
中国,日本人の配偶者等,32歳,1:男,43：熊本県,1
中国,永住者の配偶者等,32歳,1:男,43：熊本県,1
中国,定住者,32歳,1:男,43：熊本県,1
中国,経営・管理,33歳,1:男,43：熊本県,1
中国,技術・人文知識・国際業務,33歳,1:男,43：熊本県,11
中国,技能実習１号ロ,33歳,1:男,43：熊本県,4
中国,技能実習３号ロ,33歳,1:男,43：熊本県,2
中国,留学,33歳,1:男,43：熊本県,1
中国,家族滞在,33歳,1:男,43：熊本県,2
中国,特定活動,33歳,1:男,43：熊本県,1
中国,永住者,33歳,1:男,43：熊本県,9
中国,技術・人文知識・国際業務,34歳,1:男,43：熊本県,4
中国,特定技能１号,34歳,1:男,43：熊本県,2
中国,技能実習１号ロ,34歳,1:男,43：熊本県,1
中国,技能実習２号ロ,34歳,1:男,43：熊本県,1
中国,技能実習３号ロ,34歳,1:男,43：熊本県,2
中国,永住者,34歳,1:男,43：熊本県,11
中国,日本人の配偶者等,34歳,1:男,43：熊本県,1
中国,永住者の配偶者等,34歳,1:男,43：熊本県,1
中国,教授,35歳,1:男,43：熊本県,1
中国,技術・人文知識・国際業務,35歳,1:男,43：熊本県,7
中国,技能,35歳,1:男,43：熊本県,1
中国,特定技能１号,35歳,1:男,43：熊本県,3
中国,技能実習３号ロ,35歳,1:男,43：熊本県,2
中国,留学,35歳,1:男,43：熊本県,2
中国,家族滞在,35歳,1:男,43：熊本県,1
中国,永住者,35歳,1:男,43：熊本県,12
中国,日本人の配偶者等,35歳,1:男,43：熊本県,1
中国,技術・人文知識・国際業務,36歳,1:男,43：熊本県,5
中国,企業内転勤,36歳,1:男,43：熊本県,1
中国,特定技能１号,36歳,1:男,43：熊本県,4
中国,技能実習２号ロ,36歳,1:男,43：熊本県,1
中国,技能実習３号ロ,36歳,1:男,43：熊本県,1
中国,文化活動,36歳,1:男,43：熊本県,1
中国,留学,36歳,1:男,43：熊本県,2
中国,家族滞在,36歳,1:男,43：熊本県,1
中国,特定活動,36歳,1:男,43：熊本県,2
中国,永住者,36歳,1:男,43：熊本県,8
中国,経営・管理,37歳,1:男,43：熊本県,1
中国,技術・人文知識・国際業務,37歳,1:男,43：熊本県,8
中国,技能,37歳,1:男,43：熊本県,1
中国,特定技能１号,37歳,1:男,43：熊本県,3
中国,技能実習１号ロ,37歳,1:男,43：熊本県,1
中国,技能実習３号ロ,37歳,1:男,43：熊本県,1
中国,永住者,37歳,1:男,43：熊本県,5
中国,日本人の配偶者等,37歳,1:男,43：熊本県,1
中国,経営・管理,38歳,1:男,43：熊本県,1
中国,技術・人文知識・国際業務,38歳,1:男,43：熊本県,3
中国,特定技能１号,38歳,1:男,43：熊本県,3
中国,技能実習２号ロ,38歳,1:男,43：熊本県,3
中国,文化活動,38歳,1:男,43：熊本県,1
中国,留学,38歳,1:男,43：熊本県,1
中国,永住者,38歳,1:男,43：熊本県,13
中国,高度専門職１号ハ,39歳,1:男,43：熊本県,1
中国,高度専門職２号,39歳,1:男,43：熊本県,1
中国,経営・管理,39歳,1:男,43：熊本県,1
中国,技術・人文知識・国際業務,39歳,1:男,43：熊本県,4
中国,技能,39歳,1:男,43：熊本県,1
中国,特定技能１号,39歳,1:男,43：熊本県,2
中国,技能実習２号ロ,39歳,1:男,43：熊本県,1
中国,家族滞在,39歳,1:男,43：熊本県,1
中国,永住者,39歳,1:男,43：熊本県,3
中国,永住者の配偶者等,39歳,1:男,43：熊本県,1
中国,定住者,39歳,1:男,43：熊本県,1
中国,高度専門職１号ロ,40歳,1:男,43：熊本県,1
中国,技術・人文知識・国際業務,40歳,1:男,43：熊本県,1
中国,技能,40歳,1:男,43：熊本県,2
中国,特定技能１号,40歳,1:男,43：熊本県,5
中国,技能実習２号ロ,40歳,1:男,43：熊本県,2
中国,技能実習３号ロ,40歳,1:男,43：熊本県,1
中国,永住者,40歳,1:男,43：熊本県,12
中国,日本人の配偶者等,40歳,1:男,43：熊本県,2
中国,経営・管理,41歳,1:男,43：熊本県,1
中国,技術・人文知識・国際業務,41歳,1:男,43：熊本県,1
中国,技能,41歳,1:男,43：熊本県,4
中国,技能実習１号ロ,41歳,1:男,43：熊本県,2
中国,技能実習２号ロ,41歳,1:男,43：熊本県,1
中国,技能実習３号ロ,41歳,1:男,43：熊本県,1
中国,文化活動,41歳,1:男,43：熊本県,1
中国,特定活動,41歳,1:男,43：熊本県,1
中国,永住者,41歳,1:男,43：熊本県,14
中国,日本人の配偶者等,41歳,1:男,43：熊本県,1
中国,経営・管理,42歳,1:男,43：熊本県,1
中国,技術・人文知識・国際業務,42歳,1:男,43：熊本県,1
中国,技能,42歳,1:男,43：熊本県,1
中国,特定技能１号,42歳,1:男,43：熊本県,3
中国,技能実習１号ロ,42歳,1:男,43：熊本県,1
中国,技能実習３号ロ,42歳,1:男,43：熊本県,1
中国,留学,42歳,1:男,43：熊本県,1
中国,特定活動,42歳,1:男,43：熊本県,2
中国,永住者,42歳,1:男,43：熊本県,7
中国,日本人の配偶者等,42歳,1:男,43：熊本県,1
中国,永住者の配偶者等,42歳,1:男,43：熊本県,3
中国,定住者,42歳,1:男,43：熊本県,1
中国,経営・管理,43歳,1:男,43：熊本県,1
中国,技術・人文知識・国際業務,43歳,1:男,43：熊本県,2
中国,技能,43歳,1:男,43：熊本県,3
中国,技能実習３号ロ,43歳,1:男,43：熊本県,2
中国,特定活動,43歳,1:男,43：熊本県,2
中国,永住者,43歳,1:男,43：熊本県,13
中国,日本人の配偶者等,43歳,1:男,43：熊本県,1
中国,永住者の配偶者等,43歳,1:男,43：熊本県,1
中国,定住者,43歳,1:男,43：熊本県,1
中国,経営・管理,44歳,1:男,43：熊本県,1
中国,技術・人文知識・国際業務,44歳,1:男,43：熊本県,1
中国,技能,44歳,1:男,43：熊本県,3
中国,特定技能１号,44歳,1:男,43：熊本県,1
中国,技能実習１号ロ,44歳,1:男,43：熊本県,1
中国,技能実習２号ロ,44歳,1:男,43：熊本県,1
中国,技能実習３号ロ,44歳,1:男,43：熊本県,1
中国,特定活動,44歳,1:男,43：熊本県,2
中国,永住者,44歳,1:男,43：熊本県,8
中国,教授,45歳,1:男,43：熊本県,1
中国,技術・人文知識・国際業務,45歳,1:男,43：熊本県,3
中国,技能,45歳,1:男,43：熊本県,3
中国,特定技能１号,45歳,1:男,43：熊本県,2
中国,技能実習１号ロ,45歳,1:男,43：熊本県,1
中国,家族滞在,45歳,1:男,43：熊本県,1
中国,永住者,45歳,1:男,43：熊本県,8
中国,日本人の配偶者等,45歳,1:男,43：熊本県,1
中国,定住者,45歳,1:男,43：熊本県,2
中国,技能,46歳,1:男,43：熊本県,1
中国,特定技能１号,46歳,1:男,43：熊本県,2
中国,家族滞在,46歳,1:男,43：熊本県,1
中国,永住者,46歳,1:男,43：熊本県,7
中国,日本人の配偶者等,46歳,1:男,43：熊本県,1
中国,永住者の配偶者等,46歳,1:男,43：熊本県,1
中国,技能,47歳,1:男,43：熊本県,3
中国,技能実習１号ロ,47歳,1:男,43：熊本県,1
中国,技能実習２号ロ,47歳,1:男,43：熊本県,1
中国,家族滞在,47歳,1:男,43：熊本県,1
中国,永住者,47歳,1:男,43：熊本県,7
中国,高度専門職１号ロ,48歳,1:男,43：熊本県,1
中国,経営・管理,48歳,1:男,43：熊本県,3
中国,技術・人文知識・国際業務,48歳,1:男,43：熊本県,1
中国,技能,48歳,1:男,43：熊本県,2
中国,技能実習２号ロ,48歳,1:男,43：熊本県,1
中国,家族滞在,48歳,1:男,43：熊本県,1
中国,永住者,48歳,1:男,43：熊本県,5
中国,日本人の配偶者等,48歳,1:男,43：熊本県,2
中国,技術・人文知識・国際業務,49歳,1:男,43：熊本県,2
中国,技能,49歳,1:男,43：熊本県,4
中国,家族滞在,49歳,1:男,43：熊本県,1
中国,永住者,49歳,1:男,43：熊本県,8
中国,技能,50歳,1:男,43：熊本県,1
中国,永住者,50歳,1:男,43：熊本県,10
中国,日本人の配偶者等,50歳,1:男,43：熊本県,1
中国,永住者の配偶者等,50歳,1:男,43：熊本県,1
中国,技術・人文知識・国際業務,51歳,1:男,43：熊本県,1
中国,技能,51歳,1:男,43：熊本県,1
中国,技能実習１号ロ,51歳,1:男,43：熊本県,1
中国,技能実習２号ロ,51歳,1:男,43：熊本県,1
中国,家族滞在,51歳,1:男,43：熊本県,1
中国,永住者,51歳,1:男,43：熊本県,7
中国,日本人の配偶者等,51歳,1:男,43：熊本県,1
中国,経営・管理,52歳,1:男,43：熊本県,1
中国,技術・人文知識・国際業務,52歳,1:男,43：熊本県,1
中国,技能,52歳,1:男,43：熊本県,2
中国,永住者,52歳,1:男,43：熊本県,7
中国,永住者の配偶者等,52歳,1:男,43：熊本県,1
中国,経営・管理,53歳,1:男,43：熊本県,1
中国,技能,53歳,1:男,43：熊本県,3
中国,家族滞在,53歳,1:男,43：熊本県,2
中国,永住者,53歳,1:男,43：熊本県,6
中国,経営・管理,54歳,1:男,43：熊本県,1
中国,技術・人文知識・国際業務,54歳,1:男,43：熊本県,1
中国,技能,54歳,1:男,43：熊本県,3
中国,永住者,54歳,1:男,43：熊本県,10
中国,教授,55歳,1:男,43：熊本県,1
中国,技術・人文知識・国際業務,55歳,1:男,43：熊本県,1
中国,技能,55歳,1:男,43：熊本県,2
中国,永住者,55歳,1:男,43：熊本県,5
中国,永住者の配偶者等,55歳,1:男,43：熊本県,2
中国,経営・管理,56歳,1:男,43：熊本県,1
中国,永住者,56歳,1:男,43：熊本県,7
中国,技能,57歳,1:男,43：熊本県,1
中国,永住者,57歳,1:男,43：熊本県,10
中国,教授,58歳,1:男,43：熊本県,1
中国,技術・人文知識・国際業務,58歳,1:男,43：熊本県,2
中国,永住者,58歳,1:男,43：熊本県,7
中国,経営・管理,59歳,1:男,43：熊本県,1
中国,永住者,59歳,1:男,43：熊本県,11
中国,日本人の配偶者等,59歳,1:男,43：熊本県,1
中国,定住者,59歳,1:男,43：熊本県,1
中国,永住者,60歳,1:男,43：熊本県,5
中国,技能,61歳,1:男,43：熊本県,2
中国,家族滞在,61歳,1:男,43：熊本県,1
中国,永住者,61歳,1:男,43：熊本県,8
中国,永住者,62歳,1:男,43：熊本県,9
中国,日本人の配偶者等,62歳,1:男,43：熊本県,1
中国,技術・人文知識・国際業務,63歳,1:男,43：熊本県,1
中国,技能,63歳,1:男,43：熊本県,1
中国,永住者,63歳,1:男,43：熊本県,4
中国,経営・管理,64歳,1:男,43：熊本県,1
中国,永住者,64歳,1:男,43：熊本県,7
中国,技能,65歳,1:男,43：熊本県,1
中国,永住者,65歳,1:男,43：熊本県,4
中国,日本人の配偶者等,65歳,1:男,43：熊本県,1
中国,永住者,66歳,1:男,43：熊本県,5
中国,永住者の配偶者等,66歳,1:男,43：熊本県,1
中国,永住者,67歳,1:男,43：熊本県,2
中国,永住者,68歳,1:男,43：熊本県,5
中国,定住者,68歳,1:男,43：熊本県,1
中国,永住者,69歳,1:男,43：熊本県,4
中国,永住者,70歳,1:男,43：熊本県,4
中国,定住者,70歳,1:男,43：熊本県,1
中国,永住者,71歳,1:男,43：熊本県,3
中国,永住者の配偶者等,71歳,1:男,43：熊本県,1
中国,特定活動,72歳,1:男,43：熊本県,1
中国,永住者,72歳,1:男,43：熊本県,8
中国,特別永住者,72歳,1:男,43：熊本県,1
中国,永住者,73歳,1:男,43：熊本県,2
中国,永住者の配偶者等,73歳,1:男,43：熊本県,1
中国,永住者,74歳,1:男,43：熊本県,3
中国,永住者,75歳,1:男,43：熊本県,1
中国,定住者,75歳,1:男,43：熊本県,1
中国,永住者,76歳,1:男,43：熊本県,2
中国,永住者,78歳,1:男,43：熊本県,3
中国,日本人の配偶者等,78歳,1:男,43：熊本県,1
中国,日本人の配偶者等,79歳,1:男,43：熊本県,1
中国,永住者,80歳以上,1:男,43：熊本県,6
中国,永住者,00歳,2:女,43：熊本県,3
中国,永住者の配偶者等,00歳,2:女,43：熊本県,1
中国,家族滞在,01歳,2:女,43：熊本県,3
中国,永住者,01歳,2:女,43：熊本県,3
中国,定住者,01歳,2:女,43：熊本県,1
中国,家族滞在,02歳,2:女,43：熊本県,4
中国,特定活動,02歳,2:女,43：熊本県,1
中国,永住者,02歳,2:女,43：熊本県,3
中国,家族滞在,03歳,2:女,43：熊本県,3
中国,永住者,03歳,2:女,43：熊本県,3
中国,家族滞在,04歳,2:女,43：熊本県,2
中国,永住者,04歳,2:女,43：熊本県,2
中国,家族滞在,05歳,2:女,43：熊本県,5
中国,永住者,05歳,2:女,43：熊本県,7
中国,定住者,05歳,2:女,43：熊本県,1
中国,家族滞在,06歳,2:女,43：熊本県,2
中国,永住者,06歳,2:女,43：熊本県,4
中国,永住者の配偶者等,06歳,2:女,43：熊本県,1
中国,家族滞在,07歳,2:女,43：熊本県,2
中国,永住者,07歳,2:女,43：熊本県,4
中国,永住者の配偶者等,07歳,2:女,43：熊本県,1
中国,定住者,07歳,2:女,43：熊本県,2
中国,家族滞在,08歳,2:女,43：熊本県,2
中国,永住者,08歳,2:女,43：熊本県,4
中国,家族滞在,09歳,2:女,43：熊本県,3
中国,永住者,09歳,2:女,43：熊本県,6
中国,永住者,10歳,2:女,43：熊本県,13
中国,家族滞在,11歳,2:女,43：熊本県,2
中国,永住者,11歳,2:女,43：熊本県,10
中国,定住者,11歳,2:女,43：熊本県,2
中国,家族滞在,12歳,2:女,43：熊本県,1
中国,永住者,12歳,2:女,43：熊本県,10
中国,家族滞在,13歳,2:女,43：熊本県,3
中国,永住者,13歳,2:女,43：熊本県,3
中国,永住者,14歳,2:女,43：熊本県,4
中国,定住者,14歳,2:女,43：熊本県,1
中国,永住者,15歳,2:女,43：熊本県,5
中国,定住者,15歳,2:女,43：熊本県,2
中国,家族滞在,16歳,2:女,43：熊本県,1
中国,永住者,16歳,2:女,43：熊本県,4
中国,定住者,16歳,2:女,43：熊本県,2
中国,家族滞在,17歳,2:女,43：熊本県,2
中国,永住者,17歳,2:女,43：熊本県,1
中国,定住者,17歳,2:女,43：熊本県,2
中国,技能実習１号ロ,18歳,2:女,43：熊本県,2
中国,留学,18歳,2:女,43：熊本県,4
中国,永住者,18歳,2:女,43：熊本県,2
中国,留学,19歳,2:女,43：熊本県,1
中国,家族滞在,19歳,2:女,43：熊本県,1
中国,永住者,19歳,2:女,43：熊本県,4
中国,定住者,19歳,2:女,43：熊本県,1
中国,留学,20歳,2:女,43：熊本県,12
中国,家族滞在,20歳,2:女,43：熊本県,1
中国,永住者,20歳,2:女,43：熊本県,3
中国,定住者,20歳,2:女,43：熊本県,1
中国,技能実習１号ロ,21歳,2:女,43：熊本県,1
中国,技能実習２号ロ,21歳,2:女,43：熊本県,1
中国,留学,21歳,2:女,43：熊本県,14
中国,家族滞在,21歳,2:女,43：熊本県,1
中国,永住者,21歳,2:女,43：熊本県,8
中国,定住者,21歳,2:女,43：熊本県,2
中国,技能実習２号ロ,22歳,2:女,43：熊本県,1
中国,留学,22歳,2:女,43：熊本県,18
中国,永住者,22歳,2:女,43：熊本県,6
中国,定住者,22歳,2:女,43：熊本県,1
中国,技術・人文知識・国際業務,23歳,2:女,43：熊本県,3
中国,技能実習２号ロ,23歳,2:女,43：熊本県,2
中国,留学,23歳,2:女,43：熊本県,29
中国,家族滞在,23歳,2:女,43：熊本県,2
中国,特定活動,23歳,2:女,43：熊本県,2
中国,永住者,23歳,2:女,43：熊本県,6
中国,定住者,23歳,2:女,43：熊本県,2
中国,技術・人文知識・国際業務,24歳,2:女,43：熊本県,1
中国,技能実習２号ロ,24歳,2:女,43：熊本県,1
中国,留学,24歳,2:女,43：熊本県,28
中国,特定活動,24歳,2:女,43：熊本県,1
中国,永住者,24歳,2:女,43：熊本県,6
中国,定住者,24歳,2:女,43：熊本県,3
中国,技術・人文知識・国際業務,25歳,2:女,43：熊本県,4
中国,技能実習１号ロ,25歳,2:女,43：熊本県,1
中国,技能実習２号ロ,25歳,2:女,43：熊本県,2
中国,技能実習３号ロ,25歳,2:女,43：熊本県,1
中国,留学,25歳,2:女,43：熊本県,22
中国,家族滞在,25歳,2:女,43：熊本県,2
中国,特定活動,25歳,2:女,43：熊本県,3
中国,永住者,25歳,2:女,43：熊本県,6
中国,永住者の配偶者等,25歳,2:女,43：熊本県,1
中国,定住者,25歳,2:女,43：熊本県,1
中国,医療,26歳,2:女,43：熊本県,2
中国,技術・人文知識・国際業務,26歳,2:女,43：熊本県,6
中国,技能実習１号ロ,26歳,2:女,43：熊本県,1
中国,留学,26歳,2:女,43：熊本県,11
中国,永住者,26歳,2:女,43：熊本県,6
中国,永住者の配偶者等,26歳,2:女,43：熊本県,1
中国,定住者,26歳,2:女,43：熊本県,1
中国,技術・人文知識・国際業務,27歳,2:女,43：熊本県,6
中国,技能実習１号ロ,27歳,2:女,43：熊本県,2
中国,技能実習２号ロ,27歳,2:女,43：熊本県,3
中国,留学,27歳,2:女,43：熊本県,6
中国,家族滞在,27歳,2:女,43：熊本県,3
中国,永住者,27歳,2:女,43：熊本県,7
中国,技術・人文知識・国際業務,28歳,2:女,43：熊本県,7
中国,留学,28歳,2:女,43：熊本県,12
中国,家族滞在,28歳,2:女,43：熊本県,2
中国,特定活動,28歳,2:女,43：熊本県,1
中国,永住者,28歳,2:女,43：熊本県,5
中国,日本人の配偶者等,28歳,2:女,43：熊本県,2
中国,研究,29歳,2:女,43：熊本県,1
中国,技術・人文知識・国際業務,29歳,2:女,43：熊本県,2
中国,技能実習１号ロ,29歳,2:女,43：熊本県,1
中国,技能実習３号ロ,29歳,2:女,43：熊本県,1
中国,文化活動,29歳,2:女,43：熊本県,1
中国,留学,29歳,2:女,43：熊本県,7
中国,家族滞在,29歳,2:女,43：熊本県,1
中国,永住者,29歳,2:女,43：熊本県,8
中国,永住者の配偶者等,29歳,2:女,43：熊本県,1
中国,定住者,29歳,2:女,43：熊本県,2
中国,教授,30歳,2:女,43：熊本県,2
中国,経営・管理,30歳,2:女,43：熊本県,1
中国,医療,30歳,2:女,43：熊本県,1
中国,技術・人文知識・国際業務,30歳,2:女,43：熊本県,8
中国,特定技能１号,30歳,2:女,43：熊本県,1
中国,技能実習１号ロ,30歳,2:女,43：熊本県,1
中国,技能実習２号ロ,30歳,2:女,43：熊本県,1
中国,技能実習３号ロ,30歳,2:女,43：熊本県,1
中国,留学,30歳,2:女,43：熊本県,3
中国,家族滞在,30歳,2:女,43：熊本県,2
中国,永住者,30歳,2:女,43：熊本県,6
中国,日本人の配偶者等,30歳,2:女,43：熊本県,2
中国,永住者の配偶者等,30歳,2:女,43：熊本県,1
中国,定住者,30歳,2:女,43：熊本県,2
中国,教授,31歳,2:女,43：熊本県,1
中国,技術・人文知識・国際業務,31歳,2:女,43：熊本県,7
中国,技能実習１号ロ,31歳,2:女,43：熊本県,1
中国,技能実習２号ロ,31歳,2:女,43：熊本県,1
中国,留学,31歳,2:女,43：熊本県,3
中国,家族滞在,31歳,2:女,43：熊本県,2
中国,特定活動,31歳,2:女,43：熊本県,1
中国,永住者,31歳,2:女,43：熊本県,5
中国,日本人の配偶者等,31歳,2:女,43：熊本県,6
中国,定住者,31歳,2:女,43：熊本県,1
中国,高度専門職２号,32歳,2:女,43：熊本県,1
中国,技術・人文知識・国際業務,32歳,2:女,43：熊本県,5
中国,特定技能１号,32歳,2:女,43：熊本県,4
中国,技能実習１号ロ,32歳,2:女,43：熊本県,3
中国,技能実習２号ロ,32歳,2:女,43：熊本県,3
中国,技能実習３号ロ,32歳,2:女,43：熊本県,3
中国,文化活動,32歳,2:女,43：熊本県,1
中国,留学,32歳,2:女,43：熊本県,2
中国,家族滞在,32歳,2:女,43：熊本県,1
中国,特定活動,32歳,2:女,43：熊本県,1
中国,永住者,32歳,2:女,43：熊本県,7
中国,日本人の配偶者等,32歳,2:女,43：熊本県,5
中国,永住者の配偶者等,32歳,2:女,43：熊本県,3
中国,医療,33歳,2:女,43：熊本県,1
中国,技術・人文知識・国際業務,33歳,2:女,43：熊本県,8
中国,特定技能１号,33歳,2:女,43：熊本県,3
中国,技能実習１号ロ,33歳,2:女,43：熊本県,1
中国,技能実習２号ロ,33歳,2:女,43：熊本県,2
中国,留学,33歳,2:女,43：熊本県,2
中国,家族滞在,33歳,2:女,43：熊本県,1
中国,永住者,33歳,2:女,43：熊本県,11
中国,日本人の配偶者等,33歳,2:女,43：熊本県,3
中国,永住者の配偶者等,33歳,2:女,43：熊本県,4
中国,技術・人文知識・国際業務,34歳,2:女,43：熊本県,4
中国,特定技能１号,34歳,2:女,43：熊本県,1
中国,技能実習１号ロ,34歳,2:女,43：熊本県,1
中国,技能実習２号ロ,34歳,2:女,43：熊本県,1
中国,技能実習３号ロ,34歳,2:女,43：熊本県,4
中国,留学,34歳,2:女,43：熊本県,3
中国,家族滞在,34歳,2:女,43：熊本県,2
中国,特定活動,34歳,2:女,43：熊本県,2
中国,永住者,34歳,2:女,43：熊本県,13
中国,日本人の配偶者等,34歳,2:女,43：熊本県,6
中国,永住者の配偶者等,34歳,2:女,43：熊本県,3
中国,技術・人文知識・国際業務,35歳,2:女,43：熊本県,5
中国,特定技能１号,35歳,2:女,43：熊本県,1
中国,技能実習１号ロ,35歳,2:女,43：熊本県,3
中国,技能実習２号ロ,35歳,2:女,43：熊本県,7
中国,技能実習３号ロ,35歳,2:女,43：熊本県,1
中国,留学,35歳,2:女,43：熊本県,1
中国,家族滞在,35歳,2:女,43：熊本県,5
中国,特定活動,35歳,2:女,43：熊本県,2
中国,永住者,35歳,2:女,43：熊本県,21
中国,日本人の配偶者等,35歳,2:女,43：熊本県,4
中国,永住者の配偶者等,35歳,2:女,43：熊本県,3
中国,定住者,35歳,2:女,43：熊本県,1
中国,技能,36歳,2:女,43：熊本県,1
中国,特定技能１号,36歳,2:女,43：熊本県,5
中国,技能実習１号ロ,36歳,2:女,43：熊本県,1
中国,技能実習２号ロ,36歳,2:女,43：熊本県,5
中国,技能実習３号ロ,36歳,2:女,43：熊本県,1
中国,留学,36歳,2:女,43：熊本県,2
中国,家族滞在,36歳,2:女,43：熊本県,6
中国,特定活動,36歳,2:女,43：熊本県,1
中国,永住者,36歳,2:女,43：熊本県,22
中国,日本人の配偶者等,36歳,2:女,43：熊本県,4
中国,技術・人文知識・国際業務,37歳,2:女,43：熊本県,2
中国,特定技能１号,37歳,2:女,43：熊本県,4
中国,技能実習１号ロ,37歳,2:女,43：熊本県,1
中国,技能実習２号ロ,37歳,2:女,43：熊本県,6
中国,技能実習３号ロ,37歳,2:女,43：熊本県,1
中国,留学,37歳,2:女,43：熊本県,1
中国,家族滞在,37歳,2:女,43：熊本県,6
中国,特定活動,37歳,2:女,43：熊本県,6
中国,永住者,37歳,2:女,43：熊本県,18
中国,日本人の配偶者等,37歳,2:女,43：熊本県,3
中国,永住者の配偶者等,37歳,2:女,43：熊本県,1
中国,高度専門職１号ロ,38歳,2:女,43：熊本県,1
中国,技術・人文知識・国際業務,38歳,2:女,43：熊本県,1
中国,特定技能１号,38歳,2:女,43：熊本県,3
中国,技能実習１号ロ,38歳,2:女,43：熊本県,2
中国,技能実習２号ロ,38歳,2:女,43：熊本県,4
中国,技能実習３号ロ,38歳,2:女,43：熊本県,2
中国,留学,38歳,2:女,43：熊本県,1
中国,家族滞在,38歳,2:女,43：熊本県,2
中国,特定活動,38歳,2:女,43：熊本県,1
中国,永住者,38歳,2:女,43：熊本県,18
中国,日本人の配偶者等,38歳,2:女,43：熊本県,4
中国,永住者の配偶者等,38歳,2:女,43：熊本県,2
中国,高度専門職１号イ,39歳,2:女,43：熊本県,1
中国,技術・人文知識・国際業務,39歳,2:女,43：熊本県,1
中国,特定技能１号,39歳,2:女,43：熊本県,3
中国,技能実習１号ロ,39歳,2:女,43：熊本県,1
中国,技能実習２号ロ,39歳,2:女,43：熊本県,7
中国,技能実習３号ロ,39歳,2:女,43：熊本県,1
中国,家族滞在,39歳,2:女,43：熊本県,4
中国,特定活動,39歳,2:女,43：熊本県,3
中国,永住者,39歳,2:女,43：熊本県,19
中国,日本人の配偶者等,39歳,2:女,43：熊本県,3
中国,永住者の配偶者等,39歳,2:女,43：熊本県,1
中国,定住者,39歳,2:女,43：熊本県,1
中国,特定技能１号,40歳,2:女,43：熊本県,4
中国,技能実習１号ロ,40歳,2:女,43：熊本県,4
中国,技能実習２号ロ,40歳,2:女,43：熊本県,5
中国,技能実習３号ロ,40歳,2:女,43：熊本県,4
中国,家族滞在,40歳,2:女,43：熊本県,3
中国,特定活動,40歳,2:女,43：熊本県,7
中国,永住者,40歳,2:女,43：熊本県,41
中国,日本人の配偶者等,40歳,2:女,43：熊本県,5
中国,永住者の配偶者等,40歳,2:女,43：熊本県,1
中国,定住者,40歳,2:女,43：熊本県,1
中国,経営・管理,41歳,2:女,43：熊本県,2
中国,特定技能１号,41歳,2:女,43：熊本県,4
中国,技能実習１号ロ,41歳,2:女,43：熊本県,4
中国,技能実習２号ロ,41歳,2:女,43：熊本県,3
中国,技能実習３号ロ,41歳,2:女,43：熊本県,4
中国,特定活動,41歳,2:女,43：熊本県,1
中国,永住者,41歳,2:女,43：熊本県,34
中国,日本人の配偶者等,41歳,2:女,43：熊本県,9
中国,定住者,41歳,2:女,43：熊本県,1
中国,経営・管理,42歳,2:女,43：熊本県,1
中国,特定技能１号,42歳,2:女,43：熊本県,3
中国,技能実習１号ロ,42歳,2:女,43：熊本県,4
中国,技能実習２号ロ,42歳,2:女,43：熊本県,4
中国,技能実習３号ロ,42歳,2:女,43：熊本県,9
中国,家族滞在,42歳,2:女,43：熊本県,3
中国,特定活動,42歳,2:女,43：熊本県,4
中国,永住者,42歳,2:女,43：熊本県,32
中国,日本人の配偶者等,42歳,2:女,43：熊本県,3
中国,定住者,42歳,2:女,43：熊本県,2
中国,技能,43歳,2:女,43：熊本県,1
中国,技能実習１号ロ,43歳,2:女,43：熊本県,7
中国,技能実習２号ロ,43歳,2:女,43：熊本県,8
中国,技能実習３号ロ,43歳,2:女,43：熊本県,7
中国,家族滞在,43歳,2:女,43：熊本県,3
中国,特定活動,43歳,2:女,43：熊本県,2
中国,永住者,43歳,2:女,43：熊本県,40
中国,日本人の配偶者等,43歳,2:女,43：熊本県,6
中国,定住者,43歳,2:女,43：熊本県,5
中国,経営・管理,44歳,2:女,43：熊本県,1
中国,技術・人文知識・国際業務,44歳,2:女,43：熊本県,1
中国,特定技能１号,44歳,2:女,43：熊本県,6
中国,技能実習１号ロ,44歳,2:女,43：熊本県,7
中国,技能実習２号ロ,44歳,2:女,43：熊本県,6
中国,技能実習３号ロ,44歳,2:女,43：熊本県,3
中国,文化活動,44歳,2:女,43：熊本県,1
中国,家族滞在,44歳,2:女,43：熊本県,2
中国,永住者,44歳,2:女,43：熊本県,31
中国,日本人の配偶者等,44歳,2:女,43：熊本県,8
中国,特定技能１号,45歳,2:女,43：熊本県,4
中国,技能実習１号ロ,45歳,2:女,43：熊本県,7
中国,技能実習２号ロ,45歳,2:女,43：熊本県,1
中国,技能実習３号ロ,45歳,2:女,43：熊本県,3
中国,家族滞在,45歳,2:女,43：熊本県,3
中国,特定活動,45歳,2:女,43：熊本県,2
中国,永住者,45歳,2:女,43：熊本県,30
中国,日本人の配偶者等,45歳,2:女,43：熊本県,3
中国,永住者の配偶者等,45歳,2:女,43：熊本県,1
中国,定住者,45歳,2:女,43：熊本県,1
中国,技術・人文知識・国際業務,46歳,2:女,43：熊本県,1
中国,技能,46歳,2:女,43：熊本県,1
中国,特定技能１号,46歳,2:女,43：熊本県,4
中国,技能実習１号ロ,46歳,2:女,43：熊本県,5
中国,技能実習２号ロ,46歳,2:女,43：熊本県,4
中国,技能実習３号ロ,46歳,2:女,43：熊本県,2
中国,家族滞在,46歳,2:女,43：熊本県,2
中国,特定活動,46歳,2:女,43：熊本県,2
中国,永住者,46歳,2:女,43：熊本県,22
中国,日本人の配偶者等,46歳,2:女,43：熊本県,5
中国,永住者の配偶者等,46歳,2:女,43：熊本県,1
中国,定住者,46歳,2:女,43：熊本県,1
中国,特定技能１号,47歳,2:女,43：熊本県,4
中国,技能実習１号ロ,47歳,2:女,43：熊本県,6
中国,技能実習２号ロ,47歳,2:女,43：熊本県,4
中国,技能実習３号ロ,47歳,2:女,43：熊本県,3
中国,家族滞在,47歳,2:女,43：熊本県,2
中国,特定活動,47歳,2:女,43：熊本県,1
中国,永住者,47歳,2:女,43：熊本県,32
中国,永住者の配偶者等,47歳,2:女,43：熊本県,1
中国,定住者,47歳,2:女,43：熊本県,1
中国,技能,48歳,2:女,43：熊本県,1
中国,特定技能１号,48歳,2:女,43：熊本県,2
中国,技能実習１号ロ,48歳,2:女,43：熊本県,6
中国,技能実習２号ロ,48歳,2:女,43：熊本県,2
中国,家族滞在,48歳,2:女,43：熊本県,1
中国,特定活動,48歳,2:女,43：熊本県,1
中国,永住者,48歳,2:女,43：熊本県,34
中国,日本人の配偶者等,48歳,2:女,43：熊本県,8
中国,技術・人文知識・国際業務,49歳,2:女,43：熊本県,1
中国,特定技能１号,49歳,2:女,43：熊本県,3
中国,技能実習１号ロ,49歳,2:女,43：熊本県,2
中国,技能実習２号ロ,49歳,2:女,43：熊本県,2
中国,技能実習３号ロ,49歳,2:女,43：熊本県,1
中国,家族滞在,49歳,2:女,43：熊本県,1
中国,永住者,49歳,2:女,43：熊本県,33
中国,日本人の配偶者等,49歳,2:女,43：熊本県,4
中国,永住者の配偶者等,49歳,2:女,43：熊本県,1
中国,定住者,49歳,2:女,43：熊本県,1
中国,技術・人文知識・国際業務,50歳,2:女,43：熊本県,1
中国,技能,50歳,2:女,43：熊本県,2
中国,技能実習２号ロ,50歳,2:女,43：熊本県,1
中国,技能実習３号ロ,50歳,2:女,43：熊本県,2
中国,家族滞在,50歳,2:女,43：熊本県,6
中国,永住者,50歳,2:女,43：熊本県,36
中国,日本人の配偶者等,50歳,2:女,43：熊本県,5
中国,永住者の配偶者等,50歳,2:女,43：熊本県,1
中国,技能,51歳,2:女,43：熊本県,1
中国,技能実習１号ロ,51歳,2:女,43：熊本県,2
中国,技能実習３号ロ,51歳,2:女,43：熊本県,1
中国,家族滞在,51歳,2:女,43：熊本県,2
中国,特定活動,51歳,2:女,43：熊本県,1
中国,永住者,51歳,2:女,43：熊本県,35
中国,日本人の配偶者等,51歳,2:女,43：熊本県,5
中国,永住者の配偶者等,51歳,2:女,43：熊本県,1
中国,技能実習２号ロ,52歳,2:女,43：熊本県,1
中国,技能実習３号ロ,52歳,2:女,43：熊本県,1
中国,家族滞在,52歳,2:女,43：熊本県,2
中国,永住者,52歳,2:女,43：熊本県,32
中国,日本人の配偶者等,52歳,2:女,43：熊本県,5
中国,永住者の配偶者等,52歳,2:女,43：熊本県,2
中国,定住者,52歳,2:女,43：熊本県,1
中国,技能,53歳,2:女,43：熊本県,1
中国,家族滞在,53歳,2:女,43：熊本県,1
中国,永住者,53歳,2:女,43：熊本県,31
中国,日本人の配偶者等,53歳,2:女,43：熊本県,4
中国,定住者,53歳,2:女,43：熊本県,1
中国,家族滞在,54歳,2:女,43：熊本県,1
中国,永住者,54歳,2:女,43：熊本県,26
中国,日本人の配偶者等,54歳,2:女,43：熊本県,1
中国,永住者の配偶者等,54歳,2:女,43：熊本県,1
中国,永住者,55歳,2:女,43：熊本県,26
中国,家族滞在,56歳,2:女,43：熊本県,1
中国,永住者,56歳,2:女,43：熊本県,12
中国,定住者,56歳,2:女,43：熊本県,2
中国,経営・管理,57歳,2:女,43：熊本県,1
中国,家族滞在,57歳,2:女,43：熊本県,3
中国,永住者,57歳,2:女,43：熊本県,11
中国,日本人の配偶者等,57歳,2:女,43：熊本県,1
中国,永住者の配偶者等,57歳,2:女,43：熊本県,1
中国,永住者,58歳,2:女,43：熊本県,22
中国,日本人の配偶者等,58歳,2:女,43：熊本県,2
中国,家族滞在,59歳,2:女,43：熊本県,1
中国,永住者,59歳,2:女,43：熊本県,20
中国,日本人の配偶者等,59歳,2:女,43：熊本県,3
中国,永住者,60歳,2:女,43：熊本県,11
中国,永住者,61歳,2:女,43：熊本県,5
中国,家族滞在,62歳,2:女,43：熊本県,1
中国,永住者,62歳,2:女,43：熊本県,8
中国,日本人の配偶者等,62歳,2:女,43：熊本県,1
中国,永住者,63歳,2:女,43：熊本県,5
中国,永住者,64歳,2:女,43：熊本県,4
中国,永住者,65歳,2:女,43：熊本県,11
中国,永住者,66歳,2:女,43：熊本県,6
中国,日本人の配偶者等,66歳,2:女,43：熊本県,1
中国,永住者,67歳,2:女,43：熊本県,4
中国,日本人の配偶者等,67歳,2:女,43：熊本県,1
中国,永住者,68歳,2:女,43：熊本県,4
中国,永住者,69歳,2:女,43：熊本県,5
中国,永住者,70歳,2:女,43：熊本県,4
中国,永住者,71歳,2:女,43：熊本県,3
中国,定住者,71歳,2:女,43：熊本県,2
中国,永住者,72歳,2:女,43：熊本県,5
中国,永住者,73歳,2:女,43：熊本県,7
中国,永住者,74歳,2:女,43：熊本県,4
中国,永住者,75歳,2:女,43：熊本県,7
中国,永住者,76歳,2:女,43：熊本県,4
中国,日本人の配偶者等,78歳,2:女,43：熊本県,1
中国,永住者,79歳,2:女,43：熊本県,1
中国,特定活動,80歳以上,2:女,43：熊本県,3
中国,永住者,80歳以上,2:女,43：熊本県,7
トルコ,留学,29歳,1:男,43：熊本県,1
トルコ,文化活動,42歳,1:男,43：熊本県,1
トルコ,永住者,43歳,1:男,43：熊本県,1
トルコ,留学,26歳,2:女,43：熊本県,1
トルコ,文化活動,34歳,2:女,43：熊本県,1
ネパール,家族滞在,00歳,1:男,43：熊本県,3
ネパール,家族滞在,01歳,1:男,43：熊本県,6
ネパール,家族滞在,02歳,1:男,43：熊本県,1
ネパール,特定活動,02歳,1:男,43：熊本県,1
ネパール,家族滞在,03歳,1:男,43：熊本県,6
ネパール,家族滞在,04歳,1:男,43：熊本県,4
ネパール,家族滞在,05歳,1:男,43：熊本県,1
ネパール,家族滞在,07歳,1:男,43：熊本県,2
ネパール,永住者,07歳,1:男,43：熊本県,1
ネパール,家族滞在,08歳,1:男,43：熊本県,1
ネパール,家族滞在,09歳,1:男,43：熊本県,1
ネパール,永住者,09歳,1:男,43：熊本県,1
ネパール,永住者,11歳,1:男,43：熊本県,1
ネパール,家族滞在,12歳,1:男,43：熊本県,1
ネパール,家族滞在,13歳,1:男,43：熊本県,1
ネパール,家族滞在,14歳,1:男,43：熊本県,1
ネパール,永住者,14歳,1:男,43：熊本県,1
ネパール,定住者,15歳,1:男,43：熊本県,1
ネパール,家族滞在,16歳,1:男,43：熊本県,1
ネパール,家族滞在,17歳,1:男,43：熊本県,1
ネパール,留学,18歳,1:男,43：熊本県,2
ネパール,定住者,18歳,1:男,43：熊本県,1
ネパール,留学,19歳,1:男,43：熊本県,11
ネパール,留学,20歳,1:男,43：熊本県,23
ネパール,特定技能１号,21歳,1:男,43：熊本県,2
ネパール,技能実習１号ロ,21歳,1:男,43：熊本県,2
ネパール,留学,21歳,1:男,43：熊本県,23
ネパール,家族滞在,21歳,1:男,43：熊本県,1
ネパール,技術・人文知識・国際業務,22歳,1:男,43：熊本県,1
ネパール,特定技能１号,22歳,1:男,43：熊本県,1
ネパール,留学,22歳,1:男,43：熊本県,32
ネパール,技術・人文知識・国際業務,23歳,1:男,43：熊本県,5
ネパール,介護,23歳,1:男,43：熊本県,1
ネパール,特定技能１号,23歳,1:男,43：熊本県,3
ネパール,技能実習１号ロ,23歳,1:男,43：熊本県,1
ネパール,留学,23歳,1:男,43：熊本県,33
ネパール,家族滞在,23歳,1:男,43：熊本県,1
ネパール,特定活動,23歳,1:男,43：熊本県,1
ネパール,永住者,23歳,1:男,43：熊本県,1
ネパール,教育,24歳,1:男,43：熊本県,1
ネパール,技術・人文知識・国際業務,24歳,1:男,43：熊本県,17
ネパール,特定技能１号,24歳,1:男,43：熊本県,4
ネパール,技能実習１号ロ,24歳,1:男,43：熊本県,1
ネパール,留学,24歳,1:男,43：熊本県,27
ネパール,特定活動,24歳,1:男,43：熊本県,2
ネパール,技術・人文知識・国際業務,25歳,1:男,43：熊本県,20
ネパール,特定技能１号,25歳,1:男,43：熊本県,4
ネパール,技能実習１号ロ,25歳,1:男,43：熊本県,1
ネパール,留学,25歳,1:男,43：熊本県,31
ネパール,家族滞在,25歳,1:男,43：熊本県,3
ネパール,特定活動,25歳,1:男,43：熊本県,1
ネパール,技術・人文知識・国際業務,26歳,1:男,43：熊本県,28
ネパール,特定技能１号,26歳,1:男,43：熊本県,6
ネパール,技能実習１号ロ,26歳,1:男,43：熊本県,1
ネパール,技能実習３号ロ,26歳,1:男,43：熊本県,1
ネパール,留学,26歳,1:男,43：熊本県,20
ネパール,家族滞在,26歳,1:男,43：熊本県,1
ネパール,特定活動,26歳,1:男,43：熊本県,1
ネパール,技術・人文知識・国際業務,27歳,1:男,43：熊本県,25
ネパール,特定技能１号,27歳,1:男,43：熊本県,5
ネパール,技能実習１号ロ,27歳,1:男,43：熊本県,2
ネパール,留学,27歳,1:男,43：熊本県,9
ネパール,家族滞在,27歳,1:男,43：熊本県,1
ネパール,経営・管理,28歳,1:男,43：熊本県,1
ネパール,技術・人文知識・国際業務,28歳,1:男,43：熊本県,19
ネパール,技能,28歳,1:男,43：熊本県,1
ネパール,特定技能１号,28歳,1:男,43：熊本県,3
ネパール,留学,28歳,1:男,43：熊本県,4
ネパール,家族滞在,28歳,1:男,43：熊本県,4
ネパール,技術・人文知識・国際業務,29歳,1:男,43：熊本県,27
ネパール,技能,29歳,1:男,43：熊本県,2
ネパール,特定技能１号,29歳,1:男,43：熊本県,3
ネパール,技能実習１号ロ,29歳,1:男,43：熊本県,2
ネパール,留学,29歳,1:男,43：熊本県,5
ネパール,家族滞在,29歳,1:男,43：熊本県,4
ネパール,特定活動,29歳,1:男,43：熊本県,1
ネパール,技術・人文知識・国際業務,30歳,1:男,43：熊本県,23
ネパール,技能,30歳,1:男,43：熊本県,2
ネパール,特定技能１号,30歳,1:男,43：熊本県,1
ネパール,技能実習１号ロ,30歳,1:男,43：熊本県,1
ネパール,技能実習３号ロ,30歳,1:男,43：熊本県,1
ネパール,留学,30歳,1:男,43：熊本県,5
ネパール,家族滞在,30歳,1:男,43：熊本県,1
ネパール,特定活動,30歳,1:男,43：熊本県,1
ネパール,技術・人文知識・国際業務,31歳,1:男,43：熊本県,16
ネパール,技能,31歳,1:男,43：熊本県,2
ネパール,特定技能１号,31歳,1:男,43：熊本県,2
ネパール,技能実習１号ロ,31歳,1:男,43：熊本県,1
ネパール,技能実習３号ロ,31歳,1:男,43：熊本県,1
ネパール,留学,31歳,1:男,43：熊本県,1
ネパール,家族滞在,31歳,1:男,43：熊本県,6
ネパール,日本人の配偶者等,31歳,1:男,43：熊本県,1
ネパール,永住者の配偶者等,31歳,1:男,43：熊本県,1
ネパール,技術・人文知識・国際業務,32歳,1:男,43：熊本県,7
ネパール,技能,32歳,1:男,43：熊本県,1
ネパール,留学,32歳,1:男,43：熊本県,2
ネパール,家族滞在,32歳,1:男,43：熊本県,2
ネパール,技術・人文知識・国際業務,33歳,1:男,43：熊本県,9
ネパール,技能,33歳,1:男,43：熊本県,2
ネパール,特定技能１号,33歳,1:男,43：熊本県,2
ネパール,家族滞在,33歳,1:男,43：熊本県,4
ネパール,日本人の配偶者等,33歳,1:男,43：熊本県,1
ネパール,技術・人文知識・国際業務,34歳,1:男,43：熊本県,8
ネパール,技能,34歳,1:男,43：熊本県,2
ネパール,特定技能１号,34歳,1:男,43：熊本県,1
ネパール,技能実習１号ロ,34歳,1:男,43：熊本県,1
ネパール,技能実習３号ロ,34歳,1:男,43：熊本県,1
ネパール,家族滞在,34歳,1:男,43：熊本県,1
ネパール,教授,35歳,1:男,43：熊本県,1
ネパール,技術・人文知識・国際業務,35歳,1:男,43：熊本県,3
ネパール,技能,35歳,1:男,43：熊本県,5
ネパール,特定技能１号,35歳,1:男,43：熊本県,1
ネパール,技能実習３号ロ,35歳,1:男,43：熊本県,2
ネパール,芸術,36歳,1:男,43：熊本県,1
ネパール,技術・人文知識・国際業務,36歳,1:男,43：熊本県,3
ネパール,技能,36歳,1:男,43：熊本県,2
ネパール,技能実習１号ロ,36歳,1:男,43：熊本県,1
ネパール,留学,36歳,1:男,43：熊本県,1
ネパール,経営・管理,37歳,1:男,43：熊本県,1
ネパール,技能,37歳,1:男,43：熊本県,2
ネパール,技能実習１号ロ,37歳,1:男,43：熊本県,2
ネパール,家族滞在,37歳,1:男,43：熊本県,1
ネパール,芸術,38歳,1:男,43：熊本県,1
ネパール,技術・人文知識・国際業務,38歳,1:男,43：熊本県,2
ネパール,技能,38歳,1:男,43：熊本県,2
ネパール,技能実習３号ロ,38歳,1:男,43：熊本県,1
ネパール,家族滞在,38歳,1:男,43：熊本県,1
ネパール,技術・人文知識・国際業務,39歳,1:男,43：熊本県,2
ネパール,技能,39歳,1:男,43：熊本県,4
ネパール,特定技能１号,39歳,1:男,43：熊本県,1
ネパール,家族滞在,39歳,1:男,43：熊本県,2
ネパール,永住者,39歳,1:男,43：熊本県,1
ネパール,技能,40歳,1:男,43：熊本県,3
ネパール,家族滞在,40歳,1:男,43：熊本県,2
ネパール,永住者,40歳,1:男,43：熊本県,1
ネパール,経営・管理,41歳,1:男,43：熊本県,1
ネパール,技能,41歳,1:男,43：熊本県,1
ネパール,家族滞在,41歳,1:男,43：熊本県,1
ネパール,芸術,42歳,1:男,43：熊本県,2
ネパール,技能,42歳,1:男,43：熊本県,1
ネパール,技能,43歳,1:男,43：熊本県,1
ネパール,家族滞在,43歳,1:男,43：熊本県,1
ネパール,経営・管理,44歳,1:男,43：熊本県,1
ネパール,技能,44歳,1:男,43：熊本県,1
ネパール,芸術,45歳,1:男,43：熊本県,1
ネパール,技能,45歳,1:男,43：熊本県,1
ネパール,技能,47歳,1:男,43：熊本県,1
ネパール,技能,48歳,1:男,43：熊本県,1
ネパール,永住者,48歳,1:男,43：熊本県,1
ネパール,技能,49歳,1:男,43：熊本県,1
ネパール,永住者,50歳,1:男,43：熊本県,2
ネパール,芸術,51歳,1:男,43：熊本県,1
ネパール,永住者,53歳,1:男,43：熊本県,1
ネパール,特定活動,78歳,1:男,43：熊本県,1
ネパール,家族滞在,00歳,2:女,43：熊本県,7
ネパール,家族滞在,01歳,2:女,43：熊本県,1
ネパール,家族滞在,02歳,2:女,43：熊本県,1
ネパール,永住者,02歳,2:女,43：熊本県,1
ネパール,家族滞在,04歳,2:女,43：熊本県,3
ネパール,家族滞在,07歳,2:女,43：熊本県,1
ネパール,家族滞在,09歳,2:女,43：熊本県,1
ネパール,家族滞在,12歳,2:女,43：熊本県,1
ネパール,家族滞在,16歳,2:女,43：熊本県,1
ネパール,定住者,16歳,2:女,43：熊本県,1
ネパール,留学,18歳,2:女,43：熊本県,2
ネパール,家族滞在,18歳,2:女,43：熊本県,1
ネパール,留学,19歳,2:女,43：熊本県,3
ネパール,家族滞在,19歳,2:女,43：熊本県,1
ネパール,特定技能１号,20歳,2:女,43：熊本県,1
ネパール,技能実習１号ロ,20歳,2:女,43：熊本県,1
ネパール,留学,20歳,2:女,43：熊本県,17
ネパール,家族滞在,20歳,2:女,43：熊本県,1
ネパール,特定技能１号,21歳,2:女,43：熊本県,1
ネパール,技能実習１号ロ,21歳,2:女,43：熊本県,1
ネパール,留学,21歳,2:女,43：熊本県,22
ネパール,家族滞在,21歳,2:女,43：熊本県,3
ネパール,技術・人文知識・国際業務,22歳,2:女,43：熊本県,3
ネパール,特定技能１号,22歳,2:女,43：熊本県,2
ネパール,留学,22歳,2:女,43：熊本県,24
ネパール,家族滞在,22歳,2:女,43：熊本県,2
ネパール,技術・人文知識・国際業務,23歳,2:女,43：熊本県,6
ネパール,特定技能１号,23歳,2:女,43：熊本県,3
ネパール,留学,23歳,2:女,43：熊本県,21
ネパール,家族滞在,23歳,2:女,43：熊本県,5
ネパール,技術・人文知識・国際業務,24歳,2:女,43：熊本県,9
ネパール,特定技能１号,24歳,2:女,43：熊本県,6
ネパール,技能実習１号ロ,24歳,2:女,43：熊本県,1
ネパール,留学,24歳,2:女,43：熊本県,7
ネパール,家族滞在,24歳,2:女,43：熊本県,6
ネパール,技術・人文知識・国際業務,25歳,2:女,43：熊本県,10
ネパール,介護,25歳,2:女,43：熊本県,1
ネパール,特定技能１号,25歳,2:女,43：熊本県,6
ネパール,技能実習１号ロ,25歳,2:女,43：熊本県,1
ネパール,留学,25歳,2:女,43：熊本県,10
ネパール,家族滞在,25歳,2:女,43：熊本県,9
ネパール,特定活動,25歳,2:女,43：熊本県,3
ネパール,技術・人文知識・国際業務,26歳,2:女,43：熊本県,16
ネパール,介護,26歳,2:女,43：熊本県,1
ネパール,特定技能１号,26歳,2:女,43：熊本県,6
ネパール,留学,26歳,2:女,43：熊本県,8
ネパール,家族滞在,26歳,2:女,43：熊本県,11
ネパール,技術・人文知識・国際業務,27歳,2:女,43：熊本県,15
ネパール,特定技能１号,27歳,2:女,43：熊本県,4
ネパール,留学,27歳,2:女,43：熊本県,3
ネパール,家族滞在,27歳,2:女,43：熊本県,10
ネパール,特定活動,27歳,2:女,43：熊本県,2
ネパール,技術・人文知識・国際業務,28歳,2:女,43：熊本県,5
ネパール,介護,28歳,2:女,43：熊本県,1
ネパール,特定技能１号,28歳,2:女,43：熊本県,3
ネパール,技能実習１号ロ,28歳,2:女,43：熊本県,2
ネパール,留学,28歳,2:女,43：熊本県,2
ネパール,家族滞在,28歳,2:女,43：熊本県,8
ネパール,技術・人文知識・国際業務,29歳,2:女,43：熊本県,5
ネパール,特定技能１号,29歳,2:女,43：熊本県,5
ネパール,留学,29歳,2:女,43：熊本県,1
ネパール,家族滞在,29歳,2:女,43：熊本県,12
ネパール,技術・人文知識・国際業務,30歳,2:女,43：熊本県,9
ネパール,介護,30歳,2:女,43：熊本県,1
ネパール,特定技能１号,30歳,2:女,43：熊本県,2
ネパール,留学,30歳,2:女,43：熊本県,2
ネパール,家族滞在,30歳,2:女,43：熊本県,10
ネパール,技術・人文知識・国際業務,31歳,2:女,43：熊本県,11
ネパール,介護,31歳,2:女,43：熊本県,1
ネパール,特定技能１号,31歳,2:女,43：熊本県,4
ネパール,技能実習１号ロ,31歳,2:女,43：熊本県,1
ネパール,家族滞在,31歳,2:女,43：熊本県,3
ネパール,技術・人文知識・国際業務,32歳,2:女,43：熊本県,4
ネパール,介護,32歳,2:女,43：熊本県,1
ネパール,特定技能１号,32歳,2:女,43：熊本県,2
ネパール,家族滞在,32歳,2:女,43：熊本県,4
ネパール,技術・人文知識・国際業務,33歳,2:女,43：熊本県,1
ネパール,特定技能１号,33歳,2:女,43：熊本県,3
ネパール,家族滞在,33歳,2:女,43：熊本県,1
ネパール,永住者,33歳,2:女,43：熊本県,1
ネパール,技術・人文知識・国際業務,34歳,2:女,43：熊本県,3
ネパール,特定技能１号,34歳,2:女,43：熊本県,1
ネパール,家族滞在,34歳,2:女,43：熊本県,3
ネパール,技術・人文知識・国際業務,35歳,2:女,43：熊本県,2
ネパール,特定技能１号,35歳,2:女,43：熊本県,2
ネパール,技能実習１号ロ,35歳,2:女,43：熊本県,1
ネパール,家族滞在,35歳,2:女,43：熊本県,1
ネパール,永住者,35歳,2:女,43：熊本県,1
ネパール,技術・人文知識・国際業務,36歳,2:女,43：熊本県,1
ネパール,特定技能１号,36歳,2:女,43：熊本県,1
ネパール,家族滞在,36歳,2:女,43：熊本県,3
ネパール,技術・人文知識・国際業務,37歳,2:女,43：熊本県,2
ネパール,技術・人文知識・国際業務,38歳,2:女,43：熊本県,1
ネパール,家族滞在,38歳,2:女,43：熊本県,2
ネパール,永住者,38歳,2:女,43：熊本県,1
ネパール,特定技能１号,39歳,2:女,43：熊本県,1
ネパール,家族滞在,39歳,2:女,43：熊本県,2
ネパール,永住者,42歳,2:女,43：熊本県,1
ネパール,永住者,44歳,2:女,43：熊本県,2
ネパール,家族滞在,57歳,2:女,43：熊本県,1
パキスタン,家族滞在,01歳,1:男,43：熊本県,1
パキスタン,家族滞在,02歳,1:男,43：熊本県,3
パキスタン,家族滞在,03歳,1:男,43：熊本県,3
パキスタン,家族滞在,04歳,1:男,43：熊本県,1
パキスタン,家族滞在,07歳,1:男,43：熊本県,1
パキスタン,家族滞在,08歳,1:男,43：熊本県,1
パキスタン,永住者,08歳,1:男,43：熊本県,1
パキスタン,永住者の配偶者等,11歳,1:男,43：熊本県,1
パキスタン,家族滞在,12歳,1:男,43：熊本県,1
パキスタン,家族滞在,13歳,1:男,43：熊本県,1
パキスタン,家族滞在,14歳,1:男,43：熊本県,2
パキスタン,家族滞在,15歳,1:男,43：熊本県,1
パキスタン,永住者,15歳,1:男,43：熊本県,1
パキスタン,家族滞在,16歳,1:男,43：熊本県,1
パキスタン,永住者,17歳,1:男,43：熊本県,1
パキスタン,定住者,17歳,1:男,43：熊本県,1
パキスタン,定住者,18歳,1:男,43：熊本県,1
パキスタン,家族滞在,19歳,1:男,43：熊本県,2
パキスタン,定住者,23歳,1:男,43：熊本県,1
パキスタン,経営・管理,24歳,1:男,43：熊本県,1
パキスタン,技術・人文知識・国際業務,24歳,1:男,43：熊本県,1
パキスタン,技術・人文知識・国際業務,25歳,1:男,43：熊本県,1
パキスタン,留学,25歳,1:男,43：熊本県,1
パキスタン,定住者,26歳,1:男,43：熊本県,1
パキスタン,経営・管理,27歳,1:男,43：熊本県,2
パキスタン,技術・人文知識・国際業務,27歳,1:男,43：熊本県,1
パキスタン,日本人の配偶者等,27歳,1:男,43：熊本県,1
パキスタン,経営・管理,28歳,1:男,43：熊本県,1
パキスタン,技術・人文知識・国際業務,28歳,1:男,43：熊本県,1
パキスタン,日本人の配偶者等,28歳,1:男,43：熊本県,2
パキスタン,技術・人文知識・国際業務,29歳,1:男,43：熊本県,1
パキスタン,日本人の配偶者等,29歳,1:男,43：熊本県,1
パキスタン,教授,30歳,1:男,43：熊本県,1
パキスタン,技術・人文知識・国際業務,30歳,1:男,43：熊本県,4
パキスタン,日本人の配偶者等,30歳,1:男,43：熊本県,1
パキスタン,経営・管理,31歳,1:男,43：熊本県,1
パキスタン,永住者,31歳,1:男,43：熊本県,1
パキスタン,経営・管理,32歳,1:男,43：熊本県,1
パキスタン,技術・人文知識・国際業務,32歳,1:男,43：熊本県,2
パキスタン,技術・人文知識・国際業務,33歳,1:男,43：熊本県,1
パキスタン,経営・管理,34歳,1:男,43：熊本県,1
パキスタン,日本人の配偶者等,34歳,1:男,43：熊本県,1
パキスタン,宗教,35歳,1:男,43：熊本県,1
パキスタン,経営・管理,35歳,1:男,43：熊本県,1
パキスタン,技術・人文知識・国際業務,35歳,1:男,43：熊本県,1
パキスタン,日本人の配偶者等,35歳,1:男,43：熊本県,1
パキスタン,日本人の配偶者等,36歳,1:男,43：熊本県,1
パキスタン,技術・人文知識・国際業務,37歳,1:男,43：熊本県,1
パキスタン,経営・管理,38歳,1:男,43：熊本県,5
パキスタン,経営・管理,39歳,1:男,43：熊本県,1
パキスタン,経営・管理,40歳,1:男,43：熊本県,1
パキスタン,技術・人文知識・国際業務,40歳,1:男,43：熊本県,1
パキスタン,技術・人文知識・国際業務,42歳,1:男,43：熊本県,2
パキスタン,永住者,42歳,1:男,43：熊本県,1
パキスタン,技術・人文知識・国際業務,43歳,1:男,43：熊本県,1
パキスタン,技術・人文知識・国際業務,44歳,1:男,43：熊本県,1
パキスタン,技能,44歳,1:男,43：熊本県,1
パキスタン,技能,48歳,1:男,43：熊本県,2
パキスタン,永住者,48歳,1:男,43：熊本県,1
パキスタン,経営・管理,49歳,1:男,43：熊本県,2
パキスタン,永住者,49歳,1:男,43：熊本県,1
パキスタン,技能,50歳,1:男,43：熊本県,1
パキスタン,永住者,50歳,1:男,43：熊本県,1
パキスタン,経営・管理,52歳,1:男,43：熊本県,1
パキスタン,永住者,52歳,1:男,43：熊本県,1
パキスタン,技術・人文知識・国際業務,53歳,1:男,43：熊本県,2
パキスタン,永住者,55歳,1:男,43：熊本県,1
パキスタン,技術・人文知識・国際業務,56歳,1:男,43：熊本県,1
パキスタン,技術・人文知識・国際業務,57歳,1:男,43：熊本県,1
パキスタン,永住者,57歳,1:男,43：熊本県,1
パキスタン,経営・管理,59歳,1:男,43：熊本県,1
パキスタン,永住者,59歳,1:男,43：熊本県,1
パキスタン,経営・管理,60歳,1:男,43：熊本県,1
パキスタン,永住者,64歳,1:男,43：熊本県,1
パキスタン,家族滞在,00歳,2:女,43：熊本県,1
パキスタン,家族滞在,01歳,2:女,43：熊本県,1
パキスタン,永住者の配偶者等,01歳,2:女,43：熊本県,1
パキスタン,家族滞在,02歳,2:女,43：熊本県,1
パキスタン,家族滞在,03歳,2:女,43：熊本県,1
パキスタン,家族滞在,05歳,2:女,43：熊本県,3
パキスタン,家族滞在,06歳,2:女,43：熊本県,1
パキスタン,家族滞在,07歳,2:女,43：熊本県,2
パキスタン,家族滞在,08歳,2:女,43：熊本県,1
パキスタン,家族滞在,09歳,2:女,43：熊本県,2
パキスタン,家族滞在,10歳,2:女,43：熊本県,1
パキスタン,永住者,12歳,2:女,43：熊本県,1
パキスタン,永住者,13歳,2:女,43：熊本県,2
パキスタン,永住者,15歳,2:女,43：熊本県,2
パキスタン,家族滞在,19歳,2:女,43：熊本県,1
パキスタン,家族滞在,20歳,2:女,43：熊本県,1
パキスタン,定住者,20歳,2:女,43：熊本県,1
パキスタン,家族滞在,24歳,2:女,43：熊本県,1
パキスタン,家族滞在,26歳,2:女,43：熊本県,1
パキスタン,家族滞在,28歳,2:女,43：熊本県,1
パキスタン,家族滞在,30歳,2:女,43：熊本県,2
パキスタン,家族滞在,32歳,2:女,43：熊本県,1
パキスタン,家族滞在,34歳,2:女,43：熊本県,1
パキスタン,技術・人文知識・国際業務,35歳,2:女,43：熊本県,1
パキスタン,家族滞在,35歳,2:女,43：熊本県,1
パキスタン,家族滞在,38歳,2:女,43：熊本県,1
パキスタン,家族滞在,40歳,2:女,43：熊本県,1
パキスタン,永住者,40歳,2:女,43：熊本県,1
パキスタン,永住者の配偶者等,43歳,2:女,43：熊本県,1
パキスタン,家族滞在,46歳,2:女,43：熊本県,1
パキスタン,永住者,47歳,2:女,43：熊本県,1
パキスタン,永住者,49歳,2:女,43：熊本県,1
パキスタン,永住者の配偶者等,52歳,2:女,43：熊本県,1
バングラデシュ,家族滞在,01歳,1:男,43：熊本県,1
バングラデシュ,永住者,02歳,1:男,43：熊本県,1
バングラデシュ,家族滞在,03歳,1:男,43：熊本県,1
バングラデシュ,家族滞在,05歳,1:男,43：熊本県,1
バングラデシュ,家族滞在,14歳,1:男,43：熊本県,1
バングラデシュ,技能実習１号ロ,23歳,1:男,43：熊本県,2
バングラデシュ,技能実習３号ロ,23歳,1:男,43：熊本県,1
バングラデシュ,留学,23歳,1:男,43：熊本県,2
バングラデシュ,技術・人文知識・国際業務,24歳,1:男,43：熊本県,1
バングラデシュ,技能実習１号ロ,24歳,1:男,43：熊本県,1
バングラデシュ,留学,24歳,1:男,43：熊本県,1
バングラデシュ,技術・人文知識・国際業務,25歳,1:男,43：熊本県,2
バングラデシュ,技能実習１号ロ,25歳,1:男,43：熊本県,1
バングラデシュ,技術・人文知識・国際業務,26歳,1:男,43：熊本県,4
バングラデシュ,技能実習１号ロ,26歳,1:男,43：熊本県,1
バングラデシュ,留学,26歳,1:男,43：熊本県,3
バングラデシュ,技術・人文知識・国際業務,27歳,1:男,43：熊本県,2
バングラデシュ,技能実習１号ロ,27歳,1:男,43：熊本県,4
バングラデシュ,特定活動,27歳,1:男,43：熊本県,1
バングラデシュ,技術・人文知識・国際業務,28歳,1:男,43：熊本県,1
バングラデシュ,技能実習１号ロ,28歳,1:男,43：熊本県,2
バングラデシュ,技能実習２号ロ,28歳,1:男,43：熊本県,1
バングラデシュ,留学,28歳,1:男,43：熊本県,3
バングラデシュ,特定活動,28歳,1:男,43：熊本県,1
バングラデシュ,技術・人文知識・国際業務,29歳,1:男,43：熊本県,2
バングラデシュ,技能実習１号ロ,29歳,1:男,43：熊本県,1
バングラデシュ,技能実習２号ロ,29歳,1:男,43：熊本県,1
バングラデシュ,留学,29歳,1:男,43：熊本県,1
バングラデシュ,特定活動,29歳,1:男,43：熊本県,1
バングラデシュ,技術・人文知識・国際業務,30歳,1:男,43：熊本県,1
バングラデシュ,技能実習２号ロ,30歳,1:男,43：熊本県,1
バングラデシュ,教授,31歳,1:男,43：熊本県,1
バングラデシュ,技術・人文知識・国際業務,31歳,1:男,43：熊本県,3
バングラデシュ,技能実習１号ロ,31歳,1:男,43：熊本県,1
バングラデシュ,留学,32歳,1:男,43：熊本県,1
バングラデシュ,永住者,32歳,1:男,43：熊本県,1
バングラデシュ,留学,33歳,1:男,43：熊本県,1
バングラデシュ,技術・人文知識・国際業務,34歳,1:男,43：熊本県,1
バングラデシュ,留学,34歳,1:男,43：熊本県,4
バングラデシュ,日本人の配偶者等,34歳,1:男,43：熊本県,1
バングラデシュ,留学,35歳,1:男,43：熊本県,1
バングラデシュ,永住者,35歳,1:男,43：熊本県,1
バングラデシュ,留学,36歳,1:男,43：熊本県,1
バングラデシュ,家族滞在,37歳,1:男,43：熊本県,1
バングラデシュ,教育,38歳,1:男,43：熊本県,1
バングラデシュ,家族滞在,38歳,1:男,43：熊本県,1
バングラデシュ,教授,39歳,1:男,43：熊本県,1
バングラデシュ,技術・人文知識・国際業務,39歳,1:男,43：熊本県,1
バングラデシュ,教育,44歳,1:男,43：熊本県,1
バングラデシュ,技術・人文知識・国際業務,55歳,1:男,43：熊本県,1
バングラデシュ,家族滞在,02歳,2:女,43：熊本県,1
バングラデシュ,定住者,02歳,2:女,43：熊本県,1
バングラデシュ,家族滞在,03歳,2:女,43：熊本県,2
バングラデシュ,家族滞在,04歳,2:女,43：熊本県,1
バングラデシュ,永住者,05歳,2:女,43：熊本県,1
バングラデシュ,家族滞在,06歳,2:女,43：熊本県,1
バングラデシュ,家族滞在,07歳,2:女,43：熊本県,1
バングラデシュ,家族滞在,19歳,2:女,43：熊本県,1
バングラデシュ,家族滞在,20歳,2:女,43：熊本県,2
バングラデシュ,家族滞在,23歳,2:女,43：熊本県,1
バングラデシュ,家族滞在,25歳,2:女,43：熊本県,1
バングラデシュ,永住者,25歳,2:女,43：熊本県,1
バングラデシュ,留学,27歳,2:女,43：熊本県,1
バングラデシュ,家族滞在,27歳,2:女,43：熊本県,1
バングラデシュ,留学,28歳,2:女,43：熊本県,2
バングラデシュ,技術・人文知識・国際業務,29歳,2:女,43：熊本県,1
バングラデシュ,留学,29歳,2:女,43：熊本県,2
バングラデシュ,高度専門職１号イ,33歳,2:女,43：熊本県,1
バングラデシュ,家族滞在,33歳,2:女,43：熊本県,1
バングラデシュ,留学,34歳,2:女,43：熊本県,1
バングラデシュ,教授,35歳,2:女,43：熊本県,1
バングラデシュ,研究,37歳,2:女,43：熊本県,1
バングラデシュ,技術・人文知識・国際業務,38歳,2:女,43：熊本県,1
バングラデシュ,留学,40歳,2:女,43：熊本県,1
バングラデシュ,家族滞在,42歳,2:女,43：熊本県,1
フィリピン,特定活動,00歳,1:男,43：熊本県,1
フィリピン,家族滞在,01歳,1:男,43：熊本県,1
フィリピン,永住者,01歳,1:男,43：熊本県,1
フィリピン,日本人の配偶者等,01歳,1:男,43：熊本県,1
フィリピン,永住者の配偶者等,01歳,1:男,43：熊本県,1
フィリピン,定住者,01歳,1:男,43：熊本県,1
フィリピン,家族滞在,03歳,1:男,43：熊本県,1
フィリピン,永住者の配偶者等,04歳,1:男,43：熊本県,2
フィリピン,定住者,05歳,1:男,43：熊本県,2
フィリピン,家族滞在,07歳,1:男,43：熊本県,1
フィリピン,定住者,08歳,1:男,43：熊本県,1
フィリピン,定住者,09歳,1:男,43：熊本県,2
フィリピン,定住者,10歳,1:男,43：熊本県,2
フィリピン,定住者,11歳,1:男,43：熊本県,2
フィリピン,家族滞在,12歳,1:男,43：熊本県,1
フィリピン,日本人の配偶者等,12歳,1:男,43：熊本県,1
フィリピン,定住者,12歳,1:男,43：熊本県,3
フィリピン,家族滞在,13歳,1:男,43：熊本県,1
フィリピン,定住者,13歳,1:男,43：熊本県,2
フィリピン,定住者,14歳,1:男,43：熊本県,1
フィリピン,永住者,15歳,1:男,43：熊本県,2
フィリピン,定住者,15歳,1:男,43：熊本県,1
フィリピン,日本人の配偶者等,16歳,1:男,43：熊本県,1
フィリピン,永住者,17歳,1:男,43：熊本県,1
フィリピン,日本人の配偶者等,17歳,1:男,43：熊本県,1
フィリピン,定住者,17歳,1:男,43：熊本県,2
フィリピン,永住者,18歳,1:男,43：熊本県,2
フィリピン,定住者,18歳,1:男,43：熊本県,1
フィリピン,定住者,19歳,1:男,43：熊本県,1
フィリピン,技能実習１号ロ,20歳,1:男,43：熊本県,2
フィリピン,定住者,20歳,1:男,43：熊本県,3
フィリピン,特定技能１号,21歳,1:男,43：熊本県,1
フィリピン,技能実習１号ロ,21歳,1:男,43：熊本県,1
フィリピン,永住者,21歳,1:男,43：熊本県,2
フィリピン,特定技能１号,22歳,1:男,43：熊本県,2
フィリピン,技能実習１号ロ,22歳,1:男,43：熊本県,1
フィリピン,永住者,22歳,1:男,43：熊本県,1
フィリピン,定住者,22歳,1:男,43：熊本県,3
フィリピン,特定技能１号,23歳,1:男,43：熊本県,1
フィリピン,技能実習１号ロ,23歳,1:男,43：熊本県,13
フィリピン,研修,23歳,1:男,43：熊本県,1
フィリピン,永住者,23歳,1:男,43：熊本県,1
フィリピン,定住者,23歳,1:男,43：熊本県,1
フィリピン,特定技能１号,24歳,1:男,43：熊本県,4
フィリピン,技能実習１号ロ,24歳,1:男,43：熊本県,7
フィリピン,技能実習２号ロ,24歳,1:男,43：熊本県,4
フィリピン,永住者,24歳,1:男,43：熊本県,1
フィリピン,定住者,24歳,1:男,43：熊本県,1
フィリピン,技術・人文知識・国際業務,25歳,1:男,43：熊本県,2
フィリピン,特定技能１号,25歳,1:男,43：熊本県,6
フィリピン,技能実習１号ロ,25歳,1:男,43：熊本県,18
フィリピン,技能実習２号イ,25歳,1:男,43：熊本県,1
フィリピン,技能実習２号ロ,25歳,1:男,43：熊本県,4
フィリピン,日本人の配偶者等,25歳,1:男,43：熊本県,1
フィリピン,定住者,25歳,1:男,43：熊本県,2
フィリピン,技術・人文知識・国際業務,26歳,1:男,43：熊本県,5
フィリピン,特定技能１号,26歳,1:男,43：熊本県,11
フィリピン,技能実習１号ロ,26歳,1:男,43：熊本県,15
フィリピン,技能実習２号ロ,26歳,1:男,43：熊本県,7
フィリピン,技能実習３号ロ,26歳,1:男,43：熊本県,4
フィリピン,留学,26歳,1:男,43：熊本県,2
フィリピン,永住者,26歳,1:男,43：熊本県,3
フィリピン,日本人の配偶者等,26歳,1:男,43：熊本県,1
フィリピン,定住者,26歳,1:男,43：熊本県,1
フィリピン,技術・人文知識・国際業務,27歳,1:男,43：熊本県,2
フィリピン,特定技能１号,27歳,1:男,43：熊本県,14
フィリピン,技能実習１号ロ,27歳,1:男,43：熊本県,23
フィリピン,技能実習２号ロ,27歳,1:男,43：熊本県,6
フィリピン,技能実習３号ロ,27歳,1:男,43：熊本県,9
フィリピン,家族滞在,27歳,1:男,43：熊本県,1
フィリピン,特定活動,27歳,1:男,43：熊本県,3
フィリピン,永住者,27歳,1:男,43：熊本県,6
フィリピン,定住者,27歳,1:男,43：熊本県,2
フィリピン,特定技能１号,28歳,1:男,43：熊本県,24
フィリピン,技能実習１号ロ,28歳,1:男,43：熊本県,8
フィリピン,技能実習２号ロ,28歳,1:男,43：熊本県,6
フィリピン,技能実習３号イ,28歳,1:男,43：熊本県,1
フィリピン,技能実習３号ロ,28歳,1:男,43：熊本県,6
フィリピン,特定活動,28歳,1:男,43：熊本県,2
フィリピン,永住者,28歳,1:男,43：熊本県,1
フィリピン,日本人の配偶者等,28歳,1:男,43：熊本県,1
フィリピン,定住者,28歳,1:男,43：熊本県,1
フィリピン,技術・人文知識・国際業務,29歳,1:男,43：熊本県,1
フィリピン,特定技能１号,29歳,1:男,43：熊本県,22
フィリピン,技能実習１号ロ,29歳,1:男,43：熊本県,14
フィリピン,技能実習２号ロ,29歳,1:男,43：熊本県,3
フィリピン,技能実習３号ロ,29歳,1:男,43：熊本県,7
フィリピン,家族滞在,29歳,1:男,43：熊本県,1
フィリピン,特定活動,29歳,1:男,43：熊本県,1
フィリピン,永住者,29歳,1:男,43：熊本県,2
フィリピン,教育,30歳,1:男,43：熊本県,1
フィリピン,技術・人文知識・国際業務,30歳,1:男,43：熊本県,4
フィリピン,特定技能１号,30歳,1:男,43：熊本県,19
フィリピン,技能実習１号ロ,30歳,1:男,43：熊本県,20
フィリピン,技能実習２号ロ,30歳,1:男,43：熊本県,3
フィリピン,技能実習３号ロ,30歳,1:男,43：熊本県,10
フィリピン,特定活動,30歳,1:男,43：熊本県,1
フィリピン,永住者,30歳,1:男,43：熊本県,2
フィリピン,技術・人文知識・国際業務,31歳,1:男,43：熊本県,3
フィリピン,特定技能１号,31歳,1:男,43：熊本県,23
フィリピン,技能実習１号ロ,31歳,1:男,43：熊本県,9
フィリピン,技能実習２号ロ,31歳,1:男,43：熊本県,6
フィリピン,技能実習３号ロ,31歳,1:男,43：熊本県,7
フィリピン,留学,31歳,1:男,43：熊本県,1
フィリピン,永住者,31歳,1:男,43：熊本県,2
フィリピン,定住者,31歳,1:男,43：熊本県,1
フィリピン,教育,32歳,1:男,43：熊本県,1
フィリピン,技術・人文知識・国際業務,32歳,1:男,43：熊本県,4
フィリピン,特定技能１号,32歳,1:男,43：熊本県,25
フィリピン,技能実習１号ロ,32歳,1:男,43：熊本県,16
フィリピン,技能実習２号ロ,32歳,1:男,43：熊本県,6
フィリピン,技能実習３号ロ,32歳,1:男,43：熊本県,7
フィリピン,留学,32歳,1:男,43：熊本県,1
フィリピン,特定活動,32歳,1:男,43：熊本県,2
フィリピン,永住者,32歳,1:男,43：熊本県,2
フィリピン,日本人の配偶者等,32歳,1:男,43：熊本県,1
フィリピン,教授,33歳,1:男,43：熊本県,1
フィリピン,技術・人文知識・国際業務,33歳,1:男,43：熊本県,1
フィリピン,特定技能１号,33歳,1:男,43：熊本県,16
フィリピン,技能実習１号ロ,33歳,1:男,43：熊本県,10
フィリピン,技能実習２号ロ,33歳,1:男,43：熊本県,6
フィリピン,技能実習３号ロ,33歳,1:男,43：熊本県,3
フィリピン,特定活動,33歳,1:男,43：熊本県,2
フィリピン,永住者,33歳,1:男,43：熊本県,2
フィリピン,定住者,33歳,1:男,43：熊本県,1
フィリピン,技術・人文知識・国際業務,34歳,1:男,43：熊本県,1
フィリピン,特定技能１号,34歳,1:男,43：熊本県,12
フィリピン,技能実習１号イ,34歳,1:男,43：熊本県,1
フィリピン,技能実習１号ロ,34歳,1:男,43：熊本県,9
フィリピン,技能実習２号ロ,34歳,1:男,43：熊本県,2
フィリピン,技能実習３号ロ,34歳,1:男,43：熊本県,8
フィリピン,特定活動,34歳,1:男,43：熊本県,1
フィリピン,永住者,34歳,1:男,43：熊本県,2
フィリピン,日本人の配偶者等,34歳,1:男,43：熊本県,1
フィリピン,定住者,34歳,1:男,43：熊本県,1
フィリピン,技術・人文知識・国際業務,35歳,1:男,43：熊本県,2
フィリピン,特定技能１号,35歳,1:男,43：熊本県,15
フィリピン,技能実習１号ロ,35歳,1:男,43：熊本県,8
フィリピン,技能実習２号イ,35歳,1:男,43：熊本県,1
フィリピン,技能実習２号ロ,35歳,1:男,43：熊本県,3
フィリピン,技能実習３号イ,35歳,1:男,43：熊本県,1
フィリピン,技能実習３号ロ,35歳,1:男,43：熊本県,7
フィリピン,特定活動,35歳,1:男,43：熊本県,1
フィリピン,永住者,35歳,1:男,43：熊本県,1
フィリピン,日本人の配偶者等,35歳,1:男,43：熊本県,2
フィリピン,定住者,35歳,1:男,43：熊本県,1
フィリピン,特定技能１号,36歳,1:男,43：熊本県,19
フィリピン,技能実習１号ロ,36歳,1:男,43：熊本県,2
フィリピン,技能実習２号ロ,36歳,1:男,43：熊本県,2
フィリピン,技能実習３号イ,36歳,1:男,43：熊本県,1
フィリピン,日本人の配偶者等,36歳,1:男,43：熊本県,2
フィリピン,定住者,36歳,1:男,43：熊本県,1
フィリピン,技術・人文知識・国際業務,37歳,1:男,43：熊本県,2
フィリピン,特定技能１号,37歳,1:男,43：熊本県,9
フィリピン,技能実習２号ロ,37歳,1:男,43：熊本県,3
フィリピン,技能実習３号ロ,37歳,1:男,43：熊本県,3
フィリピン,特定活動,37歳,1:男,43：熊本県,3
フィリピン,永住者,37歳,1:男,43：熊本県,2
フィリピン,特定技能１号,38歳,1:男,43：熊本県,7
フィリピン,技能実習１号ロ,38歳,1:男,43：熊本県,1
フィリピン,技能実習２号ロ,38歳,1:男,43：熊本県,1
フィリピン,技能実習３号ロ,38歳,1:男,43：熊本県,3
フィリピン,特定技能１号,39歳,1:男,43：熊本県,3
フィリピン,技能実習３号ロ,39歳,1:男,43：熊本県,1
フィリピン,日本人の配偶者等,39歳,1:男,43：熊本県,1
フィリピン,技術・人文知識・国際業務,40歳,1:男,43：熊本県,1
フィリピン,特定技能１号,40歳,1:男,43：熊本県,3
フィリピン,技能実習２号ロ,40歳,1:男,43：熊本県,1
フィリピン,定住者,40歳,1:男,43：熊本県,1
フィリピン,技能実習２号ロ,41歳,1:男,43：熊本県,1
フィリピン,技能実習３号ロ,41歳,1:男,43：熊本県,1
フィリピン,永住者,41歳,1:男,43：熊本県,1
フィリピン,技術・人文知識・国際業務,42歳,1:男,43：熊本県,3
フィリピン,特定技能１号,42歳,1:男,43：熊本県,1
フィリピン,技能実習１号ロ,42歳,1:男,43：熊本県,2
フィリピン,永住者,42歳,1:男,43：熊本県,3
フィリピン,技能実習３号ロ,43歳,1:男,43：熊本県,1
フィリピン,家族滞在,43歳,1:男,43：熊本県,1
フィリピン,技術・人文知識・国際業務,44歳,1:男,43：熊本県,3
フィリピン,家族滞在,44歳,1:男,43：熊本県,2
フィリピン,永住者,44歳,1:男,43：熊本県,1
フィリピン,家族滞在,45歳,1:男,43：熊本県,1
フィリピン,永住者,45歳,1:男,43：熊本県,1
フィリピン,技術・人文知識・国際業務,49歳,1:男,43：熊本県,1
フィリピン,永住者,50歳,1:男,43：熊本県,2
フィリピン,定住者,51歳,1:男,43：熊本県,1
フィリピン,永住者,52歳,1:男,43：熊本県,1
フィリピン,永住者,53歳,1:男,43：熊本県,1
フィリピン,永住者,64歳,1:男,43：熊本県,1
フィリピン,永住者,65歳,1:男,43：熊本県,1
フィリピン,永住者,77歳,1:男,43：熊本県,1
フィリピン,家族滞在,00歳,2:女,43：熊本県,1
フィリピン,特定活動,00歳,2:女,43：熊本県,2
フィリピン,永住者,01歳,2:女,43：熊本県,1
フィリピン,定住者,01歳,2:女,43：熊本県,3
フィリピン,永住者の配偶者等,03歳,2:女,43：熊本県,1
フィリピン,永住者の配偶者等,04歳,2:女,43：熊本県,1
フィリピン,日本人の配偶者等,07歳,2:女,43：熊本県,2
フィリピン,永住者,09歳,2:女,43：熊本県,1
フィリピン,定住者,09歳,2:女,43：熊本県,3
フィリピン,家族滞在,10歳,2:女,43：熊本県,1
フィリピン,定住者,10歳,2:女,43：熊本県,1
フィリピン,家族滞在,11歳,2:女,43：熊本県,1
フィリピン,定住者,11歳,2:女,43：熊本県,6
フィリピン,家族滞在,12歳,2:女,43：熊本県,1
フィリピン,永住者,12歳,2:女,43：熊本県,2
フィリピン,定住者,12歳,2:女,43：熊本県,1
フィリピン,永住者,13歳,2:女,43：熊本県,1
フィリピン,定住者,13歳,2:女,43：熊本県,2
フィリピン,永住者,14歳,2:女,43：熊本県,1
フィリピン,日本人の配偶者等,14歳,2:女,43：熊本県,1
フィリピン,定住者,14歳,2:女,43：熊本県,2
フィリピン,家族滞在,15歳,2:女,43：熊本県,2
フィリピン,永住者,15歳,2:女,43：熊本県,1
フィリピン,定住者,15歳,2:女,43：熊本県,1
フィリピン,永住者,16歳,2:女,43：熊本県,1
フィリピン,定住者,16歳,2:女,43：熊本県,1
フィリピン,永住者,17歳,2:女,43：熊本県,1
フィリピン,日本人の配偶者等,17歳,2:女,43：熊本県,1
フィリピン,定住者,17歳,2:女,43：熊本県,2
フィリピン,技能実習１号ロ,18歳,2:女,43：熊本県,1
フィリピン,永住者,18歳,2:女,43：熊本県,2
フィリピン,定住者,18歳,2:女,43：熊本県,2
フィリピン,技能実習１号ロ,19歳,2:女,43：熊本県,1
フィリピン,永住者,19歳,2:女,43：熊本県,1
フィリピン,定住者,19歳,2:女,43：熊本県,3
フィリピン,技能実習１号ロ,20歳,2:女,43：熊本県,3
フィリピン,永住者,20歳,2:女,43：熊本県,2
フィリピン,定住者,20歳,2:女,43：熊本県,2
フィリピン,興行,21歳,2:女,43：熊本県,1
フィリピン,技能実習１号ロ,21歳,2:女,43：熊本県,9
フィリピン,永住者,21歳,2:女,43：熊本県,1
フィリピン,日本人の配偶者等,21歳,2:女,43：熊本県,1
フィリピン,興行,22歳,2:女,43：熊本県,2
フィリピン,技能実習１号ロ,22歳,2:女,43：熊本県,17
フィリピン,技能実習２号ロ,22歳,2:女,43：熊本県,6
フィリピン,永住者,22歳,2:女,43：熊本県,1
フィリピン,定住者,22歳,2:女,43：熊本県,4
フィリピン,興行,23歳,2:女,43：熊本県,3
フィリピン,特定技能１号,23歳,2:女,43：熊本県,4
フィリピン,技能実習１号ロ,23歳,2:女,43：熊本県,24
フィリピン,技能実習２号ロ,23歳,2:女,43：熊本県,1
フィリピン,留学,23歳,2:女,43：熊本県,1
フィリピン,特定活動,23歳,2:女,43：熊本県,2
フィリピン,日本人の配偶者等,23歳,2:女,43：熊本県,1
フィリピン,定住者,23歳,2:女,43：熊本県,1
フィリピン,興行,24歳,2:女,43：熊本県,1
フィリピン,特定技能１号,24歳,2:女,43：熊本県,4
フィリピン,技能実習１号ロ,24歳,2:女,43：熊本県,38
フィリピン,技能実習２号ロ,24歳,2:女,43：熊本県,5
フィリピン,技能実習３号ロ,24歳,2:女,43：熊本県,3
フィリピン,日本人の配偶者等,24歳,2:女,43：熊本県,2
フィリピン,定住者,24歳,2:女,43：熊本県,1
フィリピン,技術・人文知識・国際業務,25歳,2:女,43：熊本県,1
フィリピン,興行,25歳,2:女,43：熊本県,1
フィリピン,特定技能１号,25歳,2:女,43：熊本県,15
フィリピン,技能実習１号ロ,25歳,2:女,43：熊本県,42
フィリピン,技能実習２号ロ,25歳,2:女,43：熊本県,11
フィリピン,技能実習３号ロ,25歳,2:女,43：熊本県,5
フィリピン,留学,25歳,2:女,43：熊本県,1
フィリピン,特定活動,25歳,2:女,43：熊本県,2
フィリピン,永住者,25歳,2:女,43：熊本県,1
フィリピン,日本人の配偶者等,25歳,2:女,43：熊本県,1
フィリピン,定住者,25歳,2:女,43：熊本県,2
フィリピン,技術・人文知識・国際業務,26歳,2:女,43：熊本県,3
フィリピン,興行,26歳,2:女,43：熊本県,1
フィリピン,特定技能１号,26歳,2:女,43：熊本県,22
フィリピン,技能実習１号ロ,26歳,2:女,43：熊本県,62
フィリピン,技能実習２号ロ,26歳,2:女,43：熊本県,16
フィリピン,技能実習３号ロ,26歳,2:女,43：熊本県,20
フィリピン,留学,26歳,2:女,43：熊本県,1
フィリピン,永住者,26歳,2:女,43：熊本県,3
フィリピン,日本人の配偶者等,26歳,2:女,43：熊本県,1
フィリピン,技術・人文知識・国際業務,27歳,2:女,43：熊本県,1
フィリピン,特定技能１号,27歳,2:女,43：熊本県,31
フィリピン,技能実習１号ロ,27歳,2:女,43：熊本県,44
フィリピン,技能実習２号ロ,27歳,2:女,43：熊本県,20
フィリピン,技能実習３号ロ,27歳,2:女,43：熊本県,26
フィリピン,特定活動,27歳,2:女,43：熊本県,1
フィリピン,永住者,27歳,2:女,43：熊本県,1
フィリピン,日本人の配偶者等,27歳,2:女,43：熊本県,4
フィリピン,永住者の配偶者等,27歳,2:女,43：熊本県,1
フィリピン,技術・人文知識・国際業務,28歳,2:女,43：熊本県,4
フィリピン,企業内転勤,28歳,2:女,43：熊本県,1
フィリピン,特定技能１号,28歳,2:女,43：熊本県,33
フィリピン,技能実習１号ロ,28歳,2:女,43：熊本県,26
フィリピン,技能実習２号ロ,28歳,2:女,43：熊本県,22
フィリピン,技能実習３号ロ,28歳,2:女,43：熊本県,29
フィリピン,特定活動,28歳,2:女,43：熊本県,2
フィリピン,永住者,28歳,2:女,43：熊本県,3
フィリピン,日本人の配偶者等,28歳,2:女,43：熊本県,10
フィリピン,定住者,28歳,2:女,43：熊本県,3
フィリピン,技術・人文知識・国際業務,29歳,2:女,43：熊本県,1
フィリピン,特定技能１号,29歳,2:女,43：熊本県,25
フィリピン,技能実習１号ロ,29歳,2:女,43：熊本県,41
フィリピン,技能実習２号ロ,29歳,2:女,43：熊本県,11
フィリピン,技能実習３号ロ,29歳,2:女,43：熊本県,24
フィリピン,家族滞在,29歳,2:女,43：熊本県,1
フィリピン,特定活動,29歳,2:女,43：熊本県,2
フィリピン,永住者,29歳,2:女,43：熊本県,3
フィリピン,日本人の配偶者等,29歳,2:女,43：熊本県,10
フィリピン,永住者の配偶者等,29歳,2:女,43：熊本県,1
フィリピン,定住者,29歳,2:女,43：熊本県,3
フィリピン,技術・人文知識・国際業務,30歳,2:女,43：熊本県,2
フィリピン,興行,30歳,2:女,43：熊本県,1
フィリピン,特定技能１号,30歳,2:女,43：熊本県,36
フィリピン,技能実習１号ロ,30歳,2:女,43：熊本県,25
フィリピン,技能実習２号ロ,30歳,2:女,43：熊本県,11
フィリピン,技能実習３号ロ,30歳,2:女,43：熊本県,29
フィリピン,家族滞在,30歳,2:女,43：熊本県,1
フィリピン,特定活動,30歳,2:女,43：熊本県,2
フィリピン,永住者,30歳,2:女,43：熊本県,4
フィリピン,日本人の配偶者等,30歳,2:女,43：熊本県,10
フィリピン,定住者,30歳,2:女,43：熊本県,4
フィリピン,教育,31歳,2:女,43：熊本県,1
フィリピン,技術・人文知識・国際業務,31歳,2:女,43：熊本県,4
フィリピン,興行,31歳,2:女,43：熊本県,1
フィリピン,特定技能１号,31歳,2:女,43：熊本県,22
フィリピン,技能実習１号ロ,31歳,2:女,43：熊本県,17
フィリピン,技能実習２号ロ,31歳,2:女,43：熊本県,5
フィリピン,技能実習３号ロ,31歳,2:女,43：熊本県,23
フィリピン,留学,31歳,2:女,43：熊本県,1
フィリピン,特定活動,31歳,2:女,43：熊本県,4
フィリピン,永住者,31歳,2:女,43：熊本県,1
フィリピン,日本人の配偶者等,31歳,2:女,43：熊本県,7
フィリピン,定住者,31歳,2:女,43：熊本県,2
フィリピン,教育,32歳,2:女,43：熊本県,1
フィリピン,技術・人文知識・国際業務,32歳,2:女,43：熊本県,1
フィリピン,興行,32歳,2:女,43：熊本県,1
フィリピン,特定技能１号,32歳,2:女,43：熊本県,25
フィリピン,技能実習１号ロ,32歳,2:女,43：熊本県,23
フィリピン,技能実習２号ロ,32歳,2:女,43：熊本県,5
フィリピン,技能実習３号ロ,32歳,2:女,43：熊本県,23
フィリピン,特定活動,32歳,2:女,43：熊本県,1
フィリピン,永住者,32歳,2:女,43：熊本県,2
フィリピン,日本人の配偶者等,32歳,2:女,43：熊本県,9
フィリピン,定住者,32歳,2:女,43：熊本県,6
フィリピン,教育,33歳,2:女,43：熊本県,1
フィリピン,特定技能１号,33歳,2:女,43：熊本県,25
フィリピン,技能実習１号ロ,33歳,2:女,43：熊本県,10
フィリピン,技能実習２号ロ,33歳,2:女,43：熊本県,2
フィリピン,技能実習３号ロ,33歳,2:女,43：熊本県,18
フィリピン,留学,33歳,2:女,43：熊本県,1
フィリピン,特定活動,33歳,2:女,43：熊本県,2
フィリピン,永住者,33歳,2:女,43：熊本県,4
フィリピン,日本人の配偶者等,33歳,2:女,43：熊本県,7
フィリピン,定住者,33歳,2:女,43：熊本県,2
フィリピン,教育,34歳,2:女,43：熊本県,1
フィリピン,技術・人文知識・国際業務,34歳,2:女,43：熊本県,1
フィリピン,特定技能１号,34歳,2:女,43：熊本県,17
フィリピン,技能実習１号ロ,34歳,2:女,43：熊本県,8
フィリピン,技能実習２号ロ,34歳,2:女,43：熊本県,3
フィリピン,技能実習３号ロ,34歳,2:女,43：熊本県,8
フィリピン,特定活動,34歳,2:女,43：熊本県,4
フィリピン,永住者,34歳,2:女,43：熊本県,2
フィリピン,日本人の配偶者等,34歳,2:女,43：熊本県,8
フィリピン,定住者,34歳,2:女,43：熊本県,1
フィリピン,特定技能１号,35歳,2:女,43：熊本県,13
フィリピン,技能実習１号ロ,35歳,2:女,43：熊本県,3
フィリピン,技能実習２号ロ,35歳,2:女,43：熊本県,4
フィリピン,技能実習３号ロ,35歳,2:女,43：熊本県,5
フィリピン,特定活動,35歳,2:女,43：熊本県,1
フィリピン,永住者,35歳,2:女,43：熊本県,6
フィリピン,日本人の配偶者等,35歳,2:女,43：熊本県,6
フィリピン,定住者,35歳,2:女,43：熊本県,3
フィリピン,教育,36歳,2:女,43：熊本県,1
フィリピン,特定技能１号,36歳,2:女,43：熊本県,4
フィリピン,技能実習１号ロ,36歳,2:女,43：熊本県,2
フィリピン,技能実習２号ロ,36歳,2:女,43：熊本県,1
フィリピン,技能実習３号ロ,36歳,2:女,43：熊本県,2
フィリピン,特定活動,36歳,2:女,43：熊本県,1
フィリピン,永住者,36歳,2:女,43：熊本県,6
フィリピン,日本人の配偶者等,36歳,2:女,43：熊本県,7
フィリピン,永住者の配偶者等,36歳,2:女,43：熊本県,1
フィリピン,定住者,36歳,2:女,43：熊本県,2
フィリピン,特定技能１号,37歳,2:女,43：熊本県,5
フィリピン,技能実習１号ロ,37歳,2:女,43：熊本県,3
フィリピン,技能実習２号ロ,37歳,2:女,43：熊本県,1
フィリピン,技能実習３号ロ,37歳,2:女,43：熊本県,4
フィリピン,特定活動,37歳,2:女,43：熊本県,1
フィリピン,永住者,37歳,2:女,43：熊本県,10
フィリピン,日本人の配偶者等,37歳,2:女,43：熊本県,5
フィリピン,定住者,37歳,2:女,43：熊本県,1
フィリピン,特定技能１号,38歳,2:女,43：熊本県,3
フィリピン,技能実習１号ロ,38歳,2:女,43：熊本県,2
フィリピン,技能実習２号ロ,38歳,2:女,43：熊本県,2
フィリピン,技能実習３号ロ,38歳,2:女,43：熊本県,1
フィリピン,永住者,38歳,2:女,43：熊本県,16
フィリピン,日本人の配偶者等,38歳,2:女,43：熊本県,6
フィリピン,定住者,38歳,2:女,43：熊本県,2
フィリピン,特定技能１号,39歳,2:女,43：熊本県,1
フィリピン,技能実習１号ロ,39歳,2:女,43：熊本県,2
フィリピン,技能実習３号ロ,39歳,2:女,43：熊本県,4
フィリピン,家族滞在,39歳,2:女,43：熊本県,1
フィリピン,特定活動,39歳,2:女,43：熊本県,2
フィリピン,永住者,39歳,2:女,43：熊本県,23
フィリピン,日本人の配偶者等,39歳,2:女,43：熊本県,6
フィリピン,定住者,39歳,2:女,43：熊本県,5
フィリピン,教育,40歳,2:女,43：熊本県,1
フィリピン,技術・人文知識・国際業務,40歳,2:女,43：熊本県,1
フィリピン,特定技能１号,40歳,2:女,43：熊本県,1
フィリピン,技能実習１号ロ,40歳,2:女,43：熊本県,1
フィリピン,永住者,40歳,2:女,43：熊本県,14
フィリピン,日本人の配偶者等,40歳,2:女,43：熊本県,8
フィリピン,定住者,40歳,2:女,43：熊本県,3
フィリピン,技術・人文知識・国際業務,41歳,2:女,43：熊本県,1
フィリピン,特定技能１号,41歳,2:女,43：熊本県,1
フィリピン,技能実習１号ロ,41歳,2:女,43：熊本県,2
フィリピン,技能実習３号ロ,41歳,2:女,43：熊本県,1
フィリピン,永住者,41歳,2:女,43：熊本県,32
フィリピン,日本人の配偶者等,41歳,2:女,43：熊本県,3
フィリピン,定住者,41歳,2:女,43：熊本県,5
フィリピン,技術・人文知識・国際業務,42歳,2:女,43：熊本県,1
フィリピン,介護,42歳,2:女,43：熊本県,1
フィリピン,技能実習１号ロ,42歳,2:女,43：熊本県,3
フィリピン,技能実習３号ロ,42歳,2:女,43：熊本県,1
フィリピン,永住者,42歳,2:女,43：熊本県,30
フィリピン,日本人の配偶者等,42歳,2:女,43：熊本県,9
フィリピン,定住者,42歳,2:女,43：熊本県,7
フィリピン,技能実習１号ロ,43歳,2:女,43：熊本県,3
フィリピン,技能実習２号ロ,43歳,2:女,43：熊本県,1
フィリピン,特定活動,43歳,2:女,43：熊本県,1
フィリピン,永住者,43歳,2:女,43：熊本県,25
フィリピン,日本人の配偶者等,43歳,2:女,43：熊本県,6
フィリピン,定住者,43歳,2:女,43：熊本県,1
フィリピン,技能実習１号ロ,44歳,2:女,43：熊本県,1
フィリピン,特定活動,44歳,2:女,43：熊本県,1
フィリピン,永住者,44歳,2:女,43：熊本県,32
フィリピン,日本人の配偶者等,44歳,2:女,43：熊本県,3
フィリピン,定住者,44歳,2:女,43：熊本県,2
フィリピン,技能実習１号ロ,45歳,2:女,43：熊本県,1
フィリピン,永住者,45歳,2:女,43：熊本県,25
フィリピン,日本人の配偶者等,45歳,2:女,43：熊本県,7
フィリピン,定住者,45歳,2:女,43：熊本県,5
フィリピン,永住者,46歳,2:女,43：熊本県,31
フィリピン,日本人の配偶者等,46歳,2:女,43：熊本県,2
フィリピン,永住者,47歳,2:女,43：熊本県,27
フィリピン,日本人の配偶者等,47歳,2:女,43：熊本県,2
フィリピン,永住者の配偶者等,47歳,2:女,43：熊本県,1
フィリピン,定住者,47歳,2:女,43：熊本県,2
フィリピン,教育,48歳,2:女,43：熊本県,1
フィリピン,永住者,48歳,2:女,43：熊本県,27
フィリピン,日本人の配偶者等,48歳,2:女,43：熊本県,2
フィリピン,技能実習２号ロ,49歳,2:女,43：熊本県,1
フィリピン,特定活動,49歳,2:女,43：熊本県,1
フィリピン,永住者,49歳,2:女,43：熊本県,39
フィリピン,日本人の配偶者等,49歳,2:女,43：熊本県,3
フィリピン,定住者,49歳,2:女,43：熊本県,6
フィリピン,永住者,50歳,2:女,43：熊本県,51
フィリピン,日本人の配偶者等,50歳,2:女,43：熊本県,4
フィリピン,定住者,50歳,2:女,43：熊本県,3
フィリピン,永住者,51歳,2:女,43：熊本県,46
フィリピン,日本人の配偶者等,51歳,2:女,43：熊本県,1
フィリピン,定住者,51歳,2:女,43：熊本県,4
フィリピン,永住者,52歳,2:女,43：熊本県,67
フィリピン,日本人の配偶者等,52歳,2:女,43：熊本県,3
フィリピン,定住者,52歳,2:女,43：熊本県,2
フィリピン,永住者,53歳,2:女,43：熊本県,66
フィリピン,日本人の配偶者等,53歳,2:女,43：熊本県,3
フィリピン,定住者,53歳,2:女,43：熊本県,3
フィリピン,永住者,54歳,2:女,43：熊本県,52
フィリピン,日本人の配偶者等,54歳,2:女,43：熊本県,1
フィリピン,定住者,54歳,2:女,43：熊本県,3
フィリピン,永住者,55歳,2:女,43：熊本県,33
フィリピン,日本人の配偶者等,55歳,2:女,43：熊本県,2
フィリピン,定住者,55歳,2:女,43：熊本県,2
フィリピン,永住者,56歳,2:女,43：熊本県,31
フィリピン,日本人の配偶者等,56歳,2:女,43：熊本県,3
フィリピン,定住者,56歳,2:女,43：熊本県,3
フィリピン,永住者,57歳,2:女,43：熊本県,26
フィリピン,日本人の配偶者等,57歳,2:女,43：熊本県,2
フィリピン,永住者,58歳,2:女,43：熊本県,27
フィリピン,日本人の配偶者等,58歳,2:女,43：熊本県,2
フィリピン,定住者,58歳,2:女,43：熊本県,1
フィリピン,永住者,59歳,2:女,43：熊本県,14
フィリピン,定住者,59歳,2:女,43：熊本県,1
フィリピン,永住者,60歳,2:女,43：熊本県,10
フィリピン,日本人の配偶者等,60歳,2:女,43：熊本県,1
フィリピン,永住者,61歳,2:女,43：熊本県,12
フィリピン,永住者,62歳,2:女,43：熊本県,13
フィリピン,日本人の配偶者等,62歳,2:女,43：熊本県,1
フィリピン,永住者,63歳,2:女,43：熊本県,4
フィリピン,定住者,63歳,2:女,43：熊本県,2
フィリピン,永住者,64歳,2:女,43：熊本県,4
フィリピン,永住者,65歳,2:女,43：熊本県,3
フィリピン,永住者,66歳,2:女,43：熊本県,3
フィリピン,永住者,69歳,2:女,43：熊本県,1
フィリピン,永住者,70歳,2:女,43：熊本県,1
フィリピン,永住者,72歳,2:女,43：熊本県,3
フィリピン,永住者,73歳,2:女,43：熊本県,2
フィリピン,永住者,74歳,2:女,43：熊本県,1
フィリピン,永住者,78歳,2:女,43：熊本県,1
ブータン,永住者,38歳,1:男,43：熊本県,1
ブータン,永住者,62歳,2:女,43：熊本県,1
ベトナム,家族滞在,00歳,1:男,43：熊本県,6
ベトナム,家族滞在,01歳,1:男,43：熊本県,5
ベトナム,家族滞在,02歳,1:男,43：熊本県,7
ベトナム,特定活動,02歳,1:男,43：熊本県,1
ベトナム,家族滞在,03歳,1:男,43：熊本県,4
ベトナム,家族滞在,05歳,1:男,43：熊本県,1
ベトナム,永住者,07歳,1:男,43：熊本県,1
ベトナム,家族滞在,08歳,1:男,43：熊本県,2
ベトナム,家族滞在,09歳,1:男,43：熊本県,1
ベトナム,家族滞在,10歳,1:男,43：熊本県,2
ベトナム,定住者,11歳,1:男,43：熊本県,1
ベトナム,定住者,13歳,1:男,43：熊本県,1
ベトナム,技能実習１号ロ,18歳,1:男,43：熊本県,3
ベトナム,技能実習１号ロ,19歳,1:男,43：熊本県,65
ベトナム,留学,19歳,1:男,43：熊本県,3
ベトナム,技能実習１号ロ,20歳,1:男,43：熊本県,71
ベトナム,技能実習２号ロ,20歳,1:男,43：熊本県,1
ベトナム,留学,20歳,1:男,43：熊本県,5
ベトナム,特定技能１号,21歳,1:男,43：熊本県,3
ベトナム,技能実習１号ロ,21歳,1:男,43：熊本県,82
ベトナム,技能実習２号ロ,21歳,1:男,43：熊本県,46
ベトナム,留学,21歳,1:男,43：熊本県,8
ベトナム,特定活動,21歳,1:男,43：熊本県,3
ベトナム,技術・人文知識・国際業務,22歳,1:男,43：熊本県,11
ベトナム,特定技能１号,22歳,1:男,43：熊本県,33
ベトナム,技能実習１号ロ,22歳,1:男,43：熊本県,61
ベトナム,技能実習２号ロ,22歳,1:男,43：熊本県,53
ベトナム,技能実習３号ロ,22歳,1:男,43：熊本県,6
ベトナム,留学,22歳,1:男,43：熊本県,5
ベトナム,特定活動,22歳,1:男,43：熊本県,26
ベトナム,技術・人文知識・国際業務,23歳,1:男,43：熊本県,23
ベトナム,特定技能１号,23歳,1:男,43：熊本県,50
ベトナム,技能実習１号イ,23歳,1:男,43：熊本県,1
ベトナム,技能実習１号ロ,23歳,1:男,43：熊本県,55
ベトナム,技能実習２号イ,23歳,1:男,43：熊本県,1
ベトナム,技能実習２号ロ,23歳,1:男,43：熊本県,51
ベトナム,技能実習３号ロ,23歳,1:男,43：熊本県,15
ベトナム,留学,23歳,1:男,43：熊本県,3
ベトナム,特定活動,23歳,1:男,43：熊本県,17
ベトナム,技術・人文知識・国際業務,24歳,1:男,43：熊本県,25
ベトナム,特定技能１号,24歳,1:男,43：熊本県,53
ベトナム,技能実習１号イ,24歳,1:男,43：熊本県,2
ベトナム,技能実習１号ロ,24歳,1:男,43：熊本県,41
ベトナム,技能実習２号ロ,24歳,1:男,43：熊本県,48
ベトナム,技能実習３号イ,24歳,1:男,43：熊本県,1
ベトナム,技能実習３号ロ,24歳,1:男,43：熊本県,26
ベトナム,留学,24歳,1:男,43：熊本県,5
ベトナム,特定活動,24歳,1:男,43：熊本県,26
ベトナム,日本人の配偶者等,24歳,1:男,43：熊本県,1
ベトナム,技術・人文知識・国際業務,25歳,1:男,43：熊本県,37
ベトナム,特定技能１号,25歳,1:男,43：熊本県,56
ベトナム,技能実習１号ロ,25歳,1:男,43：熊本県,32
ベトナム,技能実習２号ロ,25歳,1:男,43：熊本県,51
ベトナム,技能実習３号イ,25歳,1:男,43：熊本県,1
ベトナム,技能実習３号ロ,25歳,1:男,43：熊本県,28
ベトナム,留学,25歳,1:男,43：熊本県,3
ベトナム,特定活動,25歳,1:男,43：熊本県,17
ベトナム,日本人の配偶者等,25歳,1:男,43：熊本県,1
ベトナム,経営・管理,26歳,1:男,43：熊本県,1
ベトナム,技術・人文知識・国際業務,26歳,1:男,43：熊本県,45
ベトナム,特定技能１号,26歳,1:男,43：熊本県,65
ベトナム,技能実習１号ロ,26歳,1:男,43：熊本県,21
ベトナム,技能実習２号イ,26歳,1:男,43：熊本県,1
ベトナム,技能実習２号ロ,26歳,1:男,43：熊本県,26
ベトナム,技能実習３号イ,26歳,1:男,43：熊本県,1
ベトナム,技能実習３号ロ,26歳,1:男,43：熊本県,21
ベトナム,留学,26歳,1:男,43：熊本県,5
ベトナム,特定活動,26歳,1:男,43：熊本県,13
ベトナム,技術・人文知識・国際業務,27歳,1:男,43：熊本県,65
ベトナム,特定技能１号,27歳,1:男,43：熊本県,55
ベトナム,技能実習１号ロ,27歳,1:男,43：熊本県,29
ベトナム,技能実習２号ロ,27歳,1:男,43：熊本県,29
ベトナム,技能実習３号イ,27歳,1:男,43：熊本県,2
ベトナム,技能実習３号ロ,27歳,1:男,43：熊本県,26
ベトナム,特定活動,27歳,1:男,43：熊本県,21
ベトナム,日本人の配偶者等,27歳,1:男,43：熊本県,4
ベトナム,経営・管理,28歳,1:男,43：熊本県,1
ベトナム,技術・人文知識・国際業務,28歳,1:男,43：熊本県,48
ベトナム,特定技能１号,28歳,1:男,43：熊本県,43
ベトナム,技能実習１号イ,28歳,1:男,43：熊本県,1
ベトナム,技能実習１号ロ,28歳,1:男,43：熊本県,10
ベトナム,技能実習２号ロ,28歳,1:男,43：熊本県,22
ベトナム,技能実習３号イ,28歳,1:男,43：熊本県,1
ベトナム,技能実習３号ロ,28歳,1:男,43：熊本県,28
ベトナム,家族滞在,28歳,1:男,43：熊本県,3
ベトナム,特定活動,28歳,1:男,43：熊本県,17
ベトナム,日本人の配偶者等,28歳,1:男,43：熊本県,3
ベトナム,経営・管理,29歳,1:男,43：熊本県,1
ベトナム,技術・人文知識・国際業務,29歳,1:男,43：熊本県,36
ベトナム,特定技能１号,29歳,1:男,43：熊本県,43
ベトナム,技能実習１号ロ,29歳,1:男,43：熊本県,20
ベトナム,技能実習２号ロ,29歳,1:男,43：熊本県,13
ベトナム,技能実習３号イ,29歳,1:男,43：熊本県,2
ベトナム,技能実習３号ロ,29歳,1:男,43：熊本県,28
ベトナム,留学,29歳,1:男,43：熊本県,4
ベトナム,特定活動,29歳,1:男,43：熊本県,16
ベトナム,経営・管理,30歳,1:男,43：熊本県,1
ベトナム,技術・人文知識・国際業務,30歳,1:男,43：熊本県,26
ベトナム,特定技能１号,30歳,1:男,43：熊本県,38
ベトナム,技能実習１号ロ,30歳,1:男,43：熊本県,26
ベトナム,技能実習２号ロ,30歳,1:男,43：熊本県,16
ベトナム,技能実習３号イ,30歳,1:男,43：熊本県,2
ベトナム,技能実習３号ロ,30歳,1:男,43：熊本県,18
ベトナム,留学,30歳,1:男,43：熊本県,4
ベトナム,特定活動,30歳,1:男,43：熊本県,12
ベトナム,技術・人文知識・国際業務,31歳,1:男,43：熊本県,31
ベトナム,企業内転勤,31歳,1:男,43：熊本県,1
ベトナム,特定技能１号,31歳,1:男,43：熊本県,38
ベトナム,技能実習１号ロ,31歳,1:男,43：熊本県,17
ベトナム,技能実習２号ロ,31歳,1:男,43：熊本県,10
ベトナム,技能実習３号イ,31歳,1:男,43：熊本県,3
ベトナム,技能実習３号ロ,31歳,1:男,43：熊本県,18
ベトナム,留学,31歳,1:男,43：熊本県,1
ベトナム,特定活動,31歳,1:男,43：熊本県,11
ベトナム,日本人の配偶者等,31歳,1:男,43：熊本県,1
ベトナム,高度専門職１号ロ,32歳,1:男,43：熊本県,1
ベトナム,経営・管理,32歳,1:男,43：熊本県,1
ベトナム,技術・人文知識・国際業務,32歳,1:男,43：熊本県,27
ベトナム,特定技能１号,32歳,1:男,43：熊本県,32
ベトナム,技能実習１号ロ,32歳,1:男,43：熊本県,16
ベトナム,技能実習２号イ,32歳,1:男,43：熊本県,2
ベトナム,技能実習２号ロ,32歳,1:男,43：熊本県,20
ベトナム,技能実習３号イ,32歳,1:男,43：熊本県,3
ベトナム,技能実習３号ロ,32歳,1:男,43：熊本県,17
ベトナム,家族滞在,32歳,1:男,43：熊本県,1
ベトナム,特定活動,32歳,1:男,43：熊本県,14
ベトナム,日本人の配偶者等,32歳,1:男,43：熊本県,1
ベトナム,技術・人文知識・国際業務,33歳,1:男,43：熊本県,19
ベトナム,企業内転勤,33歳,1:男,43：熊本県,1
ベトナム,特定技能１号,33歳,1:男,43：熊本県,19
ベトナム,技能実習１号イ,33歳,1:男,43：熊本県,1
ベトナム,技能実習１号ロ,33歳,1:男,43：熊本県,11
ベトナム,技能実習２号ロ,33歳,1:男,43：熊本県,13
ベトナム,技能実習３号イ,33歳,1:男,43：熊本県,4
ベトナム,技能実習３号ロ,33歳,1:男,43：熊本県,9
ベトナム,特定活動,33歳,1:男,43：熊本県,3
ベトナム,技術・人文知識・国際業務,34歳,1:男,43：熊本県,19
ベトナム,特定技能１号,34歳,1:男,43：熊本県,22
ベトナム,技能実習１号イ,34歳,1:男,43：熊本県,1
ベトナム,技能実習１号ロ,34歳,1:男,43：熊本県,12
ベトナム,技能実習２号ロ,34歳,1:男,43：熊本県,6
ベトナム,技能実習３号イ,34歳,1:男,43：熊本県,3
ベトナム,技能実習３号ロ,34歳,1:男,43：熊本県,13
ベトナム,家族滞在,34歳,1:男,43：熊本県,1
ベトナム,特定活動,34歳,1:男,43：熊本県,5
ベトナム,日本人の配偶者等,34歳,1:男,43：熊本県,2
ベトナム,技術・人文知識・国際業務,35歳,1:男,43：熊本県,7
ベトナム,企業内転勤,35歳,1:男,43：熊本県,1
ベトナム,特定技能１号,35歳,1:男,43：熊本県,28
ベトナム,技能実習１号イ,35歳,1:男,43：熊本県,1
ベトナム,技能実習１号ロ,35歳,1:男,43：熊本県,12
ベトナム,技能実習２号イ,35歳,1:男,43：熊本県,1
ベトナム,技能実習２号ロ,35歳,1:男,43：熊本県,6
ベトナム,技能実習３号イ,35歳,1:男,43：熊本県,3
ベトナム,技能実習３号ロ,35歳,1:男,43：熊本県,9
ベトナム,留学,35歳,1:男,43：熊本県,2
ベトナム,特定活動,35歳,1:男,43：熊本県,10
ベトナム,日本人の配偶者等,35歳,1:男,43：熊本県,1
ベトナム,技術・人文知識・国際業務,36歳,1:男,43：熊本県,11
ベトナム,特定技能１号,36歳,1:男,43：熊本県,13
ベトナム,技能実習１号イ,36歳,1:男,43：熊本県,1
ベトナム,技能実習１号ロ,36歳,1:男,43：熊本県,5
ベトナム,技能実習２号ロ,36歳,1:男,43：熊本県,6
ベトナム,技能実習３号イ,36歳,1:男,43：熊本県,9
ベトナム,技能実習３号ロ,36歳,1:男,43：熊本県,5
ベトナム,特定活動,36歳,1:男,43：熊本県,4
ベトナム,技術・人文知識・国際業務,37歳,1:男,43：熊本県,4
ベトナム,特定技能１号,37歳,1:男,43：熊本県,12
ベトナム,技能実習１号イ,37歳,1:男,43：熊本県,1
ベトナム,技能実習１号ロ,37歳,1:男,43：熊本県,5
ベトナム,技能実習２号イ,37歳,1:男,43：熊本県,2
ベトナム,技能実習３号イ,37歳,1:男,43：熊本県,18
ベトナム,技能実習３号ロ,37歳,1:男,43：熊本県,2
ベトナム,家族滞在,37歳,1:男,43：熊本県,1
ベトナム,特定活動,37歳,1:男,43：熊本県,3
ベトナム,永住者,37歳,1:男,43：熊本県,1
ベトナム,技術・人文知識・国際業務,38歳,1:男,43：熊本県,6
ベトナム,特定技能１号,38歳,1:男,43：熊本県,13
ベトナム,技能実習１号イ,38歳,1:男,43：熊本県,1
ベトナム,技能実習１号ロ,38歳,1:男,43：熊本県,3
ベトナム,技能実習２号ロ,38歳,1:男,43：熊本県,2
ベトナム,技能実習３号イ,38歳,1:男,43：熊本県,8
ベトナム,技能実習３号ロ,38歳,1:男,43：熊本県,1
ベトナム,特定活動,38歳,1:男,43：熊本県,2
ベトナム,技術・人文知識・国際業務,39歳,1:男,43：熊本県,2
ベトナム,特定技能１号,39歳,1:男,43：熊本県,13
ベトナム,技能実習１号ロ,39歳,1:男,43：熊本県,3
ベトナム,技能実習２号イ,39歳,1:男,43：熊本県,4
ベトナム,技能実習２号ロ,39歳,1:男,43：熊本県,1
ベトナム,技能実習３号イ,39歳,1:男,43：熊本県,10
ベトナム,技能実習３号ロ,39歳,1:男,43：熊本県,4
ベトナム,技術・人文知識・国際業務,40歳,1:男,43：熊本県,5
ベトナム,企業内転勤,40歳,1:男,43：熊本県,1
ベトナム,特定技能１号,40歳,1:男,43：熊本県,4
ベトナム,技能実習１号イ,40歳,1:男,43：熊本県,2
ベトナム,技能実習１号ロ,40歳,1:男,43：熊本県,5
ベトナム,技能実習２号ロ,40歳,1:男,43：熊本県,1
ベトナム,技能実習３号イ,40歳,1:男,43：熊本県,9
ベトナム,技能実習３号ロ,40歳,1:男,43：熊本県,3
ベトナム,家族滞在,40歳,1:男,43：熊本県,1
ベトナム,特定活動,40歳,1:男,43：熊本県,2
ベトナム,技術・人文知識・国際業務,41歳,1:男,43：熊本県,1
ベトナム,特定技能１号,41歳,1:男,43：熊本県,6
ベトナム,技能実習１号イ,41歳,1:男,43：熊本県,1
ベトナム,技能実習２号イ,41歳,1:男,43：熊本県,1
ベトナム,技能実習２号ロ,41歳,1:男,43：熊本県,1
ベトナム,技能実習３号イ,41歳,1:男,43：熊本県,4
ベトナム,技能実習３号ロ,41歳,1:男,43：熊本県,1
ベトナム,特定技能１号,42歳,1:男,43：熊本県,4
ベトナム,技能実習１号ロ,42歳,1:男,43：熊本県,1
ベトナム,技能実習２号ロ,42歳,1:男,43：熊本県,1
ベトナム,技能実習３号イ,42歳,1:男,43：熊本県,9
ベトナム,特定活動,42歳,1:男,43：熊本県,1
ベトナム,特定技能１号,43歳,1:男,43：熊本県,2
ベトナム,技能実習１号ロ,43歳,1:男,43：熊本県,1
ベトナム,技能実習３号イ,43歳,1:男,43：熊本県,5
ベトナム,永住者,43歳,1:男,43：熊本県,1
ベトナム,技術・人文知識・国際業務,44歳,1:男,43：熊本県,1
ベトナム,特定技能１号,44歳,1:男,43：熊本県,1
ベトナム,技能実習３号イ,44歳,1:男,43：熊本県,2
ベトナム,特定技能１号,45歳,1:男,43：熊本県,2
ベトナム,技能実習１号ロ,45歳,1:男,43：熊本県,1
ベトナム,技能実習３号イ,45歳,1:男,43：熊本県,2
ベトナム,特定技能１号,47歳,1:男,43：熊本県,1
ベトナム,家族滞在,00歳,2:女,43：熊本県,2
ベトナム,家族滞在,01歳,2:女,43：熊本県,5
ベトナム,家族滞在,02歳,2:女,43：熊本県,5
ベトナム,家族滞在,03歳,2:女,43：熊本県,5
ベトナム,家族滞在,05歳,2:女,43：熊本県,2
ベトナム,家族滞在,06歳,2:女,43：熊本県,2
ベトナム,定住者,06歳,2:女,43：熊本県,1
ベトナム,家族滞在,07歳,2:女,43：熊本県,1
ベトナム,家族滞在,08歳,2:女,43：熊本県,2
ベトナム,定住者,09歳,2:女,43：熊本県,1
ベトナム,家族滞在,10歳,2:女,43：熊本県,1
ベトナム,定住者,10歳,2:女,43：熊本県,2
ベトナム,技能実習１号ロ,18歳,2:女,43：熊本県,21
ベトナム,技能実習１号ロ,19歳,2:女,43：熊本県,155
ベトナム,留学,19歳,2:女,43：熊本県,1
ベトナム,技能実習１号ロ,20歳,2:女,43：熊本県,139
ベトナム,技能実習２号ロ,20歳,2:女,43：熊本県,3
ベトナム,留学,20歳,2:女,43：熊本県,5
ベトナム,特定活動,20歳,2:女,43：熊本県,1
ベトナム,特定技能１号,21歳,2:女,43：熊本県,1
ベトナム,技能実習１号ロ,21歳,2:女,43：熊本県,129
ベトナム,技能実習２号ロ,21歳,2:女,43：熊本県,180
ベトナム,留学,21歳,2:女,43：熊本県,9
ベトナム,家族滞在,21歳,2:女,43：熊本県,1
ベトナム,特定活動,21歳,2:女,43：熊本県,3
ベトナム,技術・人文知識・国際業務,22歳,2:女,43：熊本県,2
ベトナム,特定技能１号,22歳,2:女,43：熊本県,78
ベトナム,技能実習１号ロ,22歳,2:女,43：熊本県,64
ベトナム,技能実習２号ロ,22歳,2:女,43：熊本県,109
ベトナム,技能実習３号ロ,22歳,2:女,43：熊本県,32
ベトナム,留学,22歳,2:女,43：熊本県,2
ベトナム,家族滞在,22歳,2:女,43：熊本県,3
ベトナム,特定活動,22歳,2:女,43：熊本県,9
ベトナム,日本人の配偶者等,22歳,2:女,43：熊本県,1
ベトナム,技術・人文知識・国際業務,23歳,2:女,43：熊本県,11
ベトナム,介護,23歳,2:女,43：熊本県,2
ベトナム,特定技能１号,23歳,2:女,43：熊本県,70
ベトナム,技能実習１号ロ,23歳,2:女,43：熊本県,45
ベトナム,技能実習２号ロ,23歳,2:女,43：熊本県,46
ベトナム,技能実習３号ロ,23歳,2:女,43：熊本県,40
ベトナム,留学,23歳,2:女,43：熊本県,1
ベトナム,家族滞在,23歳,2:女,43：熊本県,4
ベトナム,特定活動,23歳,2:女,43：熊本県,5
ベトナム,技術・人文知識・国際業務,24歳,2:女,43：熊本県,6
ベトナム,介護,24歳,2:女,43：熊本県,1
ベトナム,特定技能１号,24歳,2:女,43：熊本県,85
ベトナム,技能実習１号ロ,24歳,2:女,43：熊本県,34
ベトナム,技能実習２号ロ,24歳,2:女,43：熊本県,49
ベトナム,技能実習３号ロ,24歳,2:女,43：熊本県,44
ベトナム,家族滞在,24歳,2:女,43：熊本県,8
ベトナム,特定活動,24歳,2:女,43：熊本県,9
ベトナム,日本人の配偶者等,24歳,2:女,43：熊本県,4
ベトナム,技術・人文知識・国際業務,25歳,2:女,43：熊本県,7
ベトナム,介護,25歳,2:女,43：熊本県,1
ベトナム,特定技能１号,25歳,2:女,43：熊本県,78
ベトナム,技能実習１号ロ,25歳,2:女,43：熊本県,28
ベトナム,技能実習２号ロ,25歳,2:女,43：熊本県,44
ベトナム,技能実習３号ロ,25歳,2:女,43：熊本県,34
ベトナム,留学,25歳,2:女,43：熊本県,3
ベトナム,家族滞在,25歳,2:女,43：熊本県,8
ベトナム,特定活動,25歳,2:女,43：熊本県,8
ベトナム,日本人の配偶者等,25歳,2:女,43：熊本県,2
ベトナム,技術・人文知識・国際業務,26歳,2:女,43：熊本県,11
ベトナム,介護,26歳,2:女,43：熊本県,3
ベトナム,特定技能１号,26歳,2:女,43：熊本県,41
ベトナム,技能実習１号ロ,26歳,2:女,43：熊本県,32
ベトナム,技能実習２号ロ,26歳,2:女,43：熊本県,35
ベトナム,技能実習３号ロ,26歳,2:女,43：熊本県,23
ベトナム,留学,26歳,2:女,43：熊本県,1
ベトナム,家族滞在,26歳,2:女,43：熊本県,7
ベトナム,特定活動,26歳,2:女,43：熊本県,8
ベトナム,日本人の配偶者等,26歳,2:女,43：熊本県,2
ベトナム,技術・人文知識・国際業務,27歳,2:女,43：熊本県,11
ベトナム,特定技能１号,27歳,2:女,43：熊本県,49
ベトナム,技能実習１号ロ,27歳,2:女,43：熊本県,33
ベトナム,技能実習２号ロ,27歳,2:女,43：熊本県,33
ベトナム,技能実習３号ロ,27歳,2:女,43：熊本県,19
ベトナム,留学,27歳,2:女,43：熊本県,2
ベトナム,家族滞在,27歳,2:女,43：熊本県,12
ベトナム,特定活動,27歳,2:女,43：熊本県,7
ベトナム,技術・人文知識・国際業務,28歳,2:女,43：熊本県,13
ベトナム,特定技能１号,28歳,2:女,43：熊本県,43
ベトナム,技能実習１号ロ,28歳,2:女,43：熊本県,42
ベトナム,技能実習２号ロ,28歳,2:女,43：熊本県,29
ベトナム,技能実習３号ロ,28歳,2:女,43：熊本県,19
ベトナム,留学,28歳,2:女,43：熊本県,2
ベトナム,家族滞在,28歳,2:女,43：熊本県,7
ベトナム,特定活動,28歳,2:女,43：熊本県,7
ベトナム,永住者,28歳,2:女,43：熊本県,1
ベトナム,日本人の配偶者等,28歳,2:女,43：熊本県,2
ベトナム,経営・管理,29歳,2:女,43：熊本県,1
ベトナム,技術・人文知識・国際業務,29歳,2:女,43：熊本県,8
ベトナム,介護,29歳,2:女,43：熊本県,1
ベトナム,特定技能１号,29歳,2:女,43：熊本県,59
ベトナム,技能実習１号ロ,29歳,2:女,43：熊本県,35
ベトナム,技能実習２号ロ,29歳,2:女,43：熊本県,30
ベトナム,技能実習３号ロ,29歳,2:女,43：熊本県,15
ベトナム,留学,29歳,2:女,43：熊本県,1
ベトナム,家族滞在,29歳,2:女,43：熊本県,6
ベトナム,特定活動,29歳,2:女,43：熊本県,6
ベトナム,永住者,29歳,2:女,43：熊本県,1
ベトナム,日本人の配偶者等,29歳,2:女,43：熊本県,3
ベトナム,技術・人文知識・国際業務,30歳,2:女,43：熊本県,4
ベトナム,特定技能１号,30歳,2:女,43：熊本県,62
ベトナム,技能実習１号ロ,30歳,2:女,43：熊本県,42
ベトナム,技能実習２号ロ,30歳,2:女,43：熊本県,32
ベトナム,技能実習３号ロ,30歳,2:女,43：熊本県,23
ベトナム,家族滞在,30歳,2:女,43：熊本県,4
ベトナム,特定活動,30歳,2:女,43：熊本県,3
ベトナム,日本人の配偶者等,30歳,2:女,43：熊本県,5
ベトナム,技術・人文知識・国際業務,31歳,2:女,43：熊本県,7
ベトナム,介護,31歳,2:女,43：熊本県,1
ベトナム,特定技能１号,31歳,2:女,43：熊本県,40
ベトナム,技能実習１号ロ,31歳,2:女,43：熊本県,36
ベトナム,技能実習２号ロ,31歳,2:女,43：熊本県,28
ベトナム,技能実習３号ロ,31歳,2:女,43：熊本県,22
ベトナム,家族滞在,31歳,2:女,43：熊本県,2
ベトナム,特定活動,31歳,2:女,43：熊本県,3
ベトナム,日本人の配偶者等,31歳,2:女,43：熊本県,1
ベトナム,技術・人文知識・国際業務,32歳,2:女,43：熊本県,5
ベトナム,特定技能１号,32歳,2:女,43：熊本県,38
ベトナム,技能実習１号ロ,32歳,2:女,43：熊本県,30
ベトナム,技能実習２号ロ,32歳,2:女,43：熊本県,26
ベトナム,技能実習３号ロ,32歳,2:女,43：熊本県,26
ベトナム,家族滞在,32歳,2:女,43：熊本県,4
ベトナム,特定活動,32歳,2:女,43：熊本県,3
ベトナム,日本人の配偶者等,32歳,2:女,43：熊本県,3
ベトナム,教授,33歳,2:女,43：熊本県,1
ベトナム,高度専門職１号ロ,33歳,2:女,43：熊本県,1
ベトナム,技術・人文知識・国際業務,33歳,2:女,43：熊本県,6
ベトナム,特定技能１号,33歳,2:女,43：熊本県,40
ベトナム,技能実習１号ロ,33歳,2:女,43：熊本県,30
ベトナム,技能実習２号ロ,33歳,2:女,43：熊本県,12
ベトナム,技能実習３号ロ,33歳,2:女,43：熊本県,23
ベトナム,留学,33歳,2:女,43：熊本県,1
ベトナム,家族滞在,33歳,2:女,43：熊本県,3
ベトナム,特定活動,33歳,2:女,43：熊本県,1
ベトナム,日本人の配偶者等,33歳,2:女,43：熊本県,2
ベトナム,技術・人文知識・国際業務,34歳,2:女,43：熊本県,2
ベトナム,特定技能１号,34歳,2:女,43：熊本県,33
ベトナム,技能実習１号ロ,34歳,2:女,43：熊本県,19
ベトナム,技能実習２号ロ,34歳,2:女,43：熊本県,18
ベトナム,技能実習３号ロ,34歳,2:女,43：熊本県,21
ベトナム,家族滞在,34歳,2:女,43：熊本県,1
ベトナム,特定活動,34歳,2:女,43：熊本県,3
ベトナム,永住者,34歳,2:女,43：熊本県,1
ベトナム,日本人の配偶者等,34歳,2:女,43：熊本県,5
ベトナム,技術・人文知識・国際業務,35歳,2:女,43：熊本県,6
ベトナム,介護,35歳,2:女,43：熊本県,1
ベトナム,特定技能１号,35歳,2:女,43：熊本県,23
ベトナム,技能実習１号ロ,35歳,2:女,43：熊本県,21
ベトナム,技能実習２号ロ,35歳,2:女,43：熊本県,18
ベトナム,技能実習３号ロ,35歳,2:女,43：熊本県,14
ベトナム,特定活動,35歳,2:女,43：熊本県,2
ベトナム,永住者,35歳,2:女,43：熊本県,1
ベトナム,日本人の配偶者等,35歳,2:女,43：熊本県,1
ベトナム,技術・人文知識・国際業務,36歳,2:女,43：熊本県,1
ベトナム,特定技能１号,36歳,2:女,43：熊本県,20
ベトナム,技能実習１号ロ,36歳,2:女,43：熊本県,13
ベトナム,技能実習２号ロ,36歳,2:女,43：熊本県,16
ベトナム,技能実習３号ロ,36歳,2:女,43：熊本県,13
ベトナム,特定活動,36歳,2:女,43：熊本県,1
ベトナム,永住者,36歳,2:女,43：熊本県,1
ベトナム,技術・人文知識・国際業務,37歳,2:女,43：熊本県,2
ベトナム,特定技能１号,37歳,2:女,43：熊本県,15
ベトナム,技能実習１号ロ,37歳,2:女,43：熊本県,23
ベトナム,技能実習２号ロ,37歳,2:女,43：熊本県,12
ベトナム,技能実習３号ロ,37歳,2:女,43：熊本県,20
ベトナム,家族滞在,37歳,2:女,43：熊本県,1
ベトナム,特定活動,37歳,2:女,43：熊本県,2
ベトナム,永住者,37歳,2:女,43：熊本県,1
ベトナム,日本人の配偶者等,37歳,2:女,43：熊本県,1
ベトナム,技術・人文知識・国際業務,38歳,2:女,43：熊本県,1
ベトナム,特定技能１号,38歳,2:女,43：熊本県,13
ベトナム,技能実習１号ロ,38歳,2:女,43：熊本県,10
ベトナム,技能実習２号ロ,38歳,2:女,43：熊本県,5
ベトナム,技能実習３号ロ,38歳,2:女,43：熊本県,14
ベトナム,特定活動,38歳,2:女,43：熊本県,3
ベトナム,日本人の配偶者等,38歳,2:女,43：熊本県,2
ベトナム,技術・人文知識・国際業務,39歳,2:女,43：熊本県,1
ベトナム,特定技能１号,39歳,2:女,43：熊本県,8
ベトナム,技能実習１号ロ,39歳,2:女,43：熊本県,14
ベトナム,技能実習２号ロ,39歳,2:女,43：熊本県,1
ベトナム,技能実習３号ロ,39歳,2:女,43：熊本県,12
ベトナム,特定活動,39歳,2:女,43：熊本県,1
ベトナム,永住者,39歳,2:女,43：熊本県,1
ベトナム,日本人の配偶者等,39歳,2:女,43：熊本県,3
ベトナム,特定技能１号,40歳,2:女,43：熊本県,5
ベトナム,技能実習１号ロ,40歳,2:女,43：熊本県,6
ベトナム,技能実習２号ロ,40歳,2:女,43：熊本県,2
ベトナム,技能実習３号ロ,40歳,2:女,43：熊本県,7
ベトナム,家族滞在,40歳,2:女,43：熊本県,2
ベトナム,特定活動,40歳,2:女,43：熊本県,1
ベトナム,永住者,40歳,2:女,43：熊本県,3
ベトナム,日本人の配偶者等,40歳,2:女,43：熊本県,2
ベトナム,特定技能１号,41歳,2:女,43：熊本県,4
ベトナム,技能実習１号ロ,41歳,2:女,43：熊本県,4
ベトナム,技能実習３号ロ,41歳,2:女,43：熊本県,4
ベトナム,特定活動,41歳,2:女,43：熊本県,1
ベトナム,永住者,41歳,2:女,43：熊本県,1
ベトナム,日本人の配偶者等,41歳,2:女,43：熊本県,1
ベトナム,特定技能１号,42歳,2:女,43：熊本県,1
ベトナム,技能実習１号ロ,42歳,2:女,43：熊本県,8
ベトナム,技能実習２号ロ,42歳,2:女,43：熊本県,2
ベトナム,技能実習３号ロ,42歳,2:女,43：熊本県,1
ベトナム,永住者,42歳,2:女,43：熊本県,2
ベトナム,日本人の配偶者等,42歳,2:女,43：熊本県,2
ベトナム,宗教,43歳,2:女,43：熊本県,1
ベトナム,技能実習１号ロ,43歳,2:女,43：熊本県,4
ベトナム,技能実習３号ロ,43歳,2:女,43：熊本県,2
ベトナム,永住者,43歳,2:女,43：熊本県,2
ベトナム,技能実習１号ロ,44歳,2:女,43：熊本県,1
ベトナム,技能実習３号ロ,44歳,2:女,43：熊本県,1
ベトナム,技能実習１号ロ,45歳,2:女,43：熊本県,1
ベトナム,永住者,45歳,2:女,43：熊本県,1
ベトナム,日本人の配偶者等,47歳,2:女,43：熊本県,1
ベトナム,特定技能１号,48歳,2:女,43：熊本県,1
ベトナム,永住者,48歳,2:女,43：熊本県,1
ベトナム,永住者,56歳,2:女,43：熊本県,1
マレーシア,留学,20歳,1:男,43：熊本県,4
マレーシア,留学,21歳,1:男,43：熊本県,8
マレーシア,留学,22歳,1:男,43：熊本県,3
マレーシア,留学,23歳,1:男,43：熊本県,4
マレーシア,留学,24歳,1:男,43：熊本県,1
マレーシア,留学,25歳,1:男,43：熊本県,1
マレーシア,技術・人文知識・国際業務,30歳,1:男,43：熊本県,1
マレーシア,技術・人文知識・国際業務,31歳,1:男,43：熊本県,1
マレーシア,留学,31歳,1:男,43：熊本県,1
マレーシア,研究,32歳,1:男,43：熊本県,1
マレーシア,企業内転勤,32歳,1:男,43：熊本県,1
マレーシア,教授,34歳,1:男,43：熊本県,1
マレーシア,技術・人文知識・国際業務,34歳,1:男,43：熊本県,1
マレーシア,技術・人文知識・国際業務,38歳,1:男,43：熊本県,1
マレーシア,永住者,51歳,1:男,43：熊本県,1
マレーシア,永住者,71歳,1:男,43：熊本県,1
マレーシア,留学,21歳,2:女,43：熊本県,5
マレーシア,留学,22歳,2:女,43：熊本県,2
マレーシア,留学,23歳,2:女,43：熊本県,1
マレーシア,留学,24歳,2:女,43：熊本県,1
マレーシア,留学,25歳,2:女,43：熊本県,1
マレーシア,宗教,29歳,2:女,43：熊本県,1
マレーシア,技術・人文知識・国際業務,30歳,2:女,43：熊本県,1
マレーシア,留学,30歳,2:女,43：熊本県,1
マレーシア,家族滞在,30歳,2:女,43：熊本県,1
マレーシア,日本人の配偶者等,37歳,2:女,43：熊本県,1
マレーシア,永住者,46歳,2:女,43：熊本県,1
マレーシア,永住者,59歳,2:女,43：熊本県,2
マレーシア,永住者,61歳,2:女,43：熊本県,1
マレーシア,永住者,62歳,2:女,43：熊本県,1
マレーシア,永住者,63歳,2:女,43：熊本県,1
マレーシア,日本人の配偶者等,64歳,2:女,43：熊本県,1
マレーシア,永住者,69歳,2:女,43：熊本県,1
ミャンマー,家族滞在,05歳,1:男,43：熊本県,1
ミャンマー,永住者,12歳,1:男,43：熊本県,1
ミャンマー,家族滞在,14歳,1:男,43：熊本県,1
ミャンマー,技能実習１号ロ,19歳,1:男,43：熊本県,7
ミャンマー,技能実習１号ロ,20歳,1:男,43：熊本県,9
ミャンマー,技能実習１号ロ,21歳,1:男,43：熊本県,13
ミャンマー,技能実習２号ロ,21歳,1:男,43：熊本県,3
ミャンマー,技能実習１号ロ,22歳,1:男,43：熊本県,21
ミャンマー,技能実習２号ロ,22歳,1:男,43：熊本県,2
ミャンマー,特定活動,22歳,1:男,43：熊本県,2
ミャンマー,特定技能１号,23歳,1:男,43：熊本県,1
ミャンマー,技能実習１号ロ,23歳,1:男,43：熊本県,18
ミャンマー,技能実習２号ロ,23歳,1:男,43：熊本県,1
ミャンマー,技能実習３号ロ,23歳,1:男,43：熊本県,1
ミャンマー,特定技能１号,24歳,1:男,43：熊本県,2
ミャンマー,技能実習１号ロ,24歳,1:男,43：熊本県,22
ミャンマー,技能実習２号ロ,24歳,1:男,43：熊本県,5
ミャンマー,技能実習３号ロ,24歳,1:男,43：熊本県,2
ミャンマー,留学,24歳,1:男,43：熊本県,2
ミャンマー,特定活動,24歳,1:男,43：熊本県,2
ミャンマー,技術・人文知識・国際業務,25歳,1:男,43：熊本県,2
ミャンマー,特定技能１号,25歳,1:男,43：熊本県,2
ミャンマー,技能実習１号ロ,25歳,1:男,43：熊本県,12
ミャンマー,技能実習２号ロ,25歳,1:男,43：熊本県,5
ミャンマー,技能実習３号ロ,25歳,1:男,43：熊本県,1
ミャンマー,留学,25歳,1:男,43：熊本県,1
ミャンマー,特定活動,25歳,1:男,43：熊本県,4
ミャンマー,技術・人文知識・国際業務,26歳,1:男,43：熊本県,8
ミャンマー,特定技能１号,26歳,1:男,43：熊本県,1
ミャンマー,技能実習１号ロ,26歳,1:男,43：熊本県,13
ミャンマー,技能実習２号ロ,26歳,1:男,43：熊本県,2
ミャンマー,技能実習３号ロ,26歳,1:男,43：熊本県,2
ミャンマー,特定活動,26歳,1:男,43：熊本県,1
ミャンマー,技術・人文知識・国際業務,27歳,1:男,43：熊本県,6
ミャンマー,技能実習１号ロ,27歳,1:男,43：熊本県,8
ミャンマー,技能実習２号ロ,27歳,1:男,43：熊本県,2
ミャンマー,留学,27歳,1:男,43：熊本県,1
ミャンマー,特定活動,27歳,1:男,43：熊本県,2
ミャンマー,技術・人文知識・国際業務,28歳,1:男,43：熊本県,6
ミャンマー,特定技能１号,28歳,1:男,43：熊本県,3
ミャンマー,技能実習１号ロ,28歳,1:男,43：熊本県,9
ミャンマー,技能実習２号ロ,28歳,1:男,43：熊本県,2
ミャンマー,技能実習３号ロ,28歳,1:男,43：熊本県,4
ミャンマー,留学,28歳,1:男,43：熊本県,1
ミャンマー,特定活動,28歳,1:男,43：熊本県,5
ミャンマー,技術・人文知識・国際業務,29歳,1:男,43：熊本県,4
ミャンマー,特定技能１号,29歳,1:男,43：熊本県,3
ミャンマー,技能実習１号ロ,29歳,1:男,43：熊本県,6
ミャンマー,技能実習２号ロ,29歳,1:男,43：熊本県,3
ミャンマー,技能実習３号ロ,29歳,1:男,43：熊本県,1
ミャンマー,留学,29歳,1:男,43：熊本県,1
ミャンマー,特定活動,29歳,1:男,43：熊本県,3
ミャンマー,永住者,29歳,1:男,43：熊本県,1
ミャンマー,技術・人文知識・国際業務,30歳,1:男,43：熊本県,6
ミャンマー,特定技能１号,30歳,1:男,43：熊本県,2
ミャンマー,技能実習１号ロ,30歳,1:男,43：熊本県,5
ミャンマー,技能実習２号ロ,30歳,1:男,43：熊本県,1
ミャンマー,技能実習３号ロ,30歳,1:男,43：熊本県,1
ミャンマー,特定活動,30歳,1:男,43：熊本県,4
ミャンマー,技術・人文知識・国際業務,31歳,1:男,43：熊本県,2
ミャンマー,特定技能１号,31歳,1:男,43：熊本県,1
ミャンマー,技能実習１号ロ,31歳,1:男,43：熊本県,5
ミャンマー,技能実習３号ロ,31歳,1:男,43：熊本県,1
ミャンマー,留学,31歳,1:男,43：熊本県,1
ミャンマー,特定活動,31歳,1:男,43：熊本県,2
ミャンマー,技術・人文知識・国際業務,32歳,1:男,43：熊本県,1
ミャンマー,特定技能１号,32歳,1:男,43：熊本県,2
ミャンマー,技能実習１号ロ,32歳,1:男,43：熊本県,1
ミャンマー,技能実習２号ロ,32歳,1:男,43：熊本県,1
ミャンマー,留学,32歳,1:男,43：熊本県,1
ミャンマー,家族滞在,32歳,1:男,43：熊本県,1
ミャンマー,特定活動,32歳,1:男,43：熊本県,3
ミャンマー,技術・人文知識・国際業務,33歳,1:男,43：熊本県,1
ミャンマー,特定技能１号,33歳,1:男,43：熊本県,1
ミャンマー,技能実習１号ロ,33歳,1:男,43：熊本県,5
ミャンマー,技能実習２号ロ,33歳,1:男,43：熊本県,3
ミャンマー,技能実習３号ロ,33歳,1:男,43：熊本県,1
ミャンマー,留学,33歳,1:男,43：熊本県,1
ミャンマー,特定技能１号,34歳,1:男,43：熊本県,1
ミャンマー,技能実習１号ロ,34歳,1:男,43：熊本県,2
ミャンマー,技能実習３号ロ,34歳,1:男,43：熊本県,1
ミャンマー,永住者,34歳,1:男,43：熊本県,1
ミャンマー,技術・人文知識・国際業務,35歳,1:男,43：熊本県,1
ミャンマー,特定活動,35歳,1:男,43：熊本県,1
ミャンマー,技能実習１号ロ,36歳,1:男,43：熊本県,1
ミャンマー,特定活動,36歳,1:男,43：熊本県,2
ミャンマー,特定技能１号,37歳,1:男,43：熊本県,2
ミャンマー,特定技能１号,38歳,1:男,43：熊本県,1
ミャンマー,特定活動,38歳,1:男,43：熊本県,1
ミャンマー,特定技能１号,39歳,1:男,43：熊本県,1
ミャンマー,技術・人文知識・国際業務,40歳,1:男,43：熊本県,2
ミャンマー,特定活動,40歳,1:男,43：熊本県,1
ミャンマー,永住者,40歳,1:男,43：熊本県,1
ミャンマー,技能実習３号ロ,41歳,1:男,43：熊本県,1
ミャンマー,永住者,41歳,1:男,43：熊本県,1
ミャンマー,永住者,54歳,1:男,43：熊本県,1
ミャンマー,家族滞在,00歳,2:女,43：熊本県,1
ミャンマー,技能実習１号ロ,18歳,2:女,43：熊本県,1
ミャンマー,技能実習１号ロ,19歳,2:女,43：熊本県,1
ミャンマー,技能実習１号ロ,20歳,2:女,43：熊本県,11
ミャンマー,技能実習２号ロ,20歳,2:女,43：熊本県,1
ミャンマー,特定技能１号,21歳,2:女,43：熊本県,4
ミャンマー,技能実習１号ロ,21歳,2:女,43：熊本県,13
ミャンマー,技能実習２号ロ,21歳,2:女,43：熊本県,1
ミャンマー,留学,21歳,2:女,43：熊本県,1
ミャンマー,特定技能１号,22歳,2:女,43：熊本県,3
ミャンマー,技能実習１号ロ,22歳,2:女,43：熊本県,17
ミャンマー,技能実習２号ロ,22歳,2:女,43：熊本県,4
ミャンマー,留学,22歳,2:女,43：熊本県,1
ミャンマー,特定活動,22歳,2:女,43：熊本県,1
ミャンマー,特定技能１号,23歳,2:女,43：熊本県,6
ミャンマー,技能実習１号ロ,23歳,2:女,43：熊本県,18
ミャンマー,技能実習２号ロ,23歳,2:女,43：熊本県,6
ミャンマー,特定活動,23歳,2:女,43：熊本県,2
ミャンマー,特定技能１号,24歳,2:女,43：熊本県,1
ミャンマー,技能実習１号ロ,24歳,2:女,43：熊本県,20
ミャンマー,技能実習２号ロ,24歳,2:女,43：熊本県,3
ミャンマー,技能実習３号ロ,24歳,2:女,43：熊本県,1
ミャンマー,留学,24歳,2:女,43：熊本県,1
ミャンマー,特定活動,24歳,2:女,43：熊本県,2
ミャンマー,技術・人文知識・国際業務,25歳,2:女,43：熊本県,3
ミャンマー,特定技能１号,25歳,2:女,43：熊本県,5
ミャンマー,技能実習１号ロ,25歳,2:女,43：熊本県,21
ミャンマー,技能実習２号ロ,25歳,2:女,43：熊本県,7
ミャンマー,技能実習３号ロ,25歳,2:女,43：熊本県,2
ミャンマー,留学,25歳,2:女,43：熊本県,2
ミャンマー,家族滞在,25歳,2:女,43：熊本県,1
ミャンマー,日本人の配偶者等,25歳,2:女,43：熊本県,1
ミャンマー,技術・人文知識・国際業務,26歳,2:女,43：熊本県,8
ミャンマー,特定技能１号,26歳,2:女,43：熊本県,9
ミャンマー,技能実習１号ロ,26歳,2:女,43：熊本県,17
ミャンマー,技能実習２号ロ,26歳,2:女,43：熊本県,6
ミャンマー,技能実習３号ロ,26歳,2:女,43：熊本県,5
ミャンマー,特定活動,26歳,2:女,43：熊本県,2
ミャンマー,技術・人文知識・国際業務,27歳,2:女,43：熊本県,6
ミャンマー,特定技能１号,27歳,2:女,43：熊本県,6
ミャンマー,技能実習１号ロ,27歳,2:女,43：熊本県,17
ミャンマー,技能実習２号ロ,27歳,2:女,43：熊本県,3
ミャンマー,技能実習３号ロ,27歳,2:女,43：熊本県,1
ミャンマー,留学,27歳,2:女,43：熊本県,2
ミャンマー,特定活動,27歳,2:女,43：熊本県,1
ミャンマー,日本人の配偶者等,27歳,2:女,43：熊本県,3
ミャンマー,技術・人文知識・国際業務,28歳,2:女,43：熊本県,5
ミャンマー,特定技能１号,28歳,2:女,43：熊本県,9
ミャンマー,技能実習１号ロ,28歳,2:女,43：熊本県,13
ミャンマー,技能実習２号ロ,28歳,2:女,43：熊本県,2
ミャンマー,技能実習３号ロ,28歳,2:女,43：熊本県,3
ミャンマー,留学,28歳,2:女,43：熊本県,1
ミャンマー,技術・人文知識・国際業務,29歳,2:女,43：熊本県,3
ミャンマー,特定技能１号,29歳,2:女,43：熊本県,7
ミャンマー,技能実習１号ロ,29歳,2:女,43：熊本県,12
ミャンマー,技能実習２号ロ,29歳,2:女,43：熊本県,2
ミャンマー,技能実習３号ロ,29歳,2:女,43：熊本県,1
ミャンマー,技術・人文知識・国際業務,30歳,2:女,43：熊本県,1
ミャンマー,特定技能１号,30歳,2:女,43：熊本県,4
ミャンマー,技能実習１号ロ,30歳,2:女,43：熊本県,9
ミャンマー,技能実習２号ロ,30歳,2:女,43：熊本県,2
ミャンマー,技能実習３号ロ,30歳,2:女,43：熊本県,4
ミャンマー,留学,30歳,2:女,43：熊本県,1
ミャンマー,技術・人文知識・国際業務,31歳,2:女,43：熊本県,2
ミャンマー,特定技能１号,31歳,2:女,43：熊本県,3
ミャンマー,技能実習１号ロ,31歳,2:女,43：熊本県,7
ミャンマー,技能実習２号ロ,31歳,2:女,43：熊本県,3
ミャンマー,特定活動,31歳,2:女,43：熊本県,1
ミャンマー,技術・人文知識・国際業務,32歳,2:女,43：熊本県,2
ミャンマー,特定技能１号,32歳,2:女,43：熊本県,5
ミャンマー,技能実習２号ロ,32歳,2:女,43：熊本県,1
ミャンマー,技能実習３号ロ,32歳,2:女,43：熊本県,1
ミャンマー,技術・人文知識・国際業務,33歳,2:女,43：熊本県,1
ミャンマー,技能実習１号ロ,33歳,2:女,43：熊本県,1
ミャンマー,技能実習３号ロ,33歳,2:女,43：熊本県,1
ミャンマー,技術・人文知識・国際業務,34歳,2:女,43：熊本県,2
ミャンマー,特定技能１号,34歳,2:女,43：熊本県,2
ミャンマー,技能実習１号ロ,34歳,2:女,43：熊本県,2
ミャンマー,技能実習３号ロ,34歳,2:女,43：熊本県,3
ミャンマー,特定活動,34歳,2:女,43：熊本県,1
ミャンマー,特定技能１号,35歳,2:女,43：熊本県,1
ミャンマー,技能実習１号ロ,35歳,2:女,43：熊本県,1
ミャンマー,技能実習２号ロ,35歳,2:女,43：熊本県,1
ミャンマー,特定活動,35歳,2:女,43：熊本県,1
ミャンマー,特定技能１号,36歳,2:女,43：熊本県,1
ミャンマー,技能実習１号ロ,36歳,2:女,43：熊本県,3
ミャンマー,家族滞在,36歳,2:女,43：熊本県,1
ミャンマー,特定技能１号,37歳,2:女,43：熊本県,1
ミャンマー,技能実習１号ロ,37歳,2:女,43：熊本県,1
ミャンマー,技能実習３号ロ,37歳,2:女,43：熊本県,2
ミャンマー,家族滞在,37歳,2:女,43：熊本県,1
ミャンマー,永住者,37歳,2:女,43：熊本県,1
ミャンマー,特定技能１号,38歳,2:女,43：熊本県,2
ミャンマー,技能実習３号ロ,38歳,2:女,43：熊本県,1
ミャンマー,特定活動,38歳,2:女,43：熊本県,1
ミャンマー,技能実習３号ロ,39歳,2:女,43：熊本県,1
ミャンマー,教授,40歳,2:女,43：熊本県,1
ミャンマー,技術・人文知識・国際業務,40歳,2:女,43：熊本県,1
ミャンマー,技能実習２号ロ,40歳,2:女,43：熊本県,1
ミャンマー,技能実習３号ロ,40歳,2:女,43：熊本県,2
ミャンマー,特定技能１号,41歳,2:女,43：熊本県,1
ミャンマー,技能実習１号ロ,41歳,2:女,43：熊本県,1
ミャンマー,技能実習３号ロ,41歳,2:女,43：熊本県,1
ミャンマー,技能実習１号ロ,42歳,2:女,43：熊本県,1
ミャンマー,技能実習３号ロ,42歳,2:女,43：熊本県,1
ミャンマー,技術・人文知識・国際業務,43歳,2:女,43：熊本県,1
ミャンマー,技能実習３号ロ,43歳,2:女,43：熊本県,2
ミャンマー,日本人の配偶者等,45歳,2:女,43：熊本県,1
ミャンマー,永住者,49歳,2:女,43：熊本県,1
ミャンマー,日本人の配偶者等,49歳,2:女,43：熊本県,1
ミャンマー,日本人の配偶者等,53歳,2:女,43：熊本県,1
ミャンマー,日本人の配偶者等,67歳,2:女,43：熊本県,1
ミャンマー,永住者,75歳,2:女,43：熊本県,1
モルディブ,日本人の配偶者等,33歳,1:男,43：熊本県,1
モルディブ,永住者,44歳,1:男,43：熊本県,1
モルディブ,永住者,47歳,1:男,43：熊本県,1
モンゴル,家族滞在,02歳,1:男,43：熊本県,2
モンゴル,家族滞在,04歳,1:男,43：熊本県,1
モンゴル,家族滞在,05歳,1:男,43：熊本県,1
モンゴル,家族滞在,07歳,1:男,43：熊本県,2
モンゴル,家族滞在,10歳,1:男,43：熊本県,1
モンゴル,家族滞在,12歳,1:男,43：熊本県,1
モンゴル,定住者,14歳,1:男,43：熊本県,1
モンゴル,留学,20歳,1:男,43：熊本県,2
モンゴル,留学,21歳,1:男,43：熊本県,2
モンゴル,技能実習１号ロ,22歳,1:男,43：熊本県,1
モンゴル,留学,22歳,1:男,43：熊本県,3
モンゴル,技能実習１号ロ,23歳,1:男,43：熊本県,1
モンゴル,留学,23歳,1:男,43：熊本県,1
モンゴル,技能実習１号ロ,24歳,1:男,43：熊本県,1
モンゴル,技術・人文知識・国際業務,26歳,1:男,43：熊本県,1
モンゴル,技能,26歳,1:男,43：熊本県,1
モンゴル,技能実習１号ロ,26歳,1:男,43：熊本県,1
モンゴル,留学,26歳,1:男,43：熊本県,1
モンゴル,技術・人文知識・国際業務,27歳,1:男,43：熊本県,1
モンゴル,技能実習２号ロ,27歳,1:男,43：熊本県,2
モンゴル,特定技能１号,29歳,1:男,43：熊本県,1
モンゴル,家族滞在,30歳,1:男,43：熊本県,1
モンゴル,技能実習１号ロ,31歳,1:男,43：熊本県,1
モンゴル,高度専門職１号イ,38歳,1:男,43：熊本県,1
モンゴル,留学,38歳,1:男,43：熊本県,1
モンゴル,家族滞在,43歳,1:男,43：熊本県,1
モンゴル,教授,50歳,1:男,43：熊本県,1
モンゴル,家族滞在,03歳,2:女,43：熊本県,1
モンゴル,家族滞在,06歳,2:女,43：熊本県,1
モンゴル,家族滞在,14歳,2:女,43：熊本県,1
モンゴル,家族滞在,15歳,2:女,43：熊本県,1
モンゴル,家族滞在,16歳,2:女,43：熊本県,1
モンゴル,留学,20歳,2:女,43：熊本県,1
モンゴル,留学,21歳,2:女,43：熊本県,3
モンゴル,留学,22歳,2:女,43：熊本県,1
モンゴル,家族滞在,22歳,2:女,43：熊本県,1
モンゴル,技能実習１号ロ,23歳,2:女,43：熊本県,1
モンゴル,技能実習２号ロ,23歳,2:女,43：熊本県,2
モンゴル,技能実習２号ロ,24歳,2:女,43：熊本県,1
モンゴル,家族滞在,24歳,2:女,43：熊本県,1
モンゴル,技能実習１号ロ,25歳,2:女,43：熊本県,1
モンゴル,技術・人文知識・国際業務,26歳,2:女,43：熊本県,1
モンゴル,留学,27歳,2:女,43：熊本県,1
モンゴル,留学,31歳,2:女,43：熊本県,1
モンゴル,技能実習２号ロ,33歳,2:女,43：熊本県,1
モンゴル,介護,34歳,2:女,43：熊本県,1
モンゴル,技能実習１号ロ,34歳,2:女,43：熊本県,1
モンゴル,技能実習１号ロ,36歳,2:女,43：熊本県,1
モンゴル,家族滞在,36歳,2:女,43：熊本県,1
モンゴル,技術・人文知識・国際業務,38歳,2:女,43：熊本県,1
モンゴル,永住者,38歳,2:女,43：熊本県,1
モンゴル,留学,40歳,2:女,43：熊本県,1
モンゴル,永住者,42歳,2:女,43：熊本県,1
モンゴル,日本人の配偶者等,43歳,2:女,43：熊本県,1
モンゴル,永住者,45歳,2:女,43：熊本県,1
モンゴル,永住者,48歳,2:女,43：熊本県,1
モンゴル,技術・人文知識・国際業務,49歳,2:女,43：熊本県,1
ヨルダン,永住者,41歳,1:男,43：熊本県,1
ラオス,技能実習１号ロ,24歳,1:男,43：熊本県,1
ラオス,特定活動,24歳,1:男,43：熊本県,2
ラオス,技能実習１号ロ,25歳,1:男,43：熊本県,1
ラオス,技能実習１号ロ,26歳,1:男,43：熊本県,1
ラオス,技能実習１号ロ,27歳,1:男,43：熊本県,1
ラオス,技能実習１号ロ,29歳,1:男,43：熊本県,2
ラオス,技術・人文知識・国際業務,35歳,1:男,43：熊本県,1
ラオス,留学,37歳,1:男,43：熊本県,1
ラオス,技能実習１号ロ,20歳,2:女,43：熊本県,1
ラオス,技能実習１号ロ,27歳,2:女,43：熊本県,1
ラオス,技能実習１号ロ,30歳,2:女,43：熊本県,1
ラオス,家族滞在,35歳,2:女,43：熊本県,1
ラオス,永住者,41歳,2:女,43：熊本県,1
アイルランド,教育,29歳,1:男,43：熊本県,1
アイルランド,日本人の配偶者等,41歳,1:男,43：熊本県,1
アイルランド,永住者,74歳,1:男,43：熊本県,1
アイルランド,永住者,75歳,1:男,43：熊本県,1
アイルランド,永住者,77歳,1:男,43：熊本県,1
アイルランド,教育,24歳,2:女,43：熊本県,1
アイルランド,教育,29歳,2:女,43：熊本県,1
アイルランド,永住者,39歳,2:女,43：熊本県,1
アイルランド,永住者,52歳,2:女,43：熊本県,1
アルメニア,留学,27歳,1:男,43：熊本県,1
イタリア,留学,17歳,1:男,43：熊本県,1
イタリア,技術・人文知識・国際業務,31歳,1:男,43：熊本県,1
イタリア,日本人の配偶者等,34歳,1:男,43：熊本県,1
イタリア,日本人の配偶者等,36歳,1:男,43：熊本県,1
イタリア,日本人の配偶者等,41歳,1:男,43：熊本県,1
イタリア,日本人の配偶者等,42歳,1:男,43：熊本県,1
イタリア,日本人の配偶者等,43歳,1:男,43：熊本県,1
イタリア,技術・人文知識・国際業務,52歳,1:男,43：熊本県,1
イタリア,永住者,52歳,1:男,43：熊本県,2
イタリア,経営・管理,55歳,1:男,43：熊本県,1
イタリア,宗教,65歳,1:男,43：熊本県,1
イタリア,技術・人文知識・国際業務,66歳,1:男,43：熊本県,1
イタリア,宗教,67歳,1:男,43：熊本県,1
イタリア,永住者,67歳,1:男,43：熊本県,1
イタリア,永住者,80歳以上,1:男,43：熊本県,1
イタリア,宗教,73歳,2:女,43：熊本県,1
ウクライナ,特定活動,08歳,1:男,43：熊本県,1
ウクライナ,特定活動,10歳,1:男,43：熊本県,1
ウクライナ,特定活動,12歳,1:男,43：熊本県,1
ウクライナ,特定活動,14歳,1:男,43：熊本県,1
ウクライナ,日本人の配偶者等,29歳,1:男,43：熊本県,1
ウクライナ,技術・人文知識・国際業務,47歳,1:男,43：熊本県,1
ウクライナ,特定活動,53歳,1:男,43：熊本県,1
ウクライナ,特定活動,54歳,1:男,43：熊本県,1
ウクライナ,特定活動,03歳,2:女,43：熊本県,1
ウクライナ,特定活動,15歳,2:女,43：熊本県,1
ウクライナ,留学,21歳,2:女,43：熊本県,1
ウクライナ,留学,26歳,2:女,43：熊本県,1
ウクライナ,技術・人文知識・国際業務,30歳,2:女,43：熊本県,1
ウクライナ,特定活動,32歳,2:女,43：熊本県,2
ウクライナ,文化活動,35歳,2:女,43：熊本県,1
ウクライナ,特定活動,38歳,2:女,43：熊本県,1
ウクライナ,特定活動,39歳,2:女,43：熊本県,1
ウクライナ,特定活動,41歳,2:女,43：熊本県,1
ウクライナ,永住者,51歳,2:女,43：熊本県,1
ウクライナ,永住者,54歳,2:女,43：熊本県,1
ウズベキスタン,技能実習２号ロ,21歳,1:男,43：熊本県,1
ウズベキスタン,技能実習１号ロ,24歳,1:男,43：熊本県,4
ウズベキスタン,技能実習１号ロ,26歳,1:男,43：熊本県,2
ウズベキスタン,技術・人文知識・国際業務,27歳,1:男,43：熊本県,1
ウズベキスタン,技能実習１号ロ,28歳,1:男,43：熊本県,2
ウズベキスタン,技能実習１号ロ,31歳,1:男,43：熊本県,1
ウズベキスタン,技能実習２号ロ,31歳,1:男,43：熊本県,1
ウズベキスタン,技術・人文知識・国際業務,33歳,1:男,43：熊本県,1
ウズベキスタン,技能実習１号ロ,33歳,1:男,43：熊本県,1
ウズベキスタン,永住者,38歳,1:男,43：熊本県,1
ウズベキスタン,家族滞在,22歳,2:女,43：熊本県,1
ウズベキスタン,技術・人文知識・国際業務,37歳,2:女,43：熊本県,1
ウズベキスタン,技術・人文知識・国際業務,38歳,2:女,43：熊本県,1
ウズベキスタン,永住者,44歳,2:女,43：熊本県,1
英国,定住者,16歳,1:男,43：熊本県,1
英国,永住者,20歳,1:男,43：熊本県,1
英国,教育,22歳,1:男,43：熊本県,1
英国,教育,23歳,1:男,43：熊本県,1
英国,教育,24歳,1:男,43：熊本県,1
英国,技術・人文知識・国際業務,24歳,1:男,43：熊本県,1
英国,教育,26歳,1:男,43：熊本県,3
英国,技術・人文知識・国際業務,26歳,1:男,43：熊本県,1
英国,教育,27歳,1:男,43：熊本県,1
英国,興行,27歳,1:男,43：熊本県,1
英国,教育,29歳,1:男,43：熊本県,1
英国,技術・人文知識・国際業務,29歳,1:男,43：熊本県,1
英国,教育,30歳,1:男,43：熊本県,1
英国,教育,31歳,1:男,43：熊本県,1
英国,技術・人文知識・国際業務,31歳,1:男,43：熊本県,1
英国,日本人の配偶者等,31歳,1:男,43：熊本県,1
英国,教授,32歳,1:男,43：熊本県,1
英国,技術・人文知識・国際業務,32歳,1:男,43：熊本県,1
英国,日本人の配偶者等,32歳,1:男,43：熊本県,1
英国,技術・人文知識・国際業務,33歳,1:男,43：熊本県,1
英国,教授,34歳,1:男,43：熊本県,1
英国,永住者,34歳,1:男,43：熊本県,1
英国,日本人の配偶者等,34歳,1:男,43：熊本県,1
英国,技術・人文知識・国際業務,35歳,1:男,43：熊本県,1
英国,永住者,36歳,1:男,43：熊本県,2
英国,日本人の配偶者等,36歳,1:男,43：熊本県,1
英国,教授,37歳,1:男,43：熊本県,1
英国,永住者,37歳,1:男,43：熊本県,1
英国,高度専門職１号イ,38歳,1:男,43：熊本県,1
英国,永住者,38歳,1:男,43：熊本県,1
英国,日本人の配偶者等,38歳,1:男,43：熊本県,1
英国,日本人の配偶者等,39歳,1:男,43：熊本県,1
英国,日本人の配偶者等,41歳,1:男,43：熊本県,1
英国,永住者,42歳,1:男,43：熊本県,2
英国,日本人の配偶者等,42歳,1:男,43：熊本県,1
英国,教授,43歳,1:男,43：熊本県,1
英国,永住者,43歳,1:男,43：熊本県,1
英国,永住者,44歳,1:男,43：熊本県,3
英国,日本人の配偶者等,44歳,1:男,43：熊本県,1
英国,技術・人文知識・国際業務,45歳,1:男,43：熊本県,1
英国,永住者,45歳,1:男,43：熊本県,3
英国,永住者,46歳,1:男,43：熊本県,1
英国,日本人の配偶者等,46歳,1:男,43：熊本県,1
英国,永住者,47歳,1:男,43：熊本県,1
英国,日本人の配偶者等,48歳,1:男,43：熊本県,1
英国,永住者,49歳,1:男,43：熊本県,1
英国,永住者,50歳,1:男,43：熊本県,2
英国,永住者,51歳,1:男,43：熊本県,1
英国,日本人の配偶者等,51歳,1:男,43：熊本県,1
英国,永住者,52歳,1:男,43：熊本県,2
英国,永住者,53歳,1:男,43：熊本県,2
英国,永住者,55歳,1:男,43：熊本県,1
英国,永住者,57歳,1:男,43：熊本県,1
英国,永住者,58歳,1:男,43：熊本県,3
英国,永住者,60歳,1:男,43：熊本県,2
英国,永住者,62歳,1:男,43：熊本県,1
英国,永住者,65歳,1:男,43：熊本県,1
英国,永住者,66歳,1:男,43：熊本県,1
英国,永住者,68歳,1:男,43：熊本県,1
英国,日本人の配偶者等,68歳,1:男,43：熊本県,1
英国,永住者,69歳,1:男,43：熊本県,1
英国,永住者,70歳,1:男,43：熊本県,1
英国,永住者,71歳,1:男,43：熊本県,1
英国,永住者,74歳,1:男,43：熊本県,1
英国,永住者,76歳,1:男,43：熊本県,1
英国,永住者,78歳,1:男,43：熊本県,1
英国,永住者,80歳以上,1:男,43：熊本県,1
英国,日本人の配偶者等,11歳,2:女,43：熊本県,1
英国,永住者の配偶者等,13歳,2:女,43：熊本県,1
英国,留学,20歳,2:女,43：熊本県,1
英国,教育,22歳,2:女,43：熊本県,1
英国,永住者,22歳,2:女,43：熊本県,1
英国,教育,23歳,2:女,43：熊本県,1
英国,教育,24歳,2:女,43：熊本県,2
英国,教育,25歳,2:女,43：熊本県,1
英国,日本人の配偶者等,26歳,2:女,43：熊本県,1
英国,技術・人文知識・国際業務,27歳,2:女,43：熊本県,1
英国,家族滞在,27歳,2:女,43：熊本県,1
英国,教育,30歳,2:女,43：熊本県,1
英国,日本人の配偶者等,32歳,2:女,43：熊本県,1
英国,永住者,44歳,2:女,43：熊本県,1
英国,永住者,45歳,2:女,43：熊本県,1
英国,永住者,48歳,2:女,43：熊本県,1
英国,永住者,50歳,2:女,43：熊本県,1
英国,永住者,51歳,2:女,43：熊本県,2
英国,永住者,52歳,2:女,43：熊本県,2
英国,日本人の配偶者等,52歳,2:女,43：熊本県,1
英国,永住者,53歳,2:女,43：熊本県,2
英国,教授,63歳,2:女,43：熊本県,1
英国,永住者,74歳,2:女,43：熊本県,1
オーストリア,留学,37歳,1:男,43：熊本県,1
オーストリア,永住者,80歳以上,1:男,43：熊本県,1
オーストリア,家族滞在,01歳,2:女,43：熊本県,1
オーストリア,日本人の配偶者等,30歳,2:女,43：熊本県,1
オーストリア,家族滞在,32歳,2:女,43：熊本県,1
オランダ,技術・人文知識・国際業務,30歳,1:男,43：熊本県,1
オランダ,日本人の配偶者等,42歳,1:男,43：熊本県,1
オランダ,永住者,50歳,1:男,43：熊本県,1
オランダ,永住者,62歳,1:男,43：熊本県,1
オランダ,日本人の配偶者等,63歳,1:男,43：熊本県,1
カザフスタン,留学,27歳,1:男,43：熊本県,1
カザフスタン,留学,27歳,2:女,43：熊本県,1
カザフスタン,日本人の配偶者等,33歳,2:女,43：熊本県,1
ギリシャ,企業内転勤,43歳,1:男,43：熊本県,1
キルギス,留学,21歳,1:男,43：熊本県,1
キルギス,留学,26歳,2:女,43：熊本県,1
キルギス,文化活動,37歳,2:女,43：熊本県,1
コソボ共和国,永住者,40歳,1:男,43：熊本県,1
サンマリノ,日本人の配偶者等,41歳,1:男,43：熊本県,1
スイス,永住者,56歳,1:男,43：熊本県,1
スイス,日本人の配偶者等,69歳,1:男,43：熊本県,1
スイス,留学,22歳,2:女,43：熊本県,1
スイス,留学,23歳,2:女,43：熊本県,1
スイス,留学,27歳,2:女,43：熊本県,1
スイス,永住者,59歳,2:女,43：熊本県,1
スイス,永住者,76歳,2:女,43：熊本県,1
スウェーデン,留学,18歳,1:男,43：熊本県,1
スウェーデン,日本人の配偶者等,33歳,1:男,43：熊本県,1
スウェーデン,日本人の配偶者等,50歳,1:男,43：熊本県,1
スウェーデン,永住者,47歳,2:女,43：熊本県,1
スペイン,留学,27歳,1:男,43：熊本県,1
スペイン,技術・人文知識・国際業務,33歳,1:男,43：熊本県,1
スペイン,日本人の配偶者等,37歳,1:男,43：熊本県,1
スペイン,日本人の配偶者等,41歳,1:男,43：熊本県,1
スペイン,技術・人文知識・国際業務,44歳,1:男,43：熊本県,1
スペイン,永住者,48歳,1:男,43：熊本県,1
スペイン,永住者,50歳,1:男,43：熊本県,1
スペイン,教授,34歳,2:女,43：熊本県,1
スペイン,日本人の配偶者等,49歳,2:女,43：熊本県,1
スロバキア,技術・人文知識・国際業務,30歳,1:男,43：熊本県,1
スロバキア,永住者,50歳,1:男,43：熊本県,1
スロバキア,日本人の配偶者等,44歳,2:女,43：熊本県,1
スロベニア,技術・人文知識・国際業務,28歳,2:女,43：熊本県,1
スロベニア,留学,30歳,2:女,43：熊本県,1
チェコ,日本人の配偶者等,31歳,1:男,43：熊本県,1
チェコ,文化活動,37歳,1:男,43：熊本県,1
チェコ,日本人の配偶者等,40歳,1:男,43：熊本県,1
チェコ,教授,59歳,1:男,43：熊本県,1
チェコ,留学,16歳,2:女,43：熊本県,1
デンマーク,留学,46歳,1:男,43：熊本県,1
デンマーク,留学,21歳,2:女,43：熊本県,1
デンマーク,教育,27歳,2:女,43：熊本県,1
ドイツ,留学,22歳,1:男,43：熊本県,2
ドイツ,留学,27歳,1:男,43：熊本県,3
ドイツ,日本人の配偶者等,27歳,1:男,43：熊本県,1
ドイツ,留学,30歳,1:男,43：熊本県,1
ドイツ,日本人の配偶者等,34歳,1:男,43：熊本県,1
ドイツ,留学,38歳,1:男,43：熊本県,1
ドイツ,永住者,41歳,1:男,43：熊本県,1
ドイツ,日本人の配偶者等,42歳,1:男,43：熊本県,1
ドイツ,永住者,45歳,1:男,43：熊本県,1
ドイツ,永住者,46歳,1:男,43：熊本県,1
ドイツ,永住者,56歳,1:男,43：熊本県,1
ドイツ,永住者,61歳,1:男,43：熊本県,2
ドイツ,永住者,66歳,1:男,43：熊本県,1
ドイツ,教授,68歳,1:男,43：熊本県,1
ドイツ,永住者,75歳,1:男,43：熊本県,1
ドイツ,特定活動,20歳,2:女,43：熊本県,1
ドイツ,留学,21歳,2:女,43：熊本県,2
ドイツ,留学,22歳,2:女,43：熊本県,2
ドイツ,留学,24歳,2:女,43：熊本県,2
ドイツ,留学,25歳,2:女,43：熊本県,1
ドイツ,留学,27歳,2:女,43：熊本県,2
ドイツ,日本人の配偶者等,27歳,2:女,43：熊本県,1
ドイツ,技術・人文知識・国際業務,29歳,2:女,43：熊本県,1
ドイツ,日本人の配偶者等,33歳,2:女,43：熊本県,1
ドイツ,日本人の配偶者等,43歳,2:女,43：熊本県,1
ドイツ,永住者,48歳,2:女,43：熊本県,1
ドイツ,日本人の配偶者等,62歳,2:女,43：熊本県,1
ドイツ,家族滞在,67歳,2:女,43：熊本県,1
ノルウェー,日本人の配偶者等,34歳,1:男,43：熊本県,1
ノルウェー,永住者,80歳以上,1:男,43：熊本県,1
ハンガリー,教授,59歳,1:男,43：熊本県,1
フィンランド,留学,17歳,1:男,43：熊本県,1
フィンランド,日本人の配偶者等,45歳,1:男,43：熊本県,1
フィンランド,芸術,19歳,2:女,43：熊本県,1
フィンランド,永住者,60歳,2:女,43：熊本県,1
フィンランド,永住者,70歳,2:女,43：熊本県,1
フランス,定住者,08歳,1:男,43：熊本県,1
フランス,留学,22歳,1:男,43：熊本県,1
フランス,留学,23歳,1:男,43：熊本県,1
フランス,日本人の配偶者等,23歳,1:男,43：熊本県,1
フランス,日本人の配偶者等,26歳,1:男,43：熊本県,1
フランス,教育,27歳,1:男,43：熊本県,1
フランス,技術・人文知識・国際業務,28歳,1:男,43：熊本県,1
フランス,技術・人文知識・国際業務,29歳,1:男,43：熊本県,1
フランス,日本人の配偶者等,33歳,1:男,43：熊本県,1
フランス,技術・人文知識・国際業務,34歳,1:男,43：熊本県,1
フランス,永住者,34歳,1:男,43：熊本県,1
フランス,特定活動,35歳,1:男,43：熊本県,1
フランス,永住者,36歳,1:男,43：熊本県,1
フランス,永住者,37歳,1:男,43：熊本県,1
フランス,日本人の配偶者等,38歳,1:男,43：熊本県,1
フランス,高度専門職１号ロ,40歳,1:男,43：熊本県,1
フランス,永住者,40歳,1:男,43：熊本県,1
フランス,永住者,41歳,1:男,43：熊本県,1
フランス,定住者,41歳,1:男,43：熊本県,1
フランス,永住者,42歳,1:男,43：熊本県,1
フランス,日本人の配偶者等,43歳,1:男,43：熊本県,1
フランス,永住者,45歳,1:男,43：熊本県,1
フランス,日本人の配偶者等,47歳,1:男,43：熊本県,1
フランス,永住者,48歳,1:男,43：熊本県,1
フランス,永住者,49歳,1:男,43：熊本県,1
フランス,日本人の配偶者等,49歳,1:男,43：熊本県,1
フランス,留学,52歳,1:男,43：熊本県,1
フランス,永住者,57歳,1:男,43：熊本県,1
フランス,永住者,62歳,1:男,43：熊本県,1
フランス,永住者,65歳,1:男,43：熊本県,1
フランス,留学,21歳,2:女,43：熊本県,1
フランス,留学,22歳,2:女,43：熊本県,2
フランス,日本人の配偶者等,22歳,2:女,43：熊本県,1
フランス,留学,23歳,2:女,43：熊本県,1
フランス,留学,24歳,2:女,43：熊本県,1
フランス,日本人の配偶者等,26歳,2:女,43：熊本県,1
フランス,技術・人文知識・国際業務,28歳,2:女,43：熊本県,1
フランス,教育,30歳,2:女,43：熊本県,1
フランス,技術・人文知識・国際業務,36歳,2:女,43：熊本県,1
フランス,日本人の配偶者等,50歳,2:女,43：熊本県,1
フランス,永住者,56歳,2:女,43：熊本県,1
フランス,永住者,59歳,2:女,43：熊本県,1
フランス,永住者,67歳,2:女,43：熊本県,1
ブルガリア,永住者,50歳,2:女,43：熊本県,1
ブルガリア,技能,64歳,2:女,43：熊本県,1
ベルギー,日本人の配偶者等,23歳,1:男,43：熊本県,1
ベルギー,日本人の配偶者等,36歳,1:男,43：熊本県,1
ベルギー,日本人の配偶者等,59歳,1:男,43：熊本県,1
ポーランド,留学,23歳,1:男,43：熊本県,1
ポーランド,日本人の配偶者等,36歳,1:男,43：熊本県,1
ポーランド,永住者,44歳,1:男,43：熊本県,1
ポーランド,留学,23歳,2:女,43：熊本県,1
ポーランド,技術・人文知識・国際業務,29歳,2:女,43：熊本県,1
ポーランド,日本人の配偶者等,30歳,2:女,43：熊本県,1
ポーランド,日本人の配偶者等,31歳,2:女,43：熊本県,1
ポーランド,永住者,56歳,2:女,43：熊本県,1
ポルトガル,留学,21歳,1:男,43：熊本県,1
マルタ,留学,24歳,1:男,43：熊本県,1
モルドバ,永住者,41歳,2:女,43：熊本県,1
リトアニア,技術・人文知識・国際業務,30歳,2:女,43：熊本県,1
ルーマニア,日本人の配偶者等,33歳,1:男,43：熊本県,1
ルーマニア,永住者,40歳,1:男,43：熊本県,1
ルーマニア,日本人の配偶者等,47歳,1:男,43：熊本県,1
ルーマニア,永住者,08歳,2:女,43：熊本県,1
ルーマニア,永住者,16歳,2:女,43：熊本県,1
ルーマニア,永住者,18歳,2:女,43：熊本県,1
ルーマニア,永住者,37歳,2:女,43：熊本県,1
ルーマニア,永住者,39歳,2:女,43：熊本県,3
ルーマニア,永住者,41歳,2:女,43：熊本県,1
ルーマニア,日本人の配偶者等,41歳,2:女,43：熊本県,1
ルーマニア,永住者,42歳,2:女,43：熊本県,2
ルーマニア,永住者,43歳,2:女,43：熊本県,2
ルーマニア,永住者,44歳,2:女,43：熊本県,3
ルーマニア,永住者,45歳,2:女,43：熊本県,1
ルーマニア,永住者,47歳,2:女,43：熊本県,1
ルーマニア,日本人の配偶者等,48歳,2:女,43：熊本県,1
ルーマニア,永住者,50歳,2:女,43：熊本県,1
ルーマニア,永住者,51歳,2:女,43：熊本県,1
ルーマニア,永住者,54歳,2:女,43：熊本県,1
ルーマニア,永住者,55歳,2:女,43：熊本県,1
ルーマニア,特定活動,73歳,2:女,43：熊本県,1
ロシア,永住者,20歳,1:男,43：熊本県,1
ロシア,文化活動,30歳,1:男,43：熊本県,1
ロシア,技術・人文知識・国際業務,31歳,1:男,43：熊本県,1
ロシア,技術・人文知識・国際業務,32歳,1:男,43：熊本県,1
ロシア,日本人の配偶者等,35歳,1:男,43：熊本県,1
ロシア,永住者,36歳,1:男,43：熊本県,1
ロシア,日本人の配偶者等,42歳,1:男,43：熊本県,1
ロシア,永住者,44歳,1:男,43：熊本県,1
ロシア,日本人の配偶者等,49歳,1:男,43：熊本県,1
ロシア,永住者,61歳,1:男,43：熊本県,1
ロシア,技術・人文知識・国際業務,26歳,2:女,43：熊本県,1
ロシア,日本人の配偶者等,26歳,2:女,43：熊本県,1
ロシア,永住者,28歳,2:女,43：熊本県,1
ロシア,留学,29歳,2:女,43：熊本県,1
ロシア,技術・人文知識・国際業務,30歳,2:女,43：熊本県,1
ロシア,永住者,30歳,2:女,43：熊本県,1
ロシア,技術・人文知識・国際業務,31歳,2:女,43：熊本県,1
ロシア,芸術,38歳,2:女,43：熊本県,1
ロシア,永住者,38歳,2:女,43：熊本県,1
ロシア,技術・人文知識・国際業務,39歳,2:女,43：熊本県,1
ロシア,永住者,39歳,2:女,43：熊本県,1
ロシア,日本人の配偶者等,39歳,2:女,43：熊本県,1
ロシア,永住者,43歳,2:女,43：熊本県,1
ロシア,永住者,47歳,2:女,43：熊本県,1
ロシア,日本人の配偶者等,48歳,2:女,43：熊本県,1
ロシア,永住者,61歳,2:女,43：熊本県,1
ロシア,永住者の配偶者等,61歳,2:女,43：熊本県,1
ウガンダ,永住者,40歳,1:男,43：熊本県,1
エジプト,家族滞在,00歳,1:男,43：熊本県,1
エジプト,家族滞在,03歳,1:男,43：熊本県,1
エジプト,家族滞在,05歳,1:男,43：熊本県,4
エジプト,家族滞在,06歳,1:男,43：熊本県,1
エジプト,家族滞在,08歳,1:男,43：熊本県,3
エジプト,家族滞在,10歳,1:男,43：熊本県,1
エジプト,家族滞在,11歳,1:男,43：熊本県,1
エジプト,留学,31歳,1:男,43：熊本県,2
エジプト,留学,33歳,1:男,43：熊本県,1
エジプト,留学,34歳,1:男,43：熊本県,1
エジプト,留学,35歳,1:男,43：熊本県,2
エジプト,教授,38歳,1:男,43：熊本県,1
エジプト,教授,39歳,1:男,43：熊本県,2
エジプト,家族滞在,39歳,1:男,43：熊本県,1
エジプト,高度専門職１号イ,41歳,1:男,43：熊本県,1
エジプト,家族滞在,41歳,1:男,43：熊本県,1
エジプト,教授,43歳,1:男,43：熊本県,1
エジプト,家族滞在,00歳,2:女,43：熊本県,1
エジプト,家族滞在,01歳,2:女,43：熊本県,2
エジプト,家族滞在,03歳,2:女,43：熊本県,1
エジプト,家族滞在,05歳,2:女,43：熊本県,1
エジプト,家族滞在,07歳,2:女,43：熊本県,1
エジプト,家族滞在,08歳,2:女,43：熊本県,1
エジプト,留学,30歳,2:女,43：熊本県,1
エジプト,留学,31歳,2:女,43：熊本県,1
エジプト,家族滞在,31歳,2:女,43：熊本県,1
エジプト,留学,32歳,2:女,43：熊本県,1
エジプト,家族滞在,32歳,2:女,43：熊本県,1
エジプト,家族滞在,33歳,2:女,43：熊本県,2
エジプト,家族滞在,34歳,2:女,43：熊本県,1
エジプト,留学,35歳,2:女,43：熊本県,1
エジプト,留学,36歳,2:女,43：熊本県,1
エジプト,教授,38歳,2:女,43：熊本県,1
エジプト,家族滞在,40歳,2:女,43：熊本県,1
エチオピア,留学,37歳,1:男,43：熊本県,1
エチオピア,日本人の配偶者等,47歳,1:男,43：熊本県,1
ガーナ,家族滞在,02歳,1:男,43：熊本県,1
ガーナ,留学,29歳,1:男,43：熊本県,1
ガーナ,留学,31歳,1:男,43：熊本県,3
ガーナ,留学,32歳,1:男,43：熊本県,1
ガーナ,留学,33歳,1:男,43：熊本県,2
ガーナ,留学,34歳,1:男,43：熊本県,1
ガーナ,留学,35歳,1:男,43：熊本県,1
ガーナ,留学,38歳,1:男,43：熊本県,1
ガーナ,家族滞在,27歳,2:女,43：熊本県,1
ガーナ,留学,35歳,2:女,43：熊本県,1
ガーナ,留学,36歳,2:女,43：熊本県,1
ギニア,定住者,14歳,1:男,43：熊本県,1
ギニア,日本人の配偶者等,35歳,1:男,43：熊本県,1
ギニア,日本人の配偶者等,36歳,1:男,43：熊本県,1
ケニア,留学,18歳,1:男,43：熊本県,1
ケニア,留学,26歳,1:男,43：熊本県,1
ケニア,留学,30歳,1:男,43：熊本県,1
ケニア,留学,32歳,1:男,43：熊本県,1
ケニア,定住者,51歳,1:男,43：熊本県,1
ケニア,家族滞在,02歳,2:女,43：熊本県,1
ケニア,教育,27歳,2:女,43：熊本県,1
ケニア,技術・人文知識・国際業務,40歳,2:女,43：熊本県,1
ザンビア,家族滞在,03歳,1:男,43：熊本県,1
ザンビア,留学,37歳,1:男,43：熊本県,1
ザンビア,家族滞在,06歳,2:女,43：熊本県,1
ザンビア,家族滞在,28歳,2:女,43：熊本県,1
ジブチ,留学,30歳,1:男,43：熊本県,1
ジンバブエ,家族滞在,34歳,1:男,43：熊本県,1
ジンバブエ,留学,35歳,2:女,43：熊本県,1
ジンバブエ,教育,37歳,2:女,43：熊本県,1
スーダン,家族滞在,03歳,1:男,43：熊本県,1
スーダン,家族滞在,08歳,1:男,43：熊本県,1
スーダン,留学,25歳,1:男,43：熊本県,1
スーダン,留学,32歳,1:男,43：熊本県,1
スーダン,定住者,33歳,1:男,43：熊本県,1
スーダン,留学,34歳,1:男,43：熊本県,1
スーダン,高度専門職１号イ,36歳,1:男,43：熊本県,1
スーダン,家族滞在,02歳,2:女,43：熊本県,1
スーダン,家族滞在,33歳,2:女,43：熊本県,1
スーダン,家族滞在,36歳,2:女,43：熊本県,1
セネガル,留学,26歳,1:男,43：熊本県,1
セネガル,留学,27歳,1:男,43：熊本県,1
セネガル,日本人の配偶者等,32歳,1:男,43：熊本県,1
セネガル,日本人の配偶者等,38歳,1:男,43：熊本県,1
セネガル,永住者,45歳,1:男,43：熊本県,1
セネガル,日本人の配偶者等,51歳,1:男,43：熊本県,1
セネガル,永住者の配偶者等,00歳,2:女,43：熊本県,1
セネガル,永住者,03歳,2:女,43：熊本県,1
セネガル,定住者,09歳,2:女,43：熊本県,1
セネガル,留学,16歳,2:女,43：熊本県,1
セネガル,永住者,36歳,2:女,43：熊本県,1
タンザニア,家族滞在,00歳,1:男,43：熊本県,1
タンザニア,家族滞在,04歳,1:男,43：熊本県,1
タンザニア,留学,30歳,1:男,43：熊本県,1
タンザニア,留学,32歳,1:男,43：熊本県,1
タンザニア,留学,33歳,1:男,43：熊本県,3
タンザニア,教授,37歳,1:男,43：熊本県,1
タンザニア,日本人の配偶者等,40歳,1:男,43：熊本県,1
タンザニア,日本人の配偶者等,46歳,1:男,43：熊本県,1
タンザニア,家族滞在,03歳,2:女,43：熊本県,1
タンザニア,留学,26歳,2:女,43：熊本県,1
タンザニア,家族滞在,31歳,2:女,43：熊本県,1
タンザニア,家族滞在,35歳,2:女,43：熊本県,1
チュニジア,留学,23歳,2:女,43：熊本県,1
ナイジェリア,留学,26歳,1:男,43：熊本県,1
ナイジェリア,留学,37歳,1:男,43：熊本県,1
ナイジェリア,永住者,39歳,1:男,43：熊本県,1
ナイジェリア,永住者,45歳,1:男,43：熊本県,1
ナイジェリア,日本人の配偶者等,47歳,1:男,43：熊本県,1
ナイジェリア,日本人の配偶者等,51歳,1:男,43：熊本県,1
ナイジェリア,永住者,52歳,1:男,43：熊本県,1
ナイジェリア,永住者,54歳,1:男,43：熊本県,1
ナイジェリア,永住者,55歳,1:男,43：熊本県,1
ナイジェリア,永住者,56歳,1:男,43：熊本県,1
ナイジェリア,家族滞在,38歳,2:女,43：熊本県,1
ベナン,留学,33歳,1:男,43：熊本県,1
ボツワナ,技術・人文知識・国際業務,27歳,2:女,43：熊本県,1
マラウイ,留学,22歳,2:女,43：熊本県,1
マラウイ,技術・人文知識・国際業務,33歳,2:女,43：熊本県,1
南アフリカ共和国,永住者,05歳,1:男,43：熊本県,1
南アフリカ共和国,教育,22歳,1:男,43：熊本県,1
南アフリカ共和国,教育,24歳,1:男,43：熊本県,1
南アフリカ共和国,教育,28歳,1:男,43：熊本県,1
南アフリカ共和国,教育,29歳,1:男,43：熊本県,1
南アフリカ共和国,技術・人文知識・国際業務,30歳,1:男,43：熊本県,1
南アフリカ共和国,技術・人文知識・国際業務,35歳,1:男,43：熊本県,1
南アフリカ共和国,永住者,37歳,1:男,43：熊本県,1
南アフリカ共和国,永住者,56歳,1:男,43：熊本県,1
南アフリカ共和国,永住者,68歳,1:男,43：熊本県,1
南アフリカ共和国,家族滞在,02歳,2:女,43：熊本県,1
南アフリカ共和国,教育,24歳,2:女,43：熊本県,1
南アフリカ共和国,教育,28歳,2:女,43：熊本県,1
南アフリカ共和国,教育,29歳,2:女,43：熊本県,1
南アフリカ共和国,教育,31歳,2:女,43：熊本県,1
南アフリカ共和国,技術・人文知識・国際業務,32歳,2:女,43：熊本県,1
南アフリカ共和国,永住者,41歳,2:女,43：熊本県,1
南アフリカ共和国,技術・人文知識・国際業務,44歳,2:女,43：熊本県,1
モーリシャス,永住者,51歳,1:男,43：熊本県,1
モーリタニア,留学,28歳,1:男,43：熊本県,1
モーリタニア,留学,29歳,1:男,43：熊本県,1
モーリタニア,家族滞在,27歳,2:女,43：熊本県,1
モロッコ,留学,22歳,1:男,43：熊本県,1
モロッコ,永住者,40歳,1:男,43：熊本県,1
モロッコ,日本人の配偶者等,35歳,2:女,43：熊本県,1
カナダ,日本人の配偶者等,23歳,1:男,43：熊本県,1
カナダ,教育,25歳,1:男,43：熊本県,1
カナダ,教育,26歳,1:男,43：熊本県,2
カナダ,教育,27歳,1:男,43：熊本県,1
カナダ,教育,28歳,1:男,43：熊本県,1
カナダ,特定活動,28歳,1:男,43：熊本県,1
カナダ,日本人の配偶者等,30歳,1:男,43：熊本県,1
カナダ,留学,31歳,1:男,43：熊本県,1
カナダ,技術・人文知識・国際業務,32歳,1:男,43：熊本県,1
カナダ,日本人の配偶者等,32歳,1:男,43：熊本県,1
カナダ,永住者,33歳,1:男,43：熊本県,1
カナダ,日本人の配偶者等,33歳,1:男,43：熊本県,1
カナダ,定住者,33歳,1:男,43：熊本県,1
カナダ,教育,35歳,1:男,43：熊本県,1
カナダ,日本人の配偶者等,35歳,1:男,43：熊本県,1
カナダ,教授,37歳,1:男,43：熊本県,1
カナダ,教授,39歳,1:男,43：熊本県,1
カナダ,教育,39歳,1:男,43：熊本県,1
カナダ,日本人の配偶者等,40歳,1:男,43：熊本県,1
カナダ,日本人の配偶者等,41歳,1:男,43：熊本県,2
カナダ,永住者,44歳,1:男,43：熊本県,1
カナダ,永住者,45歳,1:男,43：熊本県,1
カナダ,永住者,46歳,1:男,43：熊本県,2
カナダ,永住者,47歳,1:男,43：熊本県,3
カナダ,永住者,48歳,1:男,43：熊本県,1
カナダ,日本人の配偶者等,49歳,1:男,43：熊本県,1
カナダ,永住者,50歳,1:男,43：熊本県,1
カナダ,日本人の配偶者等,53歳,1:男,43：熊本県,1
カナダ,技術・人文知識・国際業務,54歳,1:男,43：熊本県,1
カナダ,永住者,54歳,1:男,43：熊本県,1
カナダ,永住者,55歳,1:男,43：熊本県,1
カナダ,永住者,56歳,1:男,43：熊本県,2
カナダ,永住者,58歳,1:男,43：熊本県,1
カナダ,永住者,60歳,1:男,43：熊本県,1
カナダ,永住者,61歳,1:男,43：熊本県,1
カナダ,永住者,62歳,1:男,43：熊本県,1
カナダ,日本人の配偶者等,66歳,1:男,43：熊本県,1
カナダ,永住者,67歳,1:男,43：熊本県,1
カナダ,日本人の配偶者等,80歳以上,1:男,43：熊本県,1
カナダ,教育,24歳,2:女,43：熊本県,1
カナダ,教育,26歳,2:女,43：熊本県,2
カナダ,教育,27歳,2:女,43：熊本県,1
カナダ,教育,28歳,2:女,43：熊本県,1
カナダ,教育,29歳,2:女,43：熊本県,4
カナダ,技術・人文知識・国際業務,31歳,2:女,43：熊本県,1
カナダ,日本人の配偶者等,35歳,2:女,43：熊本県,1
カナダ,技術・人文知識・国際業務,39歳,2:女,43：熊本県,1
カナダ,永住者,41歳,2:女,43：熊本県,1
カナダ,日本人の配偶者等,41歳,2:女,43：熊本県,1
カナダ,日本人の配偶者等,43歳,2:女,43：熊本県,1
カナダ,永住者,44歳,2:女,43：熊本県,1
カナダ,技術・人文知識・国際業務,49歳,2:女,43：熊本県,1
カナダ,永住者,50歳,2:女,43：熊本県,1
カナダ,日本人の配偶者等,57歳,2:女,43：熊本県,1
カナダ,永住者,71歳,2:女,43：熊本県,1
カナダ,永住者,77歳,2:女,43：熊本県,1
カナダ,日本人の配偶者等,80歳以上,2:女,43：熊本県,2
コスタリカ,日本人の配偶者等,25歳,1:男,43：熊本県,1
コスタリカ,日本人の配偶者等,61歳,1:男,43：熊本県,1
ジャマイカ,教育,31歳,1:男,43：熊本県,1
ジャマイカ,日本人の配偶者等,46歳,1:男,43：熊本県,1
ジャマイカ,家族滞在,53歳,1:男,43：熊本県,1
ジャマイカ,教育,30歳,2:女,43：熊本県,1
ジャマイカ,技術・人文知識・国際業務,31歳,2:女,43：熊本県,1
ジャマイカ,教育,33歳,2:女,43：熊本県,1
ジャマイカ,教育,34歳,2:女,43：熊本県,1
ジャマイカ,教育,36歳,2:女,43：熊本県,1
ジャマイカ,技術・人文知識・国際業務,41歳,2:女,43：熊本県,1
ジャマイカ,教育,48歳,2:女,43：熊本県,1
ドミニカ共和国,興行,26歳,1:男,43：熊本県,1
ドミニカ共和国,留学,28歳,1:男,43：熊本県,1
トリニダード・トバゴ,教育,30歳,1:男,43：熊本県,1
トリニダード・トバゴ,教育,33歳,1:男,43：熊本県,1
トリニダード・トバゴ,技術・人文知識・国際業務,34歳,1:男,43：熊本県,1
トリニダード・トバゴ,教育,25歳,2:女,43：熊本県,1
トリニダード・トバゴ,教育,29歳,2:女,43：熊本県,1
ハイチ,興行,27歳,1:男,43：熊本県,1
米国,家族滞在,04歳,1:男,43：熊本県,1
米国,特定活動,08歳,1:男,43：熊本県,1
米国,家族滞在,09歳,1:男,43：熊本県,1
米国,家族滞在,15歳,1:男,43：熊本県,1
米国,永住者,18歳,1:男,43：熊本県,1
米国,留学,20歳,1:男,43：熊本県,1
米国,永住者,21歳,1:男,43：熊本県,1
米国,教育,22歳,1:男,43：熊本県,3
米国,留学,22歳,1:男,43：熊本県,1
米国,教育,23歳,1:男,43：熊本県,9
米国,留学,23歳,1:男,43：熊本県,1
米国,宗教,24歳,1:男,43：熊本県,1
米国,教育,24歳,1:男,43：熊本県,7
米国,技術・人文知識・国際業務,24歳,1:男,43：熊本県,1
米国,教育,25歳,1:男,43：熊本県,5
米国,留学,25歳,1:男,43：熊本県,1
米国,教育,26歳,1:男,43：熊本県,9
米国,技術・人文知識・国際業務,26歳,1:男,43：熊本県,1
米国,日本人の配偶者等,26歳,1:男,43：熊本県,1
米国,教育,27歳,1:男,43：熊本県,5
米国,技術・人文知識・国際業務,27歳,1:男,43：熊本県,2
米国,教育,28歳,1:男,43：熊本県,2
米国,日本人の配偶者等,28歳,1:男,43：熊本県,1
米国,教育,29歳,1:男,43：熊本県,2
米国,技術・人文知識・国際業務,29歳,1:男,43：熊本県,1
米国,企業内転勤,29歳,1:男,43：熊本県,1
米国,家族滞在,29歳,1:男,43：熊本県,1
米国,教育,30歳,1:男,43：熊本県,3
米国,技術・人文知識・国際業務,30歳,1:男,43：熊本県,1
米国,日本人の配偶者等,30歳,1:男,43：熊本県,2
米国,教育,31歳,1:男,43：熊本県,5
米国,技術・人文知識・国際業務,31歳,1:男,43：熊本県,1
米国,日本人の配偶者等,31歳,1:男,43：熊本県,2
米国,高度専門職１号ロ,32歳,1:男,43：熊本県,1
米国,日本人の配偶者等,32歳,1:男,43：熊本県,1
米国,興行,33歳,1:男,43：熊本県,1
米国,経営・管理,34歳,1:男,43：熊本県,1
米国,教育,34歳,1:男,43：熊本県,2
米国,興行,34歳,1:男,43：熊本県,1
米国,永住者,34歳,1:男,43：熊本県,1
米国,日本人の配偶者等,34歳,1:男,43：熊本県,2
米国,教育,35歳,1:男,43：熊本県,2
米国,技術・人文知識・国際業務,35歳,1:男,43：熊本県,1
米国,興行,35歳,1:男,43：熊本県,1
米国,永住者,35歳,1:男,43：熊本県,1
米国,日本人の配偶者等,35歳,1:男,43：熊本県,4
米国,教育,36歳,1:男,43：熊本県,1
米国,技術・人文知識・国際業務,36歳,1:男,43：熊本県,2
米国,日本人の配偶者等,36歳,1:男,43：熊本県,1
米国,永住者,37歳,1:男,43：熊本県,1
米国,日本人の配偶者等,37歳,1:男,43：熊本県,2
米国,教育,38歳,1:男,43：熊本県,1
米国,永住者,38歳,1:男,43：熊本県,2
米国,日本人の配偶者等,38歳,1:男,43：熊本県,2
米国,日本人の配偶者等,39歳,1:男,43：熊本県,2
米国,永住者,40歳,1:男,43：熊本県,1
米国,日本人の配偶者等,40歳,1:男,43：熊本県,4
米国,技術・人文知識・国際業務,41歳,1:男,43：熊本県,1
米国,永住者,41歳,1:男,43：熊本県,5
米国,日本人の配偶者等,41歳,1:男,43：熊本県,2
米国,技術・人文知識・国際業務,42歳,1:男,43：熊本県,1
米国,永住者,42歳,1:男,43：熊本県,2
米国,日本人の配偶者等,42歳,1:男,43：熊本県,1
米国,宗教,43歳,1:男,43：熊本県,1
米国,技術・人文知識・国際業務,43歳,1:男,43：熊本県,1
米国,永住者,43歳,1:男,43：熊本県,2
米国,永住者,44歳,1:男,43：熊本県,3
米国,日本人の配偶者等,44歳,1:男,43：熊本県,1
米国,技術・人文知識・国際業務,45歳,1:男,43：熊本県,1
米国,日本人の配偶者等,45歳,1:男,43：熊本県,1
米国,教授,46歳,1:男,43：熊本県,1
米国,永住者,46歳,1:男,43：熊本県,4
米国,日本人の配偶者等,46歳,1:男,43：熊本県,3
米国,永住者,47歳,1:男,43：熊本県,3
米国,日本人の配偶者等,47歳,1:男,43：熊本県,3
米国,永住者,48歳,1:男,43：熊本県,3
米国,日本人の配偶者等,48歳,1:男,43：熊本県,1
米国,永住者,49歳,1:男,43：熊本県,2
米国,日本人の配偶者等,49歳,1:男,43：熊本県,2
米国,永住者,50歳,1:男,43：熊本県,3
米国,教授,51歳,1:男,43：熊本県,1
米国,永住者,51歳,1:男,43：熊本県,4
米国,永住者,52歳,1:男,43：熊本県,3
米国,永住者,53歳,1:男,43：熊本県,2
米国,日本人の配偶者等,53歳,1:男,43：熊本県,1
米国,永住者,54歳,1:男,43：熊本県,6
米国,日本人の配偶者等,54歳,1:男,43：熊本県,1
米国,永住者,55歳,1:男,43：熊本県,3
米国,日本人の配偶者等,55歳,1:男,43：熊本県,3
米国,永住者,56歳,1:男,43：熊本県,1
米国,日本人の配偶者等,56歳,1:男,43：熊本県,2
米国,永住者,57歳,1:男,43：熊本県,3
米国,永住者,58歳,1:男,43：熊本県,3
米国,永住者,59歳,1:男,43：熊本県,2
米国,日本人の配偶者等,59歳,1:男,43：熊本県,1
米国,永住者,60歳,1:男,43：熊本県,2
米国,日本人の配偶者等,60歳,1:男,43：熊本県,1
米国,永住者,61歳,1:男,43：熊本県,3
米国,日本人の配偶者等,61歳,1:男,43：熊本県,1
米国,定住者,61歳,1:男,43：熊本県,1
米国,永住者,62歳,1:男,43：熊本県,3
米国,永住者,63歳,1:男,43：熊本県,1
米国,日本人の配偶者等,63歳,1:男,43：熊本県,1
米国,教授,64歳,1:男,43：熊本県,1
米国,日本人の配偶者等,64歳,1:男,43：熊本県,2
米国,教授,65歳,1:男,43：熊本県,1
米国,永住者,65歳,1:男,43：熊本県,3
米国,日本人の配偶者等,65歳,1:男,43：熊本県,1
米国,永住者,66歳,1:男,43：熊本県,1
米国,日本人の配偶者等,66歳,1:男,43：熊本県,1
米国,永住者,67歳,1:男,43：熊本県,4
米国,教授,68歳,1:男,43：熊本県,1
米国,永住者,68歳,1:男,43：熊本県,1
米国,日本人の配偶者等,68歳,1:男,43：熊本県,3
米国,興行,69歳,1:男,43：熊本県,1
米国,日本人の配偶者等,69歳,1:男,43：熊本県,1
米国,永住者,70歳,1:男,43：熊本県,1
米国,永住者,71歳,1:男,43：熊本県,1
米国,日本人の配偶者等,71歳,1:男,43：熊本県,1
米国,永住者,72歳,1:男,43：熊本県,1
米国,永住者,73歳,1:男,43：熊本県,1
米国,永住者,77歳,1:男,43：熊本県,3
米国,永住者,78歳,1:男,43：熊本県,1
米国,日本人の配偶者等,80歳以上,1:男,43：熊本県,2
米国,家族滞在,01歳,2:女,43：熊本県,2
米国,家族滞在,02歳,2:女,43：熊本県,1
米国,家族滞在,03歳,2:女,43：熊本県,1
米国,家族滞在,04歳,2:女,43：熊本県,1
米国,家族滞在,07歳,2:女,43：熊本県,2
米国,永住者,08歳,2:女,43：熊本県,1
米国,永住者,09歳,2:女,43：熊本県,1
米国,家族滞在,13歳,2:女,43：熊本県,1
米国,日本人の配偶者等,13歳,2:女,43：熊本県,1
米国,永住者,14歳,2:女,43：熊本県,1
米国,日本人の配偶者等,15歳,2:女,43：熊本県,1
米国,永住者,16歳,2:女,43：熊本県,1
米国,家族滞在,17歳,2:女,43：熊本県,2
米国,永住者,17歳,2:女,43：熊本県,1
米国,永住者,20歳,2:女,43：熊本県,1
米国,教育,21歳,2:女,43：熊本県,1
米国,永住者,21歳,2:女,43：熊本県,1
米国,教育,22歳,2:女,43：熊本県,3
米国,留学,22歳,2:女,43：熊本県,1
米国,教育,23歳,2:女,43：熊本県,9
米国,日本人の配偶者等,23歳,2:女,43：熊本県,1
米国,教育,24歳,2:女,43：熊本県,5
米国,教育,25歳,2:女,43：熊本県,9
米国,技術・人文知識・国際業務,25歳,2:女,43：熊本県,1
米国,家族滞在,25歳,2:女,43：熊本県,2
米国,教育,26歳,2:女,43：熊本県,4
米国,教育,27歳,2:女,43：熊本県,7
米国,芸術,28歳,2:女,43：熊本県,1
米国,教育,28歳,2:女,43：熊本県,3
米国,教育,29歳,2:女,43：熊本県,4
米国,技術・人文知識・国際業務,29歳,2:女,43：熊本県,4
米国,宗教,30歳,2:女,43：熊本県,1
米国,教育,30歳,2:女,43：熊本県,4
米国,技術・人文知識・国際業務,30歳,2:女,43：熊本県,1
米国,日本人の配偶者等,30歳,2:女,43：熊本県,1
米国,教育,31歳,2:女,43：熊本県,2
米国,教授,32歳,2:女,43：熊本県,1
米国,日本人の配偶者等,32歳,2:女,43：熊本県,2
米国,教育,33歳,2:女,43：熊本県,2
米国,教育,34歳,2:女,43：熊本県,2
米国,家族滞在,34歳,2:女,43：熊本県,1
米国,永住者,34歳,2:女,43：熊本県,1
米国,教育,35歳,2:女,43：熊本県,1
米国,興行,36歳,2:女,43：熊本県,1
米国,日本人の配偶者等,36歳,2:女,43：熊本県,1
米国,教育,37歳,2:女,43：熊本県,1
米国,永住者,37歳,2:女,43：熊本県,1
米国,永住者,38歳,2:女,43：熊本県,1
米国,日本人の配偶者等,38歳,2:女,43：熊本県,2
米国,教育,39歳,2:女,43：熊本県,1
米国,日本人の配偶者等,39歳,2:女,43：熊本県,1
米国,日本人の配偶者等,40歳,2:女,43：熊本県,2
米国,永住者,43歳,2:女,43：熊本県,1
米国,宗教,46歳,2:女,43：熊本県,1
米国,教育,47歳,2:女,43：熊本県,1
米国,永住者,47歳,2:女,43：熊本県,1
米国,永住者,48歳,2:女,43：熊本県,1
米国,日本人の配偶者等,50歳,2:女,43：熊本県,1
米国,定住者,50歳,2:女,43：熊本県,1
米国,永住者,51歳,2:女,43：熊本県,2
米国,永住者の配偶者等,51歳,2:女,43：熊本県,1
米国,永住者,52歳,2:女,43：熊本県,2
米国,永住者,55歳,2:女,43：熊本県,1
米国,永住者,57歳,2:女,43：熊本県,1
米国,永住者,58歳,2:女,43：熊本県,2
米国,永住者,59歳,2:女,43：熊本県,2
米国,永住者,60歳,2:女,43：熊本県,1
米国,永住者,61歳,2:女,43：熊本県,1
米国,日本人の配偶者等,61歳,2:女,43：熊本県,1
米国,永住者,63歳,2:女,43：熊本県,3
米国,教育,64歳,2:女,43：熊本県,1
米国,永住者,65歳,2:女,43：熊本県,1
米国,日本人の配偶者等,65歳,2:女,43：熊本県,1
米国,永住者,66歳,2:女,43：熊本県,3
米国,永住者,68歳,2:女,43：熊本県,2
米国,永住者,73歳,2:女,43：熊本県,3
米国,日本人の配偶者等,73歳,2:女,43：熊本県,1
米国,日本人の配偶者等,74歳,2:女,43：熊本県,1
米国,日本人の配偶者等,78歳,2:女,43：熊本県,1
米国,永住者,79歳,2:女,43：熊本県,1
米国,日本人の配偶者等,79歳,2:女,43：熊本県,1
米国,永住者,80歳以上,2:女,43：熊本県,5
米国,日本人の配偶者等,80歳以上,2:女,43：熊本県,3
ベリーズ,永住者,40歳,1:男,43：熊本県,1
メキシコ,日本人の配偶者等,34歳,1:男,43：熊本県,1
メキシコ,永住者,37歳,1:男,43：熊本県,1
メキシコ,永住者,40歳,1:男,43：熊本県,1
メキシコ,永住者,42歳,1:男,43：熊本県,1
メキシコ,日本人の配偶者等,53歳,1:男,43：熊本県,1
メキシコ,永住者,56歳,1:男,43：熊本県,1
メキシコ,定住者,60歳,1:男,43：熊本県,1
メキシコ,日本人の配偶者等,25歳,2:女,43：熊本県,1
メキシコ,日本人の配偶者等,31歳,2:女,43：熊本県,1
メキシコ,永住者,34歳,2:女,43：熊本県,1
メキシコ,永住者,51歳,2:女,43：熊本県,1
メキシコ,定住者,57歳,2:女,43：熊本県,1
アルゼンチン,教育,34歳,1:男,43：熊本県,1
アルゼンチン,永住者,42歳,1:男,43：熊本県,1
アルゼンチン,永住者,45歳,1:男,43：熊本県,1
アルゼンチン,日本人の配偶者等,29歳,2:女,43：熊本県,1
ウルグアイ,永住者,57歳,1:男,43：熊本県,1
コロンビア,日本人の配偶者等,32歳,1:男,43：熊本県,1
コロンビア,永住者,43歳,1:男,43：熊本県,1
チリ,定住者,56歳,2:女,43：熊本県,1
パラグアイ,定住者,32歳,1:男,43：熊本県,1
ブラジル,定住者,14歳,1:男,43：熊本県,1
ブラジル,興行,20歳,1:男,43：熊本県,1
ブラジル,興行,21歳,1:男,43：熊本県,1
ブラジル,永住者,22歳,1:男,43：熊本県,1
ブラジル,定住者,26歳,1:男,43：熊本県,1
ブラジル,永住者,27歳,1:男,43：熊本県,1
ブラジル,芸術,30歳,1:男,43：熊本県,1
ブラジル,永住者,30歳,1:男,43：熊本県,1
ブラジル,永住者,33歳,1:男,43：熊本県,2
ブラジル,永住者,34歳,1:男,43：熊本県,1
ブラジル,定住者,34歳,1:男,43：熊本県,1
ブラジル,永住者,37歳,1:男,43：熊本県,1
ブラジル,定住者,37歳,1:男,43：熊本県,1
ブラジル,永住者,41歳,1:男,43：熊本県,1
ブラジル,定住者,41歳,1:男,43：熊本県,1
ブラジル,定住者,42歳,1:男,43：熊本県,1
ブラジル,定住者,43歳,1:男,43：熊本県,1
ブラジル,定住者,44歳,1:男,43：熊本県,1
ブラジル,永住者,45歳,1:男,43：熊本県,2
ブラジル,定住者,45歳,1:男,43：熊本県,1
ブラジル,永住者,46歳,1:男,43：熊本県,1
ブラジル,定住者,46歳,1:男,43：熊本県,1
ブラジル,永住者,47歳,1:男,43：熊本県,1
ブラジル,永住者,48歳,1:男,43：熊本県,2
ブラジル,日本人の配偶者等,50歳,1:男,43：熊本県,1
ブラジル,定住者,50歳,1:男,43：熊本県,1
ブラジル,永住者,53歳,1:男,43：熊本県,1
ブラジル,永住者,54歳,1:男,43：熊本県,1
ブラジル,日本人の配偶者等,55歳,1:男,43：熊本県,1
ブラジル,永住者,58歳,1:男,43：熊本県,1
ブラジル,日本人の配偶者等,58歳,1:男,43：熊本県,1
ブラジル,日本人の配偶者等,59歳,1:男,43：熊本県,1
ブラジル,永住者,60歳,1:男,43：熊本県,1
ブラジル,永住者,73歳,1:男,43：熊本県,1
ブラジル,永住者,80歳以上,1:男,43：熊本県,1
ブラジル,永住者の配偶者等,04歳,2:女,43：熊本県,1
ブラジル,定住者,08歳,2:女,43：熊本県,2
ブラジル,定住者,10歳,2:女,43：熊本県,1
ブラジル,永住者,24歳,2:女,43：熊本県,2
ブラジル,永住者,26歳,2:女,43：熊本県,1
ブラジル,日本人の配偶者等,26歳,2:女,43：熊本県,1
ブラジル,永住者,28歳,2:女,43：熊本県,1
ブラジル,定住者,32歳,2:女,43：熊本県,1
ブラジル,定住者,35歳,2:女,43：熊本県,1
ブラジル,永住者,36歳,2:女,43：熊本県,1
ブラジル,永住者,38歳,2:女,43：熊本県,1
ブラジル,定住者,38歳,2:女,43：熊本県,1
ブラジル,永住者,43歳,2:女,43：熊本県,1
ブラジル,定住者,45歳,2:女,43：熊本県,1
ブラジル,永住者,46歳,2:女,43：熊本県,1
ブラジル,定住者,47歳,2:女,43：熊本県,1
ブラジル,永住者,48歳,2:女,43：熊本県,1
ブラジル,日本人の配偶者等,50歳,2:女,43：熊本県,1
ブラジル,永住者,51歳,2:女,43：熊本県,1
ブラジル,永住者,52歳,2:女,43：熊本県,1
ブラジル,永住者,54歳,2:女,43：熊本県,2
ブラジル,永住者,55歳,2:女,43：熊本県,1
ブラジル,永住者,58歳,2:女,43：熊本県,2
ブラジル,永住者,63歳,2:女,43：熊本県,1
ブラジル,永住者,65歳,2:女,43：熊本県,1
ブラジル,永住者,67歳,2:女,43：熊本県,1
ブラジル,永住者,68歳,2:女,43：熊本県,1
ブラジル,永住者,70歳,2:女,43：熊本県,1
ブラジル,永住者,72歳,2:女,43：熊本県,1
ブラジル,永住者,73歳,2:女,43：熊本県,1
ブラジル,永住者,76歳,2:女,43：熊本県,1
ブラジル,永住者,80歳以上,2:女,43：熊本県,1
ベネズエラ,日本人の配偶者等,28歳,1:男,43：熊本県,1
ベネズエラ,日本人の配偶者等,41歳,1:男,43：熊本県,1
ベネズエラ,永住者,56歳,1:男,43：熊本県,1
ベネズエラ,永住者,64歳,1:男,43：熊本県,1
ベネズエラ,家族滞在,30歳,2:女,43：熊本県,1
ベネズエラ,定住者,30歳,2:女,43：熊本県,1
ペルー,永住者,46歳,1:男,43：熊本県,1
ペルー,永住者,48歳,1:男,43：熊本県,1
ペルー,永住者,52歳,1:男,43：熊本県,1
ペルー,定住者,54歳,1:男,43：熊本県,1
ペルー,永住者,64歳,1:男,43：熊本県,1
ペルー,留学,26歳,2:女,43：熊本県,1
ペルー,永住者,31歳,2:女,43：熊本県,1
オーストラリア,家族滞在,04歳,1:男,43：熊本県,1
オーストラリア,留学,22歳,1:男,43：熊本県,1
オーストラリア,教育,23歳,1:男,43：熊本県,1
オーストラリア,留学,23歳,1:男,43：熊本県,2
オーストラリア,日本人の配偶者等,24歳,1:男,43：熊本県,1
オーストラリア,教育,26歳,1:男,43：熊本県,1
オーストラリア,教育,27歳,1:男,43：熊本県,1
オーストラリア,技術・人文知識・国際業務,27歳,1:男,43：熊本県,1
オーストラリア,留学,28歳,1:男,43：熊本県,1
オーストラリア,教育,29歳,1:男,43：熊本県,2
オーストラリア,日本人の配偶者等,29歳,1:男,43：熊本県,1
オーストラリア,永住者,30歳,1:男,43：熊本県,1
オーストラリア,経営・管理,33歳,1:男,43：熊本県,1
オーストラリア,教育,33歳,1:男,43：熊本県,1
オーストラリア,永住者,33歳,1:男,43：熊本県,1
オーストラリア,日本人の配偶者等,35歳,1:男,43：熊本県,2
オーストラリア,教育,36歳,1:男,43：熊本県,1
オーストラリア,日本人の配偶者等,36歳,1:男,43：熊本県,1
オーストラリア,日本人の配偶者等,37歳,1:男,43：熊本県,1
オーストラリア,教授,38歳,1:男,43：熊本県,1
オーストラリア,永住者,38歳,1:男,43：熊本県,1
オーストラリア,日本人の配偶者等,38歳,1:男,43：熊本県,1
オーストラリア,日本人の配偶者等,40歳,1:男,43：熊本県,1
オーストラリア,永住者,41歳,1:男,43：熊本県,1
オーストラリア,日本人の配偶者等,41歳,1:男,43：熊本県,1
オーストラリア,永住者,44歳,1:男,43：熊本県,2
オーストラリア,日本人の配偶者等,44歳,1:男,43：熊本県,1
オーストラリア,永住者,46歳,1:男,43：熊本県,1
オーストラリア,永住者,47歳,1:男,43：熊本県,1
オーストラリア,日本人の配偶者等,48歳,1:男,43：熊本県,1
オーストラリア,永住者,49歳,1:男,43：熊本県,2
オーストラリア,教授,50歳,1:男,43：熊本県,1
オーストラリア,永住者,51歳,1:男,43：熊本県,2
オーストラリア,永住者,52歳,1:男,43：熊本県,2
オーストラリア,永住者,54歳,1:男,43：熊本県,1
オーストラリア,永住者,59歳,1:男,43：熊本県,1
オーストラリア,永住者,61歳,1:男,43：熊本県,1
オーストラリア,日本人の配偶者等,65歳,1:男,43：熊本県,1
オーストラリア,永住者,68歳,1:男,43：熊本県,1
オーストラリア,日本人の配偶者等,69歳,1:男,43：熊本県,1
オーストラリア,定住者,70歳,1:男,43：熊本県,1
オーストラリア,永住者,73歳,1:男,43：熊本県,1
オーストラリア,永住者,75歳,1:男,43：熊本県,1
オーストラリア,特定活動,79歳,1:男,43：熊本県,1
オーストラリア,日本人の配偶者等,79歳,1:男,43：熊本県,1
オーストラリア,家族滞在,02歳,2:女,43：熊本県,1
オーストラリア,教育,25歳,2:女,43：熊本県,1
オーストラリア,留学,26歳,2:女,43：熊本県,1
オーストラリア,教育,28歳,2:女,43：熊本県,1
オーストラリア,日本人の配偶者等,33歳,2:女,43：熊本県,1
オーストラリア,家族滞在,36歳,2:女,43：熊本県,1
オーストラリア,教育,39歳,2:女,43：熊本県,1
オーストラリア,永住者,44歳,2:女,43：熊本県,1
オーストラリア,永住者,59歳,2:女,43：熊本県,1
オーストラリア,日本人の配偶者等,62歳,2:女,43：熊本県,1
オーストラリア,永住者,63歳,2:女,43：熊本県,1
オーストラリア,永住者,65歳,2:女,43：熊本県,1
オーストラリア,日本人の配偶者等,71歳,2:女,43：熊本県,1
サモア,留学,36歳,1:男,43：熊本県,1
トンガ,永住者,08歳,1:男,43：熊本県,1
トンガ,永住者,14歳,1:男,43：熊本県,2
トンガ,永住者,40歳,1:男,43：熊本県,1
トンガ,永住者,10歳,2:女,43：熊本県,1
トンガ,永住者,40歳,2:女,43：熊本県,1
ニュージーランド,教育,24歳,1:男,43：熊本県,2
ニュージーランド,教育,25歳,1:男,43：熊本県,1
ニュージーランド,教育,26歳,1:男,43：熊本県,1
ニュージーランド,教育,27歳,1:男,43：熊本県,1
ニュージーランド,技術・人文知識・国際業務,29歳,1:男,43：熊本県,1
ニュージーランド,日本人の配偶者等,31歳,1:男,43：熊本県,1
ニュージーランド,日本人の配偶者等,33歳,1:男,43：熊本県,1
ニュージーランド,教育,35歳,1:男,43：熊本県,1
ニュージーランド,永住者,36歳,1:男,43：熊本県,1
ニュージーランド,永住者,41歳,1:男,43：熊本県,1
ニュージーランド,永住者,45歳,1:男,43：熊本県,2
ニュージーランド,日本人の配偶者等,47歳,1:男,43：熊本県,1
ニュージーランド,永住者,48歳,1:男,43：熊本県,1
ニュージーランド,教育,49歳,1:男,43：熊本県,1
ニュージーランド,日本人の配偶者等,50歳,1:男,43：熊本県,1
ニュージーランド,永住者,80歳以上,1:男,43：熊本県,1
ニュージーランド,教育,22歳,2:女,43：熊本県,1
ニュージーランド,教育,25歳,2:女,43：熊本県,1
ニュージーランド,日本人の配偶者等,52歳,2:女,43：熊本県,1
バヌアツ,留学,37歳,1:男,43：熊本県,1
パラオ,技術・人文知識・国際業務,27歳,1:男,43：熊本県,1
フィジー,日本人の配偶者等,33歳,1:男,43：熊本県,1
無国籍,日本人の配偶者等,59歳,1:男,43：熊本県,1
無国籍,永住者,75歳,1:男,43：熊本県,1
無国籍,永住者,38歳,2:女,43：熊本県,1
無国籍,永住者,80歳以上,2:女,43：熊本県,1
