国籍・地域,在留資格,年齢,性別,都道府県,在留外国人数
アフガニスタン,38：定住者,01歳,1:男,43：熊本県,1
アフガニスタン,33：家族滞在,02歳,1:男,43：熊本県,1
アフガニスタン,33：家族滞在,03歳,1:男,43：熊本県,1
アフガニスタン,34：特定活動,11歳,1:男,43：熊本県,1
アフガニスタン,31：留学,32歳,1:男,43：熊本県,2
アフガニスタン,31：留学,34歳,1:男,43：熊本県,3
アフガニスタン,16：技術・人文知識・国際業務,35歳,1:男,43：熊本県,1
アフガニスタン,31：留学,35歳,1:男,43：熊本県,1
アフガニスタン,34：特定活動,36歳,1:男,43：熊本県,1
アフガニスタン,38：定住者,36歳,1:男,43：熊本県,1
アフガニスタン,31：留学,37歳,1:男,43：熊本県,1
アフガニスタン,11：経営・管理,51歳,1:男,43：熊本県,1
アフガニスタン,35：永住者,69歳,1:男,43：熊本県,1
アフガニスタン,34：特定活動,01歳,2:女,43：熊本県,1
アフガニスタン,33：家族滞在,02歳,2:女,43：熊本県,1
アフガニスタン,33：家族滞在,04歳,2:女,43：熊本県,1
アフガニスタン,34：特定活動,06歳,2:女,43：熊本県,1
アフガニスタン,33：家族滞在,07歳,2:女,43：熊本県,1
アフガニスタン,34：特定活動,08歳,2:女,43：熊本県,1
アフガニスタン,31：留学,26歳,2:女,43：熊本県,1
アフガニスタン,33：家族滞在,27歳,2:女,43：熊本県,1
アフガニスタン,33：家族滞在,32歳,2:女,43：熊本県,1
アフガニスタン,34：特定活動,32歳,2:女,43：熊本県,1
アフガニスタン,38：定住者,32歳,2:女,43：熊本県,1
アラブ首長国連邦,31：留学,24歳,1:男,43：熊本県,1
イスラエル,17：企業内転勤,29歳,1:男,43：熊本県,1
イスラエル,36：日本人の配偶者等,32歳,1:男,43：熊本県,1
イスラエル,17：企業内転勤,40歳,1:男,43：熊本県,1
イスラエル,35：永住者,65歳,1:男,43：熊本県,1
イラン,31：留学,24歳,1:男,43：熊本県,1
イラン,31：留学,27歳,1:男,43：熊本県,1
イラン,31：留学,25歳,2:女,43：熊本県,1
イラン,31：留学,44歳,2:女,43：熊本県,1
インド,35：永住者,15歳,1:男,43：熊本県,1
インド,24：技能実習１号ロ,19歳,1:男,43：熊本県,1
インド,31：留学,22歳,1:男,43：熊本県,2
インド,26：技能実習２号ロ,23歳,1:男,43：熊本県,3
インド,16：技術・人文知識・国際業務,24歳,1:男,43：熊本県,1
インド,24：技能実習１号ロ,24歳,1:男,43：熊本県,2
インド,26：技能実習２号ロ,24歳,1:男,43：熊本県,1
インド,31：留学,24歳,1:男,43：熊本県,1
インド,16：技術・人文知識・国際業務,25歳,1:男,43：熊本県,1
インド,21：特定技能１号,25歳,1:男,43：熊本県,1
インド,24：技能実習１号ロ,25歳,1:男,43：熊本県,2
インド,26：技能実習２号ロ,25歳,1:男,43：熊本県,2
インド,16：技術・人文知識・国際業務,26歳,1:男,43：熊本県,2
インド,24：技能実習１号ロ,26歳,1:男,43：熊本県,1
インド,26：技能実習２号ロ,26歳,1:男,43：熊本県,8
インド,16：技術・人文知識・国際業務,27歳,1:男,43：熊本県,1
インド,24：技能実習１号ロ,27歳,1:男,43：熊本県,2
インド,26：技能実習２号ロ,27歳,1:男,43：熊本県,3
インド,16：技術・人文知識・国際業務,28歳,1:男,43：熊本県,1
インド,20：技能,28歳,1:男,43：熊本県,1
インド,24：技能実習１号ロ,28歳,1:男,43：熊本県,1
インド,26：技能実習２号ロ,28歳,1:男,43：熊本県,5
インド,16：技術・人文知識・国際業務,29歳,1:男,43：熊本県,3
インド,20：技能,29歳,1:男,43：熊本県,1
インド,26：技能実習２号ロ,29歳,1:男,43：熊本県,1
インド,20：技能,30歳,1:男,43：熊本県,2
インド,26：技能実習２号ロ,30歳,1:男,43：熊本県,1
インド,16：技術・人文知識・国際業務,31歳,1:男,43：熊本県,1
インド,24：技能実習１号ロ,31歳,1:男,43：熊本県,2
インド,20：技能,32歳,1:男,43：熊本県,1
インド,24：技能実習１号ロ,32歳,1:男,43：熊本県,1
インド,20：技能,33歳,1:男,43：熊本県,4
インド,24：技能実習１号ロ,33歳,1:男,43：熊本県,1
インド,03：教授,34歳,1:男,43：熊本県,1
インド,36：日本人の配偶者等,34歳,1:男,43：熊本県,1
インド,03：教授,35歳,1:男,43：熊本県,1
インド,20：技能,36歳,1:男,43：熊本県,4
インド,20：技能,37歳,1:男,43：熊本県,1
インド,20：技能,38歳,1:男,43：熊本県,4
インド,20：技能,39歳,1:男,43：熊本県,1
インド,20：技能,41歳,1:男,43：熊本県,1
インド,20：技能,42歳,1:男,43：熊本県,3
インド,16：技術・人文知識・国際業務,43歳,1:男,43：熊本県,1
インド,20：技能,43歳,1:男,43：熊本県,2
インド,35：永住者,43歳,1:男,43：熊本県,1
インド,20：技能,44歳,1:男,43：熊本県,3
インド,20：技能,45歳,1:男,43：熊本県,2
インド,35：永住者,45歳,1:男,43：熊本県,1
インド,20：技能,47歳,1:男,43：熊本県,1
インド,20：技能,48歳,1:男,43：熊本県,1
インド,20：技能,49歳,1:男,43：熊本県,1
インド,35：永住者,55歳,1:男,43：熊本県,1
インド,20：技能,56歳,1:男,43：熊本県,1
インド,35：永住者,78歳,1:男,43：熊本県,1
インド,35：永住者,10歳,2:女,43：熊本県,1
インド,33：家族滞在,21歳,2:女,43：熊本県,1
インド,21：特定技能１号,22歳,2:女,43：熊本県,1
インド,21：特定技能１号,23歳,2:女,43：熊本県,1
インド,31：留学,23歳,2:女,43：熊本県,1
インド,21：特定技能１号,24歳,2:女,43：熊本県,1
インド,21：特定技能１号,25歳,2:女,43：熊本県,1
インド,21：特定技能１号,26歳,2:女,43：熊本県,2
インド,21：特定技能１号,27歳,2:女,43：熊本県,1
インド,31：留学,27歳,2:女,43：熊本県,1
インド,33：家族滞在,27歳,2:女,43：熊本県,1
インド,21：特定技能１号,28歳,2:女,43：熊本県,3
インド,31：留学,28歳,2:女,43：熊本県,1
インド,03：教授,33歳,2:女,43：熊本県,1
インド,35：永住者,41歳,2:女,43：熊本県,1
インドネシア,33：家族滞在,00歳,1:男,43：熊本県,2
インドネシア,33：家族滞在,02歳,1:男,43：熊本県,1
インドネシア,33：家族滞在,04歳,1:男,43：熊本県,1
インドネシア,34：特定活動,08歳,1:男,43：熊本県,1
インドネシア,38：定住者,11歳,1:男,43：熊本県,1
インドネシア,36：日本人の配偶者等,16歳,1:男,43：熊本県,1
インドネシア,38：定住者,17歳,1:男,43：熊本県,1
インドネシア,24：技能実習１号ロ,18歳,1:男,43：熊本県,8
インドネシア,35：永住者,18歳,1:男,43：熊本県,1
インドネシア,21：特定技能１号,19歳,1:男,43：熊本県,2
インドネシア,24：技能実習１号ロ,19歳,1:男,43：熊本県,29
インドネシア,21：特定技能１号,20歳,1:男,43：熊本県,9
インドネシア,24：技能実習１号ロ,20歳,1:男,43：熊本県,49
インドネシア,26：技能実習２号ロ,20歳,1:男,43：熊本県,6
インドネシア,31：留学,20歳,1:男,43：熊本県,1
インドネシア,34：特定活動,20歳,1:男,43：熊本県,1
インドネシア,21：特定技能１号,21歳,1:男,43：熊本県,15
インドネシア,24：技能実習１号ロ,21歳,1:男,43：熊本県,67
インドネシア,26：技能実習２号ロ,21歳,1:男,43：熊本県,17
インドネシア,31：留学,21歳,1:男,43：熊本県,1
インドネシア,34：特定活動,21歳,1:男,43：熊本県,3
インドネシア,16：技術・人文知識・国際業務,22歳,1:男,43：熊本県,1
インドネシア,21：特定技能１号,22歳,1:男,43：熊本県,17
インドネシア,24：技能実習１号ロ,22歳,1:男,43：熊本県,60
インドネシア,26：技能実習２号ロ,22歳,1:男,43：熊本県,46
インドネシア,28：技能実習３号ロ,22歳,1:男,43：熊本県,3
インドネシア,34：特定活動,22歳,1:男,43：熊本県,5
インドネシア,16：技術・人文知識・国際業務,23歳,1:男,43：熊本県,4
インドネシア,21：特定技能１号,23歳,1:男,43：熊本県,25
インドネシア,24：技能実習１号ロ,23歳,1:男,43：熊本県,53
インドネシア,26：技能実習２号ロ,23歳,1:男,43：熊本県,36
インドネシア,28：技能実習３号ロ,23歳,1:男,43：熊本県,16
インドネシア,31：留学,23歳,1:男,43：熊本県,2
インドネシア,34：特定活動,23歳,1:男,43：熊本県,5
インドネシア,21：特定技能１号,24歳,1:男,43：熊本県,28
インドネシア,24：技能実習１号ロ,24歳,1:男,43：熊本県,33
インドネシア,26：技能実習２号ロ,24歳,1:男,43：熊本県,26
インドネシア,28：技能実習３号ロ,24歳,1:男,43：熊本県,8
インドネシア,31：留学,24歳,1:男,43：熊本県,3
インドネシア,34：特定活動,24歳,1:男,43：熊本県,5
インドネシア,16：技術・人文知識・国際業務,25歳,1:男,43：熊本県,3
インドネシア,21：特定技能１号,25歳,1:男,43：熊本県,29
インドネシア,24：技能実習１号ロ,25歳,1:男,43：熊本県,30
インドネシア,26：技能実習２号ロ,25歳,1:男,43：熊本県,23
インドネシア,28：技能実習３号ロ,25歳,1:男,43：熊本県,13
インドネシア,31：留学,25歳,1:男,43：熊本県,1
インドネシア,34：特定活動,25歳,1:男,43：熊本県,4
インドネシア,16：技術・人文知識・国際業務,26歳,1:男,43：熊本県,1
インドネシア,21：特定技能１号,26歳,1:男,43：熊本県,35
インドネシア,24：技能実習１号ロ,26歳,1:男,43：熊本県,17
インドネシア,26：技能実習２号ロ,26歳,1:男,43：熊本県,24
インドネシア,28：技能実習３号ロ,26歳,1:男,43：熊本県,10
インドネシア,31：留学,26歳,1:男,43：熊本県,1
インドネシア,34：特定活動,26歳,1:男,43：熊本県,5
インドネシア,16：技術・人文知識・国際業務,27歳,1:男,43：熊本県,3
インドネシア,21：特定技能１号,27歳,1:男,43：熊本県,36
インドネシア,24：技能実習１号ロ,27歳,1:男,43：熊本県,11
インドネシア,26：技能実習２号ロ,27歳,1:男,43：熊本県,14
インドネシア,28：技能実習３号ロ,27歳,1:男,43：熊本県,11
インドネシア,31：留学,27歳,1:男,43：熊本県,1
インドネシア,34：特定活動,27歳,1:男,43：熊本県,2
インドネシア,16：技術・人文知識・国際業務,28歳,1:男,43：熊本県,2
インドネシア,21：特定技能１号,28歳,1:男,43：熊本県,28
インドネシア,24：技能実習１号ロ,28歳,1:男,43：熊本県,10
インドネシア,26：技能実習２号ロ,28歳,1:男,43：熊本県,8
インドネシア,28：技能実習３号ロ,28歳,1:男,43：熊本県,8
インドネシア,31：留学,28歳,1:男,43：熊本県,3
インドネシア,34：特定活動,28歳,1:男,43：熊本県,2
インドネシア,16：技術・人文知識・国際業務,29歳,1:男,43：熊本県,7
インドネシア,17：企業内転勤,29歳,1:男,43：熊本県,3
インドネシア,21：特定技能１号,29歳,1:男,43：熊本県,20
インドネシア,24：技能実習１号ロ,29歳,1:男,43：熊本県,9
インドネシア,26：技能実習２号ロ,29歳,1:男,43：熊本県,5
インドネシア,28：技能実習３号ロ,29歳,1:男,43：熊本県,7
インドネシア,31：留学,29歳,1:男,43：熊本県,2
インドネシア,34：特定活動,29歳,1:男,43：熊本県,2
インドネシア,16：技術・人文知識・国際業務,30歳,1:男,43：熊本県,5
インドネシア,17：企業内転勤,30歳,1:男,43：熊本県,1
インドネシア,21：特定技能１号,30歳,1:男,43：熊本県,19
インドネシア,24：技能実習１号ロ,30歳,1:男,43：熊本県,6
インドネシア,26：技能実習２号ロ,30歳,1:男,43：熊本県,7
インドネシア,28：技能実習３号ロ,30歳,1:男,43：熊本県,6
インドネシア,31：留学,30歳,1:男,43：熊本県,2
インドネシア,33：家族滞在,30歳,1:男,43：熊本県,1
インドネシア,34：特定活動,30歳,1:男,43：熊本県,1
インドネシア,16：技術・人文知識・国際業務,31歳,1:男,43：熊本県,1
インドネシア,21：特定技能１号,31歳,1:男,43：熊本県,10
インドネシア,24：技能実習１号ロ,31歳,1:男,43：熊本県,1
インドネシア,26：技能実習２号ロ,31歳,1:男,43：熊本県,7
インドネシア,28：技能実習３号ロ,31歳,1:男,43：熊本県,5
インドネシア,31：留学,31歳,1:男,43：熊本県,1
インドネシア,34：特定活動,31歳,1:男,43：熊本県,1
インドネシア,16：技術・人文知識・国際業務,32歳,1:男,43：熊本県,1
インドネシア,17：企業内転勤,32歳,1:男,43：熊本県,2
インドネシア,21：特定技能１号,32歳,1:男,43：熊本県,11
インドネシア,24：技能実習１号ロ,32歳,1:男,43：熊本県,4
インドネシア,26：技能実習２号ロ,32歳,1:男,43：熊本県,2
インドネシア,28：技能実習３号ロ,32歳,1:男,43：熊本県,1
インドネシア,31：留学,32歳,1:男,43：熊本県,1
インドネシア,33：家族滞在,32歳,1:男,43：熊本県,1
インドネシア,34：特定活動,32歳,1:男,43：熊本県,1
インドネシア,16：技術・人文知識・国際業務,33歳,1:男,43：熊本県,1
インドネシア,21：特定技能１号,33歳,1:男,43：熊本県,11
インドネシア,26：技能実習２号ロ,33歳,1:男,43：熊本県,1
インドネシア,28：技能実習３号ロ,33歳,1:男,43：熊本県,1
インドネシア,21：特定技能１号,34歳,1:男,43：熊本県,4
インドネシア,24：技能実習１号ロ,34歳,1:男,43：熊本県,3
インドネシア,26：技能実習２号ロ,34歳,1:男,43：熊本県,1
インドネシア,34：特定活動,34歳,1:男,43：熊本県,1
インドネシア,16：技術・人文知識・国際業務,35歳,1:男,43：熊本県,1
インドネシア,17：企業内転勤,35歳,1:男,43：熊本県,1
インドネシア,21：特定技能１号,35歳,1:男,43：熊本県,7
インドネシア,24：技能実習１号ロ,35歳,1:男,43：熊本県,1
インドネシア,31：留学,35歳,1:男,43：熊本県,1
インドネシア,34：特定活動,35歳,1:男,43：熊本県,1
インドネシア,17：企業内転勤,36歳,1:男,43：熊本県,1
インドネシア,21：特定技能１号,36歳,1:男,43：熊本県,5
インドネシア,31：留学,36歳,1:男,43：熊本県,2
インドネシア,36：日本人の配偶者等,36歳,1:男,43：熊本県,1
インドネシア,17：企業内転勤,37歳,1:男,43：熊本県,4
インドネシア,21：特定技能１号,37歳,1:男,43：熊本県,5
インドネシア,24：技能実習１号ロ,37歳,1:男,43：熊本県,1
インドネシア,28：技能実習３号ロ,37歳,1:男,43：熊本県,1
インドネシア,16：技術・人文知識・国際業務,38歳,1:男,43：熊本県,1
インドネシア,21：特定技能１号,38歳,1:男,43：熊本県,3
インドネシア,24：技能実習１号ロ,38歳,1:男,43：熊本県,1
インドネシア,35：永住者,38歳,1:男,43：熊本県,1
インドネシア,17：企業内転勤,39歳,1:男,43：熊本県,1
インドネシア,21：特定技能１号,39歳,1:男,43：熊本県,2
インドネシア,35：永住者,39歳,1:男,43：熊本県,1
インドネシア,17：企業内転勤,40歳,1:男,43：熊本県,1
インドネシア,24：技能実習１号ロ,40歳,1:男,43：熊本県,1
インドネシア,33：家族滞在,40歳,1:男,43：熊本県,1
インドネシア,38：定住者,40歳,1:男,43：熊本県,1
インドネシア,16：技術・人文知識・国際業務,41歳,1:男,43：熊本県,1
インドネシア,21：特定技能１号,41歳,1:男,43：熊本県,1
インドネシア,36：日本人の配偶者等,41歳,1:男,43：熊本県,1
インドネシア,21：特定技能１号,43歳,1:男,43：熊本県,1
インドネシア,35：永住者,43歳,1:男,43：熊本県,1
インドネシア,36：日本人の配偶者等,43歳,1:男,43：熊本県,2
インドネシア,31：留学,44歳,1:男,43：熊本県,1
インドネシア,33：家族滞在,44歳,1:男,43：熊本県,1
インドネシア,35：永住者,46歳,1:男,43：熊本県,1
インドネシア,21：特定技能１号,47歳,1:男,43：熊本県,1
インドネシア,35：永住者,47歳,1:男,43：熊本県,2
インドネシア,35：永住者,48歳,1:男,43：熊本県,1
インドネシア,21：特定技能１号,49歳,1:男,43：熊本県,1
インドネシア,34：特定活動,49歳,1:男,43：熊本県,1
インドネシア,35：永住者,50歳,1:男,43：熊本県,1
インドネシア,34：特定活動,56歳,1:男,43：熊本県,1
インドネシア,33：家族滞在,00歳,2:女,43：熊本県,1
インドネシア,33：家族滞在,02歳,2:女,43：熊本県,1
インドネシア,33：家族滞在,04歳,2:女,43：熊本県,1
インドネシア,33：家族滞在,05歳,2:女,43：熊本県,1
インドネシア,33：家族滞在,06歳,2:女,43：熊本県,1
インドネシア,34：特定活動,14歳,2:女,43：熊本県,1
インドネシア,38：定住者,14歳,2:女,43：熊本県,1
インドネシア,24：技能実習１号ロ,18歳,2:女,43：熊本県,7
インドネシア,38：定住者,18歳,2:女,43：熊本県,1
インドネシア,21：特定技能１号,19歳,2:女,43：熊本県,8
インドネシア,24：技能実習１号ロ,19歳,2:女,43：熊本県,40
インドネシア,26：技能実習２号ロ,19歳,2:女,43：熊本県,2
インドネシア,21：特定技能１号,20歳,2:女,43：熊本県,23
インドネシア,24：技能実習１号ロ,20歳,2:女,43：熊本県,59
インドネシア,26：技能実習２号ロ,20歳,2:女,43：熊本県,18
インドネシア,34：特定活動,20歳,2:女,43：熊本県,5
インドネシア,21：特定技能１号,21歳,2:女,43：熊本県,36
インドネシア,23：技能実習１号イ,21歳,2:女,43：熊本県,2
インドネシア,24：技能実習１号ロ,21歳,2:女,43：熊本県,39
インドネシア,25：技能実習２号イ,21歳,2:女,43：熊本県,1
インドネシア,26：技能実習２号ロ,21歳,2:女,43：熊本県,34
インドネシア,31：留学,21歳,2:女,43：熊本県,2
インドネシア,34：特定活動,21歳,2:女,43：熊本県,3
インドネシア,21：特定技能１号,22歳,2:女,43：熊本県,14
インドネシア,23：技能実習１号イ,22歳,2:女,43：熊本県,2
インドネシア,24：技能実習１号ロ,22歳,2:女,43：熊本県,24
インドネシア,26：技能実習２号ロ,22歳,2:女,43：熊本県,54
インドネシア,28：技能実習３号ロ,22歳,2:女,43：熊本県,2
インドネシア,34：特定活動,22歳,2:女,43：熊本県,4
インドネシア,16：技術・人文知識・国際業務,23歳,2:女,43：熊本県,3
インドネシア,21：特定技能１号,23歳,2:女,43：熊本県,32
インドネシア,23：技能実習１号イ,23歳,2:女,43：熊本県,1
インドネシア,24：技能実習１号ロ,23歳,2:女,43：熊本県,40
インドネシア,26：技能実習２号ロ,23歳,2:女,43：熊本県,28
インドネシア,28：技能実習３号ロ,23歳,2:女,43：熊本県,6
インドネシア,34：特定活動,23歳,2:女,43：熊本県,1
インドネシア,21：特定技能１号,24歳,2:女,43：熊本県,20
インドネシア,24：技能実習１号ロ,24歳,2:女,43：熊本県,15
インドネシア,26：技能実習２号ロ,24歳,2:女,43：熊本県,23
インドネシア,28：技能実習３号ロ,24歳,2:女,43：熊本県,3
インドネシア,34：特定活動,24歳,2:女,43：熊本県,1
インドネシア,35：永住者,24歳,2:女,43：熊本県,1
インドネシア,38：定住者,24歳,2:女,43：熊本県,1
インドネシア,21：特定技能１号,25歳,2:女,43：熊本県,19
インドネシア,23：技能実習１号イ,25歳,2:女,43：熊本県,1
インドネシア,24：技能実習１号ロ,25歳,2:女,43：熊本県,10
インドネシア,26：技能実習２号ロ,25歳,2:女,43：熊本県,26
インドネシア,31：留学,25歳,2:女,43：熊本県,2
インドネシア,34：特定活動,25歳,2:女,43：熊本県,4
インドネシア,36：日本人の配偶者等,25歳,2:女,43：熊本県,1
インドネシア,21：特定技能１号,26歳,2:女,43：熊本県,15
インドネシア,24：技能実習１号ロ,26歳,2:女,43：熊本県,15
インドネシア,26：技能実習２号ロ,26歳,2:女,43：熊本県,14
インドネシア,28：技能実習３号ロ,26歳,2:女,43：熊本県,2
インドネシア,36：日本人の配偶者等,26歳,2:女,43：熊本県,1
インドネシア,16：技術・人文知識・国際業務,27歳,2:女,43：熊本県,2
インドネシア,21：特定技能１号,27歳,2:女,43：熊本県,8
インドネシア,24：技能実習１号ロ,27歳,2:女,43：熊本県,10
インドネシア,26：技能実習２号ロ,27歳,2:女,43：熊本県,6
インドネシア,28：技能実習３号ロ,27歳,2:女,43：熊本県,3
インドネシア,31：留学,27歳,2:女,43：熊本県,1
インドネシア,36：日本人の配偶者等,27歳,2:女,43：熊本県,1
インドネシア,16：技術・人文知識・国際業務,28歳,2:女,43：熊本県,1
インドネシア,21：特定技能１号,28歳,2:女,43：熊本県,7
インドネシア,24：技能実習１号ロ,28歳,2:女,43：熊本県,9
インドネシア,26：技能実習２号ロ,28歳,2:女,43：熊本県,6
インドネシア,28：技能実習３号ロ,28歳,2:女,43：熊本県,3
インドネシア,31：留学,28歳,2:女,43：熊本県,2
インドネシア,33：家族滞在,28歳,2:女,43：熊本県,2
インドネシア,35：永住者,28歳,2:女,43：熊本県,1
インドネシア,36：日本人の配偶者等,28歳,2:女,43：熊本県,1
インドネシア,04：芸術,29歳,2:女,43：熊本県,2
インドネシア,21：特定技能１号,29歳,2:女,43：熊本県,13
インドネシア,24：技能実習１号ロ,29歳,2:女,43：熊本県,6
インドネシア,26：技能実習２号ロ,29歳,2:女,43：熊本県,3
インドネシア,28：技能実習３号ロ,29歳,2:女,43：熊本県,1
インドネシア,33：家族滞在,29歳,2:女,43：熊本県,1
インドネシア,34：特定活動,29歳,2:女,43：熊本県,1
インドネシア,36：日本人の配偶者等,29歳,2:女,43：熊本県,1
インドネシア,21：特定技能１号,30歳,2:女,43：熊本県,3
インドネシア,26：技能実習２号ロ,30歳,2:女,43：熊本県,3
インドネシア,28：技能実習３号ロ,30歳,2:女,43：熊本県,1
インドネシア,31：留学,30歳,2:女,43：熊本県,1
インドネシア,36：日本人の配偶者等,30歳,2:女,43：熊本県,2
インドネシア,24：技能実習１号ロ,31歳,2:女,43：熊本県,1
インドネシア,26：技能実習２号ロ,31歳,2:女,43：熊本県,1
インドネシア,21：特定技能１号,32歳,2:女,43：熊本県,6
インドネシア,31：留学,32歳,2:女,43：熊本県,2
インドネシア,34：特定活動,32歳,2:女,43：熊本県,1
インドネシア,04：芸術,33歳,2:女,43：熊本県,2
インドネシア,21：特定技能１号,33歳,2:女,43：熊本県,3
インドネシア,26：技能実習２号ロ,33歳,2:女,43：熊本県,1
インドネシア,31：留学,33歳,2:女,43：熊本県,1
インドネシア,16：技術・人文知識・国際業務,34歳,2:女,43：熊本県,1
インドネシア,21：特定技能１号,34歳,2:女,43：熊本県,1
インドネシア,24：技能実習１号ロ,34歳,2:女,43：熊本県,3
インドネシア,31：留学,34歳,2:女,43：熊本県,2
インドネシア,36：日本人の配偶者等,34歳,2:女,43：熊本県,1
インドネシア,21：特定技能１号,35歳,2:女,43：熊本県,1
インドネシア,24：技能実習１号ロ,35歳,2:女,43：熊本県,2
インドネシア,31：留学,35歳,2:女,43：熊本県,1
インドネシア,33：家族滞在,35歳,2:女,43：熊本県,1
インドネシア,36：日本人の配偶者等,35歳,2:女,43：熊本県,1
インドネシア,21：特定技能１号,36歳,2:女,43：熊本県,1
インドネシア,26：技能実習２号ロ,36歳,2:女,43：熊本県,1
インドネシア,35：永住者,37歳,2:女,43：熊本県,1
インドネシア,36：日本人の配偶者等,37歳,2:女,43：熊本県,1
インドネシア,21：特定技能１号,38歳,2:女,43：熊本県,1
インドネシア,36：日本人の配偶者等,38歳,2:女,43：熊本県,1
インドネシア,35：永住者,39歳,2:女,43：熊本県,3
インドネシア,36：日本人の配偶者等,39歳,2:女,43：熊本県,1
インドネシア,35：永住者,40歳,2:女,43：熊本県,2
インドネシア,36：日本人の配偶者等,40歳,2:女,43：熊本県,1
インドネシア,34：特定活動,41歳,2:女,43：熊本県,1
インドネシア,35：永住者,41歳,2:女,43：熊本県,1
インドネシア,35：永住者,42歳,2:女,43：熊本県,2
インドネシア,36：日本人の配偶者等,42歳,2:女,43：熊本県,1
インドネシア,35：永住者,43歳,2:女,43：熊本県,1
インドネシア,36：日本人の配偶者等,43歳,2:女,43：熊本県,2
インドネシア,38：定住者,43歳,2:女,43：熊本県,1
インドネシア,35：永住者,45歳,2:女,43：熊本県,1
インドネシア,21：特定技能１号,46歳,2:女,43：熊本県,1
インドネシア,35：永住者,46歳,2:女,43：熊本県,4
インドネシア,37：永住者の配偶者等,46歳,2:女,43：熊本県,1
インドネシア,36：日本人の配偶者等,47歳,2:女,43：熊本県,2
インドネシア,36：日本人の配偶者等,48歳,2:女,43：熊本県,1
インドネシア,38：定住者,48歳,2:女,43：熊本県,1
インドネシア,35：永住者,50歳,2:女,43：熊本県,2
インドネシア,36：日本人の配偶者等,50歳,2:女,43：熊本県,1
インドネシア,35：永住者,51歳,2:女,43：熊本県,1
インドネシア,36：日本人の配偶者等,52歳,2:女,43：熊本県,1
インドネシア,36：日本人の配偶者等,60歳,2:女,43：熊本県,1
インドネシア,35：永住者,64歳,2:女,43：熊本県,1
オマーン,31：留学,26歳,1:男,43：熊本県,1
オマーン,31：留学,27歳,2:女,43：熊本県,1
韓国,35：永住者,00歳,1:男,43：熊本県,1
韓国,33：家族滞在,02歳,1:男,43：熊本県,1
韓国,33：家族滞在,03歳,1:男,43：熊本県,1
韓国,39：特別永住者,03歳,1:男,43：熊本県,1
韓国,33：家族滞在,04歳,1:男,43：熊本県,2
韓国,33：家族滞在,05歳,1:男,43：熊本県,3
韓国,37：永住者の配偶者等,07歳,1:男,43：熊本県,1
韓国,33：家族滞在,08歳,1:男,43：熊本県,2
韓国,38：定住者,08歳,1:男,43：熊本県,1
韓国,35：永住者,13歳,1:男,43：熊本県,1
韓国,33：家族滞在,15歳,1:男,43：熊本県,1
韓国,35：永住者,15歳,1:男,43：熊本県,1
韓国,39：特別永住者,16歳,1:男,43：熊本県,1
韓国,35：永住者,18歳,1:男,43：熊本県,2
韓国,38：定住者,18歳,1:男,43：熊本県,1
韓国,33：家族滞在,19歳,1:男,43：熊本県,1
韓国,35：永住者,19歳,1:男,43：熊本県,3
韓国,39：特別永住者,19歳,1:男,43：熊本県,1
韓国,31：留学,20歳,1:男,43：熊本県,1
韓国,34：特定活動,20歳,1:男,43：熊本県,1
韓国,31：留学,21歳,1:男,43：熊本県,3
韓国,35：永住者,21歳,1:男,43：熊本県,3
韓国,16：技術・人文知識・国際業務,22歳,1:男,43：熊本県,4
韓国,31：留学,22歳,1:男,43：熊本県,3
韓国,34：特定活動,22歳,1:男,43：熊本県,3
韓国,39：特別永住者,22歳,1:男,43：熊本県,2
韓国,16：技術・人文知識・国際業務,23歳,1:男,43：熊本県,4
韓国,31：留学,23歳,1:男,43：熊本県,2
韓国,34：特定活動,23歳,1:男,43：熊本県,1
韓国,16：技術・人文知識・国際業務,24歳,1:男,43：熊本県,4
韓国,31：留学,24歳,1:男,43：熊本県,3
韓国,35：永住者,24歳,1:男,43：熊本県,1
韓国,39：特別永住者,24歳,1:男,43：熊本県,1
韓国,16：技術・人文知識・国際業務,25歳,1:男,43：熊本県,10
韓国,31：留学,25歳,1:男,43：熊本県,2
韓国,35：永住者,25歳,1:男,43：熊本県,1
韓国,39：特別永住者,25歳,1:男,43：熊本県,1
韓国,05：宗教,26歳,1:男,43：熊本県,1
韓国,16：技術・人文知識・国際業務,26歳,1:男,43：熊本県,7
韓国,31：留学,26歳,1:男,43：熊本県,2
韓国,36：日本人の配偶者等,26歳,1:男,43：熊本県,1
韓国,16：技術・人文知識・国際業務,27歳,1:男,43：熊本県,17
韓国,31：留学,27歳,1:男,43：熊本県,1
韓国,16：技術・人文知識・国際業務,28歳,1:男,43：熊本県,10
韓国,31：留学,28歳,1:男,43：熊本県,1
韓国,35：永住者,28歳,1:男,43：熊本県,1
韓国,36：日本人の配偶者等,28歳,1:男,43：熊本県,1
韓国,39：特別永住者,28歳,1:男,43：熊本県,2
韓国,16：技術・人文知識・国際業務,29歳,1:男,43：熊本県,12
韓国,17：企業内転勤,29歳,1:男,43：熊本県,1
韓国,35：永住者,29歳,1:男,43：熊本県,2
韓国,39：特別永住者,29歳,1:男,43：熊本県,1
韓国,16：技術・人文知識・国際業務,30歳,1:男,43：熊本県,12
韓国,17：企業内転勤,30歳,1:男,43：熊本県,2
韓国,31：留学,30歳,1:男,43：熊本県,1
韓国,35：永住者,30歳,1:男,43：熊本県,1
韓国,36：日本人の配偶者等,30歳,1:男,43：熊本県,1
韓国,39：特別永住者,30歳,1:男,43：熊本県,3
韓国,03：教授,31歳,1:男,43：熊本県,1
韓国,16：技術・人文知識・国際業務,31歳,1:男,43：熊本県,5
韓国,36：日本人の配偶者等,31歳,1:男,43：熊本県,4
韓国,39：特別永住者,31歳,1:男,43：熊本県,4
韓国,08：高度専門職１号ロ,32歳,1:男,43：熊本県,1
韓国,16：技術・人文知識・国際業務,32歳,1:男,43：熊本県,11
韓国,31：留学,32歳,1:男,43：熊本県,1
韓国,35：永住者,32歳,1:男,43：熊本県,2
韓国,39：特別永住者,32歳,1:男,43：熊本県,4
韓国,16：技術・人文知識・国際業務,33歳,1:男,43：熊本県,6
韓国,36：日本人の配偶者等,33歳,1:男,43：熊本県,1
韓国,39：特別永住者,33歳,1:男,43：熊本県,1
韓国,16：技術・人文知識・国際業務,34歳,1:男,43：熊本県,2
韓国,35：永住者,34歳,1:男,43：熊本県,1
韓国,36：日本人の配偶者等,34歳,1:男,43：熊本県,2
韓国,39：特別永住者,34歳,1:男,43：熊本県,3
韓国,16：技術・人文知識・国際業務,35歳,1:男,43：熊本県,2
韓国,35：永住者,35歳,1:男,43：熊本県,1
韓国,36：日本人の配偶者等,35歳,1:男,43：熊本県,1
韓国,39：特別永住者,35歳,1:男,43：熊本県,1
韓国,08：高度専門職１号ロ,36歳,1:男,43：熊本県,1
韓国,16：技術・人文知識・国際業務,36歳,1:男,43：熊本県,4
韓国,36：日本人の配偶者等,36歳,1:男,43：熊本県,2
韓国,39：特別永住者,36歳,1:男,43：熊本県,2
韓国,16：技術・人文知識・国際業務,37歳,1:男,43：熊本県,4
韓国,17：企業内転勤,37歳,1:男,43：熊本県,2
韓国,35：永住者,37歳,1:男,43：熊本県,1
韓国,36：日本人の配偶者等,37歳,1:男,43：熊本県,4
韓国,39：特別永住者,37歳,1:男,43：熊本県,3
韓国,16：技術・人文知識・国際業務,38歳,1:男,43：熊本県,4
韓国,17：企業内転勤,38歳,1:男,43：熊本県,1
韓国,35：永住者,38歳,1:男,43：熊本県,3
韓国,36：日本人の配偶者等,38歳,1:男,43：熊本県,3
韓国,39：特別永住者,38歳,1:男,43：熊本県,1
韓国,17：企業内転勤,39歳,1:男,43：熊本県,1
韓国,35：永住者,39歳,1:男,43：熊本県,3
韓国,36：日本人の配偶者等,39歳,1:男,43：熊本県,1
韓国,39：特別永住者,39歳,1:男,43：熊本県,6
韓国,03：教授,40歳,1:男,43：熊本県,1
韓国,16：技術・人文知識・国際業務,40歳,1:男,43：熊本県,4
韓国,35：永住者,40歳,1:男,43：熊本県,2
韓国,36：日本人の配偶者等,40歳,1:男,43：熊本県,3
韓国,39：特別永住者,40歳,1:男,43：熊本県,1
韓国,16：技術・人文知識・国際業務,41歳,1:男,43：熊本県,1
韓国,35：永住者,41歳,1:男,43：熊本県,1
韓国,36：日本人の配偶者等,41歳,1:男,43：熊本県,1
韓国,39：特別永住者,41歳,1:男,43：熊本県,1
韓国,16：技術・人文知識・国際業務,42歳,1:男,43：熊本県,1
韓国,17：企業内転勤,42歳,1:男,43：熊本県,1
韓国,35：永住者,42歳,1:男,43：熊本県,5
韓国,36：日本人の配偶者等,42歳,1:男,43：熊本県,3
韓国,39：特別永住者,42歳,1:男,43：熊本県,3
韓国,05：宗教,43歳,1:男,43：熊本県,1
韓国,35：永住者,43歳,1:男,43：熊本県,2
韓国,39：特別永住者,43歳,1:男,43：熊本県,4
韓国,03：教授,44歳,1:男,43：熊本県,1
韓国,17：企業内転勤,44歳,1:男,43：熊本県,1
韓国,35：永住者,44歳,1:男,43：熊本県,1
韓国,36：日本人の配偶者等,44歳,1:男,43：熊本県,1
韓国,38：定住者,44歳,1:男,43：熊本県,1
韓国,39：特別永住者,44歳,1:男,43：熊本県,2
韓国,16：技術・人文知識・国際業務,45歳,1:男,43：熊本県,1
韓国,36：日本人の配偶者等,45歳,1:男,43：熊本県,1
韓国,39：特別永住者,45歳,1:男,43：熊本県,3
韓国,05：宗教,46歳,1:男,43：熊本県,1
韓国,16：技術・人文知識・国際業務,46歳,1:男,43：熊本県,1
韓国,35：永住者,46歳,1:男,43：熊本県,6
韓国,36：日本人の配偶者等,46歳,1:男,43：熊本県,2
韓国,39：特別永住者,46歳,1:男,43：熊本県,1
韓国,05：宗教,47歳,1:男,43：熊本県,1
韓国,16：技術・人文知識・国際業務,47歳,1:男,43：熊本県,1
韓国,35：永住者,47歳,1:男,43：熊本県,2
韓国,36：日本人の配偶者等,47歳,1:男,43：熊本県,2
韓国,39：特別永住者,47歳,1:男,43：熊本県,2
韓国,16：技術・人文知識・国際業務,48歳,1:男,43：熊本県,2
韓国,36：日本人の配偶者等,48歳,1:男,43：熊本県,1
韓国,39：特別永住者,48歳,1:男,43：熊本県,2
韓国,16：技術・人文知識・国際業務,49歳,1:男,43：熊本県,1
韓国,35：永住者,49歳,1:男,43：熊本県,5
韓国,36：日本人の配偶者等,49歳,1:男,43：熊本県,1
韓国,39：特別永住者,49歳,1:男,43：熊本県,2
韓国,16：技術・人文知識・国際業務,50歳,1:男,43：熊本県,1
韓国,17：企業内転勤,50歳,1:男,43：熊本県,1
韓国,35：永住者,50歳,1:男,43：熊本県,3
韓国,36：日本人の配偶者等,50歳,1:男,43：熊本県,1
韓国,38：定住者,50歳,1:男,43：熊本県,1
韓国,39：特別永住者,50歳,1:男,43：熊本県,2
韓国,35：永住者,51歳,1:男,43：熊本県,3
韓国,36：日本人の配偶者等,51歳,1:男,43：熊本県,3
韓国,39：特別永住者,51歳,1:男,43：熊本県,2
韓国,16：技術・人文知識・国際業務,52歳,1:男,43：熊本県,1
韓国,35：永住者,52歳,1:男,43：熊本県,4
韓国,39：特別永住者,52歳,1:男,43：熊本県,6
韓国,16：技術・人文知識・国際業務,53歳,1:男,43：熊本県,1
韓国,17：企業内転勤,53歳,1:男,43：熊本県,1
韓国,35：永住者,53歳,1:男,43：熊本県,2
韓国,39：特別永住者,53歳,1:男,43：熊本県,5
韓国,16：技術・人文知識・国際業務,54歳,1:男,43：熊本県,1
韓国,35：永住者,54歳,1:男,43：熊本県,1
韓国,36：日本人の配偶者等,54歳,1:男,43：熊本県,1
韓国,39：特別永住者,54歳,1:男,43：熊本県,2
韓国,05：宗教,55歳,1:男,43：熊本県,1
韓国,11：経営・管理,55歳,1:男,43：熊本県,1
韓国,35：永住者,55歳,1:男,43：熊本県,3
韓国,36：日本人の配偶者等,55歳,1:男,43：熊本県,1
韓国,35：永住者,56歳,1:男,43：熊本県,2
韓国,36：日本人の配偶者等,56歳,1:男,43：熊本県,1
韓国,39：特別永住者,56歳,1:男,43：熊本県,3
韓国,16：技術・人文知識・国際業務,57歳,1:男,43：熊本県,1
韓国,35：永住者,57歳,1:男,43：熊本県,4
韓国,39：特別永住者,57歳,1:男,43：熊本県,4
韓国,35：永住者,58歳,1:男,43：熊本県,1
韓国,39：特別永住者,58歳,1:男,43：熊本県,5
韓国,16：技術・人文知識・国際業務,59歳,1:男,43：熊本県,2
韓国,35：永住者,59歳,1:男,43：熊本県,2
韓国,36：日本人の配偶者等,59歳,1:男,43：熊本県,1
韓国,39：特別永住者,59歳,1:男,43：熊本県,1
韓国,11：経営・管理,60歳,1:男,43：熊本県,1
韓国,16：技術・人文知識・国際業務,60歳,1:男,43：熊本県,1
韓国,35：永住者,60歳,1:男,43：熊本県,2
韓国,36：日本人の配偶者等,60歳,1:男,43：熊本県,2
韓国,39：特別永住者,60歳,1:男,43：熊本県,4
韓国,35：永住者,61歳,1:男,43：熊本県,2
韓国,39：特別永住者,61歳,1:男,43：熊本県,4
韓国,35：永住者,62歳,1:男,43：熊本県,1
韓国,36：日本人の配偶者等,62歳,1:男,43：熊本県,1
韓国,39：特別永住者,62歳,1:男,43：熊本県,3
韓国,35：永住者,63歳,1:男,43：熊本県,2
韓国,39：特別永住者,63歳,1:男,43：熊本県,6
韓国,35：永住者,64歳,1:男,43：熊本県,1
韓国,39：特別永住者,64歳,1:男,43：熊本県,4
韓国,35：永住者,65歳,1:男,43：熊本県,2
韓国,39：特別永住者,65歳,1:男,43：熊本県,5
韓国,35：永住者,66歳,1:男,43：熊本県,1
韓国,39：特別永住者,66歳,1:男,43：熊本県,4
韓国,39：特別永住者,67歳,1:男,43：熊本県,4
韓国,39：特別永住者,68歳,1:男,43：熊本県,3
韓国,39：特別永住者,69歳,1:男,43：熊本県,4
韓国,35：永住者,70歳,1:男,43：熊本県,2
韓国,39：特別永住者,70歳,1:男,43：熊本県,1
韓国,11：経営・管理,71歳,1:男,43：熊本県,1
韓国,29：文化活動,71歳,1:男,43：熊本県,1
韓国,39：特別永住者,71歳,1:男,43：熊本県,9
韓国,39：特別永住者,72歳,1:男,43：熊本県,7
韓国,35：永住者,73歳,1:男,43：熊本県,1
韓国,39：特別永住者,73歳,1:男,43：熊本県,2
韓国,39：特別永住者,74歳,1:男,43：熊本県,7
韓国,39：特別永住者,75歳,1:男,43：熊本県,5
韓国,39：特別永住者,76歳,1:男,43：熊本県,2
韓国,39：特別永住者,77歳,1:男,43：熊本県,1
韓国,39：特別永住者,78歳,1:男,43：熊本県,5
韓国,39：特別永住者,79歳,1:男,43：熊本県,2
韓国,39：特別永住者,80歳以上,1:男,43：熊本県,15
韓国,39：特別永住者,00歳,2:女,43：熊本県,1
韓国,39：特別永住者,01歳,2:女,43：熊本県,1
韓国,33：家族滞在,03歳,2:女,43：熊本県,1
韓国,33：家族滞在,04歳,2:女,43：熊本県,1
韓国,39：特別永住者,04歳,2:女,43：熊本県,1
韓国,38：定住者,05歳,2:女,43：熊本県,1
韓国,33：家族滞在,06歳,2:女,43：熊本県,2
韓国,36：日本人の配偶者等,06歳,2:女,43：熊本県,1
韓国,33：家族滞在,07歳,2:女,43：熊本県,1
韓国,38：定住者,07歳,2:女,43：熊本県,1
韓国,39：特別永住者,07歳,2:女,43：熊本県,1
韓国,33：家族滞在,10歳,2:女,43：熊本県,1
韓国,33：家族滞在,13歳,2:女,43：熊本県,1
韓国,35：永住者,13歳,2:女,43：熊本県,1
韓国,33：家族滞在,14歳,2:女,43：熊本県,1
韓国,35：永住者,17歳,2:女,43：熊本県,1
韓国,31：留学,19歳,2:女,43：熊本県,1
韓国,31：留学,20歳,2:女,43：熊本県,1
韓国,34：特定活動,20歳,2:女,43：熊本県,1
韓国,31：留学,21歳,2:女,43：熊本県,8
韓国,16：技術・人文知識・国際業務,22歳,2:女,43：熊本県,2
韓国,19：興行,22歳,2:女,43：熊本県,2
韓国,31：留学,22歳,2:女,43：熊本県,6
韓国,34：特定活動,22歳,2:女,43：熊本県,1
韓国,16：技術・人文知識・国際業務,23歳,2:女,43：熊本県,1
韓国,31：留学,23歳,2:女,43：熊本県,4
韓国,35：永住者,23歳,2:女,43：熊本県,1
韓国,16：技術・人文知識・国際業務,24歳,2:女,43：熊本県,1
韓国,31：留学,24歳,2:女,43：熊本県,1
韓国,39：特別永住者,24歳,2:女,43：熊本県,1
韓国,16：技術・人文知識・国際業務,25歳,2:女,43：熊本県,3
韓国,31：留学,25歳,2:女,43：熊本県,1
韓国,34：特定活動,25歳,2:女,43：熊本県,1
韓国,35：永住者,25歳,2:女,43：熊本県,2
韓国,36：日本人の配偶者等,25歳,2:女,43：熊本県,1
韓国,16：技術・人文知識・国際業務,26歳,2:女,43：熊本県,1
韓国,31：留学,26歳,2:女,43：熊本県,1
韓国,36：日本人の配偶者等,26歳,2:女,43：熊本県,1
韓国,39：特別永住者,26歳,2:女,43：熊本県,1
韓国,16：技術・人文知識・国際業務,27歳,2:女,43：熊本県,2
韓国,39：特別永住者,27歳,2:女,43：熊本県,2
韓国,16：技術・人文知識・国際業務,28歳,2:女,43：熊本県,2
韓国,39：特別永住者,28歳,2:女,43：熊本県,1
韓国,16：技術・人文知識・国際業務,29歳,2:女,43：熊本県,1
韓国,16：技術・人文知識・国際業務,30歳,2:女,43：熊本県,1
韓国,33：家族滞在,31歳,2:女,43：熊本県,1
韓国,35：永住者,31歳,2:女,43：熊本県,1
韓国,36：日本人の配偶者等,31歳,2:女,43：熊本県,1
韓国,16：技術・人文知識・国際業務,32歳,2:女,43：熊本県,1
韓国,18：介護,32歳,2:女,43：熊本県,1
韓国,39：特別永住者,32歳,2:女,43：熊本県,1
韓国,16：技術・人文知識・国際業務,33歳,2:女,43：熊本県,2
韓国,33：家族滞在,33歳,2:女,43：熊本県,1
韓国,36：日本人の配偶者等,33歳,2:女,43：熊本県,2
韓国,39：特別永住者,33歳,2:女,43：熊本県,1
韓国,35：永住者,34歳,2:女,43：熊本県,1
韓国,36：日本人の配偶者等,34歳,2:女,43：熊本県,1
韓国,39：特別永住者,34歳,2:女,43：熊本県,1
韓国,33：家族滞在,35歳,2:女,43：熊本県,1
韓国,36：日本人の配偶者等,35歳,2:女,43：熊本県,1
韓国,16：技術・人文知識・国際業務,36歳,2:女,43：熊本県,1
韓国,33：家族滞在,36歳,2:女,43：熊本県,1
韓国,35：永住者,36歳,2:女,43：熊本県,1
韓国,39：特別永住者,36歳,2:女,43：熊本県,2
韓国,16：技術・人文知識・国際業務,37歳,2:女,43：熊本県,2
韓国,33：家族滞在,37歳,2:女,43：熊本県,2
韓国,35：永住者,37歳,2:女,43：熊本県,1
韓国,36：日本人の配偶者等,37歳,2:女,43：熊本県,1
韓国,39：特別永住者,37歳,2:女,43：熊本県,3
韓国,39：特別永住者,38歳,2:女,43：熊本県,2
韓国,03：教授,39歳,2:女,43：熊本県,1
韓国,33：家族滞在,39歳,2:女,43：熊本県,1
韓国,35：永住者,39歳,2:女,43：熊本県,1
韓国,36：日本人の配偶者等,39歳,2:女,43：熊本県,1
韓国,39：特別永住者,39歳,2:女,43：熊本県,4
韓国,16：技術・人文知識・国際業務,40歳,2:女,43：熊本県,1
韓国,33：家族滞在,40歳,2:女,43：熊本県,1
韓国,35：永住者,40歳,2:女,43：熊本県,4
韓国,39：特別永住者,40歳,2:女,43：熊本県,1
韓国,16：技術・人文知識・国際業務,41歳,2:女,43：熊本県,1
韓国,31：留学,41歳,2:女,43：熊本県,1
韓国,36：日本人の配偶者等,41歳,2:女,43：熊本県,1
韓国,39：特別永住者,41歳,2:女,43：熊本県,4
韓国,35：永住者,42歳,2:女,43：熊本県,3
韓国,36：日本人の配偶者等,42歳,2:女,43：熊本県,1
韓国,39：特別永住者,42歳,2:女,43：熊本県,1
韓国,16：技術・人文知識・国際業務,43歳,2:女,43：熊本県,1
韓国,35：永住者,43歳,2:女,43：熊本県,3
韓国,36：日本人の配偶者等,43歳,2:女,43：熊本県,1
韓国,16：技術・人文知識・国際業務,44歳,2:女,43：熊本県,1
韓国,35：永住者,44歳,2:女,43：熊本県,3
韓国,36：日本人の配偶者等,44歳,2:女,43：熊本県,1
韓国,39：特別永住者,44歳,2:女,43：熊本県,2
韓国,33：家族滞在,45歳,2:女,43：熊本県,1
韓国,35：永住者,45歳,2:女,43：熊本県,3
韓国,39：特別永住者,45歳,2:女,43：熊本県,6
韓国,35：永住者,46歳,2:女,43：熊本県,2
韓国,39：特別永住者,46歳,2:女,43：熊本県,3
韓国,35：永住者,47歳,2:女,43：熊本県,3
韓国,37：永住者の配偶者等,47歳,2:女,43：熊本県,1
韓国,39：特別永住者,47歳,2:女,43：熊本県,2
韓国,33：家族滞在,48歳,2:女,43：熊本県,1
韓国,39：特別永住者,48歳,2:女,43：熊本県,3
韓国,35：永住者,49歳,2:女,43：熊本県,4
韓国,36：日本人の配偶者等,49歳,2:女,43：熊本県,2
韓国,39：特別永住者,49歳,2:女,43：熊本県,5
韓国,03：教授,50歳,2:女,43：熊本県,1
韓国,35：永住者,50歳,2:女,43：熊本県,4
韓国,39：特別永住者,50歳,2:女,43：熊本県,1
韓国,33：家族滞在,51歳,2:女,43：熊本県,1
韓国,35：永住者,51歳,2:女,43：熊本県,8
韓国,36：日本人の配偶者等,51歳,2:女,43：熊本県,2
韓国,39：特別永住者,51歳,2:女,43：熊本県,4
韓国,35：永住者,52歳,2:女,43：熊本県,3
韓国,39：特別永住者,52歳,2:女,43：熊本県,2
韓国,16：技術・人文知識・国際業務,53歳,2:女,43：熊本県,1
韓国,33：家族滞在,53歳,2:女,43：熊本県,1
韓国,35：永住者,53歳,2:女,43：熊本県,5
韓国,36：日本人の配偶者等,53歳,2:女,43：熊本県,1
韓国,37：永住者の配偶者等,53歳,2:女,43：熊本県,1
韓国,38：定住者,53歳,2:女,43：熊本県,1
韓国,39：特別永住者,53歳,2:女,43：熊本県,3
韓国,35：永住者,54歳,2:女,43：熊本県,3
韓国,39：特別永住者,54歳,2:女,43：熊本県,3
韓国,35：永住者,55歳,2:女,43：熊本県,4
韓国,39：特別永住者,55歳,2:女,43：熊本県,1
韓国,35：永住者,56歳,2:女,43：熊本県,1
韓国,36：日本人の配偶者等,56歳,2:女,43：熊本県,1
韓国,39：特別永住者,56歳,2:女,43：熊本県,4
韓国,35：永住者,57歳,2:女,43：熊本県,5
韓国,39：特別永住者,57歳,2:女,43：熊本県,1
韓国,03：教授,58歳,2:女,43：熊本県,1
韓国,35：永住者,58歳,2:女,43：熊本県,7
韓国,36：日本人の配偶者等,58歳,2:女,43：熊本県,1
韓国,39：特別永住者,58歳,2:女,43：熊本県,2
韓国,05：宗教,59歳,2:女,43：熊本県,1
韓国,35：永住者,59歳,2:女,43：熊本県,5
韓国,39：特別永住者,59歳,2:女,43：熊本県,1
韓国,35：永住者,60歳,2:女,43：熊本県,5
韓国,39：特別永住者,60歳,2:女,43：熊本県,10
韓国,16：技術・人文知識・国際業務,61歳,2:女,43：熊本県,1
韓国,35：永住者,61歳,2:女,43：熊本県,8
韓国,36：日本人の配偶者等,61歳,2:女,43：熊本県,1
韓国,39：特別永住者,61歳,2:女,43：熊本県,4
韓国,35：永住者,62歳,2:女,43：熊本県,6
韓国,39：特別永住者,62歳,2:女,43：熊本県,5
韓国,35：永住者,63歳,2:女,43：熊本県,10
韓国,36：日本人の配偶者等,63歳,2:女,43：熊本県,2
韓国,39：特別永住者,63歳,2:女,43：熊本県,2
韓国,35：永住者,64歳,2:女,43：熊本県,6
韓国,36：日本人の配偶者等,64歳,2:女,43：熊本県,1
韓国,38：定住者,64歳,2:女,43：熊本県,1
韓国,39：特別永住者,64歳,2:女,43：熊本県,5
韓国,35：永住者,65歳,2:女,43：熊本県,6
韓国,39：特別永住者,65歳,2:女,43：熊本県,5
韓国,35：永住者,66歳,2:女,43：熊本県,1
韓国,36：日本人の配偶者等,66歳,2:女,43：熊本県,1
韓国,38：定住者,66歳,2:女,43：熊本県,1
韓国,39：特別永住者,66歳,2:女,43：熊本県,5
韓国,35：永住者,67歳,2:女,43：熊本県,8
韓国,38：定住者,67歳,2:女,43：熊本県,1
韓国,39：特別永住者,67歳,2:女,43：熊本県,5
韓国,35：永住者,68歳,2:女,43：熊本県,1
韓国,36：日本人の配偶者等,68歳,2:女,43：熊本県,1
韓国,38：定住者,68歳,2:女,43：熊本県,1
韓国,39：特別永住者,68歳,2:女,43：熊本県,5
韓国,35：永住者,69歳,2:女,43：熊本県,3
韓国,36：日本人の配偶者等,69歳,2:女,43：熊本県,1
韓国,39：特別永住者,69歳,2:女,43：熊本県,5
韓国,39：特別永住者,70歳,2:女,43：熊本県,4
韓国,35：永住者,71歳,2:女,43：熊本県,2
韓国,39：特別永住者,71歳,2:女,43：熊本県,4
韓国,35：永住者,72歳,2:女,43：熊本県,1
韓国,39：特別永住者,72歳,2:女,43：熊本県,8
韓国,05：宗教,73歳,2:女,43：熊本県,1
韓国,35：永住者,73歳,2:女,43：熊本県,1
韓国,39：特別永住者,73歳,2:女,43：熊本県,1
韓国,35：永住者,74歳,2:女,43：熊本県,1
韓国,39：特別永住者,74歳,2:女,43：熊本県,5
韓国,35：永住者,75歳,2:女,43：熊本県,4
韓国,39：特別永住者,75歳,2:女,43：熊本県,1
韓国,05：宗教,76歳,2:女,43：熊本県,1
韓国,35：永住者,76歳,2:女,43：熊本県,1
韓国,39：特別永住者,76歳,2:女,43：熊本県,3
韓国,39：特別永住者,77歳,2:女,43：熊本県,4
韓国,35：永住者,78歳,2:女,43：熊本県,1
韓国,39：特別永住者,78歳,2:女,43：熊本県,3
韓国,39：特別永住者,79歳,2:女,43：熊本県,5
韓国,35：永住者,80歳以上,2:女,43：熊本県,5
韓国,38：定住者,80歳以上,2:女,43：熊本県,2
韓国,39：特別永住者,80歳以上,2:女,43：熊本県,46
朝鮮,39：特別永住者,33歳,1:男,43：熊本県,1
朝鮮,39：特別永住者,34歳,1:男,43：熊本県,1
朝鮮,39：特別永住者,56歳,1:男,43：熊本県,1
朝鮮,39：特別永住者,60歳,1:男,43：熊本県,1
朝鮮,39：特別永住者,61歳,1:男,43：熊本県,1
朝鮮,39：特別永住者,65歳,1:男,43：熊本県,1
朝鮮,39：特別永住者,67歳,1:男,43：熊本県,3
朝鮮,39：特別永住者,68歳,1:男,43：熊本県,2
朝鮮,39：特別永住者,74歳,1:男,43：熊本県,2
朝鮮,39：特別永住者,75歳,1:男,43：熊本県,2
朝鮮,39：特別永住者,76歳,1:男,43：熊本県,1
朝鮮,39：特別永住者,78歳,1:男,43：熊本県,1
朝鮮,39：特別永住者,79歳,1:男,43：熊本県,3
朝鮮,39：特別永住者,80歳以上,1:男,43：熊本県,1
朝鮮,39：特別永住者,00歳,2:女,43：熊本県,1
朝鮮,39：特別永住者,03歳,2:女,43：熊本県,1
朝鮮,39：特別永住者,05歳,2:女,43：熊本県,1
朝鮮,39：特別永住者,30歳,2:女,43：熊本県,2
朝鮮,39：特別永住者,35歳,2:女,43：熊本県,1
朝鮮,39：特別永住者,49歳,2:女,43：熊本県,1
朝鮮,39：特別永住者,50歳,2:女,43：熊本県,1
朝鮮,39：特別永住者,54歳,2:女,43：熊本県,1
朝鮮,39：特別永住者,55歳,2:女,43：熊本県,1
朝鮮,39：特別永住者,56歳,2:女,43：熊本県,1
朝鮮,39：特別永住者,57歳,2:女,43：熊本県,1
朝鮮,39：特別永住者,60歳,2:女,43：熊本県,1
朝鮮,39：特別永住者,62歳,2:女,43：熊本県,1
朝鮮,39：特別永住者,63歳,2:女,43：熊本県,1
朝鮮,39：特別永住者,67歳,2:女,43：熊本県,1
朝鮮,39：特別永住者,70歳,2:女,43：熊本県,3
朝鮮,39：特別永住者,73歳,2:女,43：熊本県,2
朝鮮,39：特別永住者,74歳,2:女,43：熊本県,1
朝鮮,39：特別永住者,76歳,2:女,43：熊本県,1
朝鮮,39：特別永住者,78歳,2:女,43：熊本県,1
朝鮮,36：日本人の配偶者等,80歳以上,2:女,43：熊本県,1
朝鮮,39：特別永住者,80歳以上,2:女,43：熊本県,5
カンボジア,24：技能実習１号ロ,18歳,1:男,43：熊本県,1
カンボジア,24：技能実習１号ロ,19歳,1:男,43：熊本県,9
カンボジア,26：技能実習２号ロ,19歳,1:男,43：熊本県,1
カンボジア,24：技能実習１号ロ,20歳,1:男,43：熊本県,19
カンボジア,26：技能実習２号ロ,20歳,1:男,43：熊本県,4
カンボジア,24：技能実習１号ロ,21歳,1:男,43：熊本県,15
カンボジア,26：技能実習２号ロ,21歳,1:男,43：熊本県,11
カンボジア,31：留学,21歳,1:男,43：熊本県,1
カンボジア,21：特定技能１号,22歳,1:男,43：熊本県,2
カンボジア,24：技能実習１号ロ,22歳,1:男,43：熊本県,20
カンボジア,26：技能実習２号ロ,22歳,1:男,43：熊本県,13
カンボジア,34：特定活動,22歳,1:男,43：熊本県,1
カンボジア,21：特定技能１号,23歳,1:男,43：熊本県,3
カンボジア,24：技能実習１号ロ,23歳,1:男,43：熊本県,18
カンボジア,26：技能実習２号ロ,23歳,1:男,43：熊本県,22
カンボジア,28：技能実習３号ロ,23歳,1:男,43：熊本県,1
カンボジア,31：留学,23歳,1:男,43：熊本県,1
カンボジア,34：特定活動,23歳,1:男,43：熊本県,3
カンボジア,21：特定技能１号,24歳,1:男,43：熊本県,7
カンボジア,24：技能実習１号ロ,24歳,1:男,43：熊本県,22
カンボジア,26：技能実習２号ロ,24歳,1:男,43：熊本県,16
カンボジア,28：技能実習３号ロ,24歳,1:男,43：熊本県,4
カンボジア,31：留学,24歳,1:男,43：熊本県,2
カンボジア,34：特定活動,24歳,1:男,43：熊本県,1
カンボジア,21：特定技能１号,25歳,1:男,43：熊本県,8
カンボジア,24：技能実習１号ロ,25歳,1:男,43：熊本県,17
カンボジア,26：技能実習２号ロ,25歳,1:男,43：熊本県,12
カンボジア,28：技能実習３号ロ,25歳,1:男,43：熊本県,3
カンボジア,34：特定活動,25歳,1:男,43：熊本県,1
カンボジア,21：特定技能１号,26歳,1:男,43：熊本県,6
カンボジア,24：技能実習１号ロ,26歳,1:男,43：熊本県,10
カンボジア,26：技能実習２号ロ,26歳,1:男,43：熊本県,5
カンボジア,28：技能実習３号ロ,26歳,1:男,43：熊本県,2
カンボジア,33：家族滞在,26歳,1:男,43：熊本県,1
カンボジア,34：特定活動,26歳,1:男,43：熊本県,2
カンボジア,16：技術・人文知識・国際業務,27歳,1:男,43：熊本県,2
カンボジア,21：特定技能１号,27歳,1:男,43：熊本県,6
カンボジア,24：技能実習１号ロ,27歳,1:男,43：熊本県,10
カンボジア,26：技能実習２号ロ,27歳,1:男,43：熊本県,9
カンボジア,28：技能実習３号ロ,27歳,1:男,43：熊本県,1
カンボジア,31：留学,27歳,1:男,43：熊本県,1
カンボジア,16：技術・人文知識・国際業務,28歳,1:男,43：熊本県,2
カンボジア,21：特定技能１号,28歳,1:男,43：熊本県,4
カンボジア,24：技能実習１号ロ,28歳,1:男,43：熊本県,8
カンボジア,26：技能実習２号ロ,28歳,1:男,43：熊本県,12
カンボジア,28：技能実習３号ロ,28歳,1:男,43：熊本県,3
カンボジア,34：特定活動,28歳,1:男,43：熊本県,1
カンボジア,16：技術・人文知識・国際業務,29歳,1:男,43：熊本県,2
カンボジア,17：企業内転勤,29歳,1:男,43：熊本県,1
カンボジア,21：特定技能１号,29歳,1:男,43：熊本県,5
カンボジア,24：技能実習１号ロ,29歳,1:男,43：熊本県,12
カンボジア,26：技能実習２号ロ,29歳,1:男,43：熊本県,8
カンボジア,28：技能実習３号ロ,29歳,1:男,43：熊本県,3
カンボジア,34：特定活動,29歳,1:男,43：熊本県,1
カンボジア,21：特定技能１号,30歳,1:男,43：熊本県,9
カンボジア,24：技能実習１号ロ,30歳,1:男,43：熊本県,6
カンボジア,26：技能実習２号ロ,30歳,1:男,43：熊本県,3
カンボジア,28：技能実習３号ロ,30歳,1:男,43：熊本県,3
カンボジア,34：特定活動,30歳,1:男,43：熊本県,1
カンボジア,16：技術・人文知識・国際業務,31歳,1:男,43：熊本県,3
カンボジア,21：特定技能１号,31歳,1:男,43：熊本県,6
カンボジア,24：技能実習１号ロ,31歳,1:男,43：熊本県,9
カンボジア,26：技能実習２号ロ,31歳,1:男,43：熊本県,4
カンボジア,28：技能実習３号ロ,31歳,1:男,43：熊本県,2
カンボジア,31：留学,31歳,1:男,43：熊本県,1
カンボジア,21：特定技能１号,32歳,1:男,43：熊本県,7
カンボジア,24：技能実習１号ロ,32歳,1:男,43：熊本県,11
カンボジア,26：技能実習２号ロ,32歳,1:男,43：熊本県,8
カンボジア,28：技能実習３号ロ,32歳,1:男,43：熊本県,1
カンボジア,34：特定活動,32歳,1:男,43：熊本県,2
カンボジア,21：特定技能１号,33歳,1:男,43：熊本県,4
カンボジア,24：技能実習１号ロ,33歳,1:男,43：熊本県,6
カンボジア,26：技能実習２号ロ,33歳,1:男,43：熊本県,8
カンボジア,28：技能実習３号ロ,33歳,1:男,43：熊本県,3
カンボジア,21：特定技能１号,34歳,1:男,43：熊本県,2
カンボジア,24：技能実習１号ロ,34歳,1:男,43：熊本県,4
カンボジア,26：技能実習２号ロ,34歳,1:男,43：熊本県,5
カンボジア,28：技能実習３号ロ,34歳,1:男,43：熊本県,2
カンボジア,34：特定活動,34歳,1:男,43：熊本県,1
カンボジア,21：特定技能１号,35歳,1:男,43：熊本県,2
カンボジア,24：技能実習１号ロ,35歳,1:男,43：熊本県,4
カンボジア,26：技能実習２号ロ,35歳,1:男,43：熊本県,2
カンボジア,28：技能実習３号ロ,35歳,1:男,43：熊本県,3
カンボジア,21：特定技能１号,36歳,1:男,43：熊本県,5
カンボジア,24：技能実習１号ロ,36歳,1:男,43：熊本県,3
カンボジア,26：技能実習２号ロ,36歳,1:男,43：熊本県,2
カンボジア,28：技能実習３号ロ,36歳,1:男,43：熊本県,1
カンボジア,16：技術・人文知識・国際業務,37歳,1:男,43：熊本県,1
カンボジア,21：特定技能１号,37歳,1:男,43：熊本県,2
カンボジア,24：技能実習１号ロ,37歳,1:男,43：熊本県,2
カンボジア,26：技能実習２号ロ,37歳,1:男,43：熊本県,1
カンボジア,34：特定活動,37歳,1:男,43：熊本県,1
カンボジア,21：特定技能１号,38歳,1:男,43：熊本県,1
カンボジア,24：技能実習１号ロ,38歳,1:男,43：熊本県,2
カンボジア,21：特定技能１号,42歳,1:男,43：熊本県,1
カンボジア,24：技能実習１号ロ,42歳,1:男,43：熊本県,1
カンボジア,24：技能実習１号ロ,18歳,2:女,43：熊本県,3
カンボジア,24：技能実習１号ロ,19歳,2:女,43：熊本県,22
カンボジア,26：技能実習２号ロ,19歳,2:女,43：熊本県,2
カンボジア,24：技能実習１号ロ,20歳,2:女,43：熊本県,28
カンボジア,26：技能実習２号ロ,20歳,2:女,43：熊本県,9
カンボジア,24：技能実習１号ロ,21歳,2:女,43：熊本県,23
カンボジア,26：技能実習２号ロ,21歳,2:女,43：熊本県,15
カンボジア,21：特定技能１号,22歳,2:女,43：熊本県,2
カンボジア,24：技能実習１号ロ,22歳,2:女,43：熊本県,31
カンボジア,26：技能実習２号ロ,22歳,2:女,43：熊本県,19
カンボジア,28：技能実習３号ロ,22歳,2:女,43：熊本県,2
カンボジア,31：留学,22歳,2:女,43：熊本県,1
カンボジア,34：特定活動,22歳,2:女,43：熊本県,2
カンボジア,21：特定技能１号,23歳,2:女,43：熊本県,9
カンボジア,24：技能実習１号ロ,23歳,2:女,43：熊本県,18
カンボジア,26：技能実習２号ロ,23歳,2:女,43：熊本県,30
カンボジア,28：技能実習３号ロ,23歳,2:女,43：熊本県,5
カンボジア,31：留学,23歳,2:女,43：熊本県,2
カンボジア,34：特定活動,23歳,2:女,43：熊本県,1
カンボジア,18：介護,24歳,2:女,43：熊本県,1
カンボジア,21：特定技能１号,24歳,2:女,43：熊本県,15
カンボジア,24：技能実習１号ロ,24歳,2:女,43：熊本県,26
カンボジア,26：技能実習２号ロ,24歳,2:女,43：熊本県,16
カンボジア,28：技能実習３号ロ,24歳,2:女,43：熊本県,2
カンボジア,31：留学,24歳,2:女,43：熊本県,1
カンボジア,34：特定活動,24歳,2:女,43：熊本県,3
カンボジア,21：特定技能１号,25歳,2:女,43：熊本県,12
カンボジア,24：技能実習１号ロ,25歳,2:女,43：熊本県,14
カンボジア,26：技能実習２号ロ,25歳,2:女,43：熊本県,15
カンボジア,28：技能実習３号ロ,25歳,2:女,43：熊本県,1
カンボジア,31：留学,25歳,2:女,43：熊本県,1
カンボジア,34：特定活動,25歳,2:女,43：熊本県,2
カンボジア,16：技術・人文知識・国際業務,26歳,2:女,43：熊本県,1
カンボジア,18：介護,26歳,2:女,43：熊本県,4
カンボジア,21：特定技能１号,26歳,2:女,43：熊本県,20
カンボジア,24：技能実習１号ロ,26歳,2:女,43：熊本県,15
カンボジア,26：技能実習２号ロ,26歳,2:女,43：熊本県,9
カンボジア,28：技能実習３号ロ,26歳,2:女,43：熊本県,5
カンボジア,34：特定活動,26歳,2:女,43：熊本県,1
カンボジア,21：特定技能１号,27歳,2:女,43：熊本県,18
カンボジア,24：技能実習１号ロ,27歳,2:女,43：熊本県,11
カンボジア,26：技能実習２号ロ,27歳,2:女,43：熊本県,8
カンボジア,28：技能実習３号ロ,27歳,2:女,43：熊本県,3
カンボジア,34：特定活動,27歳,2:女,43：熊本県,4
カンボジア,36：日本人の配偶者等,27歳,2:女,43：熊本県,1
カンボジア,18：介護,28歳,2:女,43：熊本県,2
カンボジア,21：特定技能１号,28歳,2:女,43：熊本県,24
カンボジア,24：技能実習１号ロ,28歳,2:女,43：熊本県,5
カンボジア,26：技能実習２号ロ,28歳,2:女,43：熊本県,12
カンボジア,28：技能実習３号ロ,28歳,2:女,43：熊本県,2
カンボジア,31：留学,28歳,2:女,43：熊本県,1
カンボジア,34：特定活動,28歳,2:女,43：熊本県,4
カンボジア,36：日本人の配偶者等,28歳,2:女,43：熊本県,1
カンボジア,16：技術・人文知識・国際業務,29歳,2:女,43：熊本県,1
カンボジア,18：介護,29歳,2:女,43：熊本県,1
カンボジア,21：特定技能１号,29歳,2:女,43：熊本県,25
カンボジア,24：技能実習１号ロ,29歳,2:女,43：熊本県,14
カンボジア,26：技能実習２号ロ,29歳,2:女,43：熊本県,16
カンボジア,28：技能実習３号ロ,29歳,2:女,43：熊本県,3
カンボジア,34：特定活動,29歳,2:女,43：熊本県,2
カンボジア,18：介護,30歳,2:女,43：熊本県,4
カンボジア,21：特定技能１号,30歳,2:女,43：熊本県,23
カンボジア,24：技能実習１号ロ,30歳,2:女,43：熊本県,10
カンボジア,26：技能実習２号ロ,30歳,2:女,43：熊本県,13
カンボジア,28：技能実習３号ロ,30歳,2:女,43：熊本県,3
カンボジア,34：特定活動,30歳,2:女,43：熊本県,2
カンボジア,36：日本人の配偶者等,30歳,2:女,43：熊本県,1
カンボジア,17：企業内転勤,31歳,2:女,43：熊本県,1
カンボジア,21：特定技能１号,31歳,2:女,43：熊本県,9
カンボジア,24：技能実習１号ロ,31歳,2:女,43：熊本県,8
カンボジア,26：技能実習２号ロ,31歳,2:女,43：熊本県,7
カンボジア,28：技能実習３号ロ,31歳,2:女,43：熊本県,2
カンボジア,34：特定活動,31歳,2:女,43：熊本県,3
カンボジア,21：特定技能１号,32歳,2:女,43：熊本県,6
カンボジア,24：技能実習１号ロ,32歳,2:女,43：熊本県,3
カンボジア,26：技能実習２号ロ,32歳,2:女,43：熊本県,8
カンボジア,28：技能実習３号ロ,32歳,2:女,43：熊本県,3
カンボジア,34：特定活動,32歳,2:女,43：熊本県,2
カンボジア,21：特定技能１号,33歳,2:女,43：熊本県,10
カンボジア,24：技能実習１号ロ,33歳,2:女,43：熊本県,4
カンボジア,26：技能実習２号ロ,33歳,2:女,43：熊本県,4
カンボジア,28：技能実習３号ロ,33歳,2:女,43：熊本県,3
カンボジア,21：特定技能１号,34歳,2:女,43：熊本県,3
カンボジア,24：技能実習１号ロ,34歳,2:女,43：熊本県,3
カンボジア,26：技能実習２号ロ,34歳,2:女,43：熊本県,3
カンボジア,28：技能実習３号ロ,34歳,2:女,43：熊本県,3
カンボジア,34：特定活動,34歳,2:女,43：熊本県,1
カンボジア,18：介護,35歳,2:女,43：熊本県,1
カンボジア,21：特定技能１号,35歳,2:女,43：熊本県,4
カンボジア,24：技能実習１号ロ,35歳,2:女,43：熊本県,2
カンボジア,28：技能実習３号ロ,35歳,2:女,43：熊本県,2
カンボジア,34：特定活動,35歳,2:女,43：熊本県,1
カンボジア,18：介護,36歳,2:女,43：熊本県,1
カンボジア,21：特定技能１号,36歳,2:女,43：熊本県,4
カンボジア,24：技能実習１号ロ,36歳,2:女,43：熊本県,2
カンボジア,28：技能実習３号ロ,36歳,2:女,43：熊本県,1
カンボジア,34：特定活動,36歳,2:女,43：熊本県,4
カンボジア,21：特定技能１号,37歳,2:女,43：熊本県,5
カンボジア,24：技能実習１号ロ,37歳,2:女,43：熊本県,2
カンボジア,26：技能実習２号ロ,37歳,2:女,43：熊本県,1
カンボジア,28：技能実習３号ロ,37歳,2:女,43：熊本県,1
カンボジア,21：特定技能１号,38歳,2:女,43：熊本県,3
カンボジア,26：技能実習２号ロ,38歳,2:女,43：熊本県,1
カンボジア,28：技能実習３号ロ,38歳,2:女,43：熊本県,1
カンボジア,24：技能実習１号ロ,39歳,2:女,43：熊本県,1
カンボジア,26：技能実習２号ロ,39歳,2:女,43：熊本県,2
カンボジア,28：技能実習３号ロ,39歳,2:女,43：熊本県,2
カンボジア,34：特定活動,39歳,2:女,43：熊本県,1
カンボジア,36：日本人の配偶者等,39歳,2:女,43：熊本県,1
カンボジア,18：介護,40歳,2:女,43：熊本県,1
カンボジア,21：特定技能１号,40歳,2:女,43：熊本県,4
カンボジア,26：技能実習２号ロ,40歳,2:女,43：熊本県,1
カンボジア,21：特定技能１号,41歳,2:女,43：熊本県,1
カンボジア,24：技能実習１号ロ,41歳,2:女,43：熊本県,1
カンボジア,28：技能実習３号ロ,41歳,2:女,43：熊本県,1
カンボジア,34：特定活動,41歳,2:女,43：熊本県,1
カンボジア,21：特定技能１号,42歳,2:女,43：熊本県,3
カンボジア,21：特定技能１号,43歳,2:女,43：熊本県,2
シリア,38：定住者,16歳,1:男,43：熊本県,1
シリア,34：特定活動,20歳,1:男,43：熊本県,2
シリア,34：特定活動,22歳,1:男,43：熊本県,1
シリア,34：特定活動,23歳,1:男,43：熊本県,1
シリア,34：特定活動,24歳,1:男,43：熊本県,1
シリア,38：定住者,24歳,1:男,43：熊本県,1
シリア,16：技術・人文知識・国際業務,40歳,1:男,43：熊本県,1
シリア,38：定住者,40歳,1:男,43：熊本県,1
シリア,34：特定活動,49歳,1:男,43：熊本県,1
シリア,38：定住者,02歳,2:女,43：熊本県,1
シリア,33：家族滞在,07歳,2:女,43：熊本県,1
シリア,33：家族滞在,13歳,2:女,43：熊本県,1
シリア,38：定住者,14歳,2:女,43：熊本県,1
シリア,38：定住者,18歳,2:女,43：熊本県,1
シリア,33：家族滞在,34歳,2:女,43：熊本県,1
シリア,38：定住者,42歳,2:女,43：熊本県,1
シンガポール,35：永住者,18歳,1:男,43：熊本県,1
シンガポール,35：永住者,20歳,1:男,43：熊本県,1
シンガポール,35：永住者,22歳,1:男,43：熊本県,1
シンガポール,15：教育,33歳,1:男,43：熊本県,1
シンガポール,35：永住者,41歳,1:男,43：熊本県,1
シンガポール,16：技術・人文知識・国際業務,47歳,1:男,43：熊本県,1
シンガポール,35：永住者,66歳,1:男,43：熊本県,1
シンガポール,05：宗教,67歳,1:男,43：熊本県,1
シンガポール,33：家族滞在,07歳,2:女,43：熊本県,1
シンガポール,33：家族滞在,10歳,2:女,43：熊本県,1
シンガポール,31：留学,18歳,2:女,43：熊本県,1
シンガポール,31：留学,19歳,2:女,43：熊本県,1
シンガポール,15：教育,29歳,2:女,43：熊本県,1
シンガポール,15：教育,31歳,2:女,43：熊本県,1
シンガポール,16：技術・人文知識・国際業務,32歳,2:女,43：熊本県,1
シンガポール,31：留学,32歳,2:女,43：熊本県,1
シンガポール,36：日本人の配偶者等,40歳,2:女,43：熊本県,2
シンガポール,35：永住者,42歳,2:女,43：熊本県,1
シンガポール,33：家族滞在,45歳,2:女,43：熊本県,1
シンガポール,35：永住者,45歳,2:女,43：熊本県,1
シンガポール,35：永住者,53歳,2:女,43：熊本県,1
シンガポール,36：日本人の配偶者等,53歳,2:女,43：熊本県,1
シンガポール,05：宗教,58歳,2:女,43：熊本県,1
シンガポール,35：永住者,58歳,2:女,43：熊本県,1
シンガポール,36：日本人の配偶者等,61歳,2:女,43：熊本県,1
シンガポール,38：定住者,65歳,2:女,43：熊本県,1
シンガポール,35：永住者,71歳,2:女,43：熊本県,1
スリランカ,33：家族滞在,02歳,1:男,43：熊本県,1
スリランカ,33：家族滞在,07歳,1:男,43：熊本県,1
スリランカ,33：家族滞在,17歳,1:男,43：熊本県,1
スリランカ,24：技能実習１号ロ,21歳,1:男,43：熊本県,1
スリランカ,26：技能実習２号ロ,21歳,1:男,43：熊本県,1
スリランカ,24：技能実習１号ロ,22歳,1:男,43：熊本県,1
スリランカ,24：技能実習１号ロ,23歳,1:男,43：熊本県,1
スリランカ,26：技能実習２号ロ,23歳,1:男,43：熊本県,2
スリランカ,16：技術・人文知識・国際業務,24歳,1:男,43：熊本県,1
スリランカ,26：技能実習２号ロ,24歳,1:男,43：熊本県,1
スリランカ,16：技術・人文知識・国際業務,25歳,1:男,43：熊本県,2
スリランカ,31：留学,25歳,1:男,43：熊本県,1
スリランカ,16：技術・人文知識・国際業務,26歳,1:男,43：熊本県,5
スリランカ,31：留学,26歳,1:男,43：熊本県,1
スリランカ,36：日本人の配偶者等,26歳,1:男,43：熊本県,1
スリランカ,16：技術・人文知識・国際業務,27歳,1:男,43：熊本県,6
スリランカ,26：技能実習２号ロ,27歳,1:男,43：熊本県,2
スリランカ,31：留学,27歳,1:男,43：熊本県,3
スリランカ,16：技術・人文知識・国際業務,28歳,1:男,43：熊本県,3
スリランカ,21：特定技能１号,28歳,1:男,43：熊本県,1
スリランカ,24：技能実習１号ロ,28歳,1:男,43：熊本県,4
スリランカ,26：技能実習２号ロ,28歳,1:男,43：熊本県,2
スリランカ,28：技能実習３号ロ,28歳,1:男,43：熊本県,1
スリランカ,36：日本人の配偶者等,28歳,1:男,43：熊本県,1
スリランカ,16：技術・人文知識・国際業務,29歳,1:男,43：熊本県,7
スリランカ,31：留学,29歳,1:男,43：熊本県,1
スリランカ,16：技術・人文知識・国際業務,30歳,1:男,43：熊本県,3
スリランカ,26：技能実習２号ロ,30歳,1:男,43：熊本県,1
スリランカ,31：留学,30歳,1:男,43：熊本県,1
スリランカ,16：技術・人文知識・国際業務,31歳,1:男,43：熊本県,5
スリランカ,20：技能,31歳,1:男,43：熊本県,2
スリランカ,28：技能実習３号ロ,31歳,1:男,43：熊本県,1
スリランカ,16：技術・人文知識・国際業務,32歳,1:男,43：熊本県,1
スリランカ,20：技能,32歳,1:男,43：熊本県,1
スリランカ,24：技能実習１号ロ,32歳,1:男,43：熊本県,1
スリランカ,16：技術・人文知識・国際業務,33歳,1:男,43：熊本県,1
スリランカ,33：家族滞在,33歳,1:男,43：熊本県,1
スリランカ,36：日本人の配偶者等,33歳,1:男,43：熊本県,1
スリランカ,11：経営・管理,34歳,1:男,43：熊本県,1
スリランカ,16：技術・人文知識・国際業務,34歳,1:男,43：熊本県,3
スリランカ,26：技能実習２号ロ,34歳,1:男,43：熊本県,1
スリランカ,36：日本人の配偶者等,34歳,1:男,43：熊本県,1
スリランカ,16：技術・人文知識・国際業務,35歳,1:男,43：熊本県,1
スリランカ,20：技能,35歳,1:男,43：熊本県,1
スリランカ,26：技能実習２号ロ,35歳,1:男,43：熊本県,1
スリランカ,24：技能実習１号ロ,36歳,1:男,43：熊本県,1
スリランカ,16：技術・人文知識・国際業務,37歳,1:男,43：熊本県,1
スリランカ,24：技能実習１号ロ,37歳,1:男,43：熊本県,1
スリランカ,20：技能,38歳,1:男,43：熊本県,2
スリランカ,24：技能実習１号ロ,38歳,1:男,43：熊本県,1
スリランカ,33：家族滞在,38歳,1:男,43：熊本県,1
スリランカ,35：永住者,38歳,1:男,43：熊本県,1
スリランカ,20：技能,39歳,1:男,43：熊本県,2
スリランカ,21：特定技能１号,39歳,1:男,43：熊本県,1
スリランカ,20：技能,42歳,1:男,43：熊本県,2
スリランカ,35：永住者,42歳,1:男,43：熊本県,1
スリランカ,20：技能,45歳,1:男,43：熊本県,1
スリランカ,16：技術・人文知識・国際業務,46歳,1:男,43：熊本県,1
スリランカ,20：技能,46歳,1:男,43：熊本県,1
スリランカ,35：永住者,46歳,1:男,43：熊本県,1
スリランカ,16：技術・人文知識・国際業務,47歳,1:男,43：熊本県,1
スリランカ,20：技能,47歳,1:男,43：熊本県,1
スリランカ,20：技能,48歳,1:男,43：熊本県,1
スリランカ,20：技能,49歳,1:男,43：熊本県,1
スリランカ,35：永住者,49歳,1:男,43：熊本県,1
スリランカ,11：経営・管理,50歳,1:男,43：熊本県,1
スリランカ,20：技能,50歳,1:男,43：熊本県,2
スリランカ,16：技術・人文知識・国際業務,51歳,1:男,43：熊本県,1
スリランカ,20：技能,52歳,1:男,43：熊本県,1
スリランカ,16：技術・人文知識・国際業務,55歳,1:男,43：熊本県,1
スリランカ,35：永住者,55歳,1:男,43：熊本県,1
スリランカ,20：技能,61歳,1:男,43：熊本県,1
スリランカ,35：永住者,63歳,1:男,43：熊本県,1
スリランカ,35：永住者,67歳,1:男,43：熊本県,1
スリランカ,33：家族滞在,02歳,2:女,43：熊本県,1
スリランカ,33：家族滞在,03歳,2:女,43：熊本県,1
スリランカ,33：家族滞在,05歳,2:女,43：熊本県,1
スリランカ,35：永住者,06歳,2:女,43：熊本県,1
スリランカ,33：家族滞在,12歳,2:女,43：熊本県,1
スリランカ,33：家族滞在,13歳,2:女,43：熊本県,1
スリランカ,38：定住者,13歳,2:女,43：熊本県,1
スリランカ,35：永住者,14歳,2:女,43：熊本県,1
スリランカ,33：家族滞在,16歳,2:女,43：熊本県,1
スリランカ,35：永住者,19歳,2:女,43：熊本県,1
スリランカ,21：特定技能１号,21歳,2:女,43：熊本県,1
スリランカ,35：永住者,21歳,2:女,43：熊本県,1
スリランカ,24：技能実習１号ロ,25歳,2:女,43：熊本県,1
スリランカ,33：家族滞在,25歳,2:女,43：熊本県,2
スリランカ,21：特定技能１号,26歳,2:女,43：熊本県,1
スリランカ,33：家族滞在,26歳,2:女,43：熊本県,1
スリランカ,16：技術・人文知識・国際業務,27歳,2:女,43：熊本県,1
スリランカ,31：留学,27歳,2:女,43：熊本県,1
スリランカ,33：家族滞在,27歳,2:女,43：熊本県,4
スリランカ,36：日本人の配偶者等,27歳,2:女,43：熊本県,1
スリランカ,16：技術・人文知識・国際業務,28歳,2:女,43：熊本県,1
スリランカ,33：家族滞在,28歳,2:女,43：熊本県,2
スリランカ,16：技術・人文知識・国際業務,30歳,2:女,43：熊本県,1
スリランカ,33：家族滞在,30歳,2:女,43：熊本県,1
スリランカ,21：特定技能１号,31歳,2:女,43：熊本県,2
スリランカ,26：技能実習２号ロ,31歳,2:女,43：熊本県,1
スリランカ,16：技術・人文知識・国際業務,33歳,2:女,43：熊本県,1
スリランカ,16：技術・人文知識・国際業務,34歳,2:女,43：熊本県,1
スリランカ,26：技能実習２号ロ,35歳,2:女,43：熊本県,1
スリランカ,33：家族滞在,37歳,2:女,43：熊本県,1
スリランカ,11：経営・管理,38歳,2:女,43：熊本県,1
スリランカ,35：永住者,38歳,2:女,43：熊本県,1
スリランカ,33：家族滞在,43歳,2:女,43：熊本県,1
スリランカ,35：永住者,43歳,2:女,43：熊本県,1
スリランカ,35：永住者,48歳,2:女,43：熊本県,1
スリランカ,35：永住者,59歳,2:女,43：熊本県,1
スリランカ,35：永住者,61歳,2:女,43：熊本県,1
スリランカ,20：技能,63歳,2:女,43：熊本県,1
タイ,31：留学,17歳,1:男,43：熊本県,1
タイ,31：留学,20歳,1:男,43：熊本県,1
タイ,24：技能実習１号ロ,21歳,1:男,43：熊本県,1
タイ,26：技能実習２号ロ,21歳,1:男,43：熊本県,2
タイ,34：特定活動,21歳,1:男,43：熊本県,1
タイ,38：定住者,21歳,1:男,43：熊本県,1
タイ,24：技能実習１号ロ,22歳,1:男,43：熊本県,5
タイ,26：技能実習２号ロ,22歳,1:男,43：熊本県,2
タイ,34：特定活動,22歳,1:男,43：熊本県,1
タイ,21：特定技能１号,23歳,1:男,43：熊本県,1
タイ,24：技能実習１号ロ,23歳,1:男,43：熊本県,1
タイ,26：技能実習２号ロ,23歳,1:男,43：熊本県,13
タイ,31：留学,23歳,1:男,43：熊本県,1
タイ,21：特定技能１号,24歳,1:男,43：熊本県,3
タイ,24：技能実習１号ロ,24歳,1:男,43：熊本県,5
タイ,26：技能実習２号ロ,24歳,1:男,43：熊本県,7
タイ,28：技能実習３号ロ,24歳,1:男,43：熊本県,3
タイ,34：特定活動,24歳,1:男,43：熊本県,1
タイ,21：特定技能１号,25歳,1:男,43：熊本県,4
タイ,24：技能実習１号ロ,25歳,1:男,43：熊本県,2
タイ,26：技能実習２号ロ,25歳,1:男,43：熊本県,7
タイ,28：技能実習３号ロ,25歳,1:男,43：熊本県,5
タイ,31：留学,25歳,1:男,43：熊本県,2
タイ,21：特定技能１号,26歳,1:男,43：熊本県,1
タイ,24：技能実習１号ロ,26歳,1:男,43：熊本県,2
タイ,26：技能実習２号ロ,26歳,1:男,43：熊本県,1
タイ,28：技能実習３号ロ,26歳,1:男,43：熊本県,4
タイ,31：留学,26歳,1:男,43：熊本県,2
タイ,34：特定活動,26歳,1:男,43：熊本県,1
タイ,21：特定技能１号,27歳,1:男,43：熊本県,2
タイ,24：技能実習１号ロ,27歳,1:男,43：熊本県,1
タイ,26：技能実習２号ロ,27歳,1:男,43：熊本県,1
タイ,28：技能実習３号ロ,27歳,1:男,43：熊本県,3
タイ,32：研修,27歳,1:男,43：熊本県,1
タイ,21：特定技能１号,28歳,1:男,43：熊本県,1
タイ,26：技能実習２号ロ,28歳,1:男,43：熊本県,2
タイ,28：技能実習３号ロ,28歳,1:男,43：熊本県,2
タイ,31：留学,28歳,1:男,43：熊本県,3
タイ,28：技能実習３号ロ,29歳,1:男,43：熊本県,1
タイ,16：技術・人文知識・国際業務,30歳,1:男,43：熊本県,1
タイ,21：特定技能１号,30歳,1:男,43：熊本県,3
タイ,24：技能実習１号ロ,30歳,1:男,43：熊本県,3
タイ,26：技能実習２号ロ,30歳,1:男,43：熊本県,2
タイ,28：技能実習３号ロ,30歳,1:男,43：熊本県,4
タイ,31：留学,30歳,1:男,43：熊本県,1
タイ,21：特定技能１号,31歳,1:男,43：熊本県,1
タイ,28：技能実習３号ロ,31歳,1:男,43：熊本県,1
タイ,21：特定技能１号,32歳,1:男,43：熊本県,1
タイ,24：技能実習１号ロ,32歳,1:男,43：熊本県,1
タイ,31：留学,32歳,1:男,43：熊本県,1
タイ,17：企業内転勤,33歳,1:男,43：熊本県,1
タイ,21：特定技能１号,33歳,1:男,43：熊本県,2
タイ,24：技能実習１号ロ,33歳,1:男,43：熊本県,1
タイ,28：技能実習３号ロ,33歳,1:男,43：熊本県,1
タイ,31：留学,33歳,1:男,43：熊本県,1
タイ,33：家族滞在,33歳,1:男,43：熊本県,1
タイ,03：教授,34歳,1:男,43：熊本県,1
タイ,28：技能実習３号ロ,34歳,1:男,43：熊本県,2
タイ,24：技能実習１号ロ,35歳,1:男,43：熊本県,1
タイ,28：技能実習３号ロ,35歳,1:男,43：熊本県,1
タイ,21：特定技能１号,36歳,1:男,43：熊本県,1
タイ,24：技能実習１号ロ,36歳,1:男,43：熊本県,1
タイ,28：技能実習３号ロ,36歳,1:男,43：熊本県,1
タイ,32：研修,36歳,1:男,43：熊本県,1
タイ,35：永住者,38歳,1:男,43：熊本県,1
タイ,17：企業内転勤,39歳,1:男,43：熊本県,1
タイ,28：技能実習３号ロ,42歳,1:男,43：熊本県,1
タイ,11：経営・管理,47歳,1:男,43：熊本県,1
タイ,35：永住者,48歳,1:男,43：熊本県,1
タイ,36：日本人の配偶者等,51歳,1:男,43：熊本県,1
タイ,38：定住者,66歳,1:男,43：熊本県,1
タイ,31：留学,15歳,2:女,43：熊本県,1
タイ,31：留学,18歳,2:女,43：熊本県,1
タイ,31：留学,19歳,2:女,43：熊本県,2
タイ,21：特定技能１号,20歳,2:女,43：熊本県,2
タイ,31：留学,20歳,2:女,43：熊本県,1
タイ,21：特定技能１号,21歳,2:女,43：熊本県,1
タイ,24：技能実習１号ロ,21歳,2:女,43：熊本県,5
タイ,26：技能実習２号ロ,21歳,2:女,43：熊本県,2
タイ,31：留学,21歳,2:女,43：熊本県,2
タイ,21：特定技能１号,22歳,2:女,43：熊本県,2
タイ,24：技能実習１号ロ,22歳,2:女,43：熊本県,7
タイ,26：技能実習２号ロ,22歳,2:女,43：熊本県,4
タイ,31：留学,22歳,2:女,43：熊本県,1
タイ,24：技能実習１号ロ,23歳,2:女,43：熊本県,6
タイ,26：技能実習２号ロ,23歳,2:女,43：熊本県,2
タイ,21：特定技能１号,24歳,2:女,43：熊本県,3
タイ,24：技能実習１号ロ,24歳,2:女,43：熊本県,6
タイ,26：技能実習２号ロ,24歳,2:女,43：熊本県,3
タイ,33：家族滞在,24歳,2:女,43：熊本県,1
タイ,21：特定技能１号,25歳,2:女,43：熊本県,2
タイ,24：技能実習１号ロ,25歳,2:女,43：熊本県,7
タイ,26：技能実習２号ロ,25歳,2:女,43：熊本県,7
タイ,28：技能実習３号ロ,25歳,2:女,43：熊本県,2
タイ,31：留学,25歳,2:女,43：熊本県,1
タイ,16：技術・人文知識・国際業務,26歳,2:女,43：熊本県,1
タイ,21：特定技能１号,26歳,2:女,43：熊本県,1
タイ,24：技能実習１号ロ,26歳,2:女,43：熊本県,3
タイ,26：技能実習２号ロ,26歳,2:女,43：熊本県,5
タイ,28：技能実習３号ロ,26歳,2:女,43：熊本県,6
タイ,31：留学,26歳,2:女,43：熊本県,2
タイ,35：永住者,26歳,2:女,43：熊本県,1
タイ,16：技術・人文知識・国際業務,27歳,2:女,43：熊本県,2
タイ,19：興行,27歳,2:女,43：熊本県,1
タイ,21：特定技能１号,27歳,2:女,43：熊本県,1
タイ,24：技能実習１号ロ,27歳,2:女,43：熊本県,4
タイ,26：技能実習２号ロ,27歳,2:女,43：熊本県,4
タイ,28：技能実習３号ロ,27歳,2:女,43：熊本県,1
タイ,31：留学,27歳,2:女,43：熊本県,2
タイ,16：技術・人文知識・国際業務,28歳,2:女,43：熊本県,1
タイ,21：特定技能１号,28歳,2:女,43：熊本県,1
タイ,24：技能実習１号ロ,28歳,2:女,43：熊本県,1
タイ,26：技能実習２号ロ,28歳,2:女,43：熊本県,2
タイ,28：技能実習３号ロ,28歳,2:女,43：熊本県,4
タイ,29：文化活動,28歳,2:女,43：熊本県,1
タイ,31：留学,28歳,2:女,43：熊本県,1
タイ,16：技術・人文知識・国際業務,29歳,2:女,43：熊本県,3
タイ,21：特定技能１号,29歳,2:女,43：熊本県,2
タイ,24：技能実習１号ロ,29歳,2:女,43：熊本県,3
タイ,26：技能実習２号ロ,29歳,2:女,43：熊本県,1
タイ,28：技能実習３号ロ,29歳,2:女,43：熊本県,2
タイ,31：留学,29歳,2:女,43：熊本県,3
タイ,34：特定活動,29歳,2:女,43：熊本県,1
タイ,16：技術・人文知識・国際業務,30歳,2:女,43：熊本県,5
タイ,19：興行,30歳,2:女,43：熊本県,1
タイ,24：技能実習１号ロ,30歳,2:女,43：熊本県,2
タイ,26：技能実習２号ロ,30歳,2:女,43：熊本県,4
タイ,28：技能実習３号ロ,30歳,2:女,43：熊本県,2
タイ,31：留学,30歳,2:女,43：熊本県,1
タイ,36：日本人の配偶者等,30歳,2:女,43：熊本県,3
タイ,16：技術・人文知識・国際業務,31歳,2:女,43：熊本県,2
タイ,21：特定技能１号,31歳,2:女,43：熊本県,6
タイ,24：技能実習１号ロ,31歳,2:女,43：熊本県,2
タイ,31：留学,31歳,2:女,43：熊本県,1
タイ,34：特定活動,31歳,2:女,43：熊本県,1
タイ,36：日本人の配偶者等,31歳,2:女,43：熊本県,1
タイ,16：技術・人文知識・国際業務,32歳,2:女,43：熊本県,1
タイ,26：技能実習２号ロ,32歳,2:女,43：熊本県,1
タイ,28：技能実習３号ロ,32歳,2:女,43：熊本県,2
タイ,36：日本人の配偶者等,32歳,2:女,43：熊本県,1
タイ,16：技術・人文知識・国際業務,33歳,2:女,43：熊本県,2
タイ,21：特定技能１号,33歳,2:女,43：熊本県,2
タイ,36：日本人の配偶者等,33歳,2:女,43：熊本県,2
タイ,38：定住者,33歳,2:女,43：熊本県,1
タイ,21：特定技能１号,34歳,2:女,43：熊本県,1
タイ,24：技能実習１号ロ,34歳,2:女,43：熊本県,1
タイ,28：技能実習３号ロ,34歳,2:女,43：熊本県,2
タイ,31：留学,34歳,2:女,43：熊本県,1
タイ,36：日本人の配偶者等,34歳,2:女,43：熊本県,1
タイ,16：技術・人文知識・国際業務,35歳,2:女,43：熊本県,1
タイ,21：特定技能１号,35歳,2:女,43：熊本県,2
タイ,26：技能実習２号ロ,35歳,2:女,43：熊本県,1
タイ,28：技能実習３号ロ,35歳,2:女,43：熊本県,1
タイ,31：留学,35歳,2:女,43：熊本県,1
タイ,34：特定活動,35歳,2:女,43：熊本県,1
タイ,36：日本人の配偶者等,35歳,2:女,43：熊本県,1
タイ,28：技能実習３号ロ,36歳,2:女,43：熊本県,1
タイ,31：留学,36歳,2:女,43：熊本県,1
タイ,35：永住者,36歳,2:女,43：熊本県,1
タイ,36：日本人の配偶者等,36歳,2:女,43：熊本県,1
タイ,35：永住者,37歳,2:女,43：熊本県,1
タイ,36：日本人の配偶者等,37歳,2:女,43：熊本県,2
タイ,19：興行,38歳,2:女,43：熊本県,2
タイ,31：留学,38歳,2:女,43：熊本県,1
タイ,36：日本人の配偶者等,38歳,2:女,43：熊本県,1
タイ,36：日本人の配偶者等,39歳,2:女,43：熊本県,1
タイ,35：永住者,40歳,2:女,43：熊本県,2
タイ,36：日本人の配偶者等,40歳,2:女,43：熊本県,1
タイ,21：特定技能１号,41歳,2:女,43：熊本県,1
タイ,31：留学,41歳,2:女,43：熊本県,2
タイ,35：永住者,41歳,2:女,43：熊本県,1
タイ,36：日本人の配偶者等,42歳,2:女,43：熊本県,1
タイ,35：永住者,43歳,2:女,43：熊本県,2
タイ,36：日本人の配偶者等,43歳,2:女,43：熊本県,1
タイ,35：永住者,44歳,2:女,43：熊本県,1
タイ,36：日本人の配偶者等,44歳,2:女,43：熊本県,2
タイ,35：永住者,45歳,2:女,43：熊本県,3
タイ,17：企業内転勤,46歳,2:女,43：熊本県,1
タイ,35：永住者,46歳,2:女,43：熊本県,2
タイ,36：日本人の配偶者等,46歳,2:女,43：熊本県,3
タイ,35：永住者,47歳,2:女,43：熊本県,3
タイ,36：日本人の配偶者等,47歳,2:女,43：熊本県,1
タイ,35：永住者,48歳,2:女,43：熊本県,1
タイ,36：日本人の配偶者等,48歳,2:女,43：熊本県,1
タイ,35：永住者,49歳,2:女,43：熊本県,1
タイ,36：日本人の配偶者等,50歳,2:女,43：熊本県,1
タイ,35：永住者,51歳,2:女,43：熊本県,2
タイ,35：永住者,52歳,2:女,43：熊本県,1
タイ,36：日本人の配偶者等,53歳,2:女,43：熊本県,3
タイ,35：永住者,56歳,2:女,43：熊本県,2
タイ,35：永住者,57歳,2:女,43：熊本県,1
タイ,38：定住者,57歳,2:女,43：熊本県,1
タイ,35：永住者,58歳,2:女,43：熊本県,1
タイ,38：定住者,58歳,2:女,43：熊本県,1
タイ,35：永住者,59歳,2:女,43：熊本県,2
タイ,35：永住者,60歳,2:女,43：熊本県,3
タイ,36：日本人の配偶者等,60歳,2:女,43：熊本県,1
タイ,35：永住者,62歳,2:女,43：熊本県,1
タイ,36：日本人の配偶者等,62歳,2:女,43：熊本県,1
タイ,35：永住者,66歳,2:女,43：熊本県,1
タイ,35：永住者,68歳,2:女,43：熊本県,1
タイ,35：永住者,73歳,2:女,43：熊本県,1
台湾,33：家族滞在,00歳,1:男,43：熊本県,1
台湾,33：家族滞在,01歳,1:男,43：熊本県,3
台湾,33：家族滞在,02歳,1:男,43：熊本県,3
台湾,33：家族滞在,04歳,1:男,43：熊本県,3
台湾,38：定住者,04歳,1:男,43：熊本県,1
台湾,33：家族滞在,05歳,1:男,43：熊本県,1
台湾,33：家族滞在,06歳,1:男,43：熊本県,7
台湾,33：家族滞在,07歳,1:男,43：熊本県,1
台湾,33：家族滞在,08歳,1:男,43：熊本県,2
台湾,33：家族滞在,10歳,1:男,43：熊本県,1
台湾,34：特定活動,20歳,1:男,43：熊本県,3
台湾,31：留学,21歳,1:男,43：熊本県,1
台湾,34：特定活動,21歳,1:男,43：熊本県,1
台湾,16：技術・人文知識・国際業務,22歳,1:男,43：熊本県,1
台湾,31：留学,22歳,1:男,43：熊本県,3
台湾,34：特定活動,22歳,1:男,43：熊本県,7
台湾,16：技術・人文知識・国際業務,23歳,1:男,43：熊本県,2
台湾,31：留学,23歳,1:男,43：熊本県,1
台湾,34：特定活動,23歳,1:男,43：熊本県,1
台湾,16：技術・人文知識・国際業務,24歳,1:男,43：熊本県,3
台湾,34：特定活動,24歳,1:男,43：熊本県,1
台湾,16：技術・人文知識・国際業務,25歳,1:男,43：熊本県,5
台湾,16：技術・人文知識・国際業務,26歳,1:男,43：熊本県,8
台湾,16：技術・人文知識・国際業務,27歳,1:男,43：熊本県,11
台湾,17：企業内転勤,27歳,1:男,43：熊本県,1
台湾,36：日本人の配偶者等,27歳,1:男,43：熊本県,1
台湾,16：技術・人文知識・国際業務,28歳,1:男,43：熊本県,5
台湾,17：企業内転勤,28歳,1:男,43：熊本県,6
台湾,35：永住者,28歳,1:男,43：熊本県,1
台湾,36：日本人の配偶者等,28歳,1:男,43：熊本県,1
台湾,08：高度専門職１号ロ,29歳,1:男,43：熊本県,1
台湾,16：技術・人文知識・国際業務,29歳,1:男,43：熊本県,6
台湾,17：企業内転勤,29歳,1:男,43：熊本県,3
台湾,31：留学,29歳,1:男,43：熊本県,1
台湾,33：家族滞在,29歳,1:男,43：熊本県,1
台湾,08：高度専門職１号ロ,30歳,1:男,43：熊本県,2
台湾,16：技術・人文知識・国際業務,30歳,1:男,43：熊本県,7
台湾,17：企業内転勤,30歳,1:男,43：熊本県,1
台湾,16：技術・人文知識・国際業務,31歳,1:男,43：熊本県,4
台湾,17：企業内転勤,31歳,1:男,43：熊本県,3
台湾,08：高度専門職１号ロ,32歳,1:男,43：熊本県,1
台湾,16：技術・人文知識・国際業務,32歳,1:男,43：熊本県,3
台湾,17：企業内転勤,32歳,1:男,43：熊本県,2
台湾,35：永住者,32歳,1:男,43：熊本県,1
台湾,16：技術・人文知識・国際業務,33歳,1:男,43：熊本県,4
台湾,17：企業内転勤,33歳,1:男,43：熊本県,1
台湾,36：日本人の配偶者等,33歳,1:男,43：熊本県,1
台湾,16：技術・人文知識・国際業務,34歳,1:男,43：熊本県,3
台湾,17：企業内転勤,34歳,1:男,43：熊本県,2
台湾,20：技能,34歳,1:男,43：熊本県,1
台湾,35：永住者,34歳,1:男,43：熊本県,1
台湾,36：日本人の配偶者等,34歳,1:男,43：熊本県,1
台湾,16：技術・人文知識・国際業務,35歳,1:男,43：熊本県,2
台湾,17：企業内転勤,35歳,1:男,43：熊本県,2
台湾,31：留学,35歳,1:男,43：熊本県,1
台湾,37：永住者の配偶者等,35歳,1:男,43：熊本県,1
台湾,08：高度専門職１号ロ,36歳,1:男,43：熊本県,1
台湾,16：技術・人文知識・国際業務,36歳,1:男,43：熊本県,7
台湾,17：企業内転勤,36歳,1:男,43：熊本県,4
台湾,16：技術・人文知識・国際業務,37歳,1:男,43：熊本県,3
台湾,17：企業内転勤,37歳,1:男,43：熊本県,1
台湾,35：永住者,37歳,1:男,43：熊本県,1
台湾,08：高度専門職１号ロ,38歳,1:男,43：熊本県,2
台湾,16：技術・人文知識・国際業務,38歳,1:男,43：熊本県,3
台湾,17：企業内転勤,38歳,1:男,43：熊本県,4
台湾,08：高度専門職１号ロ,39歳,1:男,43：熊本県,1
台湾,16：技術・人文知識・国際業務,39歳,1:男,43：熊本県,5
台湾,17：企業内転勤,39歳,1:男,43：熊本県,2
台湾,35：永住者,39歳,1:男,43：熊本県,1
台湾,08：高度専門職１号ロ,40歳,1:男,43：熊本県,1
台湾,16：技術・人文知識・国際業務,40歳,1:男,43：熊本県,3
台湾,17：企業内転勤,40歳,1:男,43：熊本県,3
台湾,35：永住者,40歳,1:男,43：熊本県,2
台湾,36：日本人の配偶者等,40歳,1:男,43：熊本県,1
台湾,08：高度専門職１号ロ,41歳,1:男,43：熊本県,1
台湾,16：技術・人文知識・国際業務,41歳,1:男,43：熊本県,3
台湾,17：企業内転勤,41歳,1:男,43：熊本県,3
台湾,36：日本人の配偶者等,41歳,1:男,43：熊本県,1
台湾,17：企業内転勤,42歳,1:男,43：熊本県,2
台湾,35：永住者,42歳,1:男,43：熊本県,1
台湾,17：企業内転勤,43歳,1:男,43：熊本県,2
台湾,17：企業内転勤,44歳,1:男,43：熊本県,4
台湾,33：家族滞在,44歳,1:男,43：熊本県,1
台湾,35：永住者,44歳,1:男,43：熊本県,1
台湾,36：日本人の配偶者等,44歳,1:男,43：熊本県,1
台湾,17：企業内転勤,45歳,1:男,43：熊本県,1
台湾,39：特別永住者,45歳,1:男,43：熊本県,1
台湾,17：企業内転勤,46歳,1:男,43：熊本県,1
台湾,36：日本人の配偶者等,46歳,1:男,43：熊本県,1
台湾,08：高度専門職１号ロ,47歳,1:男,43：熊本県,1
台湾,35：永住者,47歳,1:男,43：熊本県,1
台湾,08：高度専門職１号ロ,48歳,1:男,43：熊本県,1
台湾,21：特定技能１号,48歳,1:男,43：熊本県,1
台湾,11：経営・管理,49歳,1:男,43：熊本県,1
台湾,17：企業内転勤,49歳,1:男,43：熊本県,1
台湾,17：企業内転勤,50歳,1:男,43：熊本県,1
台湾,35：永住者,50歳,1:男,43：熊本県,1
台湾,17：企業内転勤,51歳,1:男,43：熊本県,1
台湾,16：技術・人文知識・国際業務,53歳,1:男,43：熊本県,1
台湾,17：企業内転勤,54歳,1:男,43：熊本県,1
台湾,11：経営・管理,55歳,1:男,43：熊本県,1
台湾,17：企業内転勤,55歳,1:男,43：熊本県,1
台湾,35：永住者,55歳,1:男,43：熊本県,1
台湾,17：企業内転勤,56歳,1:男,43：熊本県,1
台湾,35：永住者,56歳,1:男,43：熊本県,1
台湾,35：永住者,59歳,1:男,43：熊本県,2
台湾,17：企業内転勤,60歳,1:男,43：熊本県,1
台湾,17：企業内転勤,61歳,1:男,43：熊本県,1
台湾,35：永住者,68歳,1:男,43：熊本県,1
台湾,39：特別永住者,75歳,1:男,43：熊本県,1
台湾,34：特定活動,80歳以上,1:男,43：熊本県,1
台湾,35：永住者,80歳以上,1:男,43：熊本県,1
台湾,33：家族滞在,02歳,2:女,43：熊本県,1
台湾,33：家族滞在,03歳,2:女,43：熊本県,1
台湾,33：家族滞在,04歳,2:女,43：熊本県,1
台湾,33：家族滞在,06歳,2:女,43：熊本県,1
台湾,33：家族滞在,08歳,2:女,43：熊本県,1
台湾,36：日本人の配偶者等,08歳,2:女,43：熊本県,1
台湾,33：家族滞在,09歳,2:女,43：熊本県,1
台湾,34：特定活動,18歳,2:女,43：熊本県,1
台湾,34：特定活動,19歳,2:女,43：熊本県,5
台湾,31：留学,20歳,2:女,43：熊本県,1
台湾,34：特定活動,20歳,2:女,43：熊本県,1
台湾,31：留学,21歳,2:女,43：熊本県,2
台湾,34：特定活動,21歳,2:女,43：熊本県,4
台湾,34：特定活動,22歳,2:女,43：熊本県,9
台湾,35：永住者,22歳,2:女,43：熊本県,1
台湾,16：技術・人文知識・国際業務,23歳,2:女,43：熊本県,6
台湾,17：企業内転勤,24歳,2:女,43：熊本県,1
台湾,31：留学,24歳,2:女,43：熊本県,1
台湾,16：技術・人文知識・国際業務,25歳,2:女,43：熊本県,2
台湾,17：企業内転勤,25歳,2:女,43：熊本県,1
台湾,31：留学,25歳,2:女,43：熊本県,1
台湾,16：技術・人文知識・国際業務,26歳,2:女,43：熊本県,7
台湾,17：企業内転勤,26歳,2:女,43：熊本県,1
台湾,31：留学,26歳,2:女,43：熊本県,1
台湾,16：技術・人文知識・国際業務,27歳,2:女,43：熊本県,6
台湾,17：企業内転勤,27歳,2:女,43：熊本県,1
台湾,33：家族滞在,27歳,2:女,43：熊本県,1
台湾,08：高度専門職１号ロ,28歳,2:女,43：熊本県,1
台湾,16：技術・人文知識・国際業務,28歳,2:女,43：熊本県,7
台湾,35：永住者,28歳,2:女,43：熊本県,1
台湾,16：技術・人文知識・国際業務,29歳,2:女,43：熊本県,12
台湾,31：留学,29歳,2:女,43：熊本県,1
台湾,33：家族滞在,29歳,2:女,43：熊本県,5
台湾,35：永住者,29歳,2:女,43：熊本県,1
台湾,16：技術・人文知識・国際業務,30歳,2:女,43：熊本県,5
台湾,31：留学,30歳,2:女,43：熊本県,1
台湾,34：特定活動,30歳,2:女,43：熊本県,1
台湾,35：永住者,30歳,2:女,43：熊本県,2
台湾,16：技術・人文知識・国際業務,31歳,2:女,43：熊本県,5
台湾,33：家族滞在,31歳,2:女,43：熊本県,2
台湾,35：永住者,31歳,2:女,43：熊本県,1
台湾,16：技術・人文知識・国際業務,32歳,2:女,43：熊本県,6
台湾,33：家族滞在,32歳,2:女,43：熊本県,1
台湾,35：永住者,32歳,2:女,43：熊本県,2
台湾,36：日本人の配偶者等,32歳,2:女,43：熊本県,2
台湾,37：永住者の配偶者等,32歳,2:女,43：熊本県,1
台湾,16：技術・人文知識・国際業務,33歳,2:女,43：熊本県,5
台湾,17：企業内転勤,33歳,2:女,43：熊本県,1
台湾,33：家族滞在,33歳,2:女,43：熊本県,1
台湾,35：永住者,33歳,2:女,43：熊本県,4
台湾,36：日本人の配偶者等,33歳,2:女,43：熊本県,1
台湾,11：経営・管理,34歳,2:女,43：熊本県,1
台湾,16：技術・人文知識・国際業務,34歳,2:女,43：熊本県,1
台湾,17：企業内転勤,34歳,2:女,43：熊本県,1
台湾,35：永住者,34歳,2:女,43：熊本県,1
台湾,36：日本人の配偶者等,34歳,2:女,43：熊本県,3
台湾,08：高度専門職１号ロ,35歳,2:女,43：熊本県,1
台湾,16：技術・人文知識・国際業務,35歳,2:女,43：熊本県,4
台湾,33：家族滞在,35歳,2:女,43：熊本県,2
台湾,35：永住者,35歳,2:女,43：熊本県,1
台湾,36：日本人の配偶者等,35歳,2:女,43：熊本県,2
台湾,16：技術・人文知識・国際業務,36歳,2:女,43：熊本県,5
台湾,35：永住者,36歳,2:女,43：熊本県,2
台湾,36：日本人の配偶者等,36歳,2:女,43：熊本県,1
台湾,16：技術・人文知識・国際業務,37歳,2:女,43：熊本県,3
台湾,17：企業内転勤,37歳,2:女,43：熊本県,1
台湾,33：家族滞在,37歳,2:女,43：熊本県,1
台湾,35：永住者,37歳,2:女,43：熊本県,2
台湾,36：日本人の配偶者等,37歳,2:女,43：熊本県,1
台湾,16：技術・人文知識・国際業務,38歳,2:女,43：熊本県,3
台湾,33：家族滞在,38歳,2:女,43：熊本県,2
台湾,35：永住者,38歳,2:女,43：熊本県,2
台湾,36：日本人の配偶者等,38歳,2:女,43：熊本県,1
台湾,16：技術・人文知識・国際業務,39歳,2:女,43：熊本県,1
台湾,33：家族滞在,39歳,2:女,43：熊本県,4
台湾,35：永住者,39歳,2:女,43：熊本県,3
台湾,36：日本人の配偶者等,39歳,2:女,43：熊本県,2
台湾,08：高度専門職１号ロ,40歳,2:女,43：熊本県,1
台湾,16：技術・人文知識・国際業務,40歳,2:女,43：熊本県,1
台湾,17：企業内転勤,40歳,2:女,43：熊本県,1
台湾,33：家族滞在,40歳,2:女,43：熊本県,1
台湾,35：永住者,40歳,2:女,43：熊本県,5
台湾,36：日本人の配偶者等,40歳,2:女,43：熊本県,1
台湾,08：高度専門職１号ロ,41歳,2:女,43：熊本県,1
台湾,16：技術・人文知識・国際業務,41歳,2:女,43：熊本県,2
台湾,17：企業内転勤,41歳,2:女,43：熊本県,1
台湾,33：家族滞在,41歳,2:女,43：熊本県,1
台湾,35：永住者,41歳,2:女,43：熊本県,3
台湾,16：技術・人文知識・国際業務,42歳,2:女,43：熊本県,2
台湾,33：家族滞在,42歳,2:女,43：熊本県,1
台湾,35：永住者,42歳,2:女,43：熊本県,4
台湾,36：日本人の配偶者等,42歳,2:女,43：熊本県,3
台湾,16：技術・人文知識・国際業務,43歳,2:女,43：熊本県,1
台湾,17：企業内転勤,43歳,2:女,43：熊本県,1
台湾,33：家族滞在,43歳,2:女,43：熊本県,2
台湾,35：永住者,43歳,2:女,43：熊本県,3
台湾,36：日本人の配偶者等,43歳,2:女,43：熊本県,2
台湾,16：技術・人文知識・国際業務,45歳,2:女,43：熊本県,1
台湾,35：永住者,45歳,2:女,43：熊本県,2
台湾,16：技術・人文知識・国際業務,46歳,2:女,43：熊本県,2
台湾,35：永住者,46歳,2:女,43：熊本県,1
台湾,16：技術・人文知識・国際業務,47歳,2:女,43：熊本県,2
台湾,35：永住者,47歳,2:女,43：熊本県,2
台湾,36：日本人の配偶者等,47歳,2:女,43：熊本県,1
台湾,38：定住者,47歳,2:女,43：熊本県,1
台湾,33：家族滞在,48歳,2:女,43：熊本県,1
台湾,35：永住者,48歳,2:女,43：熊本県,2
台湾,33：家族滞在,49歳,2:女,43：熊本県,1
台湾,35：永住者,49歳,2:女,43：熊本県,1
台湾,33：家族滞在,50歳,2:女,43：熊本県,1
台湾,17：企業内転勤,51歳,2:女,43：熊本県,2
台湾,35：永住者,51歳,2:女,43：熊本県,2
台湾,16：技術・人文知識・国際業務,52歳,2:女,43：熊本県,1
台湾,33：家族滞在,52歳,2:女,43：熊本県,1
台湾,35：永住者,52歳,2:女,43：熊本県,1
台湾,36：日本人の配偶者等,52歳,2:女,43：熊本県,1
台湾,35：永住者,53歳,2:女,43：熊本県,6
台湾,35：永住者,54歳,2:女,43：熊本県,2
台湾,36：日本人の配偶者等,54歳,2:女,43：熊本県,1
台湾,33：家族滞在,55歳,2:女,43：熊本県,2
台湾,35：永住者,55歳,2:女,43：熊本県,1
台湾,35：永住者,56歳,2:女,43：熊本県,1
台湾,35：永住者,57歳,2:女,43：熊本県,2
台湾,35：永住者,58歳,2:女,43：熊本県,1
台湾,33：家族滞在,59歳,2:女,43：熊本県,1
台湾,35：永住者,59歳,2:女,43：熊本県,2
台湾,36：日本人の配偶者等,59歳,2:女,43：熊本県,1
台湾,35：永住者,60歳,2:女,43：熊本県,1
台湾,35：永住者,61歳,2:女,43：熊本県,2
台湾,35：永住者,62歳,2:女,43：熊本県,2
台湾,35：永住者,64歳,2:女,43：熊本県,2
台湾,35：永住者,66歳,2:女,43：熊本県,1
台湾,39：特別永住者,71歳,2:女,43：熊本県,1
台湾,35：永住者,74歳,2:女,43：熊本県,1
台湾,35：永住者,76歳,2:女,43：熊本県,1
台湾,35：永住者,79歳,2:女,43：熊本県,1
台湾,35：永住者,80歳以上,2:女,43：熊本県,1
中国,33：家族滞在,00歳,1:男,43：熊本県,2
中国,35：永住者,00歳,1:男,43：熊本県,3
中国,35：永住者,01歳,1:男,43：熊本県,3
中国,37：永住者の配偶者等,01歳,1:男,43：熊本県,2
中国,33：家族滞在,02歳,1:男,43：熊本県,1
中国,35：永住者,02歳,1:男,43：熊本県,3
中国,37：永住者の配偶者等,02歳,1:男,43：熊本県,1
中国,33：家族滞在,03歳,1:男,43：熊本県,6
中国,35：永住者,03歳,1:男,43：熊本県,6
中国,37：永住者の配偶者等,03歳,1:男,43：熊本県,3
中国,38：定住者,03歳,1:男,43：熊本県,2
中国,33：家族滞在,04歳,1:男,43：熊本県,2
中国,35：永住者,04歳,1:男,43：熊本県,4
中国,37：永住者の配偶者等,04歳,1:男,43：熊本県,2
中国,33：家族滞在,05歳,1:男,43：熊本県,5
中国,35：永住者,05歳,1:男,43：熊本県,8
中国,38：定住者,05歳,1:男,43：熊本県,2
中国,33：家族滞在,06歳,1:男,43：熊本県,2
中国,35：永住者,06歳,1:男,43：熊本県,7
中国,37：永住者の配偶者等,06歳,1:男,43：熊本県,1
中国,33：家族滞在,07歳,1:男,43：熊本県,7
中国,35：永住者,07歳,1:男,43：熊本県,4
中国,37：永住者の配偶者等,07歳,1:男,43：熊本県,1
中国,33：家族滞在,08歳,1:男,43：熊本県,3
中国,35：永住者,08歳,1:男,43：熊本県,5
中国,33：家族滞在,09歳,1:男,43：熊本県,1
中国,35：永住者,09歳,1:男,43：熊本県,7
中国,38：定住者,09歳,1:男,43：熊本県,2
中国,33：家族滞在,10歳,1:男,43：熊本県,1
中国,35：永住者,10歳,1:男,43：熊本県,5
中国,38：定住者,10歳,1:男,43：熊本県,2
中国,35：永住者,11歳,1:男,43：熊本県,9
中国,38：定住者,11歳,1:男,43：熊本県,1
中国,33：家族滞在,12歳,1:男,43：熊本県,2
中国,35：永住者,12歳,1:男,43：熊本県,6
中国,33：家族滞在,13歳,1:男,43：熊本県,3
中国,35：永住者,13歳,1:男,43：熊本県,7
中国,36：日本人の配偶者等,13歳,1:男,43：熊本県,1
中国,38：定住者,13歳,1:男,43：熊本県,1
中国,33：家族滞在,14歳,1:男,43：熊本県,3
中国,35：永住者,14歳,1:男,43：熊本県,5
中国,38：定住者,14歳,1:男,43：熊本県,1
中国,35：永住者,15歳,1:男,43：熊本県,7
中国,33：家族滞在,16歳,1:男,43：熊本県,1
中国,35：永住者,16歳,1:男,43：熊本県,5
中国,38：定住者,16歳,1:男,43：熊本県,3
中国,31：留学,17歳,1:男,43：熊本県,1
中国,35：永住者,17歳,1:男,43：熊本県,8
中国,38：定住者,17歳,1:男,43：熊本県,1
中国,31：留学,18歳,1:男,43：熊本県,5
中国,33：家族滞在,18歳,1:男,43：熊本県,1
中国,35：永住者,18歳,1:男,43：熊本県,7
中国,37：永住者の配偶者等,18歳,1:男,43：熊本県,1
中国,38：定住者,18歳,1:男,43：熊本県,4
中国,24：技能実習１号ロ,19歳,1:男,43：熊本県,1
中国,31：留学,19歳,1:男,43：熊本県,10
中国,35：永住者,19歳,1:男,43：熊本県,3
中国,38：定住者,19歳,1:男,43：熊本県,1
中国,26：技能実習２号ロ,20歳,1:男,43：熊本県,1
中国,31：留学,20歳,1:男,43：熊本県,24
中国,33：家族滞在,20歳,1:男,43：熊本県,1
中国,35：永住者,20歳,1:男,43：熊本県,1
中国,36：日本人の配偶者等,20歳,1:男,43：熊本県,1
中国,31：留学,21歳,1:男,43：熊本県,16
中国,34：特定活動,21歳,1:男,43：熊本県,1
中国,35：永住者,21歳,1:男,43：熊本県,1
中国,38：定住者,21歳,1:男,43：熊本県,2
中国,16：技術・人文知識・国際業務,22歳,1:男,43：熊本県,1
中国,26：技能実習２号ロ,22歳,1:男,43：熊本県,3
中国,31：留学,22歳,1:男,43：熊本県,42
中国,33：家族滞在,22歳,1:男,43：熊本県,1
中国,34：特定活動,22歳,1:男,43：熊本県,1
中国,35：永住者,22歳,1:男,43：熊本県,3
中国,38：定住者,22歳,1:男,43：熊本県,1
中国,16：技術・人文知識・国際業務,23歳,1:男,43：熊本県,4
中国,21：特定技能１号,23歳,1:男,43：熊本県,1
中国,24：技能実習１号ロ,23歳,1:男,43：熊本県,3
中国,26：技能実習２号ロ,23歳,1:男,43：熊本県,2
中国,31：留学,23歳,1:男,43：熊本県,46
中国,35：永住者,23歳,1:男,43：熊本県,5
中国,16：技術・人文知識・国際業務,24歳,1:男,43：熊本県,1
中国,21：特定技能１号,24歳,1:男,43：熊本県,2
中国,24：技能実習１号ロ,24歳,1:男,43：熊本県,1
中国,26：技能実習２号ロ,24歳,1:男,43：熊本県,1
中国,28：技能実習３号ロ,24歳,1:男,43：熊本県,2
中国,31：留学,24歳,1:男,43：熊本県,35
中国,35：永住者,24歳,1:男,43：熊本県,5
中国,38：定住者,24歳,1:男,43：熊本県,2
中国,16：技術・人文知識・国際業務,25歳,1:男,43：熊本県,9
中国,24：技能実習１号ロ,25歳,1:男,43：熊本県,1
中国,26：技能実習２号ロ,25歳,1:男,43：熊本県,2
中国,28：技能実習３号ロ,25歳,1:男,43：熊本県,1
中国,31：留学,25歳,1:男,43：熊本県,31
中国,35：永住者,25歳,1:男,43：熊本県,7
中国,38：定住者,25歳,1:男,43：熊本県,2
中国,16：技術・人文知識・国際業務,26歳,1:男,43：熊本県,11
中国,24：技能実習１号ロ,26歳,1:男,43：熊本県,1
中国,26：技能実習２号ロ,26歳,1:男,43：熊本県,2
中国,31：留学,26歳,1:男,43：熊本県,36
中国,35：永住者,26歳,1:男,43：熊本県,5
中国,38：定住者,26歳,1:男,43：熊本県,1
中国,11：経営・管理,27歳,1:男,43：熊本県,1
中国,16：技術・人文知識・国際業務,27歳,1:男,43：熊本県,7
中国,21：特定技能１号,27歳,1:男,43：熊本県,1
中国,24：技能実習１号ロ,27歳,1:男,43：熊本県,1
中国,28：技能実習３号ロ,27歳,1:男,43：熊本県,1
中国,31：留学,27歳,1:男,43：熊本県,23
中国,33：家族滞在,27歳,1:男,43：熊本県,1
中国,34：特定活動,27歳,1:男,43：熊本県,1
中国,35：永住者,27歳,1:男,43：熊本県,5
中国,36：日本人の配偶者等,27歳,1:男,43：熊本県,1
中国,08：高度専門職１号ロ,28歳,1:男,43：熊本県,2
中国,16：技術・人文知識・国際業務,28歳,1:男,43：熊本県,6
中国,21：特定技能１号,28歳,1:男,43：熊本県,3
中国,24：技能実習１号ロ,28歳,1:男,43：熊本県,2
中国,28：技能実習３号ロ,28歳,1:男,43：熊本県,1
中国,29：文化活動,28歳,1:男,43：熊本県,1
中国,31：留学,28歳,1:男,43：熊本県,11
中国,33：家族滞在,28歳,1:男,43：熊本県,1
中国,35：永住者,28歳,1:男,43：熊本県,5
中国,37：永住者の配偶者等,28歳,1:男,43：熊本県,1
中国,03：教授,29歳,1:男,43：熊本県,1
中国,16：技術・人文知識・国際業務,29歳,1:男,43：熊本県,14
中国,21：特定技能１号,29歳,1:男,43：熊本県,1
中国,26：技能実習２号ロ,29歳,1:男,43：熊本県,2
中国,31：留学,29歳,1:男,43：熊本県,11
中国,34：特定活動,29歳,1:男,43：熊本県,1
中国,35：永住者,29歳,1:男,43：熊本県,8
中国,16：技術・人文知識・国際業務,30歳,1:男,43：熊本県,9
中国,17：企業内転勤,30歳,1:男,43：熊本県,1
中国,21：特定技能１号,30歳,1:男,43：熊本県,1
中国,24：技能実習１号ロ,30歳,1:男,43：熊本県,2
中国,26：技能実習２号ロ,30歳,1:男,43：熊本県,1
中国,28：技能実習３号ロ,30歳,1:男,43：熊本県,1
中国,29：文化活動,30歳,1:男,43：熊本県,1
中国,31：留学,30歳,1:男,43：熊本県,5
中国,33：家族滞在,30歳,1:男,43：熊本県,1
中国,34：特定活動,30歳,1:男,43：熊本県,2
中国,35：永住者,30歳,1:男,43：熊本県,3
中国,37：永住者の配偶者等,30歳,1:男,43：熊本県,1
中国,38：定住者,30歳,1:男,43：熊本県,2
中国,11：経営・管理,31歳,1:男,43：熊本県,1
中国,16：技術・人文知識・国際業務,31歳,1:男,43：熊本県,8
中国,21：特定技能１号,31歳,1:男,43：熊本県,2
中国,26：技能実習２号ロ,31歳,1:男,43：熊本県,1
中国,31：留学,31歳,1:男,43：熊本県,9
中国,33：家族滞在,31歳,1:男,43：熊本県,2
中国,35：永住者,31歳,1:男,43：熊本県,3
中国,36：日本人の配偶者等,31歳,1:男,43：熊本県,1
中国,03：教授,32歳,1:男,43：熊本県,2
中国,07：高度専門職１号イ,32歳,1:男,43：熊本県,3
中国,08：高度専門職１号ロ,32歳,1:男,43：熊本県,1
中国,16：技術・人文知識・国際業務,32歳,1:男,43：熊本県,5
中国,24：技能実習１号ロ,32歳,1:男,43：熊本県,2
中国,26：技能実習２号ロ,32歳,1:男,43：熊本県,1
中国,29：文化活動,32歳,1:男,43：熊本県,1
中国,31：留学,32歳,1:男,43：熊本県,2
中国,34：特定活動,32歳,1:男,43：熊本県,1
中国,35：永住者,32歳,1:男,43：熊本県,7
中国,38：定住者,32歳,1:男,43：熊本県,1
中国,11：経営・管理,33歳,1:男,43：熊本県,3
中国,16：技術・人文知識・国際業務,33歳,1:男,43：熊本県,8
中国,21：特定技能１号,33歳,1:男,43：熊本県,4
中国,24：技能実習１号ロ,33歳,1:男,43：熊本県,2
中国,26：技能実習２号ロ,33歳,1:男,43：熊本県,3
中国,28：技能実習３号ロ,33歳,1:男,43：熊本県,2
中国,29：文化活動,33歳,1:男,43：熊本県,1
中国,31：留学,33歳,1:男,43：熊本県,1
中国,33：家族滞在,33歳,1:男,43：熊本県,4
中国,35：永住者,33歳,1:男,43：熊本県,10
中国,36：日本人の配偶者等,33歳,1:男,43：熊本県,1
中国,37：永住者の配偶者等,33歳,1:男,43：熊本県,1
中国,38：定住者,33歳,1:男,43：熊本県,1
中国,16：技術・人文知識・国際業務,34歳,1:男,43：熊本県,10
中国,21：特定技能１号,34歳,1:男,43：熊本県,1
中国,24：技能実習１号ロ,34歳,1:男,43：熊本県,1
中国,28：技能実習３号ロ,34歳,1:男,43：熊本県,2
中国,29：文化活動,34歳,1:男,43：熊本県,1
中国,33：家族滞在,34歳,1:男,43：熊本県,2
中国,35：永住者,34歳,1:男,43：熊本県,8
中国,36：日本人の配偶者等,34歳,1:男,43：熊本県,1
中国,37：永住者の配偶者等,34歳,1:男,43：熊本県,1
中国,16：技術・人文知識・国際業務,35歳,1:男,43：熊本県,7
中国,21：特定技能１号,35歳,1:男,43：熊本県,2
中国,24：技能実習１号ロ,35歳,1:男,43：熊本県,3
中国,26：技能実習２号ロ,35歳,1:男,43：熊本県,1
中国,28：技能実習３号ロ,35歳,1:男,43：熊本県,3
中国,29：文化活動,35歳,1:男,43：熊本県,1
中国,31：留学,35歳,1:男,43：熊本県,1
中国,33：家族滞在,35歳,1:男,43：熊本県,1
中国,35：永住者,35歳,1:男,43：熊本県,11
中国,36：日本人の配偶者等,35歳,1:男,43：熊本県,1
中国,03：教授,36歳,1:男,43：熊本県,1
中国,16：技術・人文知識・国際業務,36歳,1:男,43：熊本県,5
中国,20：技能,36歳,1:男,43：熊本県,1
中国,21：特定技能１号,36歳,1:男,43：熊本県,4
中国,26：技能実習２号ロ,36歳,1:男,43：熊本県,1
中国,28：技能実習３号ロ,36歳,1:男,43：熊本県,1
中国,29：文化活動,36歳,1:男,43：熊本県,1
中国,31：留学,36歳,1:男,43：熊本県,3
中国,33：家族滞在,36歳,1:男,43：熊本県,2
中国,35：永住者,36歳,1:男,43：熊本県,11
中国,11：経営・管理,37歳,1:男,43：熊本県,1
中国,16：技術・人文知識・国際業務,37歳,1:男,43：熊本県,7
中国,17：企業内転勤,37歳,1:男,43：熊本県,1
中国,21：特定技能１号,37歳,1:男,43：熊本県,2
中国,24：技能実習１号ロ,37歳,1:男,43：熊本県,1
中国,26：技能実習２号ロ,37歳,1:男,43：熊本県,1
中国,28：技能実習３号ロ,37歳,1:男,43：熊本県,1
中国,35：永住者,37歳,1:男,43：熊本県,7
中国,36：日本人の配偶者等,37歳,1:男,43：熊本県,1
中国,11：経営・管理,38歳,1:男,43：熊本県,1
中国,16：技術・人文知識・国際業務,38歳,1:男,43：熊本県,5
中国,20：技能,38歳,1:男,43：熊本県,1
中国,21：特定技能１号,38歳,1:男,43：熊本県,3
中国,26：技能実習２号ロ,38歳,1:男,43：熊本県,2
中国,35：永住者,38歳,1:男,43：熊本県,10
中国,16：技術・人文知識・国際業務,39歳,1:男,43：熊本県,6
中国,20：技能,39歳,1:男,43：熊本県,1
中国,21：特定技能１号,39歳,1:男,43：熊本県,2
中国,24：技能実習１号ロ,39歳,1:男,43：熊本県,2
中国,29：文化活動,39歳,1:男,43：熊本県,1
中国,31：留学,39歳,1:男,43：熊本県,1
中国,33：家族滞在,39歳,1:男,43：熊本県,1
中国,35：永住者,39歳,1:男,43：熊本県,9
中国,08：高度専門職１号ロ,40歳,1:男,43：熊本県,1
中国,10：高度専門職２号,40歳,1:男,43：熊本県,1
中国,11：経営・管理,40歳,1:男,43：熊本県,1
中国,16：技術・人文知識・国際業務,40歳,1:男,43：熊本県,2
中国,20：技能,40歳,1:男,43：熊本県,1
中国,21：特定技能１号,40歳,1:男,43：熊本県,4
中国,24：技能実習１号ロ,40歳,1:男,43：熊本県,3
中国,26：技能実習２号ロ,40歳,1:男,43：熊本県,1
中国,28：技能実習３号ロ,40歳,1:男,43：熊本県,1
中国,35：永住者,40歳,1:男,43：熊本県,9
中国,37：永住者の配偶者等,40歳,1:男,43：熊本県,1
中国,38：定住者,40歳,1:男,43：熊本県,1
中国,16：技術・人文知識・国際業務,41歳,1:男,43：熊本県,3
中国,20：技能,41歳,1:男,43：熊本県,1
中国,21：特定技能１号,41歳,1:男,43：熊本県,1
中国,26：技能実習２号ロ,41歳,1:男,43：熊本県,1
中国,34：特定活動,41歳,1:男,43：熊本県,2
中国,35：永住者,41歳,1:男,43：熊本県,11
中国,36：日本人の配偶者等,41歳,1:男,43：熊本県,3
中国,16：技術・人文知識・国際業務,42歳,1:男,43：熊本県,2
中国,20：技能,42歳,1:男,43：熊本県,3
中国,21：特定技能１号,42歳,1:男,43：熊本県,2
中国,26：技能実習２号ロ,42歳,1:男,43：熊本県,1
中国,28：技能実習３号ロ,42歳,1:男,43：熊本県,2
中国,29：文化活動,42歳,1:男,43：熊本県,1
中国,31：留学,42歳,1:男,43：熊本県,1
中国,34：特定活動,42歳,1:男,43：熊本県,2
中国,35：永住者,42歳,1:男,43：熊本県,12
中国,37：永住者の配偶者等,42歳,1:男,43：熊本県,1
中国,11：経営・管理,43歳,1:男,43：熊本県,1
中国,20：技能,43歳,1:男,43：熊本県,2
中国,21：特定技能１号,43歳,1:男,43：熊本県,1
中国,24：技能実習１号ロ,43歳,1:男,43：熊本県,3
中国,35：永住者,43歳,1:男,43：熊本県,9
中国,36：日本人の配偶者等,43歳,1:男,43：熊本県,1
中国,37：永住者の配偶者等,43歳,1:男,43：熊本県,2
中国,11：経営・管理,44歳,1:男,43：熊本県,1
中国,16：技術・人文知識・国際業務,44歳,1:男,43：熊本県,2
中国,20：技能,44歳,1:男,43：熊本県,2
中国,28：技能実習３号ロ,44歳,1:男,43：熊本県,2
中国,29：文化活動,44歳,1:男,43：熊本県,1
中国,34：特定活動,44歳,1:男,43：熊本県,1
中国,35：永住者,44歳,1:男,43：熊本県,9
中国,36：日本人の配偶者等,44歳,1:男,43：熊本県,1
中国,37：永住者の配偶者等,44歳,1:男,43：熊本県,1
中国,38：定住者,44歳,1:男,43：熊本県,1
中国,03：教授,45歳,1:男,43：熊本県,1
中国,11：経営・管理,45歳,1:男,43：熊本県,1
中国,16：技術・人文知識・国際業務,45歳,1:男,43：熊本県,3
中国,20：技能,45歳,1:男,43：熊本県,3
中国,21：特定技能１号,45歳,1:男,43：熊本県,2
中国,26：技能実習２号ロ,45歳,1:男,43：熊本県,1
中国,35：永住者,45歳,1:男,43：熊本県,10
中国,38：定住者,45歳,1:男,43：熊本県,2
中国,20：技能,46歳,1:男,43：熊本県,2
中国,21：特定技能１号,46歳,1:男,43：熊本県,1
中国,24：技能実習１号ロ,46歳,1:男,43：熊本県,1
中国,33：家族滞在,46歳,1:男,43：熊本県,1
中国,35：永住者,46歳,1:男,43：熊本県,7
中国,36：日本人の配偶者等,46歳,1:男,43：熊本県,1
中国,37：永住者の配偶者等,46歳,1:男,43：熊本県,2
中国,16：技術・人文知識・国際業務,47歳,1:男,43：熊本県,1
中国,20：技能,47歳,1:男,43：熊本県,3
中国,21：特定技能１号,47歳,1:男,43：熊本県,2
中国,24：技能実習１号ロ,47歳,1:男,43：熊本県,2
中国,26：技能実習２号ロ,47歳,1:男,43：熊本県,2
中国,35：永住者,47歳,1:男,43：熊本県,7
中国,36：日本人の配偶者等,47歳,1:男,43：熊本県,1
中国,11：経営・管理,48歳,1:男,43：熊本県,2
中国,16：技術・人文知識・国際業務,48歳,1:男,43：熊本県,2
中国,20：技能,48歳,1:男,43：熊本県,2
中国,26：技能実習２号ロ,48歳,1:男,43：熊本県,1
中国,33：家族滞在,48歳,1:男,43：熊本県,1
中国,35：永住者,48歳,1:男,43：熊本県,7
中国,36：日本人の配偶者等,48歳,1:男,43：熊本県,1
中国,08：高度専門職１号ロ,49歳,1:男,43：熊本県,1
中国,20：技能,49歳,1:男,43：熊本県,3
中国,35：永住者,49歳,1:男,43：熊本県,5
中国,36：日本人の配偶者等,49歳,1:男,43：熊本県,1
中国,16：技術・人文知識・国際業務,50歳,1:男,43：熊本県,1
中国,20：技能,50歳,1:男,43：熊本県,3
中国,33：家族滞在,50歳,1:男,43：熊本県,2
中国,35：永住者,50歳,1:男,43：熊本県,10
中国,36：日本人の配偶者等,50歳,1:男,43：熊本県,1
中国,16：技術・人文知識・国際業務,51歳,1:男,43：熊本県,1
中国,20：技能,51歳,1:男,43：熊本県,1
中国,33：家族滞在,51歳,1:男,43：熊本県,1
中国,35：永住者,51歳,1:男,43：熊本県,5
中国,36：日本人の配偶者等,51歳,1:男,43：熊本県,1
中国,37：永住者の配偶者等,51歳,1:男,43：熊本県,1
中国,11：経営・管理,52歳,1:男,43：熊本県,1
中国,16：技術・人文知識・国際業務,52歳,1:男,43：熊本県,1
中国,20：技能,52歳,1:男,43：熊本県,1
中国,35：永住者,52歳,1:男,43：熊本県,10
中国,37：永住者の配偶者等,52歳,1:男,43：熊本県,1
中国,11：経営・管理,53歳,1:男,43：熊本県,1
中国,20：技能,53歳,1:男,43：熊本県,2
中国,33：家族滞在,53歳,1:男,43：熊本県,1
中国,35：永住者,53歳,1:男,43：熊本県,5
中国,11：経営・管理,54歳,1:男,43：熊本県,2
中国,16：技術・人文知識・国際業務,54歳,1:男,43：熊本県,1
中国,20：技能,54歳,1:男,43：熊本県,2
中国,35：永住者,54歳,1:男,43：熊本県,6
中国,03：教授,55歳,1:男,43：熊本県,1
中国,16：技術・人文知識・国際業務,55歳,1:男,43：熊本県,2
中国,20：技能,55歳,1:男,43：熊本県,4
中国,35：永住者,55歳,1:男,43：熊本県,9
中国,35：永住者,56歳,1:男,43：熊本県,7
中国,37：永住者の配偶者等,56歳,1:男,43：熊本県,2
中国,03：教授,57歳,1:男,43：熊本県,1
中国,20：技能,57歳,1:男,43：熊本県,1
中国,35：永住者,57歳,1:男,43：熊本県,4
中国,16：技術・人文知識・国際業務,58歳,1:男,43：熊本県,1
中国,35：永住者,58歳,1:男,43：熊本県,10
中国,16：技術・人文知識・国際業務,59歳,1:男,43：熊本県,1
中国,35：永住者,59歳,1:男,43：熊本県,8
中国,11：経営・管理,60歳,1:男,43：熊本県,1
中国,35：永住者,60歳,1:男,43：熊本県,10
中国,36：日本人の配偶者等,60歳,1:男,43：熊本県,1
中国,38：定住者,60歳,1:男,43：熊本県,1
中国,20：技能,61歳,1:男,43：熊本県,1
中国,35：永住者,61歳,1:男,43：熊本県,7
中国,36：日本人の配偶者等,61歳,1:男,43：熊本県,1
中国,20：技能,62歳,1:男,43：熊本県,1
中国,33：家族滞在,62歳,1:男,43：熊本県,1
中国,35：永住者,62歳,1:男,43：熊本県,6
中国,11：経営・管理,63歳,1:男,43：熊本県,1
中国,35：永住者,63歳,1:男,43：熊本県,7
中国,11：経営・管理,64歳,1:男,43：熊本県,1
中国,16：技術・人文知識・国際業務,64歳,1:男,43：熊本県,1
中国,35：永住者,64歳,1:男,43：熊本県,7
中国,11：経営・管理,65歳,1:男,43：熊本県,1
中国,35：永住者,65歳,1:男,43：熊本県,7
中国,35：永住者,66歳,1:男,43：熊本県,5
中国,36：日本人の配偶者等,66歳,1:男,43：熊本県,1
中国,35：永住者,67歳,1:男,43：熊本県,1
中国,37：永住者の配偶者等,67歳,1:男,43：熊本県,1
中国,35：永住者,68歳,1:男,43：熊本県,5
中国,35：永住者,69歳,1:男,43：熊本県,4
中国,38：定住者,69歳,1:男,43：熊本県,1
中国,35：永住者,70歳,1:男,43：熊本県,5
中国,35：永住者,71歳,1:男,43：熊本県,2
中国,37：永住者の配偶者等,71歳,1:男,43：熊本県,1
中国,38：定住者,71歳,1:男,43：熊本県,1
中国,34：特定活動,72歳,1:男,43：熊本県,1
中国,35：永住者,72歳,1:男,43：熊本県,5
中国,39：特別永住者,72歳,1:男,43：熊本県,1
中国,35：永住者,73歳,1:男,43：熊本県,7
中国,35：永住者,74歳,1:男,43：熊本県,3
中国,37：永住者の配偶者等,74歳,1:男,43：熊本県,1
中国,35：永住者,76歳,1:男,43：熊本県,2
中国,38：定住者,76歳,1:男,43：熊本県,1
中国,35：永住者,77歳,1:男,43：熊本県,1
中国,35：永住者,78歳,1:男,43：熊本県,2
中国,36：日本人の配偶者等,78歳,1:男,43：熊本県,1
中国,35：永住者,79歳,1:男,43：熊本県,1
中国,35：永住者,80歳以上,1:男,43：熊本県,6
中国,33：家族滞在,00歳,2:女,43：熊本県,3
中国,35：永住者,00歳,2:女,43：熊本県,3
中国,37：永住者の配偶者等,00歳,2:女,43：熊本県,1
中国,33：家族滞在,01歳,2:女,43：熊本県,1
中国,35：永住者,01歳,2:女,43：熊本県,1
中国,38：定住者,01歳,2:女,43：熊本県,1
中国,33：家族滞在,02歳,2:女,43：熊本県,5
中国,35：永住者,02歳,2:女,43：熊本県,3
中国,33：家族滞在,03歳,2:女,43：熊本県,3
中国,35：永住者,03歳,2:女,43：熊本県,4
中国,33：家族滞在,04歳,2:女,43：熊本県,2
中国,35：永住者,04歳,2:女,43：熊本県,2
中国,33：家族滞在,05歳,2:女,43：熊本県,4
中国,35：永住者,05歳,2:女,43：熊本県,6
中国,38：定住者,05歳,2:女,43：熊本県,1
中国,33：家族滞在,06歳,2:女,43：熊本県,3
中国,35：永住者,06歳,2:女,43：熊本県,2
中国,37：永住者の配偶者等,06歳,2:女,43：熊本県,1
中国,33：家族滞在,07歳,2:女,43：熊本県,2
中国,35：永住者,07歳,2:女,43：熊本県,5
中国,37：永住者の配偶者等,07歳,2:女,43：熊本県,1
中国,38：定住者,07歳,2:女,43：熊本県,1
中国,33：家族滞在,08歳,2:女,43：熊本県,1
中国,35：永住者,08歳,2:女,43：熊本県,5
中国,33：家族滞在,09歳,2:女,43：熊本県,3
中国,35：永住者,09歳,2:女,43：熊本県,3
中国,33：家族滞在,10歳,2:女,43：熊本県,1
中国,35：永住者,10歳,2:女,43：熊本県,13
中国,33：家族滞在,11歳,2:女,43：熊本県,2
中国,35：永住者,11歳,2:女,43：熊本県,9
中国,33：家族滞在,12歳,2:女,43：熊本県,1
中国,35：永住者,12歳,2:女,43：熊本県,10
中国,38：定住者,12歳,2:女,43：熊本県,2
中国,33：家族滞在,13歳,2:女,43：熊本県,1
中国,35：永住者,13歳,2:女,43：熊本県,8
中国,33：家族滞在,14歳,2:女,43：熊本県,2
中国,35：永住者,14歳,2:女,43：熊本県,5
中国,35：永住者,15歳,2:女,43：熊本県,4
中国,38：定住者,15歳,2:女,43：熊本県,2
中国,35：永住者,16歳,2:女,43：熊本県,3
中国,38：定住者,16歳,2:女,43：熊本県,1
中国,33：家族滞在,17歳,2:女,43：熊本県,2
中国,35：永住者,17歳,2:女,43：熊本県,5
中国,38：定住者,17歳,2:女,43：熊本県,2
中国,24：技能実習１号ロ,18歳,2:女,43：熊本県,1
中国,31：留学,18歳,2:女,43：熊本県,5
中国,38：定住者,18歳,2:女,43：熊本県,2
中国,24：技能実習１号ロ,19歳,2:女,43：熊本県,2
中国,31：留学,19歳,2:女,43：熊本県,7
中国,35：永住者,19歳,2:女,43：熊本県,4
中国,38：定住者,19歳,2:女,43：熊本県,1
中国,31：留学,20歳,2:女,43：熊本県,7
中国,33：家族滞在,20歳,2:女,43：熊本県,1
中国,35：永住者,20歳,2:女,43：熊本県,3
中国,38：定住者,20歳,2:女,43：熊本県,1
中国,26：技能実習２号ロ,21歳,2:女,43：熊本県,1
中国,31：留学,21歳,2:女,43：熊本県,17
中国,33：家族滞在,21歳,2:女,43：熊本県,1
中国,34：特定活動,21歳,2:女,43：熊本県,1
中国,35：永住者,21歳,2:女,43：熊本県,7
中国,38：定住者,21歳,2:女,43：熊本県,1
中国,26：技能実習２号ロ,22歳,2:女,43：熊本県,2
中国,31：留学,22歳,2:女,43：熊本県,16
中国,35：永住者,22歳,2:女,43：熊本県,9
中国,38：定住者,22歳,2:女,43：熊本県,1
中国,16：技術・人文知識・国際業務,23歳,2:女,43：熊本県,1
中国,26：技能実習２号ロ,23歳,2:女,43：熊本県,2
中国,31：留学,23歳,2:女,43：熊本県,23
中国,35：永住者,23歳,2:女,43：熊本県,6
中国,38：定住者,23歳,2:女,43：熊本県,2
中国,16：技術・人文知識・国際業務,24歳,2:女,43：熊本県,7
中国,31：留学,24歳,2:女,43：熊本県,33
中国,33：家族滞在,24歳,2:女,43：熊本県,2
中国,34：特定活動,24歳,2:女,43：熊本県,2
中国,35：永住者,24歳,2:女,43：熊本県,5
中国,38：定住者,24歳,2:女,43：熊本県,1
中国,03：教授,25歳,2:女,43：熊本県,1
中国,08：高度専門職１号ロ,25歳,2:女,43：熊本県,1
中国,16：技術・人文知識・国際業務,25歳,2:女,43：熊本県,4
中国,26：技能実習２号ロ,25歳,2:女,43：熊本県,2
中国,31：留学,25歳,2:女,43：熊本県,22
中国,33：家族滞在,25歳,2:女,43：熊本県,1
中国,35：永住者,25歳,2:女,43：熊本県,4
中国,37：永住者の配偶者等,25歳,2:女,43：熊本県,1
中国,38：定住者,25歳,2:女,43：熊本県,4
中国,05：宗教,26歳,2:女,43：熊本県,1
中国,16：技術・人文知識・国際業務,26歳,2:女,43：熊本県,10
中国,31：留学,26歳,2:女,43：熊本県,8
中国,33：家族滞在,26歳,2:女,43：熊本県,1
中国,34：特定活動,26歳,2:女,43：熊本県,2
中国,35：永住者,26歳,2:女,43：熊本県,5
中国,13：医療,27歳,2:女,43：熊本県,1
中国,16：技術・人文知識・国際業務,27歳,2:女,43：熊本県,7
中国,31：留学,27歳,2:女,43：熊本県,12
中国,33：家族滞在,27歳,2:女,43：熊本県,2
中国,34：特定活動,27歳,2:女,43：熊本県,1
中国,35：永住者,27歳,2:女,43：熊本県,6
中国,37：永住者の配偶者等,27歳,2:女,43：熊本県,1
中国,38：定住者,27歳,2:女,43：熊本県,1
中国,07：高度専門職１号イ,28歳,2:女,43：熊本県,1
中国,11：経営・管理,28歳,2:女,43：熊本県,1
中国,16：技術・人文知識・国際業務,28歳,2:女,43：熊本県,8
中国,24：技能実習１号ロ,28歳,2:女,43：熊本県,1
中国,26：技能実習２号ロ,28歳,2:女,43：熊本県,3
中国,31：留学,28歳,2:女,43：熊本県,5
中国,33：家族滞在,28歳,2:女,43：熊本県,3
中国,35：永住者,28歳,2:女,43：熊本県,5
中国,08：高度専門職１号ロ,29歳,2:女,43：熊本県,1
中国,16：技術・人文知識・国際業務,29歳,2:女,43：熊本県,5
中国,28：技能実習３号ロ,29歳,2:女,43：熊本県,1
中国,29：文化活動,29歳,2:女,43：熊本県,1
中国,31：留学,29歳,2:女,43：熊本県,9
中国,33：家族滞在,29歳,2:女,43：熊本県,1
中国,34：特定活動,29歳,2:女,43：熊本県,1
中国,35：永住者,29歳,2:女,43：熊本県,9
中国,36：日本人の配偶者等,29歳,2:女,43：熊本県,2
中国,37：永住者の配偶者等,29歳,2:女,43：熊本県,1
中国,38：定住者,29歳,2:女,43：熊本県,1
中国,03：教授,30歳,2:女,43：熊本県,2
中国,11：経営・管理,30歳,2:女,43：熊本県,1
中国,13：医療,30歳,2:女,43：熊本県,1
中国,14：研究,30歳,2:女,43：熊本県,1
中国,16：技術・人文知識・国際業務,30歳,2:女,43：熊本県,6
中国,26：技能実習２号ロ,30歳,2:女,43：熊本県,2
中国,31：留学,30歳,2:女,43：熊本県,4
中国,33：家族滞在,30歳,2:女,43：熊本県,1
中国,35：永住者,30歳,2:女,43：熊本県,5
中国,36：日本人の配偶者等,30歳,2:女,43：熊本県,1
中国,38：定住者,30歳,2:女,43：熊本県,2
中国,03：教授,31歳,2:女,43：熊本県,3
中国,16：技術・人文知識・国際業務,31歳,2:女,43：熊本県,7
中国,21：特定技能１号,31歳,2:女,43：熊本県,1
中国,26：技能実習２号ロ,31歳,2:女,43：熊本県,2
中国,28：技能実習３号ロ,31歳,2:女,43：熊本県,1
中国,31：留学,31歳,2:女,43：熊本県,4
中国,33：家族滞在,31歳,2:女,43：熊本県,2
中国,35：永住者,31歳,2:女,43：熊本県,8
中国,36：日本人の配偶者等,31歳,2:女,43：熊本県,4
中国,37：永住者の配偶者等,31歳,2:女,43：熊本県,1
中国,16：技術・人文知識・国際業務,32歳,2:女,43：熊本県,5
中国,21：特定技能１号,32歳,2:女,43：熊本県,2
中国,26：技能実習２号ロ,32歳,2:女,43：熊本県,3
中国,28：技能実習３号ロ,32歳,2:女,43：熊本県,2
中国,31：留学,32歳,2:女,43：熊本県,3
中国,33：家族滞在,32歳,2:女,43：熊本県,1
中国,34：特定活動,32歳,2:女,43：熊本県,1
中国,35：永住者,32歳,2:女,43：熊本県,7
中国,36：日本人の配偶者等,32歳,2:女,43：熊本県,7
中国,37：永住者の配偶者等,32歳,2:女,43：熊本県,1
中国,38：定住者,32歳,2:女,43：熊本県,1
中国,10：高度専門職２号,33歳,2:女,43：熊本県,1
中国,16：技術・人文知識・国際業務,33歳,2:女,43：熊本県,6
中国,21：特定技能１号,33歳,2:女,43：熊本県,3
中国,26：技能実習２号ロ,33歳,2:女,43：熊本県,2
中国,31：留学,33歳,2:女,43：熊本県,1
中国,33：家族滞在,33歳,2:女,43：熊本県,1
中国,35：永住者,33歳,2:女,43：熊本県,12
中国,36：日本人の配偶者等,33歳,2:女,43：熊本県,1
中国,37：永住者の配偶者等,33歳,2:女,43：熊本県,4
中国,13：医療,34歳,2:女,43：熊本県,1
中国,16：技術・人文知識・国際業務,34歳,2:女,43：熊本県,7
中国,21：特定技能１号,34歳,2:女,43：熊本県,3
中国,24：技能実習１号ロ,34歳,2:女,43：熊本県,2
中国,26：技能実習２号ロ,34歳,2:女,43：熊本県,2
中国,28：技能実習３号ロ,34歳,2:女,43：熊本県,1
中国,31：留学,34歳,2:女,43：熊本県,4
中国,33：家族滞在,34歳,2:女,43：熊本県,3
中国,34：特定活動,34歳,2:女,43：熊本県,1
中国,35：永住者,34歳,2:女,43：熊本県,9
中国,36：日本人の配偶者等,34歳,2:女,43：熊本県,5
中国,37：永住者の配偶者等,34歳,2:女,43：熊本県,1
中国,05：宗教,35歳,2:女,43：熊本県,1
中国,16：技術・人文知識・国際業務,35歳,2:女,43：熊本県,6
中国,21：特定技能１号,35歳,2:女,43：熊本県,3
中国,24：技能実習１号ロ,35歳,2:女,43：熊本県,1
中国,26：技能実習２号ロ,35歳,2:女,43：熊本県,5
中国,28：技能実習３号ロ,35歳,2:女,43：熊本県,2
中国,33：家族滞在,35歳,2:女,43：熊本県,1
中国,35：永住者,35歳,2:女,43：熊本県,17
中国,36：日本人の配偶者等,35歳,2:女,43：熊本県,6
中国,37：永住者の配偶者等,35歳,2:女,43：熊本県,2
中国,16：技術・人文知識・国際業務,36歳,2:女,43：熊本県,4
中国,20：技能,36歳,2:女,43：熊本県,1
中国,21：特定技能１号,36歳,2:女,43：熊本県,3
中国,26：技能実習２号ロ,36歳,2:女,43：熊本県,4
中国,28：技能実習３号ロ,36歳,2:女,43：熊本県,1
中国,31：留学,36歳,2:女,43：熊本県,2
中国,33：家族滞在,36歳,2:女,43：熊本県,7
中国,35：永住者,36歳,2:女,43：熊本県,31
中国,36：日本人の配偶者等,36歳,2:女,43：熊本県,2
中国,37：永住者の配偶者等,36歳,2:女,43：熊本県,2
中国,38：定住者,36歳,2:女,43：熊本県,1
中国,21：特定技能１号,37歳,2:女,43：熊本県,7
中国,24：技能実習１号ロ,37歳,2:女,43：熊本県,1
中国,26：技能実習２号ロ,37歳,2:女,43：熊本県,7
中国,28：技能実習３号ロ,37歳,2:女,43：熊本県,2
中国,33：家族滞在,37歳,2:女,43：熊本県,5
中国,34：特定活動,37歳,2:女,43：熊本県,2
中国,35：永住者,37歳,2:女,43：熊本県,18
中国,36：日本人の配偶者等,37歳,2:女,43：熊本県,4
中国,16：技術・人文知識・国際業務,38歳,2:女,43：熊本県,4
中国,21：特定技能１号,38歳,2:女,43：熊本県,4
中国,24：技能実習１号ロ,38歳,2:女,43：熊本県,5
中国,26：技能実習２号ロ,38歳,2:女,43：熊本県,2
中国,28：技能実習３号ロ,38歳,2:女,43：熊本県,1
中国,33：家族滞在,38歳,2:女,43：熊本県,5
中国,35：永住者,38歳,2:女,43：熊本県,23
中国,36：日本人の配偶者等,38歳,2:女,43：熊本県,2
中国,37：永住者の配偶者等,38歳,2:女,43：熊本県,1
中国,07：高度専門職１号イ,39歳,2:女,43：熊本県,1
中国,21：特定技能１号,39歳,2:女,43：熊本県,4
中国,24：技能実習１号ロ,39歳,2:女,43：熊本県,2
中国,26：技能実習２号ロ,39歳,2:女,43：熊本県,5
中国,28：技能実習３号ロ,39歳,2:女,43：熊本県,1
中国,33：家族滞在,39歳,2:女,43：熊本県,3
中国,35：永住者,39歳,2:女,43：熊本県,10
中国,36：日本人の配偶者等,39歳,2:女,43：熊本県,4
中国,37：永住者の配偶者等,39歳,2:女,43：熊本県,2
中国,16：技術・人文知識・国際業務,40歳,2:女,43：熊本県,1
中国,21：特定技能１号,40歳,2:女,43：熊本県,6
中国,24：技能実習１号ロ,40歳,2:女,43：熊本県,3
中国,26：技能実習２号ロ,40歳,2:女,43：熊本県,6
中国,28：技能実習３号ロ,40歳,2:女,43：熊本県,4
中国,33：家族滞在,40歳,2:女,43：熊本県,1
中国,34：特定活動,40歳,2:女,43：熊本県,2
中国,35：永住者,40歳,2:女,43：熊本県,33
中国,36：日本人の配偶者等,40歳,2:女,43：熊本県,5
中国,37：永住者の配偶者等,40歳,2:女,43：熊本県,2
中国,38：定住者,40歳,2:女,43：熊本県,1
中国,11：経営・管理,41歳,2:女,43：熊本県,2
中国,20：技能,41歳,2:女,43：熊本県,1
中国,21：特定技能１号,41歳,2:女,43：熊本県,3
中国,26：技能実習２号ロ,41歳,2:女,43：熊本県,3
中国,28：技能実習３号ロ,41歳,2:女,43：熊本県,5
中国,33：家族滞在,41歳,2:女,43：熊本県,3
中国,34：特定活動,41歳,2:女,43：熊本県,1
中国,35：永住者,41歳,2:女,43：熊本県,44
中国,36：日本人の配偶者等,41歳,2:女,43：熊本県,6
中国,38：定住者,41歳,2:女,43：熊本県,1
中国,21：特定技能１号,42歳,2:女,43：熊本県,4
中国,24：技能実習１号ロ,42歳,2:女,43：熊本県,2
中国,26：技能実習２号ロ,42歳,2:女,43：熊本県,5
中国,28：技能実習３号ロ,42歳,2:女,43：熊本県,3
中国,33：家族滞在,42歳,2:女,43：熊本県,1
中国,34：特定活動,42歳,2:女,43：熊本県,1
中国,35：永住者,42歳,2:女,43：熊本県,28
中国,36：日本人の配偶者等,42歳,2:女,43：熊本県,7
中国,11：経営・管理,43歳,2:女,43：熊本県,1
中国,16：技術・人文知識・国際業務,43歳,2:女,43：熊本県,1
中国,21：特定技能１号,43歳,2:女,43：熊本県,4
中国,24：技能実習１号ロ,43歳,2:女,43：熊本県,5
中国,26：技能実習２号ロ,43歳,2:女,43：熊本県,15
中国,28：技能実習３号ロ,43歳,2:女,43：熊本県,8
中国,33：家族滞在,43歳,2:女,43：熊本県,4
中国,35：永住者,43歳,2:女,43：熊本県,36
中国,36：日本人の配偶者等,43歳,2:女,43：熊本県,4
中国,38：定住者,43歳,2:女,43：熊本県,5
中国,11：経営・管理,44歳,2:女,43：熊本県,1
中国,16：技術・人文知識・国際業務,44歳,2:女,43：熊本県,1
中国,20：技能,44歳,2:女,43：熊本県,1
中国,21：特定技能１号,44歳,2:女,43：熊本県,3
中国,24：技能実習１号ロ,44歳,2:女,43：熊本県,1
中国,26：技能実習２号ロ,44歳,2:女,43：熊本県,7
中国,28：技能実習３号ロ,44歳,2:女,43：熊本県,6
中国,35：永住者,44歳,2:女,43：熊本県,29
中国,36：日本人の配偶者等,44歳,2:女,43：熊本県,7
中国,38：定住者,44歳,2:女,43：熊本県,2
中国,21：特定技能１号,45歳,2:女,43：熊本県,7
中国,24：技能実習１号ロ,45歳,2:女,43：熊本県,3
中国,26：技能実習２号ロ,45歳,2:女,43：熊本県,6
中国,28：技能実習３号ロ,45歳,2:女,43：熊本県,1
中国,33：家族滞在,45歳,2:女,43：熊本県,3
中国,35：永住者,45歳,2:女,43：熊本県,32
中国,36：日本人の配偶者等,45歳,2:女,43：熊本県,6
中国,38：定住者,45歳,2:女,43：熊本県,1
中国,16：技術・人文知識・国際業務,46歳,2:女,43：熊本県,1
中国,21：特定技能１号,46歳,2:女,43：熊本県,2
中国,24：技能実習１号ロ,46歳,2:女,43：熊本県,3
中国,26：技能実習２号ロ,46歳,2:女,43：熊本県,5
中国,28：技能実習３号ロ,46歳,2:女,43：熊本県,4
中国,33：家族滞在,46歳,2:女,43：熊本県,3
中国,35：永住者,46歳,2:女,43：熊本県,32
中国,36：日本人の配偶者等,46歳,2:女,43：熊本県,3
中国,37：永住者の配偶者等,46歳,2:女,43：熊本県,1
中国,38：定住者,46歳,2:女,43：熊本県,1
中国,20：技能,47歳,2:女,43：熊本県,1
中国,21：特定技能１号,47歳,2:女,43：熊本県,4
中国,24：技能実習１号ロ,47歳,2:女,43：熊本県,2
中国,26：技能実習２号ロ,47歳,2:女,43：熊本県,8
中国,28：技能実習３号ロ,47歳,2:女,43：熊本県,6
中国,33：家族滞在,47歳,2:女,43：熊本県,1
中国,35：永住者,47歳,2:女,43：熊本県,25
中国,36：日本人の配偶者等,47歳,2:女,43：熊本県,3
中国,37：永住者の配偶者等,47歳,2:女,43：熊本県,1
中国,38：定住者,47歳,2:女,43：熊本県,1
中国,21：特定技能１号,48歳,2:女,43：熊本県,3
中国,26：技能実習２号ロ,48歳,2:女,43：熊本県,8
中国,28：技能実習３号ロ,48歳,2:女,43：熊本県,2
中国,33：家族滞在,48歳,2:女,43：熊本県,2
中国,35：永住者,48歳,2:女,43：熊本県,30
中国,36：日本人の配偶者等,48歳,2:女,43：熊本県,4
中国,37：永住者の配偶者等,48歳,2:女,43：熊本県,1
中国,38：定住者,48歳,2:女,43：熊本県,1
中国,20：技能,49歳,2:女,43：熊本県,1
中国,21：特定技能１号,49歳,2:女,43：熊本県,3
中国,24：技能実習１号ロ,49歳,2:女,43：熊本県,1
中国,26：技能実習２号ロ,49歳,2:女,43：熊本県,4
中国,33：家族滞在,49歳,2:女,43：熊本県,1
中国,35：永住者,49歳,2:女,43：熊本県,38
中国,36：日本人の配偶者等,49歳,2:女,43：熊本県,7
中国,16：技術・人文知識・国際業務,50歳,2:女,43：熊本県,2
中国,20：技能,50歳,2:女,43：熊本県,1
中国,21：特定技能１号,50歳,2:女,43：熊本県,1
中国,26：技能実習２号ロ,50歳,2:女,43：熊本県,2
中国,28：技能実習３号ロ,50歳,2:女,43：熊本県,2
中国,33：家族滞在,50歳,2:女,43：熊本県,4
中国,35：永住者,50歳,2:女,43：熊本県,36
中国,36：日本人の配偶者等,50歳,2:女,43：熊本県,4
中国,37：永住者の配偶者等,50歳,2:女,43：熊本県,2
中国,38：定住者,50歳,2:女,43：熊本県,1
中国,20：技能,51歳,2:女,43：熊本県,1
中国,21：特定技能１号,51歳,2:女,43：熊本県,1
中国,24：技能実習１号ロ,51歳,2:女,43：熊本県,2
中国,26：技能実習２号ロ,51歳,2:女,43：熊本県,1
中国,28：技能実習３号ロ,51歳,2:女,43：熊本県,2
中国,33：家族滞在,51歳,2:女,43：熊本県,3
中国,35：永住者,51歳,2:女,43：熊本県,35
中国,36：日本人の配偶者等,51歳,2:女,43：熊本県,5
中国,37：永住者の配偶者等,51歳,2:女,43：熊本県,1
中国,20：技能,52歳,2:女,43：熊本県,1
中国,26：技能実習２号ロ,52歳,2:女,43：熊本県,1
中国,28：技能実習３号ロ,52歳,2:女,43：熊本県,1
中国,33：家族滞在,52歳,2:女,43：熊本県,2
中国,35：永住者,52歳,2:女,43：熊本県,31
中国,36：日本人の配偶者等,52歳,2:女,43：熊本県,6
中国,38：定住者,52歳,2:女,43：熊本県,1
中国,33：家族滞在,53歳,2:女,43：熊本県,2
中国,35：永住者,53歳,2:女,43：熊本県,31
中国,36：日本人の配偶者等,53歳,2:女,43：熊本県,3
中国,37：永住者の配偶者等,53歳,2:女,43：熊本県,2
中国,16：技術・人文知識・国際業務,54歳,2:女,43：熊本県,1
中国,35：永住者,54歳,2:女,43：熊本県,34
中国,36：日本人の配偶者等,54歳,2:女,43：熊本県,2
中国,37：永住者の配偶者等,54歳,2:女,43：熊本県,1
中国,38：定住者,54歳,2:女,43：熊本県,1
中国,33：家族滞在,55歳,2:女,43：熊本県,1
中国,35：永住者,55歳,2:女,43：熊本県,27
中国,36：日本人の配偶者等,55歳,2:女,43：熊本県,1
中国,35：永住者,56歳,2:女,43：熊本県,19
中国,11：経営・管理,57歳,2:女,43：熊本県,1
中国,33：家族滞在,57歳,2:女,43：熊本県,3
中国,35：永住者,57歳,2:女,43：熊本県,10
中国,37：永住者の配偶者等,57歳,2:女,43：熊本県,1
中国,38：定住者,57歳,2:女,43：熊本県,2
中国,35：永住者,58歳,2:女,43：熊本県,10
中国,36：日本人の配偶者等,58歳,2:女,43：熊本県,1
中国,35：永住者,59歳,2:女,43：熊本県,23
中国,36：日本人の配偶者等,59歳,2:女,43：熊本県,4
中国,33：家族滞在,60歳,2:女,43：熊本県,1
中国,35：永住者,60歳,2:女,43：熊本県,15
中国,36：日本人の配偶者等,60歳,2:女,43：熊本県,1
中国,35：永住者,61歳,2:女,43：熊本県,8
中国,35：永住者,62歳,2:女,43：熊本県,6
中国,33：家族滞在,63歳,2:女,43：熊本県,1
中国,35：永住者,63歳,2:女,43：熊本県,6
中国,36：日本人の配偶者等,63歳,2:女,43：熊本県,1
中国,35：永住者,64歳,2:女,43：熊本県,6
中国,35：永住者,65歳,2:女,43：熊本県,7
中国,35：永住者,66歳,2:女,43：熊本県,7
中国,36：日本人の配偶者等,66歳,2:女,43：熊本県,1
中国,34：特定活動,67歳,2:女,43：熊本県,1
中国,35：永住者,67歳,2:女,43：熊本県,8
中国,36：日本人の配偶者等,67歳,2:女,43：熊本県,1
中国,35：永住者,68歳,2:女,43：熊本県,4
中国,35：永住者,69歳,2:女,43：熊本県,1
中国,35：永住者,70歳,2:女,43：熊本県,8
中国,35：永住者,71歳,2:女,43：熊本県,2
中国,38：定住者,71歳,2:女,43：熊本県,1
中国,35：永住者,72歳,2:女,43：熊本県,3
中国,38：定住者,72歳,2:女,43：熊本県,1
中国,35：永住者,73歳,2:女,43：熊本県,7
中国,35：永住者,74歳,2:女,43：熊本県,7
中国,35：永住者,75歳,2:女,43：熊本県,4
中国,35：永住者,76歳,2:女,43：熊本県,5
中国,35：永住者,77歳,2:女,43：熊本県,2
中国,36：日本人の配偶者等,79歳,2:女,43：熊本県,1
中国,34：特定活動,80歳以上,2:女,43：熊本県,1
中国,35：永住者,80歳以上,2:女,43：熊本県,8
トルコ,31：留学,20歳,1:男,43：熊本県,1
トルコ,31：留学,30歳,1:男,43：熊本県,1
トルコ,35：永住者,43歳,1:男,43：熊本県,1
ネパール,33：家族滞在,00歳,1:男,43：熊本県,6
ネパール,33：家族滞在,01歳,1:男,43：熊本県,2
ネパール,33：家族滞在,02歳,1:男,43：熊本県,4
ネパール,33：家族滞在,03歳,1:男,43：熊本県,5
ネパール,33：家族滞在,04歳,1:男,43：熊本県,4
ネパール,33：家族滞在,05歳,1:男,43：熊本県,3
ネパール,33：家族滞在,07歳,1:男,43：熊本県,1
ネパール,35：永住者,08歳,1:男,43：熊本県,2
ネパール,33：家族滞在,09歳,1:男,43：熊本県,1
ネパール,33：家族滞在,10歳,1:男,43：熊本県,1
ネパール,35：永住者,10歳,1:男,43：熊本県,1
ネパール,35：永住者,12歳,1:男,43：熊本県,1
ネパール,33：家族滞在,13歳,1:男,43：熊本県,1
ネパール,35：永住者,14歳,1:男,43：熊本県,1
ネパール,33：家族滞在,15歳,1:男,43：熊本県,2
ネパール,38：定住者,15歳,1:男,43：熊本県,1
ネパール,33：家族滞在,17歳,1:男,43：熊本県,2
ネパール,31：留学,18歳,1:男,43：熊本県,2
ネパール,38：定住者,18歳,1:男,43：熊本県,1
ネパール,31：留学,19歳,1:男,43：熊本県,11
ネパール,31：留学,20歳,1:男,43：熊本県,23
ネパール,16：技術・人文知識・国際業務,21歳,1:男,43：熊本県,2
ネパール,21：特定技能１号,21歳,1:男,43：熊本県,3
ネパール,24：技能実習１号ロ,21歳,1:男,43：熊本県,1
ネパール,31：留学,21歳,1:男,43：熊本県,38
ネパール,33：家族滞在,21歳,1:男,43：熊本県,1
ネパール,16：技術・人文知識・国際業務,22歳,1:男,43：熊本県,1
ネパール,21：特定技能１号,22歳,1:男,43：熊本県,2
ネパール,24：技能実習１号ロ,22歳,1:男,43：熊本県,1
ネパール,31：留学,22歳,1:男,43：熊本県,33
ネパール,16：技術・人文知識・国際業務,23歳,1:男,43：熊本県,7
ネパール,21：特定技能１号,23歳,1:男,43：熊本県,3
ネパール,31：留学,23歳,1:男,43：熊本県,39
ネパール,35：永住者,23歳,1:男,43：熊本県,1
ネパール,16：技術・人文知識・国際業務,24歳,1:男,43：熊本県,23
ネパール,18：介護,24歳,1:男,43：熊本県,1
ネパール,21：特定技能１号,24歳,1:男,43：熊本県,2
ネパール,24：技能実習１号ロ,24歳,1:男,43：熊本県,2
ネパール,31：留学,24歳,1:男,43：熊本県,24
ネパール,33：家族滞在,24歳,1:男,43：熊本県,1
ネパール,16：技術・人文知識・国際業務,25歳,1:男,43：熊本県,29
ネパール,21：特定技能１号,25歳,1:男,43：熊本県,6
ネパール,31：留学,25歳,1:男,43：熊本県,21
ネパール,16：技術・人文知識・国際業務,26歳,1:男,43：熊本県,41
ネパール,21：特定技能１号,26歳,1:男,43：熊本県,8
ネパール,24：技能実習１号ロ,26歳,1:男,43：熊本県,1
ネパール,28：技能実習３号ロ,26歳,1:男,43：熊本県,1
ネパール,31：留学,26歳,1:男,43：熊本県,16
ネパール,33：家族滞在,26歳,1:男,43：熊本県,2
ネパール,34：特定活動,26歳,1:男,43：熊本県,2
ネパール,16：技術・人文知識・国際業務,27歳,1:男,43：熊本県,27
ネパール,21：特定技能１号,27歳,1:男,43：熊本県,6
ネパール,24：技能実習１号ロ,27歳,1:男,43：熊本県,4
ネパール,31：留学,27歳,1:男,43：熊本県,10
ネパール,33：家族滞在,27歳,1:男,43：熊本県,1
ネパール,16：技術・人文知識・国際業務,28歳,1:男,43：熊本県,29
ネパール,21：特定技能１号,28歳,1:男,43：熊本県,6
ネパール,31：留学,28歳,1:男,43：熊本県,3
ネパール,33：家族滞在,28歳,1:男,43：熊本県,2
ネパール,11：経営・管理,29歳,1:男,43：熊本県,1
ネパール,16：技術・人文知識・国際業務,29歳,1:男,43：熊本県,23
ネパール,20：技能,29歳,1:男,43：熊本県,1
ネパール,21：特定技能１号,29歳,1:男,43：熊本県,3
ネパール,31：留学,29歳,1:男,43：熊本県,2
ネパール,33：家族滞在,29歳,1:男,43：熊本県,6
ネパール,34：特定活動,29歳,1:男,43：熊本県,1
ネパール,16：技術・人文知識・国際業務,30歳,1:男,43：熊本県,26
ネパール,20：技能,30歳,1:男,43：熊本県,2
ネパール,21：特定技能１号,30歳,1:男,43：熊本県,3
ネパール,24：技能実習１号ロ,30歳,1:男,43：熊本県,2
ネパール,28：技能実習３号ロ,30歳,1:男,43：熊本県,1
ネパール,31：留学,30歳,1:男,43：熊本県,4
ネパール,33：家族滞在,30歳,1:男,43：熊本県,4
ネパール,16：技術・人文知識・国際業務,31歳,1:男,43：熊本県,20
ネパール,20：技能,31歳,1:男,43：熊本県,2
ネパール,21：特定技能１号,31歳,1:男,43：熊本県,1
ネパール,24：技能実習１号ロ,31歳,1:男,43：熊本県,1
ネパール,28：技能実習３号ロ,31歳,1:男,43：熊本県,1
ネパール,33：家族滞在,31歳,1:男,43：熊本県,6
ネパール,36：日本人の配偶者等,31歳,1:男,43：熊本県,1
ネパール,16：技術・人文知識・国際業務,32歳,1:男,43：熊本県,14
ネパール,20：技能,32歳,1:男,43：熊本県,2
ネパール,21：特定技能１号,32歳,1:男,43：熊本県,1
ネパール,24：技能実習１号ロ,32歳,1:男,43：熊本県,1
ネパール,31：留学,32歳,1:男,43：熊本県,3
ネパール,33：家族滞在,32歳,1:男,43：熊本県,4
ネパール,36：日本人の配偶者等,32歳,1:男,43：熊本県,2
ネパール,16：技術・人文知識・国際業務,33歳,1:男,43：熊本県,11
ネパール,20：技能,33歳,1:男,43：熊本県,3
ネパール,33：家族滞在,33歳,1:男,43：熊本県,6
ネパール,16：技術・人文知識・国際業務,34歳,1:男,43：熊本県,9
ネパール,21：特定技能１号,34歳,1:男,43：熊本県,2
ネパール,33：家族滞在,34歳,1:男,43：熊本県,3
ネパール,36：日本人の配偶者等,34歳,1:男,43：熊本県,1
ネパール,03：教授,35歳,1:男,43：熊本県,1
ネパール,11：経営・管理,35歳,1:男,43：熊本県,1
ネパール,16：技術・人文知識・国際業務,35歳,1:男,43：熊本県,5
ネパール,20：技能,35歳,1:男,43：熊本県,4
ネパール,21：特定技能１号,35歳,1:男,43：熊本県,3
ネパール,24：技能実習１号ロ,35歳,1:男,43：熊本県,1
ネパール,04：芸術,36歳,1:男,43：熊本県,1
ネパール,16：技術・人文知識・国際業務,36歳,1:男,43：熊本県,2
ネパール,20：技能,36歳,1:男,43：熊本県,4
ネパール,21：特定技能１号,36歳,1:男,43：熊本県,1
ネパール,24：技能実習１号ロ,36歳,1:男,43：熊本県,1
ネパール,28：技能実習３号ロ,36歳,1:男,43：熊本県,1
ネパール,11：経営・管理,37歳,1:男,43：熊本県,1
ネパール,16：技術・人文知識・国際業務,37歳,1:男,43：熊本県,2
ネパール,20：技能,37歳,1:男,43：熊本県,4
ネパール,21：特定技能１号,37歳,1:男,43：熊本県,3
ネパール,24：技能実習１号ロ,37歳,1:男,43：熊本県,1
ネパール,16：技術・人文知識・国際業務,38歳,1:男,43：熊本県,1
ネパール,20：技能,38歳,1:男,43：熊本県,2
ネパール,21：特定技能１号,38歳,1:男,43：熊本県,1
ネパール,24：技能実習１号ロ,38歳,1:男,43：熊本県,1
ネパール,33：家族滞在,38歳,1:男,43：熊本県,1
ネパール,04：芸術,39歳,1:男,43：熊本県,1
ネパール,16：技術・人文知識・国際業務,39歳,1:男,43：熊本県,1
ネパール,20：技能,39歳,1:男,43：熊本県,2
ネパール,21：特定技能１号,39歳,1:男,43：熊本県,2
ネパール,35：永住者,39歳,1:男,43：熊本県,1
ネパール,16：技術・人文知識・国際業務,40歳,1:男,43：熊本県,1
ネパール,20：技能,40歳,1:男,43：熊本県,4
ネパール,33：家族滞在,40歳,1:男,43：熊本県,1
ネパール,35：永住者,40歳,1:男,43：熊本県,1
ネパール,11：経営・管理,41歳,1:男,43：熊本県,1
ネパール,20：技能,41歳,1:男,43：熊本県,1
ネパール,33：家族滞在,41歳,1:男,43：熊本県,1
ネパール,35：永住者,41歳,1:男,43：熊本県,1
ネパール,04：芸術,42歳,1:男,43：熊本県,1
ネパール,20：技能,42歳,1:男,43：熊本県,2
ネパール,33：家族滞在,42歳,1:男,43：熊本県,1
ネパール,04：芸術,43歳,1:男,43：熊本県,1
ネパール,33：家族滞在,43歳,1:男,43：熊本県,1
ネパール,11：経営・管理,44歳,1:男,43：熊本県,1
ネパール,20：技能,44歳,1:男,43：熊本県,1
ネパール,04：芸術,45歳,1:男,43：熊本県,1
ネパール,20：技能,45歳,1:男,43：熊本県,2
ネパール,20：技能,46歳,1:男,43：熊本県,1
ネパール,20：技能,48歳,1:男,43：熊本県,1
ネパール,35：永住者,48歳,1:男,43：熊本県,1
ネパール,35：永住者,50歳,1:男,43：熊本県,2
ネパール,04：芸術,52歳,1:男,43：熊本県,1
ネパール,35：永住者,53歳,1:男,43：熊本県,1
ネパール,34：特定活動,78歳,1:男,43：熊本県,1
ネパール,33：家族滞在,00歳,2:女,43：熊本県,6
ネパール,33：家族滞在,01歳,2:女,43：熊本県,7
ネパール,33：家族滞在,02歳,2:女,43：熊本県,1
ネパール,35：永住者,02歳,2:女,43：熊本県,1
ネパール,33：家族滞在,04歳,2:女,43：熊本県,1
ネパール,33：家族滞在,05歳,2:女,43：熊本県,3
ネパール,33：家族滞在,06歳,2:女,43：熊本県,1
ネパール,33：家族滞在,08歳,2:女,43：熊本県,1
ネパール,33：家族滞在,10歳,2:女,43：熊本県,1
ネパール,33：家族滞在,12歳,2:女,43：熊本県,1
ネパール,33：家族滞在,13歳,2:女,43：熊本県,1
ネパール,38：定住者,16歳,2:女,43：熊本県,1
ネパール,35：永住者,17歳,2:女,43：熊本県,1
ネパール,31：留学,18歳,2:女,43：熊本県,2
ネパール,21：特定技能１号,19歳,2:女,43：熊本県,1
ネパール,31：留学,19歳,2:女,43：熊本県,14
ネパール,33：家族滞在,19歳,2:女,43：熊本県,1
ネパール,21：特定技能１号,20歳,2:女,43：熊本県,1
ネパール,31：留学,20歳,2:女,43：熊本県,21
ネパール,33：家族滞在,20歳,2:女,43：熊本県,2
ネパール,21：特定技能１号,21歳,2:女,43：熊本県,3
ネパール,24：技能実習１号ロ,21歳,2:女,43：熊本県,1
ネパール,31：留学,21歳,2:女,43：熊本県,27
ネパール,33：家族滞在,21歳,2:女,43：熊本県,3
ネパール,16：技術・人文知識・国際業務,22歳,2:女,43：熊本県,2
ネパール,21：特定技能１号,22歳,2:女,43：熊本県,4
ネパール,24：技能実習１号ロ,22歳,2:女,43：熊本県,1
ネパール,31：留学,22歳,2:女,43：熊本県,26
ネパール,33：家族滞在,22歳,2:女,43：熊本県,6
ネパール,16：技術・人文知識・国際業務,23歳,2:女,43：熊本県,10
ネパール,18：介護,23歳,2:女,43：熊本県,1
ネパール,21：特定技能１号,23歳,2:女,43：熊本県,4
ネパール,31：留学,23歳,2:女,43：熊本県,24
ネパール,33：家族滞在,23歳,2:女,43：熊本県,7
ネパール,34：特定活動,23歳,2:女,43：熊本県,1
ネパール,36：日本人の配偶者等,23歳,2:女,43：熊本県,1
ネパール,16：技術・人文知識・国際業務,24歳,2:女,43：熊本県,17
ネパール,21：特定技能１号,24歳,2:女,43：熊本県,7
ネパール,31：留学,24歳,2:女,43：熊本県,17
ネパール,33：家族滞在,24歳,2:女,43：熊本県,6
ネパール,16：技術・人文知識・国際業務,25歳,2:女,43：熊本県,18
ネパール,18：介護,25歳,2:女,43：熊本県,1
ネパール,21：特定技能１号,25歳,2:女,43：熊本県,7
ネパール,24：技能実習１号ロ,25歳,2:女,43：熊本県,1
ネパール,31：留学,25歳,2:女,43：熊本県,12
ネパール,33：家族滞在,25歳,2:女,43：熊本県,15
ネパール,16：技術・人文知識・国際業務,26歳,2:女,43：熊本県,22
ネパール,18：介護,26歳,2:女,43：熊本県,2
ネパール,21：特定技能１号,26歳,2:女,43：熊本県,7
ネパール,24：技能実習１号ロ,26歳,2:女,43：熊本県,1
ネパール,31：留学,26歳,2:女,43：熊本県,9
ネパール,33：家族滞在,26歳,2:女,43：熊本県,20
ネパール,16：技術・人文知識・国際業務,27歳,2:女,43：熊本県,21
ネパール,18：介護,27歳,2:女,43：熊本県,1
ネパール,21：特定技能１号,27歳,2:女,43：熊本県,6
ネパール,31：留学,27歳,2:女,43：熊本県,1
ネパール,33：家族滞在,27歳,2:女,43：熊本県,8
ネパール,34：特定活動,27歳,2:女,43：熊本県,1
ネパール,16：技術・人文知識・国際業務,28歳,2:女,43：熊本県,13
ネパール,21：特定技能１号,28歳,2:女,43：熊本県,3
ネパール,24：技能実習１号ロ,28歳,2:女,43：熊本県,1
ネパール,31：留学,28歳,2:女,43：熊本県,2
ネパール,33：家族滞在,28歳,2:女,43：熊本県,11
ネパール,16：技術・人文知識・国際業務,29歳,2:女,43：熊本県,2
ネパール,18：介護,29歳,2:女,43：熊本県,1
ネパール,21：特定技能１号,29歳,2:女,43：熊本県,4
ネパール,24：技能実習１号ロ,29歳,2:女,43：熊本県,1
ネパール,31：留学,29歳,2:女,43：熊本県,2
ネパール,33：家族滞在,29歳,2:女,43：熊本県,9
ネパール,34：特定活動,29歳,2:女,43：熊本県,1
ネパール,16：技術・人文知識・国際業務,30歳,2:女,43：熊本県,11
ネパール,18：介護,30歳,2:女,43：熊本県,2
ネパール,21：特定技能１号,30歳,2:女,43：熊本県,3
ネパール,31：留学,30歳,2:女,43：熊本県,1
ネパール,33：家族滞在,30歳,2:女,43：熊本県,10
ネパール,16：技術・人文知識・国際業務,31歳,2:女,43：熊本県,9
ネパール,18：介護,31歳,2:女,43：熊本県,2
ネパール,21：特定技能１号,31歳,2:女,43：熊本県,5
ネパール,33：家族滞在,31歳,2:女,43：熊本県,4
ネパール,16：技術・人文知識・国際業務,32歳,2:女,43：熊本県,8
ネパール,18：介護,32歳,2:女,43：熊本県,1
ネパール,21：特定技能１号,32歳,2:女,43：熊本県,2
ネパール,24：技能実習１号ロ,32歳,2:女,43：熊本県,1
ネパール,33：家族滞在,32歳,2:女,43：熊本県,6
ネパール,16：技術・人文知識・国際業務,33歳,2:女,43：熊本県,3
ネパール,21：特定技能１号,33歳,2:女,43：熊本県,3
ネパール,33：家族滞在,33歳,2:女,43：熊本県,1
ネパール,34：特定活動,33歳,2:女,43：熊本県,1
ネパール,36：日本人の配偶者等,33歳,2:女,43：熊本県,1
ネパール,16：技術・人文知識・国際業務,34歳,2:女,43：熊本県,3
ネパール,33：家族滞在,34歳,2:女,43：熊本県,4
ネパール,35：永住者,34歳,2:女,43：熊本県,1
ネパール,16：技術・人文知識・国際業務,35歳,2:女,43：熊本県,2
ネパール,21：特定技能１号,35歳,2:女,43：熊本県,1
ネパール,24：技能実習１号ロ,35歳,2:女,43：熊本県,1
ネパール,33：家族滞在,35歳,2:女,43：熊本県,1
ネパール,35：永住者,35歳,2:女,43：熊本県,1
ネパール,21：特定技能１号,36歳,2:女,43：熊本県,2
ネパール,33：家族滞在,36歳,2:女,43：熊本県,3
ネパール,16：技術・人文知識・国際業務,37歳,2:女,43：熊本県,2
ネパール,35：永住者,38歳,2:女,43：熊本県,1
ネパール,16：技術・人文知識・国際業務,39歳,2:女,43：熊本県,1
ネパール,21：特定技能１号,39歳,2:女,43：熊本県,1
ネパール,33：家族滞在,39歳,2:女,43：熊本県,1
ネパール,35：永住者,39歳,2:女,43：熊本県,1
ネパール,21：特定技能１号,40歳,2:女,43：熊本県,2
ネパール,33：家族滞在,40歳,2:女,43：熊本県,1
ネパール,35：永住者,42歳,2:女,43：熊本県,1
ネパール,35：永住者,45歳,2:女,43：熊本県,1
ネパール,33：家族滞在,57歳,2:女,43：熊本県,1
パキスタン,33：家族滞在,01歳,1:男,43：熊本県,1
パキスタン,33：家族滞在,02歳,1:男,43：熊本県,2
パキスタン,35：永住者,03歳,1:男,43：熊本県,1
パキスタン,33：家族滞在,04歳,1:男,43：熊本県,3
パキスタン,35：永住者,05歳,1:男,43：熊本県,1
パキスタン,33：家族滞在,08歳,1:男,43：熊本県,1
パキスタン,35：永住者,08歳,1:男,43：熊本県,1
パキスタン,35：永住者,09歳,1:男,43：熊本県,1
パキスタン,37：永住者の配偶者等,11歳,1:男,43：熊本県,1
パキスタン,33：家族滞在,12歳,1:男,43：熊本県,1
パキスタン,33：家族滞在,13歳,1:男,43：熊本県,1
パキスタン,33：家族滞在,14歳,1:男,43：熊本県,1
パキスタン,33：家族滞在,15歳,1:男,43：熊本県,2
パキスタン,33：家族滞在,16歳,1:男,43：熊本県,1
パキスタン,35：永住者,16歳,1:男,43：熊本県,1
パキスタン,38：定住者,17歳,1:男,43：熊本県,1
パキスタン,31：留学,18歳,1:男,43：熊本県,1
パキスタン,35：永住者,18歳,1:男,43：熊本県,1
パキスタン,31：留学,19歳,1:男,43：熊本県,1
パキスタン,33：家族滞在,19歳,1:男,43：熊本県,1
パキスタン,38：定住者,19歳,1:男,43：熊本県,1
パキスタン,31：留学,20歳,1:男,43：熊本県,1
パキスタン,33：家族滞在,20歳,1:男,43：熊本県,1
パキスタン,16：技術・人文知識・国際業務,21歳,1:男,43：熊本県,1
パキスタン,31：留学,22歳,1:男,43：熊本県,1
パキスタン,33：家族滞在,22歳,1:男,43：熊本県,1
パキスタン,38：定住者,24歳,1:男,43：熊本県,1
パキスタン,11：経営・管理,25歳,1:男,43：熊本県,2
パキスタン,31：留学,26歳,1:男,43：熊本県,1
パキスタン,11：経営・管理,27歳,1:男,43：熊本県,1
パキスタン,16：技術・人文知識・国際業務,27歳,1:男,43：熊本県,1
パキスタン,36：日本人の配偶者等,27歳,1:男,43：熊本県,1
パキスタン,38：定住者,27歳,1:男,43：熊本県,1
パキスタン,11：経営・管理,28歳,1:男,43：熊本県,1
パキスタン,16：技術・人文知識・国際業務,28歳,1:男,43：熊本県,2
パキスタン,36：日本人の配偶者等,28歳,1:男,43：熊本県,1
パキスタン,16：技術・人文知識・国際業務,29歳,1:男,43：熊本県,2
パキスタン,35：永住者,29歳,1:男,43：熊本県,1
パキスタン,36：日本人の配偶者等,29歳,1:男,43：熊本県,1
パキスタン,16：技術・人文知識・国際業務,30歳,1:男,43：熊本県,5
パキスタン,36：日本人の配偶者等,30歳,1:男,43：熊本県,1
パキスタン,03：教授,31歳,1:男,43：熊本県,1
パキスタン,16：技術・人文知識・国際業務,31歳,1:男,43：熊本県,1
パキスタン,35：永住者,31歳,1:男,43：熊本県,1
パキスタン,36：日本人の配偶者等,31歳,1:男,43：熊本県,1
パキスタン,11：経営・管理,32歳,1:男,43：熊本県,2
パキスタン,16：技術・人文知識・国際業務,32歳,1:男,43：熊本県,2
パキスタン,16：技術・人文知識・国際業務,33歳,1:男,43：熊本県,3
パキスタン,36：日本人の配偶者等,34歳,1:男,43：熊本県,1
パキスタン,11：経営・管理,35歳,1:男,43：熊本県,1
パキスタン,05：宗教,36歳,1:男,43：熊本県,1
パキスタン,11：経営・管理,36歳,1:男,43：熊本県,1
パキスタン,16：技術・人文知識・国際業務,36歳,1:男,43：熊本県,1
パキスタン,36：日本人の配偶者等,36歳,1:男,43：熊本県,1
パキスタン,16：技術・人文知識・国際業務,37歳,1:男,43：熊本県,1
パキスタン,36：日本人の配偶者等,37歳,1:男,43：熊本県,1
パキスタン,11：経営・管理,38歳,1:男,43：熊本県,4
パキスタン,11：経営・管理,39歳,1:男,43：熊本県,1
パキスタン,11：経営・管理,40歳,1:男,43：熊本県,1
パキスタン,16：技術・人文知識・国際業務,40歳,1:男,43：熊本県,1
パキスタン,11：経営・管理,41歳,1:男,43：熊本県,1
パキスタン,35：永住者,42歳,1:男,43：熊本県,1
パキスタン,16：技術・人文知識・国際業務,43歳,1:男,43：熊本県,2
パキスタン,16：技術・人文知識・国際業務,44歳,1:男,43：熊本県,1
パキスタン,20：技能,44歳,1:男,43：熊本県,1
パキスタン,16：技術・人文知識・国際業務,45歳,1:男,43：熊本県,1
パキスタン,16：技術・人文知識・国際業務,46歳,1:男,43：熊本県,2
パキスタン,20：技能,48歳,1:男,43：熊本県,2
パキスタン,35：永住者,49歳,1:男,43：熊本県,1
パキスタン,11：経営・管理,50歳,1:男,43：熊本県,2
パキスタン,16：技術・人文知識・国際業務,50歳,1:男,43：熊本県,1
パキスタン,35：永住者,50歳,1:男,43：熊本県,1
パキスタン,20：技能,51歳,1:男,43：熊本県,1
パキスタン,11：経営・管理,52歳,1:男,43：熊本県,1
パキスタン,11：経営・管理,53歳,1:男,43：熊本県,1
パキスタン,16：技術・人文知識・国際業務,53歳,1:男,43：熊本県,1
パキスタン,16：技術・人文知識・国際業務,54歳,1:男,43：熊本県,1
パキスタン,16：技術・人文知識・国際業務,55歳,1:男,43：熊本県,1
パキスタン,35：永住者,55歳,1:男,43：熊本県,1
パキスタン,16：技術・人文知識・国際業務,56歳,1:男,43：熊本県,1
パキスタン,16：技術・人文知識・国際業務,58歳,1:男,43：熊本県,1
パキスタン,35：永住者,58歳,1:男,43：熊本県,1
パキスタン,11：経営・管理,59歳,1:男,43：熊本県,1
パキスタン,11：経営・管理,60歳,1:男,43：熊本県,1
パキスタン,35：永住者,60歳,1:男,43：熊本県,1
パキスタン,35：永住者,64歳,1:男,43：熊本県,1
パキスタン,33：家族滞在,00歳,2:女,43：熊本県,3
パキスタン,37：永住者の配偶者等,01歳,2:女,43：熊本県,1
パキスタン,33：家族滞在,02歳,2:女,43：熊本県,2
パキスタン,33：家族滞在,04歳,2:女,43：熊本県,2
パキスタン,33：家族滞在,05歳,2:女,43：熊本県,1
パキスタン,33：家族滞在,06歳,2:女,43：熊本県,3
パキスタン,33：家族滞在,07歳,2:女,43：熊本県,2
パキスタン,33：家族滞在,08歳,2:女,43：熊本県,1
パキスタン,33：家族滞在,09歳,2:女,43：熊本県,2
パキスタン,35：永住者,09歳,2:女,43：熊本県,1
パキスタン,33：家族滞在,10歳,2:女,43：熊本県,2
パキスタン,35：永住者,12歳,2:女,43：熊本県,1
パキスタン,35：永住者,14歳,2:女,43：熊本県,2
パキスタン,35：永住者,15歳,2:女,43：熊本県,1
パキスタン,35：永住者,16歳,2:女,43：熊本県,1
パキスタン,33：家族滞在,19歳,2:女,43：熊本県,1
パキスタン,33：家族滞在,21歳,2:女,43：熊本県,1
パキスタン,38：定住者,21歳,2:女,43：熊本県,1
パキスタン,31：留学,25歳,2:女,43：熊本県,1
パキスタン,33：家族滞在,25歳,2:女,43：熊本県,1
パキスタン,33：家族滞在,26歳,2:女,43：熊本県,1
パキスタン,33：家族滞在,27歳,2:女,43：熊本県,1
パキスタン,33：家族滞在,28歳,2:女,43：熊本県,1
パキスタン,33：家族滞在,30歳,2:女,43：熊本県,1
パキスタン,35：永住者,31歳,2:女,43：熊本県,1
パキスタン,33：家族滞在,33歳,2:女,43：熊本県,1
パキスタン,33：家族滞在,34歳,2:女,43：熊本県,1
パキスタン,33：家族滞在,35歳,2:女,43：熊本県,2
パキスタン,33：家族滞在,38歳,2:女,43：熊本県,1
パキスタン,33：家族滞在,40歳,2:女,43：熊本県,1
パキスタン,35：永住者,40歳,2:女,43：熊本県,1
パキスタン,37：永住者の配偶者等,44歳,2:女,43：熊本県,1
パキスタン,33：家族滞在,47歳,2:女,43：熊本県,1
パキスタン,35：永住者,48歳,2:女,43：熊本県,1
パキスタン,35：永住者,50歳,2:女,43：熊本県,1
パキスタン,37：永住者の配偶者等,53歳,2:女,43：熊本県,1
バングラデシュ,33：家族滞在,00歳,1:男,43：熊本県,1
バングラデシュ,33：家族滞在,02歳,1:男,43：熊本県,1
バングラデシュ,35：永住者,03歳,1:男,43：熊本県,1
バングラデシュ,33：家族滞在,04歳,1:男,43：熊本県,2
バングラデシュ,24：技能実習１号ロ,20歳,1:男,43：熊本県,1
バングラデシュ,24：技能実習１号ロ,21歳,1:男,43：熊本県,1
バングラデシュ,31：留学,21歳,1:男,43：熊本県,1
バングラデシュ,24：技能実習１号ロ,22歳,1:男,43：熊本県,2
バングラデシュ,16：技術・人文知識・国際業務,23歳,1:男,43：熊本県,1
バングラデシュ,24：技能実習１号ロ,23歳,1:男,43：熊本県,3
バングラデシュ,31：留学,23歳,1:男,43：熊本県,1
バングラデシュ,28：技能実習３号ロ,24歳,1:男,43：熊本県,1
バングラデシュ,16：技術・人文知識・国際業務,25歳,1:男,43：熊本県,1
バングラデシュ,24：技能実習１号ロ,25歳,1:男,43：熊本県,1
バングラデシュ,26：技能実習２号ロ,25歳,1:男,43：熊本県,1
バングラデシュ,16：技術・人文知識・国際業務,26歳,1:男,43：熊本県,1
バングラデシュ,18：介護,26歳,1:男,43：熊本県,1
バングラデシュ,24：技能実習１号ロ,26歳,1:男,43：熊本県,4
バングラデシュ,26：技能実習２号ロ,26歳,1:男,43：熊本県,1
バングラデシュ,16：技術・人文知識・国際業務,27歳,1:男,43：熊本県,4
バングラデシュ,21：特定技能１号,27歳,1:男,43：熊本県,1
バングラデシュ,24：技能実習１号ロ,27歳,1:男,43：熊本県,2
バングラデシュ,16：技術・人文知識・国際業務,28歳,1:男,43：熊本県,2
バングラデシュ,24：技能実習１号ロ,28歳,1:男,43：熊本県,2
バングラデシュ,26：技能実習２号ロ,28歳,1:男,43：熊本県,2
バングラデシュ,21：特定技能１号,29歳,1:男,43：熊本県,2
バングラデシュ,26：技能実習２号ロ,29歳,1:男,43：熊本県,2
バングラデシュ,31：留学,29歳,1:男,43：熊本県,2
バングラデシュ,16：技術・人文知識・国際業務,30歳,1:男,43：熊本県,2
バングラデシュ,31：留学,30歳,1:男,43：熊本県,1
バングラデシュ,03：教授,31歳,1:男,43：熊本県,1
バングラデシュ,16：技術・人文知識・国際業務,31歳,1:男,43：熊本県,2
バングラデシュ,24：技能実習１号ロ,31歳,1:男,43：熊本県,1
バングラデシュ,26：技能実習２号ロ,31歳,1:男,43：熊本県,1
バングラデシュ,31：留学,32歳,1:男,43：熊本県,1
バングラデシュ,33：家族滞在,32歳,1:男,43：熊本県,1
バングラデシュ,31：留学,33歳,1:男,43：熊本県,1
バングラデシュ,35：永住者,33歳,1:男,43：熊本県,1
バングラデシュ,16：技術・人文知識・国際業務,34歳,1:男,43：熊本県,1
バングラデシュ,31：留学,34歳,1:男,43：熊本県,1
バングラデシュ,31：留学,35歳,1:男,43：熊本県,3
バングラデシュ,35：永住者,35歳,1:男,43：熊本県,1
バングラデシュ,31：留学,36歳,1:男,43：熊本県,2
バングラデシュ,16：技術・人文知識・国際業務,38歳,1:男,43：熊本県,1
バングラデシュ,03：教授,39歳,1:男,43：熊本県,1
バングラデシュ,33：家族滞在,39歳,1:男,43：熊本県,1
バングラデシュ,33：家族滞在,02歳,2:女,43：熊本県,2
バングラデシュ,38：定住者,02歳,2:女,43：熊本県,1
バングラデシュ,33：家族滞在,03歳,2:女,43：熊本県,2
バングラデシュ,33：家族滞在,05歳,2:女,43：熊本県,1
バングラデシュ,35：永住者,05歳,2:女,43：熊本県,1
バングラデシュ,33：家族滞在,06歳,2:女,43：熊本県,1
バングラデシュ,33：家族滞在,07歳,2:女,43：熊本県,1
バングラデシュ,33：家族滞在,19歳,2:女,43：熊本県,2
バングラデシュ,33：家族滞在,21歳,2:女,43：熊本県,3
バングラデシュ,33：家族滞在,24歳,2:女,43：熊本県,1
バングラデシュ,33：家族滞在,25歳,2:女,43：熊本県,1
バングラデシュ,35：永住者,25歳,2:女,43：熊本県,1
バングラデシュ,33：家族滞在,27歳,2:女,43：熊本県,1
バングラデシュ,31：留学,28歳,2:女,43：熊本県,2
バングラデシュ,16：技術・人文知識・国際業務,29歳,2:女,43：熊本県,1
バングラデシュ,31：留学,29歳,2:女,43：熊本県,1
バングラデシュ,31：留学,30歳,2:女,43：熊本県,2
バングラデシュ,33：家族滞在,33歳,2:女,43：熊本県,1
バングラデシュ,07：高度専門職１号イ,34歳,2:女,43：熊本県,1
バングラデシュ,31：留学,34歳,2:女,43：熊本県,1
バングラデシュ,33：家族滞在,35歳,2:女,43：熊本県,1
バングラデシュ,03：教授,36歳,2:女,43：熊本県,1
バングラデシュ,14：研究,38歳,2:女,43：熊本県,1
バングラデシュ,16：技術・人文知識・国際業務,38歳,2:女,43：熊本県,1
バングラデシュ,31：留学,41歳,2:女,43：熊本県,1
フィリピン,33：家族滞在,00歳,1:男,43：熊本県,1
フィリピン,35：永住者,00歳,1:男,43：熊本県,1
フィリピン,37：永住者の配偶者等,00歳,1:男,43：熊本県,1
フィリピン,38：定住者,00歳,1:男,43：熊本県,1
フィリピン,33：家族滞在,01歳,1:男,43：熊本県,1
フィリピン,34：特定活動,01歳,1:男,43：熊本県,1
フィリピン,35：永住者,01歳,1:男,43：熊本県,1
フィリピン,37：永住者の配偶者等,01歳,1:男,43：熊本県,1
フィリピン,38：定住者,01歳,1:男,43：熊本県,3
フィリピン,33：家族滞在,04歳,1:男,43：熊本県,1
フィリピン,37：永住者の配偶者等,04歳,1:男,43：熊本県,2
フィリピン,38：定住者,04歳,1:男,43：熊本県,1
フィリピン,38：定住者,06歳,1:男,43：熊本県,2
フィリピン,33：家族滞在,07歳,1:男,43：熊本県,1
フィリピン,38：定住者,08歳,1:男,43：熊本県,1
フィリピン,38：定住者,10歳,1:男,43：熊本県,3
フィリピン,38：定住者,11歳,1:男,43：熊本県,3
フィリピン,33：家族滞在,12歳,1:男,43：熊本県,1
フィリピン,38：定住者,12歳,1:男,43：熊本県,1
フィリピン,33：家族滞在,13歳,1:男,43：熊本県,1
フィリピン,36：日本人の配偶者等,13歳,1:男,43：熊本県,1
フィリピン,38：定住者,13歳,1:男,43：熊本県,5
フィリピン,35：永住者,15歳,1:男,43：熊本県,2
フィリピン,38：定住者,15歳,1:男,43：熊本県,2
フィリピン,36：日本人の配偶者等,16歳,1:男,43：熊本県,1
フィリピン,35：永住者,17歳,1:男,43：熊本県,1
フィリピン,38：定住者,17歳,1:男,43：熊本県,2
フィリピン,36：日本人の配偶者等,18歳,1:男,43：熊本県,1
フィリピン,31：留学,19歳,1:男,43：熊本県,1
フィリピン,35：永住者,19歳,1:男,43：熊本県,1
フィリピン,38：定住者,19歳,1:男,43：熊本県,2
フィリピン,38：定住者,20歳,1:男,43：熊本県,3
フィリピン,24：技能実習１号ロ,21歳,1:男,43：熊本県,2
フィリピン,26：技能実習２号ロ,21歳,1:男,43：熊本県,1
フィリピン,38：定住者,21歳,1:男,43：熊本県,1
フィリピン,21：特定技能１号,22歳,1:男,43：熊本県,1
フィリピン,24：技能実習１号ロ,22歳,1:男,43：熊本県,2
フィリピン,26：技能実習２号ロ,22歳,1:男,43：熊本県,1
フィリピン,35：永住者,22歳,1:男,43：熊本県,3
フィリピン,38：定住者,22歳,1:男,43：熊本県,1
フィリピン,21：特定技能１号,23歳,1:男,43：熊本県,4
フィリピン,24：技能実習１号ロ,23歳,1:男,43：熊本県,4
フィリピン,26：技能実習２号ロ,23歳,1:男,43：熊本県,3
フィリピン,32：研修,23歳,1:男,43：熊本県,1
フィリピン,34：特定活動,23歳,1:男,43：熊本県,1
フィリピン,38：定住者,23歳,1:男,43：熊本県,3
フィリピン,21：特定技能１号,24歳,1:男,43：熊本県,2
フィリピン,24：技能実習１号ロ,24歳,1:男,43：熊本県,8
フィリピン,26：技能実習２号ロ,24歳,1:男,43：熊本県,7
フィリピン,34：特定活動,24歳,1:男,43：熊本県,1
フィリピン,35：永住者,24歳,1:男,43：熊本県,2
フィリピン,38：定住者,24歳,1:男,43：熊本県,1
フィリピン,16：技術・人文知識・国際業務,25歳,1:男,43：熊本県,1
フィリピン,21：特定技能１号,25歳,1:男,43：熊本県,8
フィリピン,24：技能実習１号ロ,25歳,1:男,43：熊本県,11
フィリピン,25：技能実習２号イ,25歳,1:男,43：熊本県,1
フィリピン,26：技能実習２号ロ,25歳,1:男,43：熊本県,6
フィリピン,28：技能実習３号ロ,25歳,1:男,43：熊本県,1
フィリピン,36：日本人の配偶者等,25歳,1:男,43：熊本県,1
フィリピン,38：定住者,25歳,1:男,43：熊本県,2
フィリピン,15：教育,26歳,1:男,43：熊本県,2
フィリピン,16：技術・人文知識・国際業務,26歳,1:男,43：熊本県,5
フィリピン,21：特定技能１号,26歳,1:男,43：熊本県,15
フィリピン,24：技能実習１号ロ,26歳,1:男,43：熊本県,16
フィリピン,26：技能実習２号ロ,26歳,1:男,43：熊本県,11
フィリピン,28：技能実習３号ロ,26歳,1:男,43：熊本県,1
フィリピン,31：留学,26歳,1:男,43：熊本県,1
フィリピン,34：特定活動,26歳,1:男,43：熊本県,1
フィリピン,35：永住者,26歳,1:男,43：熊本県,2
フィリピン,38：定住者,26歳,1:男,43：熊本県,3
フィリピン,16：技術・人文知識・国際業務,27歳,1:男,43：熊本県,2
フィリピン,21：特定技能１号,27歳,1:男,43：熊本県,16
フィリピン,24：技能実習１号ロ,27歳,1:男,43：熊本県,10
フィリピン,26：技能実習２号ロ,27歳,1:男,43：熊本県,13
フィリピン,28：技能実習３号ロ,27歳,1:男,43：熊本県,6
フィリピン,31：留学,27歳,1:男,43：熊本県,1
フィリピン,32：研修,27歳,1:男,43：熊本県,1
フィリピン,33：家族滞在,27歳,1:男,43：熊本県,1
フィリピン,35：永住者,27歳,1:男,43：熊本県,5
フィリピン,36：日本人の配偶者等,27歳,1:男,43：熊本県,1
フィリピン,38：定住者,27歳,1:男,43：熊本県,1
フィリピン,16：技術・人文知識・国際業務,28歳,1:男,43：熊本県,1
フィリピン,21：特定技能１号,28歳,1:男,43：熊本県,30
フィリピン,24：技能実習１号ロ,28歳,1:男,43：熊本県,12
フィリピン,26：技能実習２号ロ,28歳,1:男,43：熊本県,13
フィリピン,27：技能実習３号イ,28歳,1:男,43：熊本県,1
フィリピン,28：技能実習３号ロ,28歳,1:男,43：熊本県,6
フィリピン,33：家族滞在,28歳,1:男,43：熊本県,1
フィリピン,35：永住者,28歳,1:男,43：熊本県,2
フィリピン,38：定住者,28歳,1:男,43：熊本県,3
フィリピン,21：特定技能１号,29歳,1:男,43：熊本県,28
フィリピン,24：技能実習１号ロ,29歳,1:男,43：熊本県,11
フィリピン,26：技能実習２号ロ,29歳,1:男,43：熊本県,9
フィリピン,28：技能実習３号ロ,29歳,1:男,43：熊本県,5
フィリピン,33：家族滞在,29歳,1:男,43：熊本県,1
フィリピン,34：特定活動,29歳,1:男,43：熊本県,2
フィリピン,35：永住者,29歳,1:男,43：熊本県,1
フィリピン,36：日本人の配偶者等,29歳,1:男,43：熊本県,1
フィリピン,38：定住者,29歳,1:男,43：熊本県,1
フィリピン,15：教育,30歳,1:男,43：熊本県,1
フィリピン,16：技術・人文知識・国際業務,30歳,1:男,43：熊本県,3
フィリピン,21：特定技能１号,30歳,1:男,43：熊本県,24
フィリピン,24：技能実習１号ロ,30歳,1:男,43：熊本県,8
フィリピン,26：技能実習２号ロ,30歳,1:男,43：熊本県,11
フィリピン,28：技能実習３号ロ,30歳,1:男,43：熊本県,7
フィリピン,34：特定活動,30歳,1:男,43：熊本県,1
フィリピン,35：永住者,30歳,1:男,43：熊本県,2
フィリピン,16：技術・人文知識・国際業務,31歳,1:男,43：熊本県,5
フィリピン,21：特定技能１号,31歳,1:男,43：熊本県,28
フィリピン,24：技能実習１号ロ,31歳,1:男,43：熊本県,11
フィリピン,26：技能実習２号ロ,31歳,1:男,43：熊本県,8
フィリピン,28：技能実習３号ロ,31歳,1:男,43：熊本県,10
フィリピン,35：永住者,31歳,1:男,43：熊本県,2
フィリピン,15：教育,32歳,1:男,43：熊本県,1
フィリピン,16：技術・人文知識・国際業務,32歳,1:男,43：熊本県,1
フィリピン,21：特定技能１号,32歳,1:男,43：熊本県,39
フィリピン,24：技能実習１号ロ,32歳,1:男,43：熊本県,11
フィリピン,26：技能実習２号ロ,32歳,1:男,43：熊本県,5
フィリピン,27：技能実習３号イ,32歳,1:男,43：熊本県,1
フィリピン,28：技能実習３号ロ,32歳,1:男,43：熊本県,7
フィリピン,35：永住者,32歳,1:男,43：熊本県,2
フィリピン,38：定住者,32歳,1:男,43：熊本県,1
フィリピン,16：技術・人文知識・国際業務,33歳,1:男,43：熊本県,3
フィリピン,21：特定技能１号,33歳,1:男,43：熊本県,24
フィリピン,24：技能実習１号ロ,33歳,1:男,43：熊本県,8
フィリピン,26：技能実習２号ロ,33歳,1:男,43：熊本県,9
フィリピン,28：技能実習３号ロ,33歳,1:男,43：熊本県,7
フィリピン,31：留学,33歳,1:男,43：熊本県,1
フィリピン,34：特定活動,33歳,1:男,43：熊本県,2
フィリピン,35：永住者,33歳,1:男,43：熊本県,1
フィリピン,36：日本人の配偶者等,33歳,1:男,43：熊本県,1
フィリピン,38：定住者,33歳,1:男,43：熊本県,1
フィリピン,03：教授,34歳,1:男,43：熊本県,1
フィリピン,16：技術・人文知識・国際業務,34歳,1:男,43：熊本県,1
フィリピン,21：特定技能１号,34歳,1:男,43：熊本県,19
フィリピン,24：技能実習１号ロ,34歳,1:男,43：熊本県,3
フィリピン,26：技能実習２号ロ,34歳,1:男,43：熊本県,7
フィリピン,28：技能実習３号ロ,34歳,1:男,43：熊本県,6
フィリピン,34：特定活動,34歳,1:男,43：熊本県,1
フィリピン,35：永住者,34歳,1:男,43：熊本県,4
フィリピン,36：日本人の配偶者等,34歳,1:男,43：熊本県,1
フィリピン,38：定住者,34歳,1:男,43：熊本県,1
フィリピン,15：教育,35歳,1:男,43：熊本県,1
フィリピン,16：技術・人文知識・国際業務,35歳,1:男,43：熊本県,3
フィリピン,21：特定技能１号,35歳,1:男,43：熊本県,18
フィリピン,24：技能実習１号ロ,35歳,1:男,43：熊本県,4
フィリピン,25：技能実習２号イ,35歳,1:男,43：熊本県,1
フィリピン,26：技能実習２号ロ,35歳,1:男,43：熊本県,4
フィリピン,28：技能実習３号ロ,35歳,1:男,43：熊本県,11
フィリピン,34：特定活動,35歳,1:男,43：熊本県,2
フィリピン,36：日本人の配偶者等,35歳,1:男,43：熊本県,2
フィリピン,38：定住者,35歳,1:男,43：熊本県,1
フィリピン,21：特定技能１号,36歳,1:男,43：熊本県,24
フィリピン,24：技能実習１号ロ,36歳,1:男,43：熊本県,3
フィリピン,26：技能実習２号ロ,36歳,1:男,43：熊本県,4
フィリピン,27：技能実習３号イ,36歳,1:男,43：熊本県,1
フィリピン,28：技能実習３号ロ,36歳,1:男,43：熊本県,1
フィリピン,34：特定活動,36歳,1:男,43：熊本県,1
フィリピン,36：日本人の配偶者等,36歳,1:男,43：熊本県,1
フィリピン,38：定住者,36歳,1:男,43：熊本県,2
フィリピン,21：特定技能１号,37歳,1:男,43：熊本県,23
フィリピン,26：技能実習２号ロ,37歳,1:男,43：熊本県,1
フィリピン,27：技能実習３号イ,37歳,1:男,43：熊本県,2
フィリピン,28：技能実習３号ロ,37歳,1:男,43：熊本県,2
フィリピン,35：永住者,37歳,1:男,43：熊本県,1
フィリピン,36：日本人の配偶者等,37歳,1:男,43：熊本県,1
フィリピン,16：技術・人文知識・国際業務,38歳,1:男,43：熊本県,2
フィリピン,21：特定技能１号,38歳,1:男,43：熊本県,11
フィリピン,26：技能実習２号ロ,38歳,1:男,43：熊本県,1
フィリピン,28：技能実習３号ロ,38歳,1:男,43：熊本県,3
フィリピン,35：永住者,38歳,1:男,43：熊本県,1
フィリピン,21：特定技能１号,39歳,1:男,43：熊本県,3
フィリピン,26：技能実習２号ロ,39歳,1:男,43：熊本県,1
フィリピン,34：特定活動,39歳,1:男,43：熊本県,1
フィリピン,16：技術・人文知識・国際業務,40歳,1:男,43：熊本県,1
フィリピン,21：特定技能１号,40歳,1:男,43：熊本県,8
フィリピン,26：技能実習２号ロ,40歳,1:男,43：熊本県,1
フィリピン,35：永住者,40歳,1:男,43：熊本県,1
フィリピン,38：定住者,40歳,1:男,43：熊本県,1
フィリピン,21：特定技能１号,41歳,1:男,43：熊本県,3
フィリピン,26：技能実習２号ロ,41歳,1:男,43：熊本県,1
フィリピン,35：永住者,41歳,1:男,43：熊本県,1
フィリピン,16：技術・人文知識・国際業務,42歳,1:男,43：熊本県,2
フィリピン,21：特定技能１号,42歳,1:男,43：熊本県,1
フィリピン,26：技能実習２号ロ,42歳,1:男,43：熊本県,1
フィリピン,28：技能実習３号ロ,42歳,1:男,43：熊本県,1
フィリピン,35：永住者,42歳,1:男,43：熊本県,2
フィリピン,16：技術・人文知識・国際業務,43歳,1:男,43：熊本県,2
フィリピン,26：技能実習２号ロ,43歳,1:男,43：熊本県,1
フィリピン,28：技能実習３号ロ,43歳,1:男,43：熊本県,1
フィリピン,33：家族滞在,43歳,1:男,43：熊本県,1
フィリピン,35：永住者,43歳,1:男,43：熊本県,1
フィリピン,16：技術・人文知識・国際業務,44歳,1:男,43：熊本県,2
フィリピン,21：特定技能１号,44歳,1:男,43：熊本県,1
フィリピン,16：技術・人文知識・国際業務,45歳,1:男,43：熊本県,1
フィリピン,33：家族滞在,45歳,1:男,43：熊本県,3
フィリピン,35：永住者,45歳,1:男,43：熊本県,1
フィリピン,35：永住者,46歳,1:男,43：熊本県,1
フィリピン,16：技術・人文知識・国際業務,50歳,1:男,43：熊本県,1
フィリピン,35：永住者,51歳,1:男,43：熊本県,1
フィリピン,35：永住者,52歳,1:男,43：熊本県,1
フィリピン,38：定住者,52歳,1:男,43：熊本県,1
フィリピン,35：永住者,53歳,1:男,43：熊本県,1
フィリピン,35：永住者,64歳,1:男,43：熊本県,1
フィリピン,35：永住者,65歳,1:男,43：熊本県,1
フィリピン,35：永住者,77歳,1:男,43：熊本県,1
フィリピン,38：定住者,00歳,2:女,43：熊本県,2
フィリピン,34：特定活動,01歳,2:女,43：熊本県,1
フィリピン,38：定住者,01歳,2:女,43：熊本県,3
フィリピン,35：永住者,02歳,2:女,43：熊本県,1
フィリピン,37：永住者の配偶者等,03歳,2:女,43：熊本県,1
フィリピン,37：永住者の配偶者等,04歳,2:女,43：熊本県,1
フィリピン,36：日本人の配偶者等,07歳,2:女,43：熊本県,1
フィリピン,36：日本人の配偶者等,08歳,2:女,43：熊本県,1
フィリピン,35：永住者,09歳,2:女,43：熊本県,1
フィリピン,36：日本人の配偶者等,09歳,2:女,43：熊本県,1
フィリピン,38：定住者,09歳,2:女,43：熊本県,1
フィリピン,38：定住者,10歳,2:女,43：熊本県,3
フィリピン,33：家族滞在,11歳,2:女,43：熊本県,2
フィリピン,38：定住者,11歳,2:女,43：熊本県,6
フィリピン,35：永住者,12歳,2:女,43：熊本県,2
フィリピン,38：定住者,12歳,2:女,43：熊本県,2
フィリピン,33：家族滞在,13歳,2:女,43：熊本県,1
フィリピン,38：定住者,13歳,2:女,43：熊本県,2
フィリピン,35：永住者,14歳,2:女,43：熊本県,2
フィリピン,36：日本人の配偶者等,14歳,2:女,43：熊本県,1
フィリピン,38：定住者,14歳,2:女,43：熊本県,2
フィリピン,33：家族滞在,15歳,2:女,43：熊本県,2
フィリピン,35：永住者,15歳,2:女,43：熊本県,1
フィリピン,38：定住者,15歳,2:女,43：熊本県,2
フィリピン,35：永住者,16歳,2:女,43：熊本県,1
フィリピン,38：定住者,16歳,2:女,43：熊本県,1
フィリピン,36：日本人の配偶者等,17歳,2:女,43：熊本県,1
フィリピン,38：定住者,17歳,2:女,43：熊本県,2
フィリピン,35：永住者,18歳,2:女,43：熊本県,2
フィリピン,38：定住者,18歳,2:女,43：熊本県,1
フィリピン,26：技能実習２号ロ,19歳,2:女,43：熊本県,1
フィリピン,38：定住者,19歳,2:女,43：熊本県,3
フィリピン,24：技能実習１号ロ,20歳,2:女,43：熊本県,4
フィリピン,35：永住者,20歳,2:女,43：熊本県,2
フィリピン,38：定住者,20歳,2:女,43：熊本県,3
フィリピン,24：技能実習１号ロ,21歳,2:女,43：熊本県,4
フィリピン,26：技能実習２号ロ,21歳,2:女,43：熊本県,2
フィリピン,35：永住者,21歳,2:女,43：熊本県,1
フィリピン,21：特定技能１号,22歳,2:女,43：熊本県,3
フィリピン,24：技能実習１号ロ,22歳,2:女,43：熊本県,12
フィリピン,26：技能実習２号ロ,22歳,2:女,43：熊本県,7
フィリピン,34：特定活動,22歳,2:女,43：熊本県,2
フィリピン,35：永住者,22歳,2:女,43：熊本県,1
フィリピン,36：日本人の配偶者等,22歳,2:女,43：熊本県,1
フィリピン,38：定住者,22歳,2:女,43：熊本県,1
フィリピン,21：特定技能１号,23歳,2:女,43：熊本県,4
フィリピン,24：技能実習１号ロ,23歳,2:女,43：熊本県,30
フィリピン,26：技能実習２号ロ,23歳,2:女,43：熊本県,8
フィリピン,34：特定活動,23歳,2:女,43：熊本県,1
フィリピン,36：日本人の配偶者等,23歳,2:女,43：熊本県,1
フィリピン,38：定住者,23歳,2:女,43：熊本県,3
フィリピン,21：特定技能１号,24歳,2:女,43：熊本県,4
フィリピン,24：技能実習１号ロ,24歳,2:女,43：熊本県,35
フィリピン,26：技能実習２号ロ,24歳,2:女,43：熊本県,22
フィリピン,31：留学,24歳,2:女,43：熊本県,1
フィリピン,34：特定活動,24歳,2:女,43：熊本県,1
フィリピン,36：日本人の配偶者等,24歳,2:女,43：熊本県,2
フィリピン,19：興行,25歳,2:女,43：熊本県,1
フィリピン,21：特定技能１号,25歳,2:女,43：熊本県,11
フィリピン,24：技能実習１号ロ,25歳,2:女,43：熊本県,44
フィリピン,26：技能実習２号ロ,25歳,2:女,43：熊本県,23
フィリピン,28：技能実習３号ロ,25歳,2:女,43：熊本県,9
フィリピン,31：留学,25歳,2:女,43：熊本県,1
フィリピン,35：永住者,25歳,2:女,43：熊本県,1
フィリピン,38：定住者,25歳,2:女,43：熊本県,1
フィリピン,16：技術・人文知識・国際業務,26歳,2:女,43：熊本県,1
フィリピン,21：特定技能１号,26歳,2:女,43：熊本県,22
フィリピン,24：技能実習１号ロ,26歳,2:女,43：熊本県,34
フィリピン,26：技能実習２号ロ,26歳,2:女,43：熊本県,44
フィリピン,28：技能実習３号ロ,26歳,2:女,43：熊本県,9
フィリピン,34：特定活動,26歳,2:女,43：熊本県,1
フィリピン,35：永住者,26歳,2:女,43：熊本県,2
フィリピン,36：日本人の配偶者等,26歳,2:女,43：熊本県,3
フィリピン,38：定住者,26歳,2:女,43：熊本県,1
フィリピン,16：技術・人文知識・国際業務,27歳,2:女,43：熊本県,3
フィリピン,19：興行,27歳,2:女,43：熊本県,2
フィリピン,21：特定技能１号,27歳,2:女,43：熊本県,30
フィリピン,24：技能実習１号ロ,27歳,2:女,43：熊本県,32
フィリピン,26：技能実習２号ロ,27歳,2:女,43：熊本県,33
フィリピン,28：技能実習３号ロ,27歳,2:女,43：熊本県,30
フィリピン,31：留学,27歳,2:女,43：熊本県,1
フィリピン,34：特定活動,27歳,2:女,43：熊本県,1
フィリピン,35：永住者,27歳,2:女,43：熊本県,2
フィリピン,36：日本人の配偶者等,27歳,2:女,43：熊本県,2
フィリピン,37：永住者の配偶者等,27歳,2:女,43：熊本県,1
フィリピン,16：技術・人文知識・国際業務,28歳,2:女,43：熊本県,3
フィリピン,17：企業内転勤,28歳,2:女,43：熊本県,1
フィリピン,19：興行,28歳,2:女,43：熊本県,4
フィリピン,21：特定技能１号,28歳,2:女,43：熊本県,37
フィリピン,24：技能実習１号ロ,28歳,2:女,43：熊本県,20
フィリピン,26：技能実習２号ロ,28歳,2:女,43：熊本県,27
フィリピン,28：技能実習３号ロ,28歳,2:女,43：熊本県,39
フィリピン,34：特定活動,28歳,2:女,43：熊本県,1
フィリピン,35：永住者,28歳,2:女,43：熊本県,1
フィリピン,36：日本人の配偶者等,28歳,2:女,43：熊本県,7
フィリピン,37：永住者の配偶者等,28歳,2:女,43：熊本県,2
フィリピン,38：定住者,28歳,2:女,43：熊本県,2
フィリピン,16：技術・人文知識・国際業務,29歳,2:女,43：熊本県,1
フィリピン,19：興行,29歳,2:女,43：熊本県,1
フィリピン,21：特定技能１号,29歳,2:女,43：熊本県,35
フィリピン,24：技能実習１号ロ,29歳,2:女,43：熊本県,23
フィリピン,26：技能実習２号ロ,29歳,2:女,43：熊本県,25
フィリピン,28：技能実習３号ロ,29歳,2:女,43：熊本県,30
フィリピン,35：永住者,29歳,2:女,43：熊本県,3
フィリピン,36：日本人の配偶者等,29歳,2:女,43：熊本県,10
フィリピン,37：永住者の配偶者等,29歳,2:女,43：熊本県,1
フィリピン,38：定住者,29歳,2:女,43：熊本県,1
フィリピン,16：技術・人文知識・国際業務,30歳,2:女,43：熊本県,1
フィリピン,19：興行,30歳,2:女,43：熊本県,1
フィリピン,21：特定技能１号,30歳,2:女,43：熊本県,42
フィリピン,24：技能実習１号ロ,30歳,2:女,43：熊本県,23
フィリピン,26：技能実習２号ロ,30歳,2:女,43：熊本県,26
フィリピン,28：技能実習３号ロ,30歳,2:女,43：熊本県,23
フィリピン,33：家族滞在,30歳,2:女,43：熊本県,1
フィリピン,34：特定活動,30歳,2:女,43：熊本県,1
フィリピン,35：永住者,30歳,2:女,43：熊本県,4
フィリピン,36：日本人の配偶者等,30歳,2:女,43：熊本県,11
フィリピン,38：定住者,30歳,2:女,43：熊本県,5
フィリピン,15：教育,31歳,2:女,43：熊本県,1
フィリピン,16：技術・人文知識・国際業務,31歳,2:女,43：熊本県,4
フィリピン,21：特定技能１号,31歳,2:女,43：熊本県,39
フィリピン,24：技能実習１号ロ,31歳,2:女,43：熊本県,7
フィリピン,26：技能実習２号ロ,31歳,2:女,43：熊本県,17
フィリピン,28：技能実習３号ロ,31歳,2:女,43：熊本県,29
フィリピン,33：家族滞在,31歳,2:女,43：熊本県,1
フィリピン,34：特定活動,31歳,2:女,43：熊本県,1
フィリピン,35：永住者,31歳,2:女,43：熊本県,3
フィリピン,36：日本人の配偶者等,31歳,2:女,43：熊本県,12
フィリピン,38：定住者,31歳,2:女,43：熊本県,4
フィリピン,15：教育,32歳,2:女,43：熊本県,2
フィリピン,16：技術・人文知識・国際業務,32歳,2:女,43：熊本県,2
フィリピン,18：介護,32歳,2:女,43：熊本県,1
フィリピン,21：特定技能１号,32歳,2:女,43：熊本県,29
フィリピン,24：技能実習１号ロ,32歳,2:女,43：熊本県,17
フィリピン,26：技能実習２号ロ,32歳,2:女,43：熊本県,12
フィリピン,28：技能実習３号ロ,32歳,2:女,43：熊本県,19
フィリピン,34：特定活動,32歳,2:女,43：熊本県,1
フィリピン,35：永住者,32歳,2:女,43：熊本県,2
フィリピン,36：日本人の配偶者等,32歳,2:女,43：熊本県,4
フィリピン,38：定住者,32歳,2:女,43：熊本県,5
フィリピン,15：教育,33歳,2:女,43：熊本県,1
フィリピン,16：技術・人文知識・国際業務,33歳,2:女,43：熊本県,1
フィリピン,21：特定技能１号,33歳,2:女,43：熊本県,31
フィリピン,24：技能実習１号ロ,33歳,2:女,43：熊本県,6
フィリピン,26：技能実習２号ロ,33歳,2:女,43：熊本県,12
フィリピン,28：技能実習３号ロ,33歳,2:女,43：熊本県,20
フィリピン,31：留学,33歳,2:女,43：熊本県,2
フィリピン,34：特定活動,33歳,2:女,43：熊本県,1
フィリピン,35：永住者,33歳,2:女,43：熊本県,4
フィリピン,36：日本人の配偶者等,33歳,2:女,43：熊本県,9
フィリピン,38：定住者,33歳,2:女,43：熊本県,2
フィリピン,15：教育,34歳,2:女,43：熊本県,1
フィリピン,16：技術・人文知識・国際業務,34歳,2:女,43：熊本県,1
フィリピン,21：特定技能１号,34歳,2:女,43：熊本県,24
フィリピン,24：技能実習１号ロ,34歳,2:女,43：熊本県,2
フィリピン,26：技能実習２号ロ,34歳,2:女,43：熊本県,6
フィリピン,28：技能実習３号ロ,34歳,2:女,43：熊本県,13
フィリピン,34：特定活動,34歳,2:女,43：熊本県,2
フィリピン,35：永住者,34歳,2:女,43：熊本県,2
フィリピン,36：日本人の配偶者等,34歳,2:女,43：熊本県,10
フィリピン,38：定住者,34歳,2:女,43：熊本県,3
フィリピン,21：特定技能１号,35歳,2:女,43：熊本県,27
フィリピン,24：技能実習１号ロ,35歳,2:女,43：熊本県,3
フィリピン,26：技能実習２号ロ,35歳,2:女,43：熊本県,4
フィリピン,28：技能実習３号ロ,35歳,2:女,43：熊本県,13
フィリピン,35：永住者,35歳,2:女,43：熊本県,3
フィリピン,36：日本人の配偶者等,35歳,2:女,43：熊本県,6
フィリピン,38：定住者,35歳,2:女,43：熊本県,2
フィリピン,15：教育,36歳,2:女,43：熊本県,1
フィリピン,21：特定技能１号,36歳,2:女,43：熊本県,10
フィリピン,24：技能実習１号ロ,36歳,2:女,43：熊本県,1
フィリピン,26：技能実習２号ロ,36歳,2:女,43：熊本県,3
フィリピン,28：技能実習３号ロ,36歳,2:女,43：熊本県,13
フィリピン,35：永住者,36歳,2:女,43：熊本県,4
フィリピン,36：日本人の配偶者等,36歳,2:女,43：熊本県,6
フィリピン,38：定住者,36歳,2:女,43：熊本県,3
フィリピン,21：特定技能１号,37歳,2:女,43：熊本県,8
フィリピン,26：技能実習２号ロ,37歳,2:女,43：熊本県,1
フィリピン,28：技能実習３号ロ,37歳,2:女,43：熊本県,10
フィリピン,34：特定活動,37歳,2:女,43：熊本県,1
フィリピン,35：永住者,37歳,2:女,43：熊本県,8
フィリピン,36：日本人の配偶者等,37歳,2:女,43：熊本県,6
フィリピン,21：特定技能１号,38歳,2:女,43：熊本県,5
フィリピン,24：技能実習１号ロ,38歳,2:女,43：熊本県,1
フィリピン,26：技能実習２号ロ,38歳,2:女,43：熊本県,2
フィリピン,28：技能実習３号ロ,38歳,2:女,43：熊本県,1
フィリピン,35：永住者,38歳,2:女,43：熊本県,15
フィリピン,36：日本人の配偶者等,38歳,2:女,43：熊本県,8
フィリピン,38：定住者,38歳,2:女,43：熊本県,1
フィリピン,15：教育,39歳,2:女,43：熊本県,1
フィリピン,21：特定技能１号,39歳,2:女,43：熊本県,2
フィリピン,24：技能実習１号ロ,39歳,2:女,43：熊本県,1
フィリピン,26：技能実習２号ロ,39歳,2:女,43：熊本県,2
フィリピン,28：技能実習３号ロ,39歳,2:女,43：熊本県,3
フィリピン,35：永住者,39歳,2:女,43：熊本県,15
フィリピン,36：日本人の配偶者等,39歳,2:女,43：熊本県,3
フィリピン,38：定住者,39歳,2:女,43：熊本県,4
フィリピン,16：技術・人文知識・国際業務,40歳,2:女,43：熊本県,1
フィリピン,21：特定技能１号,40歳,2:女,43：熊本県,3
フィリピン,24：技能実習１号ロ,40歳,2:女,43：熊本県,1
フィリピン,26：技能実習２号ロ,40歳,2:女,43：熊本県,1
フィリピン,28：技能実習３号ロ,40歳,2:女,43：熊本県,1
フィリピン,33：家族滞在,40歳,2:女,43：熊本県,1
フィリピン,35：永住者,40歳,2:女,43：熊本県,22
フィリピン,36：日本人の配偶者等,40歳,2:女,43：熊本県,6
フィリピン,38：定住者,40歳,2:女,43：熊本県,3
フィリピン,15：教育,41歳,2:女,43：熊本県,1
フィリピン,21：特定技能１号,41歳,2:女,43：熊本県,1
フィリピン,26：技能実習２号ロ,41歳,2:女,43：熊本県,2
フィリピン,34：特定活動,41歳,2:女,43：熊本県,1
フィリピン,35：永住者,41歳,2:女,43：熊本県,28
フィリピン,36：日本人の配偶者等,41歳,2:女,43：熊本県,9
フィリピン,38：定住者,41歳,2:女,43：熊本県,4
フィリピン,16：技術・人文知識・国際業務,42歳,2:女,43：熊本県,2
フィリピン,21：特定技能１号,42歳,2:女,43：熊本県,2
フィリピン,35：永住者,42歳,2:女,43：熊本県,26
フィリピン,36：日本人の配偶者等,42歳,2:女,43：熊本県,7
フィリピン,38：定住者,42歳,2:女,43：熊本県,7
フィリピン,18：介護,43歳,2:女,43：熊本県,1
フィリピン,24：技能実習１号ロ,43歳,2:女,43：熊本県,1
フィリピン,26：技能実習２号ロ,43歳,2:女,43：熊本県,2
フィリピン,28：技能実習３号ロ,43歳,2:女,43：熊本県,1
フィリピン,35：永住者,43歳,2:女,43：熊本県,28
フィリピン,36：日本人の配偶者等,43歳,2:女,43：熊本県,7
フィリピン,38：定住者,43歳,2:女,43：熊本県,6
フィリピン,21：特定技能１号,44歳,2:女,43：熊本県,1
フィリピン,24：技能実習１号ロ,44歳,2:女,43：熊本県,1
フィリピン,26：技能実習２号ロ,44歳,2:女,43：熊本県,2
フィリピン,35：永住者,44歳,2:女,43：熊本県,27
フィリピン,36：日本人の配偶者等,44歳,2:女,43：熊本県,4
フィリピン,38：定住者,44歳,2:女,43：熊本県,1
フィリピン,26：技能実習２号ロ,45歳,2:女,43：熊本県,1
フィリピン,35：永住者,45歳,2:女,43：熊本県,26
フィリピン,36：日本人の配偶者等,45歳,2:女,43：熊本県,6
フィリピン,38：定住者,45歳,2:女,43：熊本県,3
フィリピン,21：特定技能１号,46歳,2:女,43：熊本県,1
フィリピン,35：永住者,46歳,2:女,43：熊本県,32
フィリピン,36：日本人の配偶者等,46歳,2:女,43：熊本県,2
フィリピン,38：定住者,46歳,2:女,43：熊本県,3
フィリピン,35：永住者,47歳,2:女,43：熊本県,24
フィリピン,36：日本人の配偶者等,47歳,2:女,43：熊本県,3
フィリピン,37：永住者の配偶者等,47歳,2:女,43：熊本県,1
フィリピン,38：定住者,47歳,2:女,43：熊本県,1
フィリピン,15：教育,48歳,2:女,43：熊本県,1
フィリピン,35：永住者,48歳,2:女,43：熊本県,29
フィリピン,36：日本人の配偶者等,48歳,2:女,43：熊本県,2
フィリピン,38：定住者,48歳,2:女,43：熊本県,1
フィリピン,35：永住者,49歳,2:女,43：熊本県,33
フィリピン,36：日本人の配偶者等,49歳,2:女,43：熊本県,3
フィリピン,38：定住者,49歳,2:女,43：熊本県,5
フィリピン,35：永住者,50歳,2:女,43：熊本県,51
フィリピン,36：日本人の配偶者等,50歳,2:女,43：熊本県,4
フィリピン,38：定住者,50歳,2:女,43：熊本県,2
フィリピン,35：永住者,51歳,2:女,43：熊本県,48
フィリピン,36：日本人の配偶者等,51歳,2:女,43：熊本県,2
フィリピン,38：定住者,51歳,2:女,43：熊本県,4
フィリピン,35：永住者,52歳,2:女,43：熊本県,50
フィリピン,36：日本人の配偶者等,52歳,2:女,43：熊本県,3
フィリピン,38：定住者,52歳,2:女,43：熊本県,3
フィリピン,35：永住者,53歳,2:女,43：熊本県,85
フィリピン,36：日本人の配偶者等,53歳,2:女,43：熊本県,1
フィリピン,38：定住者,53歳,2:女,43：熊本県,3
フィリピン,35：永住者,54歳,2:女,43：熊本県,46
フィリピン,36：日本人の配偶者等,54歳,2:女,43：熊本県,3
フィリピン,38：定住者,54歳,2:女,43：熊本県,4
フィリピン,35：永住者,55歳,2:女,43：熊本県,42
フィリピン,36：日本人の配偶者等,55歳,2:女,43：熊本県,2
フィリピン,38：定住者,55歳,2:女,43：熊本県,1
フィリピン,35：永住者,56歳,2:女,43：熊本県,34
フィリピン,36：日本人の配偶者等,56歳,2:女,43：熊本県,1
フィリピン,38：定住者,56歳,2:女,43：熊本県,4
フィリピン,35：永住者,57歳,2:女,43：熊本県,29
フィリピン,36：日本人の配偶者等,57歳,2:女,43：熊本県,5
フィリピン,35：永住者,58歳,2:女,43：熊本県,22
フィリピン,36：日本人の配偶者等,58歳,2:女,43：熊本県,1
フィリピン,35：永住者,59歳,2:女,43：熊本県,24
フィリピン,36：日本人の配偶者等,59歳,2:女,43：熊本県,1
フィリピン,38：定住者,59歳,2:女,43：熊本県,1
フィリピン,35：永住者,60歳,2:女,43：熊本県,7
フィリピン,36：日本人の配偶者等,60歳,2:女,43：熊本県,1
フィリピン,38：定住者,60歳,2:女,43：熊本県,1
フィリピン,35：永住者,61歳,2:女,43：熊本県,15
フィリピン,35：永住者,62歳,2:女,43：熊本県,14
フィリピン,35：永住者,63歳,2:女,43：熊本県,4
フィリピン,35：永住者,64歳,2:女,43：熊本県,7
フィリピン,38：定住者,64歳,2:女,43：熊本県,2
フィリピン,35：永住者,65歳,2:女,43：熊本県,1
フィリピン,35：永住者,66歳,2:女,43：熊本県,3
フィリピン,35：永住者,67歳,2:女,43：熊本県,2
フィリピン,35：永住者,69歳,2:女,43：熊本県,1
フィリピン,35：永住者,70歳,2:女,43：熊本県,1
フィリピン,35：永住者,72歳,2:女,43：熊本県,1
フィリピン,35：永住者,73歳,2:女,43：熊本県,3
フィリピン,35：永住者,74歳,2:女,43：熊本県,2
フィリピン,35：永住者,78歳,2:女,43：熊本県,1
ブータン,35：永住者,38歳,1:男,43：熊本県,1
ブータン,35：永住者,62歳,2:女,43：熊本県,1
ベトナム,33：家族滞在,00歳,1:男,43：熊本県,9
ベトナム,33：家族滞在,01歳,1:男,43：熊本県,5
ベトナム,33：家族滞在,02歳,1:男,43：熊本県,8
ベトナム,33：家族滞在,03歳,1:男,43：熊本県,2
ベトナム,34：特定活動,03歳,1:男,43：熊本県,1
ベトナム,33：家族滞在,04歳,1:男,43：熊本県,5
ベトナム,33：家族滞在,05歳,1:男,43：熊本県,1
ベトナム,38：定住者,05歳,1:男,43：熊本県,1
ベトナム,35：永住者,07歳,1:男,43：熊本県,1
ベトナム,33：家族滞在,08歳,1:男,43：熊本県,2
ベトナム,33：家族滞在,09歳,1:男,43：熊本県,2
ベトナム,33：家族滞在,10歳,1:男,43：熊本県,3
ベトナム,38：定住者,11歳,1:男,43：熊本県,1
ベトナム,38：定住者,12歳,1:男,43：熊本県,1
ベトナム,38：定住者,13歳,1:男,43：熊本県,1
ベトナム,24：技能実習１号ロ,18歳,1:男,43：熊本県,10
ベトナム,24：技能実習１号ロ,19歳,1:男,43：熊本県,74
ベトナム,26：技能実習２号ロ,19歳,1:男,43：熊本県,13
ベトナム,31：留学,19歳,1:男,43：熊本県,1
ベトナム,16：技術・人文知識・国際業務,20歳,1:男,43：熊本県,1
ベトナム,24：技能実習１号ロ,20歳,1:男,43：熊本県,53
ベトナム,26：技能実習２号ロ,20歳,1:男,43：熊本県,24
ベトナム,31：留学,20歳,1:男,43：熊本県,6
ベトナム,16：技術・人文知識・国際業務,21歳,1:男,43：熊本県,4
ベトナム,21：特定技能１号,21歳,1:男,43：熊本県,2
ベトナム,24：技能実習１号ロ,21歳,1:男,43：熊本県,32
ベトナム,26：技能実習２号ロ,21歳,1:男,43：熊本県,70
ベトナム,31：留学,21歳,1:男,43：熊本県,3
ベトナム,16：技術・人文知識・国際業務,22歳,1:男,43：熊本県,17
ベトナム,21：特定技能１号,22歳,1:男,43：熊本県,33
ベトナム,23：技能実習１号イ,22歳,1:男,43：熊本県,1
ベトナム,24：技能実習１号ロ,22歳,1:男,43：熊本県,51
ベトナム,26：技能実習２号ロ,22歳,1:男,43：熊本県,72
ベトナム,28：技能実習３号ロ,22歳,1:男,43：熊本県,3
ベトナム,31：留学,22歳,1:男,43：熊本県,11
ベトナム,34：特定活動,22歳,1:男,43：熊本県,2
ベトナム,16：技術・人文知識・国際業務,23歳,1:男,43：熊本県,41
ベトナム,21：特定技能１号,23歳,1:男,43：熊本県,51
ベトナム,23：技能実習１号イ,23歳,1:男,43：熊本県,1
ベトナム,24：技能実習１号ロ,23歳,1:男,43：熊本県,40
ベトナム,25：技能実習２号イ,23歳,1:男,43：熊本県,1
ベトナム,26：技能実習２号ロ,23歳,1:男,43：熊本県,66
ベトナム,28：技能実習３号ロ,23歳,1:男,43：熊本県,10
ベトナム,31：留学,23歳,1:男,43：熊本県,1
ベトナム,33：家族滞在,23歳,1:男,43：熊本県,1
ベトナム,34：特定活動,23歳,1:男,43：熊本県,9
ベトナム,16：技術・人文知識・国際業務,24歳,1:男,43：熊本県,26
ベトナム,18：介護,24歳,1:男,43：熊本県,1
ベトナム,21：特定技能１号,24歳,1:男,43：熊本県,61
ベトナム,24：技能実習１号ロ,24歳,1:男,43：熊本県,15
ベトナム,25：技能実習２号イ,24歳,1:男,43：熊本県,1
ベトナム,26：技能実習２号ロ,24歳,1:男,43：熊本県,64
ベトナム,27：技能実習３号イ,24歳,1:男,43：熊本県,1
ベトナム,28：技能実習３号ロ,24歳,1:男,43：熊本県,21
ベトナム,31：留学,24歳,1:男,43：熊本県,2
ベトナム,34：特定活動,24歳,1:男,43：熊本県,8
ベトナム,36：日本人の配偶者等,24歳,1:男,43：熊本県,1
ベトナム,16：技術・人文知識・国際業務,25歳,1:男,43：熊本県,47
ベトナム,21：特定技能１号,25歳,1:男,43：熊本県,68
ベトナム,23：技能実習１号イ,25歳,1:男,43：熊本県,1
ベトナム,24：技能実習１号ロ,25歳,1:男,43：熊本県,16
ベトナム,25：技能実習２号イ,25歳,1:男,43：熊本県,1
ベトナム,26：技能実習２号ロ,25歳,1:男,43：熊本県,49
ベトナム,27：技能実習３号イ,25歳,1:男,43：熊本県,1
ベトナム,28：技能実習３号ロ,25歳,1:男,43：熊本県,27
ベトナム,31：留学,25歳,1:男,43：熊本県,3
ベトナム,34：特定活動,25歳,1:男,43：熊本県,10
ベトナム,11：経営・管理,26歳,1:男,43：熊本県,1
ベトナム,16：技術・人文知識・国際業務,26歳,1:男,43：熊本県,45
ベトナム,21：特定技能１号,26歳,1:男,43：熊本県,73
ベトナム,23：技能実習１号イ,26歳,1:男,43：熊本県,1
ベトナム,24：技能実習１号ロ,26歳,1:男,43：熊本県,15
ベトナム,26：技能実習２号ロ,26歳,1:男,43：熊本県,31
ベトナム,27：技能実習３号イ,26歳,1:男,43：熊本県,1
ベトナム,28：技能実習３号ロ,26歳,1:男,43：熊本県,21
ベトナム,31：留学,26歳,1:男,43：熊本県,3
ベトナム,33：家族滞在,26歳,1:男,43：熊本県,1
ベトナム,34：特定活動,26歳,1:男,43：熊本県,6
ベトナム,36：日本人の配偶者等,26歳,1:男,43：熊本県,1
ベトナム,16：技術・人文知識・国際業務,27歳,1:男,43：熊本県,51
ベトナム,18：介護,27歳,1:男,43：熊本県,1
ベトナム,21：特定技能１号,27歳,1:男,43：熊本県,80
ベトナム,23：技能実習１号イ,27歳,1:男,43：熊本県,1
ベトナム,24：技能実習１号ロ,27歳,1:男,43：熊本県,13
ベトナム,26：技能実習２号ロ,27歳,1:男,43：熊本県,28
ベトナム,28：技能実習３号ロ,27歳,1:男,43：熊本県,14
ベトナム,31：留学,27歳,1:男,43：熊本県,2
ベトナム,34：特定活動,27歳,1:男,43：熊本県,9
ベトナム,36：日本人の配偶者等,27歳,1:男,43：熊本県,3
ベトナム,16：技術・人文知識・国際業務,28歳,1:男,43：熊本県,60
ベトナム,21：特定技能１号,28歳,1:男,43：熊本県,57
ベトナム,23：技能実習１号イ,28歳,1:男,43：熊本県,1
ベトナム,24：技能実習１号ロ,28歳,1:男,43：熊本県,8
ベトナム,26：技能実習２号ロ,28歳,1:男,43：熊本県,25
ベトナム,27：技能実習３号イ,28歳,1:男,43：熊本県,2
ベトナム,28：技能実習３号ロ,28歳,1:男,43：熊本県,24
ベトナム,33：家族滞在,28歳,1:男,43：熊本県,1
ベトナム,34：特定活動,28歳,1:男,43：熊本県,10
ベトナム,36：日本人の配偶者等,28歳,1:男,43：熊本県,2
ベトナム,16：技術・人文知識・国際業務,29歳,1:男,43：熊本県,47
ベトナム,21：特定技能１号,29歳,1:男,43：熊本県,42
ベトナム,23：技能実習１号イ,29歳,1:男,43：熊本県,2
ベトナム,24：技能実習１号ロ,29歳,1:男,43：熊本県,14
ベトナム,25：技能実習２号イ,29歳,1:男,43：熊本県,1
ベトナム,26：技能実習２号ロ,29歳,1:男,43：熊本県,15
ベトナム,27：技能実習３号イ,29歳,1:男,43：熊本県,1
ベトナム,28：技能実習３号ロ,29歳,1:男,43：熊本県,16
ベトナム,31：留学,29歳,1:男,43：熊本県,1
ベトナム,33：家族滞在,29歳,1:男,43：熊本県,3
ベトナム,34：特定活動,29歳,1:男,43：熊本県,3
ベトナム,36：日本人の配偶者等,29歳,1:男,43：熊本県,2
ベトナム,11：経営・管理,30歳,1:男,43：熊本県,1
ベトナム,16：技術・人文知識・国際業務,30歳,1:男,43：熊本県,28
ベトナム,21：特定技能１号,30歳,1:男,43：熊本県,52
ベトナム,24：技能実習１号ロ,30歳,1:男,43：熊本県,18
ベトナム,26：技能実習２号ロ,30歳,1:男,43：熊本県,27
ベトナム,27：技能実習３号イ,30歳,1:男,43：熊本県,2
ベトナム,28：技能実習３号ロ,30歳,1:男,43：熊本県,16
ベトナム,31：留学,30歳,1:男,43：熊本県,2
ベトナム,34：特定活動,30歳,1:男,43：熊本県,11
ベトナム,36：日本人の配偶者等,30歳,1:男,43：熊本県,1
ベトナム,11：経営・管理,31歳,1:男,43：熊本県,2
ベトナム,16：技術・人文知識・国際業務,31歳,1:男,43：熊本県,38
ベトナム,21：特定技能１号,31歳,1:男,43：熊本県,48
ベトナム,24：技能実習１号ロ,31歳,1:男,43：熊本県,9
ベトナム,26：技能実習２号ロ,31歳,1:男,43：熊本県,12
ベトナム,27：技能実習３号イ,31歳,1:男,43：熊本県,2
ベトナム,28：技能実習３号ロ,31歳,1:男,43：熊本県,15
ベトナム,31：留学,31歳,1:男,43：熊本県,1
ベトナム,34：特定活動,31歳,1:男,43：熊本県,5
ベトナム,35：永住者,31歳,1:男,43：熊本県,1
ベトナム,36：日本人の配偶者等,31歳,1:男,43：熊本県,1
ベトナム,08：高度専門職１号ロ,32歳,1:男,43：熊本県,1
ベトナム,11：経営・管理,32歳,1:男,43：熊本県,1
ベトナム,16：技術・人文知識・国際業務,32歳,1:男,43：熊本県,33
ベトナム,17：企業内転勤,32歳,1:男,43：熊本県,1
ベトナム,21：特定技能１号,32歳,1:男,43：熊本県,37
ベトナム,23：技能実習１号イ,32歳,1:男,43：熊本県,1
ベトナム,24：技能実習１号ロ,32歳,1:男,43：熊本県,10
ベトナム,26：技能実習２号ロ,32歳,1:男,43：熊本県,15
ベトナム,27：技能実習３号イ,32歳,1:男,43：熊本県,4
ベトナム,28：技能実習３号ロ,32歳,1:男,43：熊本県,19
ベトナム,34：特定活動,32歳,1:男,43：熊本県,4
ベトナム,36：日本人の配偶者等,32歳,1:男,43：熊本県,1
ベトナム,38：定住者,32歳,1:男,43：熊本県,1
ベトナム,16：技術・人文知識・国際業務,33歳,1:男,43：熊本県,29
ベトナム,21：特定技能１号,33歳,1:男,43：熊本県,37
ベトナム,23：技能実習１号イ,33歳,1:男,43：熊本県,1
ベトナム,24：技能実習１号ロ,33歳,1:男,43：熊本県,16
ベトナム,25：技能実習２号イ,33歳,1:男,43：熊本県,1
ベトナム,26：技能実習２号ロ,33歳,1:男,43：熊本県,12
ベトナム,27：技能実習３号イ,33歳,1:男,43：熊本県,3
ベトナム,28：技能実習３号ロ,33歳,1:男,43：熊本県,10
ベトナム,33：家族滞在,33歳,1:男,43：熊本県,1
ベトナム,34：特定活動,33歳,1:男,43：熊本県,3
ベトナム,16：技術・人文知識・国際業務,34歳,1:男,43：熊本県,16
ベトナム,21：特定技能１号,34歳,1:男,43：熊本県,21
ベトナム,23：技能実習１号イ,34歳,1:男,43：熊本県,2
ベトナム,24：技能実習１号ロ,34歳,1:男,43：熊本県,9
ベトナム,26：技能実習２号ロ,34歳,1:男,43：熊本県,11
ベトナム,27：技能実習３号イ,34歳,1:男,43：熊本県,4
ベトナム,28：技能実習３号ロ,34歳,1:男,43：熊本県,15
ベトナム,34：特定活動,34歳,1:男,43：熊本県,3
ベトナム,36：日本人の配偶者等,34歳,1:男,43：熊本県,1
ベトナム,16：技術・人文知識・国際業務,35歳,1:男,43：熊本県,15
ベトナム,17：企業内転勤,35歳,1:男,43：熊本県,1
ベトナム,21：特定技能１号,35歳,1:男,43：熊本県,33
ベトナム,23：技能実習１号イ,35歳,1:男,43：熊本県,1
ベトナム,24：技能実習１号ロ,35歳,1:男,43：熊本県,7
ベトナム,25：技能実習２号イ,35歳,1:男,43：熊本県,2
ベトナム,26：技能実習２号ロ,35歳,1:男,43：熊本県,10
ベトナム,27：技能実習３号イ,35歳,1:男,43：熊本県,2
ベトナム,28：技能実習３号ロ,35歳,1:男,43：熊本県,6
ベトナム,31：留学,35歳,1:男,43：熊本県,2
ベトナム,33：家族滞在,35歳,1:男,43：熊本県,2
ベトナム,34：特定活動,35歳,1:男,43：熊本県,3
ベトナム,36：日本人の配偶者等,35歳,1:男,43：熊本県,2
ベトナム,16：技術・人文知識・国際業務,36歳,1:男,43：熊本県,12
ベトナム,20：技能,36歳,1:男,43：熊本県,1
ベトナム,21：特定技能１号,36歳,1:男,43：熊本県,28
ベトナム,23：技能実習１号イ,36歳,1:男,43：熊本県,2
ベトナム,24：技能実習１号ロ,36歳,1:男,43：熊本県,3
ベトナム,26：技能実習２号ロ,36歳,1:男,43：熊本県,5
ベトナム,27：技能実習３号イ,36歳,1:男,43：熊本県,3
ベトナム,28：技能実習３号ロ,36歳,1:男,43：熊本県,7
ベトナム,34：特定活動,36歳,1:男,43：熊本県,1
ベトナム,16：技術・人文知識・国際業務,37歳,1:男,43：熊本県,9
ベトナム,21：特定技能１号,37歳,1:男,43：熊本県,24
ベトナム,23：技能実習１号イ,37歳,1:男,43：熊本県,1
ベトナム,24：技能実習１号ロ,37歳,1:男,43：熊本県,6
ベトナム,25：技能実習２号イ,37歳,1:男,43：熊本県,1
ベトナム,26：技能実習２号ロ,37歳,1:男,43：熊本県,5
ベトナム,27：技能実習３号イ,37歳,1:男,43：熊本県,15
ベトナム,28：技能実習３号ロ,37歳,1:男,43：熊本県,3
ベトナム,34：特定活動,37歳,1:男,43：熊本県,1
ベトナム,35：永住者,37歳,1:男,43：熊本県,1
ベトナム,16：技術・人文知識・国際業務,38歳,1:男,43：熊本県,3
ベトナム,21：特定技能１号,38歳,1:男,43：熊本県,17
ベトナム,24：技能実習１号ロ,38歳,1:男,43：熊本県,7
ベトナム,25：技能実習２号イ,38歳,1:男,43：熊本県,1
ベトナム,26：技能実習２号ロ,38歳,1:男,43：熊本県,1
ベトナム,27：技能実習３号イ,38歳,1:男,43：熊本県,13
ベトナム,34：特定活動,38歳,1:男,43：熊本県,1
ベトナム,16：技術・人文知識・国際業務,39歳,1:男,43：熊本県,5
ベトナム,21：特定技能１号,39歳,1:男,43：熊本県,16
ベトナム,23：技能実習１号イ,39歳,1:男,43：熊本県,2
ベトナム,24：技能実習１号ロ,39歳,1:男,43：熊本県,4
ベトナム,25：技能実習２号イ,39歳,1:男,43：熊本県,1
ベトナム,26：技能実習２号ロ,39歳,1:男,43：熊本県,1
ベトナム,27：技能実習３号イ,39歳,1:男,43：熊本県,11
ベトナム,28：技能実習３号ロ,39歳,1:男,43：熊本県,3
ベトナム,33：家族滞在,39歳,1:男,43：熊本県,1
ベトナム,34：特定活動,39歳,1:男,43：熊本県,4
ベトナム,16：技術・人文知識・国際業務,40歳,1:男,43：熊本県,4
ベトナム,17：企業内転勤,40歳,1:男,43：熊本県,1
ベトナム,21：特定技能１号,40歳,1:男,43：熊本県,14
ベトナム,23：技能実習１号イ,40歳,1:男,43：熊本県,2
ベトナム,24：技能実習１号ロ,40歳,1:男,43：熊本県,3
ベトナム,25：技能実習２号イ,40歳,1:男,43：熊本県,1
ベトナム,26：技能実習２号ロ,40歳,1:男,43：熊本県,2
ベトナム,27：技能実習３号イ,40歳,1:男,43：熊本県,7
ベトナム,28：技能実習３号ロ,40歳,1:男,43：熊本県,1
ベトナム,33：家族滞在,40歳,1:男,43：熊本県,1
ベトナム,16：技術・人文知識・国際業務,41歳,1:男,43：熊本県,6
ベトナム,21：特定技能１号,41歳,1:男,43：熊本県,11
ベトナム,24：技能実習１号ロ,41歳,1:男,43：熊本県,1
ベトナム,25：技能実習２号イ,41歳,1:男,43：熊本県,2
ベトナム,26：技能実習２号ロ,41歳,1:男,43：熊本県,1
ベトナム,27：技能実習３号イ,41歳,1:男,43：熊本県,7
ベトナム,28：技能実習３号ロ,41歳,1:男,43：熊本県,2
ベトナム,34：特定活動,41歳,1:男,43：熊本県,1
ベトナム,21：特定技能１号,42歳,1:男,43：熊本県,6
ベトナム,27：技能実習３号イ,42歳,1:男,43：熊本県,8
ベトナム,28：技能実習３号ロ,42歳,1:男,43：熊本県,1
ベトナム,16：技術・人文知識・国際業務,43歳,1:男,43：熊本県,1
ベトナム,21：特定技能１号,43歳,1:男,43：熊本県,5
ベトナム,26：技能実習２号ロ,43歳,1:男,43：熊本県,2
ベトナム,27：技能実習３号イ,43歳,1:男,43：熊本県,6
ベトナム,28：技能実習３号ロ,43歳,1:男,43：熊本県,1
ベトナム,34：特定活動,43歳,1:男,43：熊本県,1
ベトナム,21：特定技能１号,44歳,1:男,43：熊本県,3
ベトナム,27：技能実習３号イ,44歳,1:男,43：熊本県,2
ベトナム,35：永住者,44歳,1:男,43：熊本県,1
ベトナム,16：技術・人文知識・国際業務,45歳,1:男,43：熊本県,1
ベトナム,21：特定技能１号,45歳,1:男,43：熊本県,2
ベトナム,26：技能実習２号ロ,45歳,1:男,43：熊本県,1
ベトナム,27：技能実習３号イ,45歳,1:男,43：熊本県,2
ベトナム,21：特定技能１号,46歳,1:男,43：熊本県,1
ベトナム,27：技能実習３号イ,46歳,1:男,43：熊本県,1
ベトナム,21：特定技能１号,47歳,1:男,43：熊本県,1
ベトナム,33：家族滞在,00歳,2:女,43：熊本県,5
ベトナム,34：特定活動,00歳,2:女,43：熊本県,1
ベトナム,33：家族滞在,01歳,2:女,43：熊本県,7
ベトナム,33：家族滞在,03歳,2:女,43：熊本県,7
ベトナム,33：家族滞在,04歳,2:女,43：熊本県,4
ベトナム,33：家族滞在,05歳,2:女,43：熊本県,2
ベトナム,33：家族滞在,06歳,2:女,43：熊本県,2
ベトナム,38：定住者,06歳,2:女,43：熊本県,1
ベトナム,33：家族滞在,07歳,2:女,43：熊本県,1
ベトナム,33：家族滞在,08歳,2:女,43：熊本県,2
ベトナム,33：家族滞在,09歳,2:女,43：熊本県,2
ベトナム,38：定住者,09歳,2:女,43：熊本県,1
ベトナム,38：定住者,10歳,2:女,43：熊本県,2
ベトナム,33：家族滞在,11歳,2:女,43：熊本県,1
ベトナム,24：技能実習１号ロ,18歳,2:女,43：熊本県,45
ベトナム,31：留学,18歳,2:女,43：熊本県,2
ベトナム,24：技能実習１号ロ,19歳,2:女,43：熊本県,154
ベトナム,26：技能実習２号ロ,19歳,2:女,43：熊本県,17
ベトナム,31：留学,19歳,2:女,43：熊本県,1
ベトナム,21：特定技能１号,20歳,2:女,43：熊本県,1
ベトナム,24：技能実習１号ロ,20歳,2:女,43：熊本県,129
ベトナム,26：技能実習２号ロ,20歳,2:女,43：熊本県,63
ベトナム,31：留学,20歳,2:女,43：熊本県,6
ベトナム,34：特定活動,20歳,2:女,43：熊本県,1
ベトナム,21：特定技能１号,21歳,2:女,43：熊本県,4
ベトナム,24：技能実習１号ロ,21歳,2:女,43：熊本県,67
ベトナム,26：技能実習２号ロ,21歳,2:女,43：熊本県,144
ベトナム,31：留学,21歳,2:女,43：熊本県,8
ベトナム,34：特定活動,21歳,2:女,43：熊本県,2
ベトナム,16：技術・人文知識・国際業務,22歳,2:女,43：熊本県,3
ベトナム,21：特定技能１号,22歳,2:女,43：熊本県,54
ベトナム,24：技能実習１号ロ,22歳,2:女,43：熊本県,38
ベトナム,26：技能実習２号ロ,22歳,2:女,43：熊本県,180
ベトナム,28：技能実習３号ロ,22歳,2:女,43：熊本県,24
ベトナム,31：留学,22歳,2:女,43：熊本県,3
ベトナム,33：家族滞在,22歳,2:女,43：熊本県,4
ベトナム,34：特定活動,22歳,2:女,43：熊本県,8
ベトナム,16：技術・人文知識・国際業務,23歳,2:女,43：熊本県,8
ベトナム,18：介護,23歳,2:女,43：熊本県,3
ベトナム,21：特定技能１号,23歳,2:女,43：熊本県,75
ベトナム,24：技能実習１号ロ,23歳,2:女,43：熊本県,44
ベトナム,26：技能実習２号ロ,23歳,2:女,43：熊本県,53
ベトナム,28：技能実習３号ロ,23歳,2:女,43：熊本県,30
ベトナム,33：家族滞在,23歳,2:女,43：熊本県,6
ベトナム,34：特定活動,23歳,2:女,43：熊本県,4
ベトナム,36：日本人の配偶者等,23歳,2:女,43：熊本県,1
ベトナム,16：技術・人文知識・国際業務,24歳,2:女,43：熊本県,11
ベトナム,21：特定技能１号,24歳,2:女,43：熊本県,89
ベトナム,24：技能実習１号ロ,24歳,2:女,43：熊本県,30
ベトナム,26：技能実習２号ロ,24歳,2:女,43：熊本県,51
ベトナム,28：技能実習３号ロ,24歳,2:女,43：熊本県,24
ベトナム,33：家族滞在,24歳,2:女,43：熊本県,2
ベトナム,34：特定活動,24歳,2:女,43：熊本県,2
ベトナム,36：日本人の配偶者等,24歳,2:女,43：熊本県,3
ベトナム,16：技術・人文知識・国際業務,25歳,2:女,43：熊本県,12
ベトナム,18：介護,25歳,2:女,43：熊本県,1
ベトナム,21：特定技能１号,25歳,2:女,43：熊本県,95
ベトナム,24：技能実習１号ロ,25歳,2:女,43：熊本県,21
ベトナム,26：技能実習２号ロ,25歳,2:女,43：熊本県,45
ベトナム,28：技能実習３号ロ,25歳,2:女,43：熊本県,24
ベトナム,33：家族滞在,25歳,2:女,43：熊本県,14
ベトナム,34：特定活動,25歳,2:女,43：熊本県,2
ベトナム,36：日本人の配偶者等,25歳,2:女,43：熊本県,4
ベトナム,11：経営・管理,26歳,2:女,43：熊本県,1
ベトナム,16：技術・人文知識・国際業務,26歳,2:女,43：熊本県,11
ベトナム,18：介護,26歳,2:女,43：熊本県,4
ベトナム,21：特定技能１号,26歳,2:女,43：熊本県,69
ベトナム,24：技能実習１号ロ,26歳,2:女,43：熊本県,25
ベトナム,26：技能実習２号ロ,26歳,2:女,43：熊本県,30
ベトナム,28：技能実習３号ロ,26歳,2:女,43：熊本県,19
ベトナム,31：留学,26歳,2:女,43：熊本県,2
ベトナム,33：家族滞在,26歳,2:女,43：熊本県,6
ベトナム,34：特定活動,26歳,2:女,43：熊本県,2
ベトナム,36：日本人の配偶者等,26歳,2:女,43：熊本県,2
ベトナム,16：技術・人文知識・国際業務,27歳,2:女,43：熊本県,9
ベトナム,18：介護,27歳,2:女,43：熊本県,1
ベトナム,21：特定技能１号,27歳,2:女,43：熊本県,46
ベトナム,24：技能実習１号ロ,27歳,2:女,43：熊本県,25
ベトナム,26：技能実習２号ロ,27歳,2:女,43：熊本県,43
ベトナム,28：技能実習３号ロ,27歳,2:女,43：熊本県,16
ベトナム,31：留学,27歳,2:女,43：熊本県,1
ベトナム,33：家族滞在,27歳,2:女,43：熊本県,13
ベトナム,34：特定活動,27歳,2:女,43：熊本県,1
ベトナム,36：日本人の配偶者等,27歳,2:女,43：熊本県,2
ベトナム,16：技術・人文知識・国際業務,28歳,2:女,43：熊本県,15
ベトナム,21：特定技能１号,28歳,2:女,43：熊本県,53
ベトナム,24：技能実習１号ロ,28歳,2:女,43：熊本県,23
ベトナム,26：技能実習２号ロ,28歳,2:女,43：熊本県,34
ベトナム,28：技能実習３号ロ,28歳,2:女,43：熊本県,11
ベトナム,33：家族滞在,28歳,2:女,43：熊本県,10
ベトナム,34：特定活動,28歳,2:女,43：熊本県,1
ベトナム,36：日本人の配偶者等,28歳,2:女,43：熊本県,1
ベトナム,16：技術・人文知識・国際業務,29歳,2:女,43：熊本県,8
ベトナム,21：特定技能１号,29歳,2:女,43：熊本県,63
ベトナム,24：技能実習１号ロ,29歳,2:女,43：熊本県,27
ベトナム,26：技能実習２号ロ,29歳,2:女,43：熊本県,35
ベトナム,28：技能実習３号ロ,29歳,2:女,43：熊本県,21
ベトナム,33：家族滞在,29歳,2:女,43：熊本県,9
ベトナム,34：特定活動,29歳,2:女,43：熊本県,4
ベトナム,35：永住者,29歳,2:女,43：熊本県,1
ベトナム,36：日本人の配偶者等,29歳,2:女,43：熊本県,4
ベトナム,11：経営・管理,30歳,2:女,43：熊本県,1
ベトナム,16：技術・人文知識・国際業務,30歳,2:女,43：熊本県,6
ベトナム,21：特定技能１号,30歳,2:女,43：熊本県,56
ベトナム,24：技能実習１号ロ,30歳,2:女,43：熊本県,33
ベトナム,26：技能実習２号ロ,30歳,2:女,43：熊本県,50
ベトナム,28：技能実習３号ロ,30歳,2:女,43：熊本県,9
ベトナム,31：留学,30歳,2:女,43：熊本県,1
ベトナム,33：家族滞在,30歳,2:女,43：熊本県,7
ベトナム,34：特定活動,30歳,2:女,43：熊本県,1
ベトナム,35：永住者,30歳,2:女,43：熊本県,1
ベトナム,36：日本人の配偶者等,30歳,2:女,43：熊本県,5
ベトナム,16：技術・人文知識・国際業務,31歳,2:女,43：熊本県,2
ベトナム,21：特定技能１号,31歳,2:女,43：熊本県,49
ベトナム,24：技能実習１号ロ,31歳,2:女,43：熊本県,14
ベトナム,26：技能実習２号ロ,31歳,2:女,43：熊本県,40
ベトナム,28：技能実習３号ロ,31歳,2:女,43：熊本県,17
ベトナム,33：家族滞在,31歳,2:女,43：熊本県,6
ベトナム,34：特定活動,31歳,2:女,43：熊本県,1
ベトナム,36：日本人の配偶者等,31歳,2:女,43：熊本県,2
ベトナム,16：技術・人文知識・国際業務,32歳,2:女,43：熊本県,7
ベトナム,18：介護,32歳,2:女,43：熊本県,1
ベトナム,21：特定技能１号,32歳,2:女,43：熊本県,45
ベトナム,24：技能実習１号ロ,32歳,2:女,43：熊本県,32
ベトナム,26：技能実習２号ロ,32歳,2:女,43：熊本県,34
ベトナム,28：技能実習３号ロ,32歳,2:女,43：熊本県,19
ベトナム,33：家族滞在,32歳,2:女,43：熊本県,2
ベトナム,34：特定活動,32歳,2:女,43：熊本県,5
ベトナム,36：日本人の配偶者等,32歳,2:女,43：熊本県,2
ベトナム,08：高度専門職１号ロ,33歳,2:女,43：熊本県,1
ベトナム,16：技術・人文知識・国際業務,33歳,2:女,43：熊本県,5
ベトナム,21：特定技能１号,33歳,2:女,43：熊本県,41
ベトナム,24：技能実習１号ロ,33歳,2:女,43：熊本県,19
ベトナム,26：技能実習２号ロ,33歳,2:女,43：熊本県,16
ベトナム,28：技能実習３号ロ,33歳,2:女,43：熊本県,18
ベトナム,31：留学,33歳,2:女,43：熊本県,1
ベトナム,33：家族滞在,33歳,2:女,43：熊本県,4
ベトナム,34：特定活動,33歳,2:女,43：熊本県,2
ベトナム,36：日本人の配偶者等,33歳,2:女,43：熊本県,2
ベトナム,07：高度専門職１号イ,34歳,2:女,43：熊本県,1
ベトナム,16：技術・人文知識・国際業務,34歳,2:女,43：熊本県,5
ベトナム,21：特定技能１号,34歳,2:女,43：熊本県,44
ベトナム,24：技能実習１号ロ,34歳,2:女,43：熊本県,24
ベトナム,26：技能実習２号ロ,34歳,2:女,43：熊本県,25
ベトナム,28：技能実習３号ロ,34歳,2:女,43：熊本県,22
ベトナム,33：家族滞在,34歳,2:女,43：熊本県,2
ベトナム,34：特定活動,34歳,2:女,43：熊本県,3
ベトナム,36：日本人の配偶者等,34歳,2:女,43：熊本県,3
ベトナム,16：技術・人文知識・国際業務,35歳,2:女,43：熊本県,2
ベトナム,18：介護,35歳,2:女,43：熊本県,1
ベトナム,21：特定技能１号,35歳,2:女,43：熊本県,30
ベトナム,24：技能実習１号ロ,35歳,2:女,43：熊本県,14
ベトナム,26：技能実習２号ロ,35歳,2:女,43：熊本県,15
ベトナム,28：技能実習３号ロ,35歳,2:女,43：熊本県,13
ベトナム,33：家族滞在,35歳,2:女,43：熊本県,1
ベトナム,34：特定活動,35歳,2:女,43：熊本県,4
ベトナム,35：永住者,35歳,2:女,43：熊本県,2
ベトナム,36：日本人の配偶者等,35歳,2:女,43：熊本県,5
ベトナム,16：技術・人文知識・国際業務,36歳,2:女,43：熊本県,4
ベトナム,21：特定技能１号,36歳,2:女,43：熊本県,18
ベトナム,24：技能実習１号ロ,36歳,2:女,43：熊本県,20
ベトナム,26：技能実習２号ロ,36歳,2:女,43：熊本県,15
ベトナム,28：技能実習３号ロ,36歳,2:女,43：熊本県,14
ベトナム,21：特定技能１号,37歳,2:女,43：熊本県,26
ベトナム,24：技能実習１号ロ,37歳,2:女,43：熊本県,9
ベトナム,26：技能実習２号ロ,37歳,2:女,43：熊本県,14
ベトナム,28：技能実習３号ロ,37歳,2:女,43：熊本県,15
ベトナム,33：家族滞在,37歳,2:女,43：熊本県,2
ベトナム,34：特定活動,37歳,2:女,43：熊本県,2
ベトナム,35：永住者,37歳,2:女,43：熊本県,2
ベトナム,20：技能,38歳,2:女,43：熊本県,1
ベトナム,21：特定技能１号,38歳,2:女,43：熊本県,14
ベトナム,24：技能実習１号ロ,38歳,2:女,43：熊本県,22
ベトナム,26：技能実習２号ロ,38歳,2:女,43：熊本県,11
ベトナム,28：技能実習３号ロ,38歳,2:女,43：熊本県,22
ベトナム,36：日本人の配偶者等,38歳,2:女,43：熊本県,2
ベトナム,16：技術・人文知識・国際業務,39歳,2:女,43：熊本県,2
ベトナム,21：特定技能１号,39歳,2:女,43：熊本県,13
ベトナム,24：技能実習１号ロ,39歳,2:女,43：熊本県,11
ベトナム,26：技能実習２号ロ,39歳,2:女,43：熊本県,8
ベトナム,28：技能実習３号ロ,39歳,2:女,43：熊本県,11
ベトナム,34：特定活動,39歳,2:女,43：熊本県,1
ベトナム,36：日本人の配偶者等,39歳,2:女,43：熊本県,3
ベトナム,21：特定技能１号,40歳,2:女,43：熊本県,6
ベトナム,24：技能実習１号ロ,40歳,2:女,43：熊本県,14
ベトナム,26：技能実習２号ロ,40歳,2:女,43：熊本県,7
ベトナム,28：技能実習３号ロ,40歳,2:女,43：熊本県,10
ベトナム,33：家族滞在,40歳,2:女,43：熊本県,2
ベトナム,35：永住者,40歳,2:女,43：熊本県,2
ベトナム,36：日本人の配偶者等,40歳,2:女,43：熊本県,2
ベトナム,21：特定技能１号,41歳,2:女,43：熊本県,4
ベトナム,24：技能実習１号ロ,41歳,2:女,43：熊本県,6
ベトナム,26：技能実習２号ロ,41歳,2:女,43：熊本県,3
ベトナム,28：技能実習３号ロ,41歳,2:女,43：熊本県,4
ベトナム,34：特定活動,41歳,2:女,43：熊本県,1
ベトナム,35：永住者,41歳,2:女,43：熊本県,3
ベトナム,21：特定技能１号,42歳,2:女,43：熊本県,3
ベトナム,24：技能実習１号ロ,42歳,2:女,43：熊本県,6
ベトナム,26：技能実習２号ロ,42歳,2:女,43：熊本県,1
ベトナム,28：技能実習３号ロ,42歳,2:女,43：熊本県,4
ベトナム,36：日本人の配偶者等,42歳,2:女,43：熊本県,2
ベトナム,05：宗教,43歳,2:女,43：熊本県,1
ベトナム,24：技能実習１号ロ,43歳,2:女,43：熊本県,6
ベトナム,26：技能実習２号ロ,43歳,2:女,43：熊本県,2
ベトナム,28：技能実習３号ロ,43歳,2:女,43：熊本県,3
ベトナム,35：永住者,43歳,2:女,43：熊本県,4
ベトナム,36：日本人の配偶者等,43歳,2:女,43：熊本県,1
ベトナム,21：特定技能１号,44歳,2:女,43：熊本県,1
ベトナム,24：技能実習１号ロ,44歳,2:女,43：熊本県,2
ベトナム,28：技能実習３号ロ,44歳,2:女,43：熊本県,3
ベトナム,24：技能実習１号ロ,45歳,2:女,43：熊本県,2
ベトナム,26：技能実習２号ロ,45歳,2:女,43：熊本県,1
ベトナム,35：永住者,45歳,2:女,43：熊本県,1
ベトナム,24：技能実習１号ロ,46歳,2:女,43：熊本県,1
ベトナム,21：特定技能１号,48歳,2:女,43：熊本県,1
ベトナム,35：永住者,48歳,2:女,43：熊本県,1
ベトナム,36：日本人の配偶者等,48歳,2:女,43：熊本県,1
ベトナム,35：永住者,56歳,2:女,43：熊本県,1
マレーシア,31：留学,20歳,1:男,43：熊本県,3
マレーシア,31：留学,21歳,1:男,43：熊本県,4
マレーシア,31：留学,22歳,1:男,43：熊本県,1
マレーシア,16：技術・人文知識・国際業務,23歳,1:男,43：熊本県,1
マレーシア,31：留学,23歳,1:男,43：熊本県,3
マレーシア,16：技術・人文知識・国際業務,24歳,1:男,43：熊本県,1
マレーシア,31：留学,24歳,1:男,43：熊本県,2
マレーシア,31：留学,26歳,1:男,43：熊本県,1
マレーシア,16：技術・人文知識・国際業務,28歳,1:男,43：熊本県,1
マレーシア,16：技術・人文知識・国際業務,30歳,1:男,43：熊本県,1
マレーシア,16：技術・人文知識・国際業務,31歳,1:男,43：熊本県,1
マレーシア,14：研究,33歳,1:男,43：熊本県,1
マレーシア,17：企業内転勤,33歳,1:男,43：熊本県,1
マレーシア,16：技術・人文知識・国際業務,34歳,1:男,43：熊本県,1
マレーシア,16：技術・人文知識・国際業務,39歳,1:男,43：熊本県,1
マレーシア,16：技術・人文知識・国際業務,46歳,1:男,43：熊本県,1
マレーシア,31：留学,46歳,1:男,43：熊本県,1
マレーシア,35：永住者,52歳,1:男,43：熊本県,1
マレーシア,35：永住者,71歳,1:男,43：熊本県,1
マレーシア,31：留学,20歳,2:女,43：熊本県,1
マレーシア,31：留学,21歳,2:女,43：熊本県,2
マレーシア,31：留学,22歳,2:女,43：熊本県,2
マレーシア,31：留学,23歳,2:女,43：熊本県,3
マレーシア,16：技術・人文知識・国際業務,24歳,2:女,43：熊本県,1
マレーシア,31：留学,24歳,2:女,43：熊本県,1
マレーシア,31：留学,25歳,2:女,43：熊本県,1
マレーシア,05：宗教,30歳,2:女,43：熊本県,1
マレーシア,16：技術・人文知識・国際業務,31歳,2:女,43：熊本県,1
マレーシア,31：留学,31歳,2:女,43：熊本県,1
マレーシア,33：家族滞在,31歳,2:女,43：熊本県,1
マレーシア,35：永住者,34歳,2:女,43：熊本県,1
マレーシア,38：定住者,37歳,2:女,43：熊本県,1
マレーシア,35：永住者,46歳,2:女,43：熊本県,1
マレーシア,36：日本人の配偶者等,50歳,2:女,43：熊本県,1
マレーシア,35：永住者,59歳,2:女,43：熊本県,1
マレーシア,35：永住者,60歳,2:女,43：熊本県,1
マレーシア,35：永住者,62歳,2:女,43：熊本県,1
マレーシア,35：永住者,63歳,2:女,43：熊本県,2
マレーシア,36：日本人の配偶者等,65歳,2:女,43：熊本県,1
マレーシア,35：永住者,69歳,2:女,43：熊本県,1
ミャンマー,33：家族滞在,00歳,1:男,43：熊本県,1
ミャンマー,33：家族滞在,06歳,1:男,43：熊本県,1
ミャンマー,33：家族滞在,14歳,1:男,43：熊本県,1
ミャンマー,24：技能実習１号ロ,19歳,1:男,43：熊本県,5
ミャンマー,24：技能実習１号ロ,20歳,1:男,43：熊本県,7
ミャンマー,26：技能実習２号ロ,20歳,1:男,43：熊本県,1
ミャンマー,21：特定技能１号,21歳,1:男,43：熊本県,3
ミャンマー,24：技能実習１号ロ,21歳,1:男,43：熊本県,13
ミャンマー,26：技能実習２号ロ,21歳,1:男,43：熊本県,5
ミャンマー,21：特定技能１号,22歳,1:男,43：熊本県,1
ミャンマー,24：技能実習１号ロ,22歳,1:男,43：熊本県,13
ミャンマー,26：技能実習２号ロ,22歳,1:男,43：熊本県,6
ミャンマー,34：特定活動,22歳,1:男,43：熊本県,3
ミャンマー,24：技能実習１号ロ,23歳,1:男,43：熊本県,14
ミャンマー,26：技能実習２号ロ,23歳,1:男,43：熊本県,7
ミャンマー,34：特定活動,23歳,1:男,43：熊本県,1
ミャンマー,21：特定技能１号,24歳,1:男,43：熊本県,2
ミャンマー,24：技能実習１号ロ,24歳,1:男,43：熊本県,16
ミャンマー,26：技能実習２号ロ,24歳,1:男,43：熊本県,9
ミャンマー,28：技能実習３号ロ,24歳,1:男,43：熊本県,1
ミャンマー,31：留学,24歳,1:男,43：熊本県,1
ミャンマー,34：特定活動,24歳,1:男,43：熊本県,2
ミャンマー,21：特定技能１号,25歳,1:男,43：熊本県,2
ミャンマー,24：技能実習１号ロ,25歳,1:男,43：熊本県,15
ミャンマー,26：技能実習２号ロ,25歳,1:男,43：熊本県,13
ミャンマー,28：技能実習３号ロ,25歳,1:男,43：熊本県,2
ミャンマー,34：特定活動,25歳,1:男,43：熊本県,2
ミャンマー,16：技術・人文知識・国際業務,26歳,1:男,43：熊本県,3
ミャンマー,21：特定技能１号,26歳,1:男,43：熊本県,4
ミャンマー,24：技能実習１号ロ,26歳,1:男,43：熊本県,8
ミャンマー,26：技能実習２号ロ,26歳,1:男,43：熊本県,9
ミャンマー,28：技能実習３号ロ,26歳,1:男,43：熊本県,1
ミャンマー,34：特定活動,26歳,1:男,43：熊本県,3
ミャンマー,16：技術・人文知識・国際業務,27歳,1:男,43：熊本県,6
ミャンマー,21：特定技能１号,27歳,1:男,43：熊本県,1
ミャンマー,24：技能実習１号ロ,27歳,1:男,43：熊本県,7
ミャンマー,26：技能実習２号ロ,27歳,1:男,43：熊本県,7
ミャンマー,28：技能実習３号ロ,27歳,1:男,43：熊本県,2
ミャンマー,31：留学,27歳,1:男,43：熊本県,1
ミャンマー,16：技術・人文知識・国際業務,28歳,1:男,43：熊本県,6
ミャンマー,21：特定技能１号,28歳,1:男,43：熊本県,5
ミャンマー,24：技能実習１号ロ,28歳,1:男,43：熊本県,6
ミャンマー,26：技能実習２号ロ,28歳,1:男,43：熊本県,5
ミャンマー,28：技能実習３号ロ,28歳,1:男,43：熊本県,2
ミャンマー,31：留学,28歳,1:男,43：熊本県,1
ミャンマー,34：特定活動,28歳,1:男,43：熊本県,1
ミャンマー,16：技術・人文知識・国際業務,29歳,1:男,43：熊本県,2
ミャンマー,21：特定技能１号,29歳,1:男,43：熊本県,2
ミャンマー,24：技能実習１号ロ,29歳,1:男,43：熊本県,3
ミャンマー,26：技能実習２号ロ,29歳,1:男,43：熊本県,5
ミャンマー,28：技能実習３号ロ,29歳,1:男,43：熊本県,2
ミャンマー,34：特定活動,29歳,1:男,43：熊本県,4
ミャンマー,35：永住者,29歳,1:男,43：熊本県,1
ミャンマー,16：技術・人文知識・国際業務,30歳,1:男,43：熊本県,8
ミャンマー,21：特定技能１号,30歳,1:男,43：熊本県,4
ミャンマー,24：技能実習１号ロ,30歳,1:男,43：熊本県,2
ミャンマー,26：技能実習２号ロ,30歳,1:男,43：熊本県,7
ミャンマー,28：技能実習３号ロ,30歳,1:男,43：熊本県,2
ミャンマー,33：家族滞在,30歳,1:男,43：熊本県,1
ミャンマー,34：特定活動,30歳,1:男,43：熊本県,3
ミャンマー,16：技術・人文知識・国際業務,31歳,1:男,43：熊本県,4
ミャンマー,21：特定技能１号,31歳,1:男,43：熊本県,7
ミャンマー,24：技能実習１号ロ,31歳,1:男,43：熊本県,1
ミャンマー,26：技能実習２号ロ,31歳,1:男,43：熊本県,2
ミャンマー,28：技能実習３号ロ,31歳,1:男,43：熊本県,1
ミャンマー,34：特定活動,31歳,1:男,43：熊本県,1
ミャンマー,16：技術・人文知識・国際業務,32歳,1:男,43：熊本県,1
ミャンマー,21：特定技能１号,32歳,1:男,43：熊本県,1
ミャンマー,24：技能実習１号ロ,32歳,1:男,43：熊本県,2
ミャンマー,26：技能実習２号ロ,32歳,1:男,43：熊本県,1
ミャンマー,31：留学,32歳,1:男,43：熊本県,1
ミャンマー,34：特定活動,32歳,1:男,43：熊本県,4
ミャンマー,16：技術・人文知識・国際業務,33歳,1:男,43：熊本県,1
ミャンマー,21：特定技能１号,33歳,1:男,43：熊本県,1
ミャンマー,24：技能実習１号ロ,33歳,1:男,43：熊本県,3
ミャンマー,26：技能実習２号ロ,33歳,1:男,43：熊本県,2
ミャンマー,28：技能実習３号ロ,33歳,1:男,43：熊本県,1
ミャンマー,31：留学,33歳,1:男,43：熊本県,1
ミャンマー,33：家族滞在,33歳,1:男,43：熊本県,1
ミャンマー,34：特定活動,33歳,1:男,43：熊本県,2
ミャンマー,21：特定技能１号,34歳,1:男,43：熊本県,1
ミャンマー,24：技能実習１号ロ,34歳,1:男,43：熊本県,1
ミャンマー,26：技能実習２号ロ,34歳,1:男,43：熊本県,1
ミャンマー,34：特定活動,34歳,1:男,43：熊本県,1
ミャンマー,21：特定技能１号,35歳,1:男,43：熊本県,1
ミャンマー,34：特定活動,35歳,1:男,43：熊本県,1
ミャンマー,35：永住者,35歳,1:男,43：熊本県,1
ミャンマー,16：技術・人文知識・国際業務,36歳,1:男,43：熊本県,1
ミャンマー,34：特定活動,36歳,1:男,43：熊本県,1
ミャンマー,26：技能実習２号ロ,37歳,1:男,43：熊本県,1
ミャンマー,21：特定技能１号,38歳,1:男,43：熊本県,2
ミャンマー,21：特定技能１号,39歳,1:男,43：熊本県,2
ミャンマー,34：特定活動,39歳,1:男,43：熊本県,1
ミャンマー,16：技術・人文知識・国際業務,41歳,1:男,43：熊本県,1
ミャンマー,21：特定技能１号,41歳,1:男,43：熊本県,1
ミャンマー,35：永住者,41歳,1:男,43：熊本県,1
ミャンマー,35：永住者,54歳,1:男,43：熊本県,1
ミャンマー,33：家族滞在,01歳,2:女,43：熊本県,1
ミャンマー,21：特定技能１号,19歳,2:女,43：熊本県,1
ミャンマー,24：技能実習１号ロ,19歳,2:女,43：熊本県,4
ミャンマー,24：技能実習１号ロ,20歳,2:女,43：熊本県,13
ミャンマー,21：特定技能１号,21歳,2:女,43：熊本県,1
ミャンマー,24：技能実習１号ロ,21歳,2:女,43：熊本県,19
ミャンマー,26：技能実習２号ロ,21歳,2:女,43：熊本県,4
ミャンマー,31：留学,21歳,2:女,43：熊本県,1
ミャンマー,21：特定技能１号,22歳,2:女,43：熊本県,8
ミャンマー,24：技能実習１号ロ,22歳,2:女,43：熊本県,21
ミャンマー,26：技能実習２号ロ,22歳,2:女,43：熊本県,5
ミャンマー,34：特定活動,22歳,2:女,43：熊本県,1
ミャンマー,21：特定技能１号,23歳,2:女,43：熊本県,10
ミャンマー,24：技能実習１号ロ,23歳,2:女,43：熊本県,32
ミャンマー,26：技能実習２号ロ,23歳,2:女,43：熊本県,14
ミャンマー,31：留学,23歳,2:女,43：熊本県,1
ミャンマー,21：特定技能１号,24歳,2:女,43：熊本県,5
ミャンマー,24：技能実習１号ロ,24歳,2:女,43：熊本県,32
ミャンマー,26：技能実習２号ロ,24歳,2:女,43：熊本県,9
ミャンマー,34：特定活動,24歳,2:女,43：熊本県,1
ミャンマー,16：技術・人文知識・国際業務,25歳,2:女,43：熊本県,3
ミャンマー,21：特定技能１号,25歳,2:女,43：熊本県,6
ミャンマー,24：技能実習１号ロ,25歳,2:女,43：熊本県,17
ミャンマー,26：技能実習２号ロ,25歳,2:女,43：熊本県,10
ミャンマー,31：留学,25歳,2:女,43：熊本県,1
ミャンマー,34：特定活動,25歳,2:女,43：熊本県,2
ミャンマー,36：日本人の配偶者等,25歳,2:女,43：熊本県,1
ミャンマー,16：技術・人文知識・国際業務,26歳,2:女,43：熊本県,6
ミャンマー,21：特定技能１号,26歳,2:女,43：熊本県,10
ミャンマー,24：技能実習１号ロ,26歳,2:女,43：熊本県,25
ミャンマー,26：技能実習２号ロ,26歳,2:女,43：熊本県,8
ミャンマー,28：技能実習３号ロ,26歳,2:女,43：熊本県,3
ミャンマー,31：留学,26歳,2:女,43：熊本県,1
ミャンマー,34：特定活動,26歳,2:女,43：熊本県,1
ミャンマー,16：技術・人文知識・国際業務,27歳,2:女,43：熊本県,9
ミャンマー,21：特定技能１号,27歳,2:女,43：熊本県,8
ミャンマー,24：技能実習１号ロ,27歳,2:女,43：熊本県,15
ミャンマー,26：技能実習２号ロ,27歳,2:女,43：熊本県,11
ミャンマー,28：技能実習３号ロ,27歳,2:女,43：熊本県,3
ミャンマー,31：留学,27歳,2:女,43：熊本県,1
ミャンマー,36：日本人の配偶者等,27歳,2:女,43：熊本県,1
ミャンマー,16：技術・人文知識・国際業務,28歳,2:女,43：熊本県,7
ミャンマー,21：特定技能１号,28歳,2:女,43：熊本県,7
ミャンマー,24：技能実習１号ロ,28歳,2:女,43：熊本県,16
ミャンマー,26：技能実習２号ロ,28歳,2:女,43：熊本県,11
ミャンマー,28：技能実習３号ロ,28歳,2:女,43：熊本県,1
ミャンマー,31：留学,28歳,2:女,43：熊本県,1
ミャンマー,34：特定活動,28歳,2:女,43：熊本県,1
ミャンマー,36：日本人の配偶者等,28歳,2:女,43：熊本県,2
ミャンマー,16：技術・人文知識・国際業務,29歳,2:女,43：熊本県,2
ミャンマー,21：特定技能１号,29歳,2:女,43：熊本県,8
ミャンマー,24：技能実習１号ロ,29歳,2:女,43：熊本県,11
ミャンマー,26：技能実習２号ロ,29歳,2:女,43：熊本県,6
ミャンマー,28：技能実習３号ロ,29歳,2:女,43：熊本県,1
ミャンマー,31：留学,29歳,2:女,43：熊本県,1
ミャンマー,34：特定活動,29歳,2:女,43：熊本県,1
ミャンマー,16：技術・人文知識・国際業務,30歳,2:女,43：熊本県,3
ミャンマー,21：特定技能１号,30歳,2:女,43：熊本県,9
ミャンマー,24：技能実習１号ロ,30歳,2:女,43：熊本県,11
ミャンマー,26：技能実習２号ロ,30歳,2:女,43：熊本県,3
ミャンマー,28：技能実習３号ロ,30歳,2:女,43：熊本県,2
ミャンマー,34：特定活動,30歳,2:女,43：熊本県,1
ミャンマー,16：技術・人文知識・国際業務,31歳,2:女,43：熊本県,2
ミャンマー,17：企業内転勤,31歳,2:女,43：熊本県,1
ミャンマー,21：特定技能１号,31歳,2:女,43：熊本県,4
ミャンマー,24：技能実習１号ロ,31歳,2:女,43：熊本県,8
ミャンマー,26：技能実習２号ロ,31歳,2:女,43：熊本県,6
ミャンマー,28：技能実習３号ロ,31歳,2:女,43：熊本県,2
ミャンマー,31：留学,31歳,2:女,43：熊本県,1
ミャンマー,16：技術・人文知識・国際業務,32歳,2:女,43：熊本県,2
ミャンマー,21：特定技能１号,32歳,2:女,43：熊本県,6
ミャンマー,24：技能実習１号ロ,32歳,2:女,43：熊本県,2
ミャンマー,26：技能実習２号ロ,32歳,2:女,43：熊本県,2
ミャンマー,28：技能実習３号ロ,32歳,2:女,43：熊本県,1
ミャンマー,34：特定活動,32歳,2:女,43：熊本県,1
ミャンマー,16：技術・人文知識・国際業務,33歳,2:女,43：熊本県,2
ミャンマー,21：特定技能１号,33歳,2:女,43：熊本県,3
ミャンマー,24：技能実習１号ロ,33歳,2:女,43：熊本県,2
ミャンマー,26：技能実習２号ロ,33歳,2:女,43：熊本県,1
ミャンマー,28：技能実習３号ロ,33歳,2:女,43：熊本県,2
ミャンマー,16：技術・人文知識・国際業務,34歳,2:女,43：熊本県,2
ミャンマー,24：技能実習１号ロ,34歳,2:女,43：熊本県,1
ミャンマー,26：技能実習２号ロ,34歳,2:女,43：熊本県,1
ミャンマー,34：特定活動,34歳,2:女,43：熊本県,1
ミャンマー,16：技術・人文知識・国際業務,35歳,2:女,43：熊本県,1
ミャンマー,21：特定技能１号,35歳,2:女,43：熊本県,5
ミャンマー,21：特定技能１号,36歳,2:女,43：熊本県,1
ミャンマー,24：技能実習１号ロ,36歳,2:女,43：熊本県,1
ミャンマー,21：特定技能１号,37歳,2:女,43：熊本県,1
ミャンマー,24：技能実習１号ロ,37歳,2:女,43：熊本県,3
ミャンマー,26：技能実習２号ロ,37歳,2:女,43：熊本県,2
ミャンマー,28：技能実習３号ロ,37歳,2:女,43：熊本県,2
ミャンマー,33：家族滞在,37歳,2:女,43：熊本県,1
ミャンマー,21：特定技能１号,38歳,2:女,43：熊本県,2
ミャンマー,24：技能実習１号ロ,38歳,2:女,43：熊本県,1
ミャンマー,16：技術・人文知識・国際業務,39歳,2:女,43：熊本県,1
ミャンマー,21：特定技能１号,39歳,2:女,43：熊本県,2
ミャンマー,24：技能実習１号ロ,39歳,2:女,43：熊本県,1
ミャンマー,28：技能実習３号ロ,39歳,2:女,43：熊本県,1
ミャンマー,03：教授,40歳,2:女,43：熊本県,1
ミャンマー,28：技能実習３号ロ,40歳,2:女,43：熊本県,1
ミャンマー,16：技術・人文知識・国際業務,41歳,2:女,43：熊本県,1
ミャンマー,21：特定技能１号,41歳,2:女,43：熊本県,1
ミャンマー,28：技能実習３号ロ,41歳,2:女,43：熊本県,2
ミャンマー,26：技能実習２号ロ,42歳,2:女,43：熊本県,1
ミャンマー,34：特定活動,42歳,2:女,43：熊本県,1
ミャンマー,26：技能実習２号ロ,43歳,2:女,43：熊本県,1
ミャンマー,28：技能実習３号ロ,43歳,2:女,43：熊本県,2
ミャンマー,16：技術・人文知識・国際業務,44歳,2:女,43：熊本県,1
ミャンマー,36：日本人の配偶者等,46歳,2:女,43：熊本県,1
ミャンマー,35：永住者,50歳,2:女,43：熊本県,1
ミャンマー,36：日本人の配偶者等,50歳,2:女,43：熊本県,1
ミャンマー,36：日本人の配偶者等,54歳,2:女,43：熊本県,1
ミャンマー,36：日本人の配偶者等,68歳,2:女,43：熊本県,1
ミャンマー,34：特定活動,72歳,2:女,43：熊本県,1
ミャンマー,35：永住者,75歳,2:女,43：熊本県,1
モルディブ,36：日本人の配偶者等,33歳,1:男,43：熊本県,1
モルディブ,35：永住者,45歳,1:男,43：熊本県,1
モルディブ,35：永住者,48歳,1:男,43：熊本県,1
モンゴル,33：家族滞在,02歳,1:男,43：熊本県,1
モンゴル,33：家族滞在,03歳,1:男,43：熊本県,1
モンゴル,33：家族滞在,05歳,1:男,43：熊本県,1
モンゴル,33：家族滞在,06歳,1:男,43：熊本県,1
モンゴル,33：家族滞在,07歳,1:男,43：熊本県,1
モンゴル,33：家族滞在,10歳,1:男,43：熊本県,1
モンゴル,33：家族滞在,13歳,1:男,43：熊本県,1
モンゴル,38：定住者,14歳,1:男,43：熊本県,1
モンゴル,31：留学,20歳,1:男,43：熊本県,2
モンゴル,26：技能実習２号ロ,22歳,1:男,43：熊本県,1
モンゴル,31：留学,22歳,1:男,43：熊本県,2
モンゴル,26：技能実習２号ロ,24歳,1:男,43：熊本県,2
モンゴル,16：技術・人文知識・国際業務,26歳,1:男,43：熊本県,2
モンゴル,20：技能,27歳,1:男,43：熊本県,1
モンゴル,26：技能実習２号ロ,27歳,1:男,43：熊本県,3
モンゴル,16：技術・人文知識・国際業務,28歳,1:男,43：熊本県,1
モンゴル,21：特定技能１号,30歳,1:男,43：熊本県,1
モンゴル,33：家族滞在,31歳,1:男,43：熊本県,1
モンゴル,26：技能実習２号ロ,32歳,1:男,43：熊本県,1
モンゴル,07：高度専門職１号イ,38歳,1:男,43：熊本県,1
モンゴル,16：技術・人文知識・国際業務,38歳,1:男,43：熊本県,1
モンゴル,31：留学,38歳,1:男,43：熊本県,1
モンゴル,33：家族滞在,44歳,1:男,43：熊本県,1
モンゴル,03：教授,51歳,1:男,43：熊本県,1
モンゴル,33：家族滞在,03歳,2:女,43：熊本県,1
モンゴル,33：家族滞在,06歳,2:女,43：熊本県,1
モンゴル,33：家族滞在,14歳,2:女,43：熊本県,1
モンゴル,33：家族滞在,16歳,2:女,43：熊本県,2
モンゴル,31：留学,21歳,2:女,43：熊本県,3
モンゴル,31：留学,22歳,2:女,43：熊本県,1
モンゴル,26：技能実習２号ロ,23歳,2:女,43：熊本県,1
モンゴル,31：留学,23歳,2:女,43：熊本県,1
モンゴル,26：技能実習２号ロ,24歳,2:女,43：熊本県,2
モンゴル,33：家族滞在,24歳,2:女,43：熊本県,1
モンゴル,26：技能実習２号ロ,25歳,2:女,43：熊本県,2
モンゴル,16：技術・人文知識・国際業務,26歳,2:女,43：熊本県,1
モンゴル,31：留学,27歳,2:女,43：熊本県,1
モンゴル,31：留学,31歳,2:女,43：熊本県,1
モンゴル,26：技能実習２号ロ,33歳,2:女,43：熊本県,1
モンゴル,18：介護,34歳,2:女,43：熊本県,1
モンゴル,26：技能実習２号ロ,34歳,2:女,43：熊本県,1
モンゴル,33：家族滞在,36歳,2:女,43：熊本県,1
モンゴル,26：技能実習２号ロ,37歳,2:女,43：熊本県,1
モンゴル,33：家族滞在,38歳,2:女,43：熊本県,1
モンゴル,35：永住者,39歳,2:女,43：熊本県,1
モンゴル,31：留学,40歳,2:女,43：熊本県,1
モンゴル,35：永住者,43歳,2:女,43：熊本県,1
モンゴル,36：日本人の配偶者等,43歳,2:女,43：熊本県,1
モンゴル,35：永住者,46歳,2:女,43：熊本県,1
モンゴル,35：永住者,48歳,2:女,43：熊本県,1
モンゴル,16：技術・人文知識・国際業務,50歳,2:女,43：熊本県,1
ヨルダン,35：永住者,42歳,1:男,43：熊本県,1
ラオス,31：留学,20歳,1:男,43：熊本県,2
ラオス,21：特定技能１号,24歳,1:男,43：熊本県,2
ラオス,26：技能実習２号ロ,25歳,1:男,43：熊本県,1
ラオス,26：技能実習２号ロ,26歳,1:男,43：熊本県,1
ラオス,24：技能実習１号ロ,27歳,1:男,43：熊本県,2
ラオス,24：技能実習１号ロ,28歳,1:男,43：熊本県,1
ラオス,26：技能実習２号ロ,28歳,1:男,43：熊本県,1
ラオス,24：技能実習１号ロ,30歳,1:男,43：熊本県,1
ラオス,26：技能実習２号ロ,30歳,1:男,43：熊本県,1
ラオス,16：技術・人文知識・国際業務,35歳,1:男,43：熊本県,1
ラオス,31：留学,37歳,1:男,43：熊本県,1
ラオス,24：技能実習１号ロ,22歳,2:女,43：熊本県,1
ラオス,26：技能実習２号ロ,30歳,2:女,43：熊本県,1
ラオス,33：家族滞在,36歳,2:女,43：熊本県,1
ラオス,35：永住者,41歳,2:女,43：熊本県,1
アイルランド,15：教育,30歳,1:男,43：熊本県,1
アイルランド,36：日本人の配偶者等,34歳,1:男,43：熊本県,1
アイルランド,36：日本人の配偶者等,41歳,1:男,43：熊本県,1
アイルランド,35：永住者,74歳,1:男,43：熊本県,1
アイルランド,35：永住者,76歳,1:男,43：熊本県,1
アイルランド,35：永住者,77歳,1:男,43：熊本県,1
アイルランド,15：教育,25歳,2:女,43：熊本県,1
アイルランド,15：教育,29歳,2:女,43：熊本県,1
アイルランド,35：永住者,39歳,2:女,43：熊本県,1
アイルランド,35：永住者,52歳,2:女,43：熊本県,1
アルメニア,31：留学,28歳,1:男,43：熊本県,1
アルメニア,33：家族滞在,28歳,2:女,43：熊本県,1
アルメニア,31：留学,29歳,2:女,43：熊本県,1
イタリア,16：技術・人文知識・国際業務,32歳,1:男,43：熊本県,1
イタリア,36：日本人の配偶者等,34歳,1:男,43：熊本県,1
イタリア,36：日本人の配偶者等,37歳,1:男,43：熊本県,1
イタリア,36：日本人の配偶者等,42歳,1:男,43：熊本県,2
イタリア,36：日本人の配偶者等,44歳,1:男,43：熊本県,1
イタリア,16：技術・人文知識・国際業務,52歳,1:男,43：熊本県,1
イタリア,35：永住者,52歳,1:男,43：熊本県,1
イタリア,35：永住者,53歳,1:男,43：熊本県,1
イタリア,11：経営・管理,56歳,1:男,43：熊本県,1
イタリア,05：宗教,66歳,1:男,43：熊本県,1
イタリア,16：技術・人文知識・国際業務,66歳,1:男,43：熊本県,1
イタリア,05：宗教,67歳,1:男,43：熊本県,1
イタリア,35：永住者,68歳,1:男,43：熊本県,1
イタリア,35：永住者,80歳以上,1:男,43：熊本県,1
イタリア,05：宗教,74歳,2:女,43：熊本県,1
ウクライナ,34：特定活動,08歳,1:男,43：熊本県,1
ウクライナ,34：特定活動,10歳,1:男,43：熊本県,1
ウクライナ,34：特定活動,11歳,1:男,43：熊本県,1
ウクライナ,34：特定活動,13歳,1:男,43：熊本県,1
ウクライナ,34：特定活動,14歳,1:男,43：熊本県,1
ウクライナ,36：日本人の配偶者等,30歳,1:男,43：熊本県,1
ウクライナ,16：技術・人文知識・国際業務,47歳,1:男,43：熊本県,1
ウクライナ,34：特定活動,53歳,1:男,43：熊本県,1
ウクライナ,34：特定活動,54歳,1:男,43：熊本県,1
ウクライナ,34：特定活動,03歳,2:女,43：熊本県,1
ウクライナ,34：特定活動,15歳,2:女,43：熊本県,1
ウクライナ,16：技術・人文知識・国際業務,22歳,2:女,43：熊本県,1
ウクライナ,34：特定活動,22歳,2:女,43：熊本県,1
ウクライナ,34：特定活動,23歳,2:女,43：熊本県,1
ウクライナ,16：技術・人文知識・国際業務,30歳,2:女,43：熊本県,1
ウクライナ,34：特定活動,32歳,2:女,43：熊本県,2
ウクライナ,03：教授,36歳,2:女,43：熊本県,1
ウクライナ,34：特定活動,38歳,2:女,43：熊本県,1
ウクライナ,34：特定活動,39歳,2:女,43：熊本県,2
ウクライナ,34：特定活動,42歳,2:女,43：熊本県,1
ウクライナ,35：永住者,51歳,2:女,43：熊本県,1
ウクライナ,35：永住者,54歳,2:女,43：熊本県,1
ウズベキスタン,33：家族滞在,00歳,1:男,43：熊本県,1
ウズベキスタン,24：技能実習１号ロ,20歳,1:男,43：熊本県,1
ウズベキスタン,26：技能実習２号ロ,22歳,1:男,43：熊本県,1
ウズベキスタン,24：技能実習１号ロ,24歳,1:男,43：熊本県,2
ウズベキスタン,24：技能実習１号ロ,25歳,1:男,43：熊本県,2
ウズベキスタン,16：技術・人文知識・国際業務,27歳,1:男,43：熊本県,1
ウズベキスタン,24：技能実習１号ロ,27歳,1:男,43：熊本県,1
ウズベキスタン,16：技術・人文知識・国際業務,28歳,1:男,43：熊本県,1
ウズベキスタン,24：技能実習１号ロ,29歳,1:男,43：熊本県,2
ウズベキスタン,24：技能実習１号ロ,32歳,1:男,43：熊本県,1
ウズベキスタン,16：技術・人文知識・国際業務,33歳,1:男,43：熊本県,1
ウズベキスタン,24：技能実習１号ロ,33歳,1:男,43：熊本県,1
ウズベキスタン,24：技能実習１号ロ,35歳,1:男,43：熊本県,1
ウズベキスタン,35：永住者,38歳,1:男,43：熊本県,1
ウズベキスタン,33：家族滞在,22歳,2:女,43：熊本県,1
ウズベキスタン,16：技術・人文知識・国際業務,38歳,2:女,43：熊本県,1
ウズベキスタン,16：技術・人文知識・国際業務,39歳,2:女,43：熊本県,1
ウズベキスタン,35：永住者,45歳,2:女,43：熊本県,1
英国,38：定住者,16歳,1:男,43：熊本県,1
英国,35：永住者,21歳,1:男,43：熊本県,1
英国,15：教育,23歳,1:男,43：熊本県,1
英国,15：教育,24歳,1:男,43：熊本県,2
英国,15：教育,26歳,1:男,43：熊本県,2
英国,16：技術・人文知識・国際業務,26歳,1:男,43：熊本県,1
英国,15：教育,27歳,1:男,43：熊本県,2
英国,19：興行,28歳,1:男,43：熊本県,1
英国,15：教育,30歳,1:男,43：熊本県,1
英国,16：技術・人文知識・国際業務,30歳,1:男,43：熊本県,1
英国,36：日本人の配偶者等,31歳,1:男,43：熊本県,1
英国,03：教授,32歳,1:男,43：熊本県,1
英国,15：教育,32歳,1:男,43：熊本県,1
英国,16：技術・人文知識・国際業務,32歳,1:男,43：熊本県,2
英国,36：日本人の配偶者等,32歳,1:男,43：熊本県,1
英国,16：技術・人文知識・国際業務,33歳,1:男,43：熊本県,1
英国,03：教授,34歳,1:男,43：熊本県,1
英国,35：永住者,35歳,1:男,43：熊本県,1
英国,36：日本人の配偶者等,35歳,1:男,43：熊本県,1
英国,16：技術・人文知識・国際業務,36歳,1:男,43：熊本県,1
英国,36：日本人の配偶者等,36歳,1:男,43：熊本県,1
英国,35：永住者,37歳,1:男,43：熊本県,2
英国,03：教授,38歳,1:男,43：熊本県,1
英国,35：永住者,38歳,1:男,43：熊本県,2
英国,35：永住者,39歳,1:男,43：熊本県,1
英国,36：日本人の配偶者等,39歳,1:男,43：熊本県,2
英国,36：日本人の配偶者等,40歳,1:男,43：熊本県,1
英国,36：日本人の配偶者等,41歳,1:男,43：熊本県,1
英国,35：永住者,42歳,1:男,43：熊本県,1
英国,36：日本人の配偶者等,42歳,1:男,43：熊本県,1
英国,35：永住者,43歳,1:男,43：熊本県,1
英国,36：日本人の配偶者等,43歳,1:男,43：熊本県,1
英国,03：教授,44歳,1:男,43：熊本県,1
英国,35：永住者,44歳,1:男,43：熊本県,2
英国,35：永住者,45歳,1:男,43：熊本県,5
英国,36：日本人の配偶者等,45歳,1:男,43：熊本県,1
英国,16：技術・人文知識・国際業務,46歳,1:男,43：熊本県,1
英国,35：永住者,46歳,1:男,43：熊本県,2
英国,36：日本人の配偶者等,47歳,1:男,43：熊本県,1
英国,35：永住者,48歳,1:男,43：熊本県,1
英国,35：永住者,49歳,1:男,43：熊本県,1
英国,36：日本人の配偶者等,49歳,1:男,43：熊本県,1
英国,35：永住者,51歳,1:男,43：熊本県,3
英国,35：永住者,52歳,1:男,43：熊本県,1
英国,36：日本人の配偶者等,52歳,1:男,43：熊本県,1
英国,35：永住者,53歳,1:男,43：熊本県,2
英国,35：永住者,54歳,1:男,43：熊本県,1
英国,35：永住者,56歳,1:男,43：熊本県,1
英国,35：永住者,58歳,1:男,43：熊本県,2
英国,35：永住者,59歳,1:男,43：熊本県,2
英国,35：永住者,61歳,1:男,43：熊本県,2
英国,35：永住者,62歳,1:男,43：熊本県,1
英国,35：永住者,66歳,1:男,43：熊本県,1
英国,35：永住者,67歳,1:男,43：熊本県,1
英国,35：永住者,68歳,1:男,43：熊本県,1
英国,36：日本人の配偶者等,68歳,1:男,43：熊本県,1
英国,35：永住者,69歳,1:男,43：熊本県,1
英国,35：永住者,71歳,1:男,43：熊本県,2
英国,35：永住者,74歳,1:男,43：熊本県,1
英国,35：永住者,76歳,1:男,43：熊本県,1
英国,35：永住者,78歳,1:男,43：熊本県,1
英国,35：永住者,80歳以上,1:男,43：熊本県,1
英国,37：永住者の配偶者等,13歳,2:女,43：熊本県,1
英国,31：留学,21歳,2:女,43：熊本県,1
英国,15：教育,22歳,2:女,43：熊本県,1
英国,35：永住者,22歳,2:女,43：熊本県,1
英国,15：教育,23歳,2:女,43：熊本県,1
英国,15：教育,24歳,2:女,43：熊本県,1
英国,15：教育,25歳,2:女,43：熊本県,2
英国,15：教育,27歳,2:女,43：熊本県,1
英国,16：技術・人文知識・国際業務,27歳,2:女,43：熊本県,1
英国,33：家族滞在,27歳,2:女,43：熊本県,1
英国,16：技術・人文知識・国際業務,30歳,2:女,43：熊本県,1
英国,15：教育,31歳,2:女,43：熊本県,1
英国,36：日本人の配偶者等,32歳,2:女,43：熊本県,1
英国,35：永住者,45歳,2:女,43：熊本県,1
英国,35：永住者,46歳,2:女,43：熊本県,1
英国,35：永住者,49歳,2:女,43：熊本県,1
英国,35：永住者,51歳,2:女,43：熊本県,1
英国,35：永住者,52歳,2:女,43：熊本県,3
英国,36：日本人の配偶者等,52歳,2:女,43：熊本県,1
英国,35：永住者,53歳,2:女,43：熊本県,2
英国,03：教授,63歳,2:女,43：熊本県,1
英国,35：永住者,75歳,2:女,43：熊本県,1
オーストリア,31：留学,37歳,1:男,43：熊本県,1
オーストリア,35：永住者,80歳以上,1:男,43：熊本県,1
オーストリア,33：家族滞在,01歳,2:女,43：熊本県,1
オーストリア,36：日本人の配偶者等,30歳,2:女,43：熊本県,1
オーストリア,33：家族滞在,33歳,2:女,43：熊本県,1
オランダ,16：技術・人文知識・国際業務,30歳,1:男,43：熊本県,1
オランダ,36：日本人の配偶者等,43歳,1:男,43：熊本県,1
オランダ,35：永住者,50歳,1:男,43：熊本県,1
オランダ,35：永住者,62歳,1:男,43：熊本県,1
オランダ,36：日本人の配偶者等,64歳,1:男,43：熊本県,1
カザフスタン,31：留学,28歳,1:男,43：熊本県,1
カザフスタン,33：家族滞在,28歳,1:男,43：熊本県,1
カザフスタン,31：留学,28歳,2:女,43：熊本県,1
カザフスタン,36：日本人の配偶者等,34歳,2:女,43：熊本県,1
北マケドニア,31：留学,23歳,1:男,43：熊本県,1
キルギス,31：留学,22歳,1:男,43：熊本県,1
キルギス,31：留学,26歳,2:女,43：熊本県,1
コソボ共和国,35：永住者,41歳,1:男,43：熊本県,1
サンマリノ,36：日本人の配偶者等,41歳,1:男,43：熊本県,1
スイス,35：永住者,57歳,1:男,43：熊本県,1
スイス,36：日本人の配偶者等,69歳,1:男,43：熊本県,1
スイス,31：留学,23歳,2:女,43：熊本県,1
スイス,31：留学,24歳,2:女,43：熊本県,1
スイス,31：留学,28歳,2:女,43：熊本県,1
スイス,35：永住者,59歳,2:女,43：熊本県,1
スイス,35：永住者,77歳,2:女,43：熊本県,1
スウェーデン,36：日本人の配偶者等,34歳,1:男,43：熊本県,1
スウェーデン,35：永住者,42歳,1:男,43：熊本県,1
スウェーデン,36：日本人の配偶者等,51歳,1:男,43：熊本県,1
スウェーデン,35：永住者,48歳,2:女,43：熊本県,1
スペイン,31：留学,28歳,1:男,43：熊本県,1
スペイン,36：日本人の配偶者等,41歳,1:男,43：熊本県,1
スペイン,16：技術・人文知識・国際業務,45歳,1:男,43：熊本県,1
スペイン,35：永住者,48歳,1:男,43：熊本県,1
スペイン,35：永住者,50歳,1:男,43：熊本県,1
スペイン,37：永住者の配偶者等,51歳,1:男,43：熊本県,1
スペイン,36：日本人の配偶者等,49歳,2:女,43：熊本県,1
スロバキア,16：技術・人文知識・国際業務,30歳,1:男,43：熊本県,1
スロバキア,35：永住者,50歳,1:男,43：熊本県,1
スロバキア,36：日本人の配偶者等,45歳,2:女,43：熊本県,1
スロベニア,16：技術・人文知識・国際業務,29歳,2:女,43：熊本県,1
スロベニア,31：留学,31歳,2:女,43：熊本県,1
チェコ,31：留学,24歳,1:男,43：熊本県,1
チェコ,36：日本人の配偶者等,32歳,1:男,43：熊本県,1
チェコ,36：日本人の配偶者等,40歳,1:男,43：熊本県,1
チェコ,03：教授,60歳,1:男,43：熊本県,1
チェコ,31：留学,16歳,2:女,43：熊本県,1
デンマーク,15：教育,28歳,2:女,43：熊本県,1
ドイツ,36：日本人の配偶者等,27歳,1:男,43：熊本県,1
ドイツ,31：留学,28歳,1:男,43：熊本県,2
ドイツ,31：留学,31歳,1:男,43：熊本県,1
ドイツ,34：特定活動,31歳,1:男,43：熊本県,1
ドイツ,36：日本人の配偶者等,35歳,1:男,43：熊本県,1
ドイツ,36：日本人の配偶者等,39歳,1:男,43：熊本県,1
ドイツ,35：永住者,42歳,1:男,43：熊本県,1
ドイツ,36：日本人の配偶者等,43歳,1:男,43：熊本県,1
ドイツ,35：永住者,45歳,1:男,43：熊本県,1
ドイツ,35：永住者,47歳,1:男,43：熊本県,1
ドイツ,36：日本人の配偶者等,52歳,1:男,43：熊本県,1
ドイツ,35：永住者,57歳,1:男,43：熊本県,1
ドイツ,35：永住者,61歳,1:男,43：熊本県,1
ドイツ,35：永住者,62歳,1:男,43：熊本県,1
ドイツ,35：永住者,66歳,1:男,43：熊本県,1
ドイツ,03：教授,68歳,1:男,43：熊本県,1
ドイツ,35：永住者,76歳,1:男,43：熊本県,1
ドイツ,31：留学,22歳,2:女,43：熊本県,2
ドイツ,31：留学,23歳,2:女,43：熊本県,1
ドイツ,31：留学,25歳,2:女,43：熊本県,4
ドイツ,31：留学,27歳,2:女,43：熊本県,1
ドイツ,36：日本人の配偶者等,27歳,2:女,43：熊本県,1
ドイツ,31：留学,28歳,2:女,43：熊本県,2
ドイツ,16：技術・人文知識・国際業務,30歳,2:女,43：熊本県,1
ドイツ,36：日本人の配偶者等,33歳,2:女,43：熊本県,1
ドイツ,35：永住者,48歳,2:女,43：熊本県,1
ドイツ,36：日本人の配偶者等,63歳,2:女,43：熊本県,1
ドイツ,33：家族滞在,67歳,2:女,43：熊本県,1
ノルウェー,36：日本人の配偶者等,34歳,1:男,43：熊本県,1
ノルウェー,35：永住者,80歳以上,1:男,43：熊本県,1
ハンガリー,03：教授,60歳,1:男,43：熊本県,1
フィンランド,03：教授,29歳,1:男,43：熊本県,1
フィンランド,36：日本人の配偶者等,45歳,1:男,43：熊本県,1
フィンランド,04：芸術,19歳,2:女,43：熊本県,1
フィンランド,35：永住者,61歳,2:女,43：熊本県,1
フィンランド,35：永住者,71歳,2:女,43：熊本県,1
フランス,38：定住者,09歳,1:男,43：熊本県,1
フランス,31：留学,22歳,1:男,43：熊本県,2
フランス,36：日本人の配偶者等,24歳,1:男,43：熊本県,1
フランス,36：日本人の配偶者等,26歳,1:男,43：熊本県,1
フランス,15：教育,27歳,1:男,43：熊本県,1
フランス,16：技術・人文知識・国際業務,28歳,1:男,43：熊本県,1
フランス,16：技術・人文知識・国際業務,29歳,1:男,43：熊本県,1
フランス,16：技術・人文知識・国際業務,30歳,1:男,43：熊本県,1
フランス,36：日本人の配偶者等,33歳,1:男,43：熊本県,1
フランス,35：永住者,34歳,1:男,43：熊本県,1
フランス,16：技術・人文知識・国際業務,35歳,1:男,43：熊本県,1
フランス,34：特定活動,36歳,1:男,43：熊本県,1
フランス,35：永住者,36歳,1:男,43：熊本県,1
フランス,35：永住者,38歳,1:男,43：熊本県,1
フランス,36：日本人の配偶者等,38歳,1:男,43：熊本県,1
フランス,35：永住者,40歳,1:男,43：熊本県,1
フランス,08：高度専門職１号ロ,41歳,1:男,43：熊本県,1
フランス,35：永住者,42歳,1:男,43：熊本県,2
フランス,38：定住者,42歳,1:男,43：熊本県,1
フランス,36：日本人の配偶者等,43歳,1:男,43：熊本県,1
フランス,35：永住者,46歳,1:男,43：熊本県,1
フランス,36：日本人の配偶者等,48歳,1:男,43：熊本県,1
フランス,35：永住者,49歳,1:男,43：熊本県,2
フランス,36：日本人の配偶者等,49歳,1:男,43：熊本県,1
フランス,16：技術・人文知識・国際業務,52歳,1:男,43：熊本県,1
フランス,35：永住者,57歳,1:男,43：熊本県,1
フランス,35：永住者,63歳,1:男,43：熊本県,1
フランス,35：永住者,66歳,1:男,43：熊本県,1
フランス,31：留学,21歳,2:女,43：熊本県,1
フランス,31：留学,22歳,2:女,43：熊本県,1
フランス,31：留学,23歳,2:女,43：熊本県,2
フランス,36：日本人の配偶者等,23歳,2:女,43：熊本県,1
フランス,36：日本人の配偶者等,27歳,2:女,43：熊本県,1
フランス,16：技術・人文知識・国際業務,28歳,2:女,43：熊本県,1
フランス,15：教育,31歳,2:女,43：熊本県,1
フランス,16：技術・人文知識・国際業務,37歳,2:女,43：熊本県,1
フランス,36：日本人の配偶者等,40歳,2:女,43：熊本県,1
フランス,36：日本人の配偶者等,50歳,2:女,43：熊本県,1
フランス,35：永住者,57歳,2:女,43：熊本県,1
フランス,35：永住者,60歳,2:女,43：熊本県,1
フランス,35：永住者,67歳,2:女,43：熊本県,1
ブルガリア,35：永住者,50歳,2:女,43：熊本県,1
ブルガリア,20：技能,65歳,2:女,43：熊本県,1
ベルギー,36：日本人の配偶者等,24歳,1:男,43：熊本県,1
ベルギー,35：永住者,35歳,1:男,43：熊本県,1
ベルギー,36：日本人の配偶者等,36歳,1:男,43：熊本県,1
ポーランド,35：永住者,37歳,1:男,43：熊本県,1
ポーランド,35：永住者,45歳,1:男,43：熊本県,1
ポーランド,16：技術・人文知識・国際業務,30歳,2:女,43：熊本県,1
ポーランド,36：日本人の配偶者等,30歳,2:女,43：熊本県,1
ポーランド,35：永住者,56歳,2:女,43：熊本県,1
ポルトガル,31：留学,22歳,1:男,43：熊本県,1
マルタ,31：留学,24歳,1:男,43：熊本県,1
モルドバ,35：永住者,41歳,2:女,43：熊本県,1
リトアニア,16：技術・人文知識・国際業務,31歳,2:女,43：熊本県,1
ルーマニア,36：日本人の配偶者等,33歳,1:男,43：熊本県,1
ルーマニア,35：永住者,40歳,1:男,43：熊本県,1
ルーマニア,36：日本人の配偶者等,47歳,1:男,43：熊本県,1
ルーマニア,35：永住者,09歳,2:女,43：熊本県,1
ルーマニア,35：永住者,16歳,2:女,43：熊本県,1
ルーマニア,35：永住者,19歳,2:女,43：熊本県,1
ルーマニア,35：永住者,38歳,2:女,43：熊本県,1
ルーマニア,35：永住者,39歳,2:女,43：熊本県,2
ルーマニア,35：永住者,40歳,2:女,43：熊本県,1
ルーマニア,35：永住者,41歳,2:女,43：熊本県,1
ルーマニア,35：永住者,42歳,2:女,43：熊本県,1
ルーマニア,36：日本人の配偶者等,42歳,2:女,43：熊本県,1
ルーマニア,35：永住者,43歳,2:女,43：熊本県,3
ルーマニア,35：永住者,44歳,2:女,43：熊本県,2
ルーマニア,35：永住者,45歳,2:女,43：熊本県,1
ルーマニア,35：永住者,46歳,2:女,43：熊本県,1
ルーマニア,35：永住者,48歳,2:女,43：熊本県,1
ルーマニア,36：日本人の配偶者等,48歳,2:女,43：熊本県,1
ルーマニア,35：永住者,51歳,2:女,43：熊本県,2
ルーマニア,35：永住者,54歳,2:女,43：熊本県,1
ルーマニア,35：永住者,55歳,2:女,43：熊本県,1
ルーマニア,34：特定活動,74歳,2:女,43：熊本県,1
ロシア,35：永住者,20歳,1:男,43：熊本県,1
ロシア,03：教授,31歳,1:男,43：熊本県,1
ロシア,16：技術・人文知識・国際業務,31歳,1:男,43：熊本県,1
ロシア,16：技術・人文知識・国際業務,32歳,1:男,43：熊本県,1
ロシア,16：技術・人文知識・国際業務,35歳,1:男,43：熊本県,1
ロシア,36：日本人の配偶者等,36歳,1:男,43：熊本県,1
ロシア,35：永住者,44歳,1:男,43：熊本県,1
ロシア,36：日本人の配偶者等,49歳,1:男,43：熊本県,1
ロシア,35：永住者,61歳,1:男,43：熊本県,1
ロシア,16：技術・人文知識・国際業務,26歳,2:女,43：熊本県,1
ロシア,36：日本人の配偶者等,27歳,2:女,43：熊本県,1
ロシア,35：永住者,28歳,2:女,43：熊本県,1
ロシア,16：技術・人文知識・国際業務,29歳,2:女,43：熊本県,1
ロシア,35：永住者,30歳,2:女,43：熊本県,1
ロシア,16：技術・人文知識・国際業務,31歳,2:女,43：熊本県,1
ロシア,16：技術・人文知識・国際業務,32歳,2:女,43：熊本県,1
ロシア,04：芸術,39歳,2:女,43：熊本県,1
ロシア,16：技術・人文知識・国際業務,39歳,2:女,43：熊本県,1
ロシア,35：永住者,39歳,2:女,43：熊本県,1
ロシア,35：永住者,40歳,2:女,43：熊本県,1
ロシア,36：日本人の配偶者等,40歳,2:女,43：熊本県,1
ロシア,35：永住者,43歳,2:女,43：熊本県,1
ロシア,35：永住者,48歳,2:女,43：熊本県,1
ロシア,36：日本人の配偶者等,48歳,2:女,43：熊本県,1
ロシア,34：特定活動,56歳,2:女,43：熊本県,1
ロシア,35：永住者,61歳,2:女,43：熊本県,1
ウガンダ,35：永住者,40歳,1:男,43：熊本県,1
エジプト,33：家族滞在,00歳,1:男,43：熊本県,1
エジプト,33：家族滞在,04歳,1:男,43：熊本県,2
エジプト,33：家族滞在,05歳,1:男,43：熊本県,1
エジプト,33：家族滞在,06歳,1:男,43：熊本県,1
エジプト,33：家族滞在,08歳,1:男,43：熊本県,1
エジプト,33：家族滞在,09歳,1:男,43：熊本県,1
エジプト,31：留学,32歳,1:男,43：熊本県,2
エジプト,31：留学,33歳,1:男,43：熊本県,1
エジプト,31：留学,35歳,1:男,43：熊本県,1
エジプト,33：家族滞在,35歳,1:男,43：熊本県,1
エジプト,31：留学,36歳,1:男,43：熊本県,1
エジプト,33：家族滞在,38歳,1:男,43：熊本県,1
エジプト,03：教授,40歳,1:男,43：熊本県,1
エジプト,33：家族滞在,40歳,1:男,43：熊本県,1
エジプト,07：高度専門職１号イ,41歳,1:男,43：熊本県,1
エジプト,03：教授,43歳,1:男,43：熊本県,1
エジプト,33：家族滞在,01歳,2:女,43：熊本県,2
エジプト,33：家族滞在,02歳,2:女,43：熊本県,1
エジプト,33：家族滞在,03歳,2:女,43：熊本県,1
エジプト,33：家族滞在,05歳,2:女,43：熊本県,1
エジプト,33：家族滞在,06歳,2:女,43：熊本県,1
エジプト,33：家族滞在,07歳,2:女,43：熊本県,1
エジプト,33：家族滞在,11歳,2:女,43：熊本県,1
エジプト,33：家族滞在,12歳,2:女,43：熊本県,1
エジプト,33：家族滞在,29歳,2:女,43：熊本県,1
エジプト,31：留学,30歳,2:女,43：熊本県,1
エジプト,31：留学,31歳,2:女,43：熊本県,1
エジプト,31：留学,32歳,2:女,43：熊本県,1
エジプト,33：家族滞在,32歳,2:女,43：熊本県,2
エジプト,33：家族滞在,35歳,2:女,43：熊本県,1
エジプト,31：留学,36歳,2:女,43：熊本県,1
エジプト,03：教授,38歳,2:女,43：熊本県,1
エジプト,29：文化活動,38歳,2:女,43：熊本県,1
エジプト,33：家族滞在,41歳,2:女,43：熊本県,1
エジプト,31：留学,42歳,2:女,43：熊本県,1
エチオピア,31：留学,38歳,1:男,43：熊本県,1
エチオピア,36：日本人の配偶者等,47歳,1:男,43：熊本県,1
ガーナ,33：家族滞在,00歳,1:男,43：熊本県,2
ガーナ,33：家族滞在,03歳,1:男,43：熊本県,1
ガーナ,31：留学,30歳,1:男,43：熊本県,1
ガーナ,31：留学,31歳,1:男,43：熊本県,2
ガーナ,31：留学,32歳,1:男,43：熊本県,1
ガーナ,31：留学,33歳,1:男,43：熊本県,1
ガーナ,31：留学,34歳,1:男,43：熊本県,2
ガーナ,31：留学,39歳,1:男,43：熊本県,1
ガーナ,33：家族滞在,25歳,2:女,43：熊本県,1
ガーナ,33：家族滞在,27歳,2:女,43：熊本県,1
ガーナ,33：家族滞在,28歳,2:女,43：熊本県,1
ガーナ,33：家族滞在,29歳,2:女,43：熊本県,1
ガーナ,33：家族滞在,35歳,2:女,43：熊本県,1
ガーナ,31：留学,36歳,2:女,43：熊本県,1
ガーナ,31：留学,37歳,2:女,43：熊本県,1
カメルーン,16：技術・人文知識・国際業務,39歳,1:男,43：熊本県,1
ギニア,38：定住者,15歳,1:男,43：熊本県,1
ギニア,36：日本人の配偶者等,36歳,1:男,43：熊本県,2
ケニア,31：留学,18歳,1:男,43：熊本県,1
ケニア,31：留学,25歳,1:男,43：熊本県,1
ケニア,31：留学,27歳,1:男,43：熊本県,1
ケニア,31：留学,31歳,1:男,43：熊本県,1
ケニア,31：留学,33歳,1:男,43：熊本県,1
ケニア,38：定住者,51歳,1:男,43：熊本県,1
ケニア,33：家族滞在,02歳,2:女,43：熊本県,1
ケニア,15：教育,28歳,2:女,43：熊本県,1
ザンビア,33：家族滞在,04歳,1:男,43：熊本県,1
ザンビア,33：家族滞在,06歳,2:女,43：熊本県,1
ザンビア,33：家族滞在,28歳,2:女,43：熊本県,1
ジブチ,31：留学,30歳,1:男,43：熊本県,1
ジンバブエ,33：家族滞在,34歳,1:男,43：熊本県,1
ジンバブエ,31：留学,36歳,2:女,43：熊本県,1
ジンバブエ,15：教育,37歳,2:女,43：熊本県,1
スーダン,33：家族滞在,03歳,1:男,43：熊本県,1
スーダン,33：家族滞在,09歳,1:男,43：熊本県,1
スーダン,31：留学,26歳,1:男,43：熊本県,1
スーダン,31：留学,33歳,1:男,43：熊本県,1
スーダン,38：定住者,34歳,1:男,43：熊本県,1
スーダン,31：留学,35歳,1:男,43：熊本県,1
スーダン,07：高度専門職１号イ,36歳,1:男,43：熊本県,1
スーダン,33：家族滞在,03歳,2:女,43：熊本県,1
スーダン,33：家族滞在,29歳,2:女,43：熊本県,1
スーダン,33：家族滞在,33歳,2:女,43：熊本県,1
スーダン,33：家族滞在,36歳,2:女,43：熊本県,1
セネガル,16：技術・人文知識・国際業務,27歳,1:男,43：熊本県,1
セネガル,31：留学,27歳,1:男,43：熊本県,1
セネガル,36：日本人の配偶者等,33歳,1:男,43：熊本県,1
セネガル,36：日本人の配偶者等,38歳,1:男,43：熊本県,1
セネガル,35：永住者,45歳,1:男,43：熊本県,1
セネガル,36：日本人の配偶者等,51歳,1:男,43：熊本県,1
セネガル,37：永住者の配偶者等,00歳,2:女,43：熊本県,1
セネガル,35：永住者,04歳,2:女,43：熊本県,1
セネガル,38：定住者,09歳,2:女,43：熊本県,1
セネガル,31：留学,16歳,2:女,43：熊本県,1
セネガル,35：永住者,36歳,2:女,43：熊本県,1
タンザニア,33：家族滞在,00歳,1:男,43：熊本県,1
タンザニア,33：家族滞在,04歳,1:男,43：熊本県,1
タンザニア,33：家族滞在,05歳,1:男,43：熊本県,1
タンザニア,31：留学,30歳,1:男,43：熊本県,1
タンザニア,31：留学,33歳,1:男,43：熊本県,3
タンザニア,31：留学,34歳,1:男,43：熊本県,2
タンザニア,03：教授,38歳,1:男,43：熊本県,1
タンザニア,36：日本人の配偶者等,40歳,1:男,43：熊本県,1
タンザニア,36：日本人の配偶者等,46歳,1:男,43：熊本県,1
タンザニア,33：家族滞在,01歳,2:女,43：熊本県,1
タンザニア,33：家族滞在,04歳,2:女,43：熊本県,1
タンザニア,31：留学,27歳,2:女,43：熊本県,1
タンザニア,33：家族滞在,30歳,2:女,43：熊本県,1
タンザニア,33：家族滞在,32歳,2:女,43：熊本県,1
タンザニア,33：家族滞在,35歳,2:女,43：熊本県,1
チャド,31：留学,36歳,1:男,43：熊本県,1
チュニジア,31：留学,23歳,2:女,43：熊本県,1
ナイジェリア,31：留学,27歳,1:男,43：熊本県,1
ナイジェリア,16：技術・人文知識・国際業務,33歳,1:男,43：熊本県,1
ナイジェリア,31：留学,38歳,1:男,43：熊本県,1
ナイジェリア,35：永住者,40歳,1:男,43：熊本県,1
ナイジェリア,35：永住者,45歳,1:男,43：熊本県,1
ナイジェリア,36：日本人の配偶者等,47歳,1:男,43：熊本県,1
ナイジェリア,35：永住者,52歳,1:男,43：熊本県,1
ナイジェリア,36：日本人の配偶者等,52歳,1:男,43：熊本県,1
ナイジェリア,35：永住者,55歳,1:男,43：熊本県,1
ナイジェリア,35：永住者,56歳,1:男,43：熊本県,2
ナイジェリア,33：家族滞在,38歳,2:女,43：熊本県,1
ベナン,31：留学,33歳,1:男,43：熊本県,1
マダガスカル,33：家族滞在,11歳,1:男,43：熊本県,1
マダガスカル,33：家族滞在,13歳,1:男,43：熊本県,1
マダガスカル,07：高度専門職１号イ,38歳,1:男,43：熊本県,1
マダガスカル,33：家族滞在,14歳,2:女,43：熊本県,1
マダガスカル,33：家族滞在,37歳,2:女,43：熊本県,1
マラウイ,31：留学,22歳,2:女,43：熊本県,1
マラウイ,16：技術・人文知識・国際業務,34歳,2:女,43：熊本県,1
南アフリカ共和国,15：教育,23歳,1:男,43：熊本県,1
南アフリカ共和国,15：教育,24歳,1:男,43：熊本県,1
南アフリカ共和国,15：教育,29歳,1:男,43：熊本県,2
南アフリカ共和国,15：教育,30歳,1:男,43：熊本県,1
南アフリカ共和国,16：技術・人文知識・国際業務,31歳,1:男,43：熊本県,1
南アフリカ共和国,16：技術・人文知識・国際業務,36歳,1:男,43：熊本県,1
南アフリカ共和国,35：永住者,37歳,1:男,43：熊本県,1
南アフリカ共和国,35：永住者,56歳,1:男,43：熊本県,1
南アフリカ共和国,35：永住者,69歳,1:男,43：熊本県,1
南アフリカ共和国,33：家族滞在,03歳,2:女,43：熊本県,1
南アフリカ共和国,15：教育,24歳,2:女,43：熊本県,1
南アフリカ共和国,16：技術・人文知識・国際業務,26歳,2:女,43：熊本県,1
南アフリカ共和国,16：技術・人文知識・国際業務,28歳,2:女,43：熊本県,1
南アフリカ共和国,15：教育,29歳,2:女,43：熊本県,1
南アフリカ共和国,15：教育,30歳,2:女,43：熊本県,1
南アフリカ共和国,15：教育,32歳,2:女,43：熊本県,1
南アフリカ共和国,16：技術・人文知識・国際業務,32歳,2:女,43：熊本県,2
南アフリカ共和国,16：技術・人文知識・国際業務,45歳,2:女,43：熊本県,1
モーリシャス,35：永住者,52歳,1:男,43：熊本県,1
モーリタニア,31：留学,29歳,1:男,43：熊本県,2
モーリタニア,33：家族滞在,28歳,2:女,43：熊本県,1
モロッコ,35：永住者,41歳,1:男,43：熊本県,1
モロッコ,36：日本人の配偶者等,36歳,2:女,43：熊本県,1
カナダ,36：日本人の配偶者等,24歳,1:男,43：熊本県,1
カナダ,15：教育,25歳,1:男,43：熊本県,1
カナダ,15：教育,27歳,1:男,43：熊本県,3
カナダ,16：技術・人文知識・国際業務,27歳,1:男,43：熊本県,1
カナダ,15：教育,28歳,1:男,43：熊本県,1
カナダ,16：技術・人文知識・国際業務,28歳,1:男,43：熊本県,1
カナダ,36：日本人の配偶者等,31歳,1:男,43：熊本県,1
カナダ,31：留学,32歳,1:男,43：熊本県,1
カナダ,36：日本人の配偶者等,32歳,1:男,43：熊本県,1
カナダ,16：技術・人文知識・国際業務,33歳,1:男,43：熊本県,1
カナダ,16：技術・人文知識・国際業務,34歳,1:男,43：熊本県,1
カナダ,35：永住者,34歳,1:男,43：熊本県,1
カナダ,36：日本人の配偶者等,34歳,1:男,43：熊本県,1
カナダ,38：定住者,34歳,1:男,43：熊本県,1
カナダ,15：教育,35歳,1:男,43：熊本県,1
カナダ,36：日本人の配偶者等,35歳,1:男,43：熊本県,2
カナダ,15：教育,36歳,1:男,43：熊本県,1
カナダ,36：日本人の配偶者等,37歳,1:男,43：熊本県,1
カナダ,03：教授,38歳,1:男,43：熊本県,1
カナダ,15：教育,39歳,1:男,43：熊本県,1
カナダ,36：日本人の配偶者等,39歳,1:男,43：熊本県,1
カナダ,03：教授,40歳,1:男,43：熊本県,1
カナダ,36：日本人の配偶者等,40歳,1:男,43：熊本県,1
カナダ,36：日本人の配偶者等,41歳,1:男,43：熊本県,2
カナダ,35：永住者,45歳,1:男,43：熊本県,2
カナダ,35：永住者,46歳,1:男,43：熊本県,1
カナダ,35：永住者,47歳,1:男,43：熊本県,3
カナダ,35：永住者,48歳,1:男,43：熊本県,2
カナダ,36：日本人の配偶者等,49歳,1:男,43：熊本県,1
カナダ,35：永住者,50歳,1:男,43：熊本県,1
カナダ,16：技術・人文知識・国際業務,54歳,1:男,43：熊本県,1
カナダ,36：日本人の配偶者等,54歳,1:男,43：熊本県,1
カナダ,35：永住者,55歳,1:男,43：熊本県,2
カナダ,35：永住者,56歳,1:男,43：熊本県,2
カナダ,35：永住者,59歳,1:男,43：熊本県,1
カナダ,35：永住者,60歳,1:男,43：熊本県,1
カナダ,35：永住者,62歳,1:男,43：熊本県,2
カナダ,36：日本人の配偶者等,67歳,1:男,43：熊本県,1
カナダ,35：永住者,68歳,1:男,43：熊本県,1
カナダ,36：日本人の配偶者等,80歳以上,1:男,43：熊本県,1
カナダ,15：教育,24歳,2:女,43：熊本県,1
カナダ,15：教育,27歳,2:女,43：熊本県,2
カナダ,15：教育,28歳,2:女,43：熊本県,1
カナダ,15：教育,29歳,2:女,43：熊本県,3
カナダ,15：教育,30歳,2:女,43：熊本県,2
カナダ,16：技術・人文知識・国際業務,31歳,2:女,43：熊本県,1
カナダ,36：日本人の配偶者等,35歳,2:女,43：熊本県,1
カナダ,16：技術・人文知識・国際業務,40歳,2:女,43：熊本県,1
カナダ,35：永住者,42歳,2:女,43：熊本県,1
カナダ,36：日本人の配偶者等,42歳,2:女,43：熊本県,1
カナダ,36：日本人の配偶者等,43歳,2:女,43：熊本県,1
カナダ,35：永住者,44歳,2:女,43：熊本県,1
カナダ,16：技術・人文知識・国際業務,49歳,2:女,43：熊本県,1
カナダ,35：永住者,50歳,2:女,43：熊本県,1
カナダ,35：永住者,58歳,2:女,43：熊本県,1
カナダ,36：日本人の配偶者等,58歳,2:女,43：熊本県,1
カナダ,35：永住者,72歳,2:女,43：熊本県,1
カナダ,35：永住者,77歳,2:女,43：熊本県,1
カナダ,36：日本人の配偶者等,80歳以上,2:女,43：熊本県,2
コスタリカ,36：日本人の配偶者等,25歳,1:男,43：熊本県,1
コスタリカ,36：日本人の配偶者等,62歳,1:男,43：熊本県,1
ジャマイカ,15：教育,31歳,1:男,43：熊本県,1
ジャマイカ,36：日本人の配偶者等,47歳,1:男,43：熊本県,1
ジャマイカ,33：家族滞在,53歳,1:男,43：熊本県,1
ジャマイカ,15：教育,26歳,2:女,43：熊本県,1
ジャマイカ,16：技術・人文知識・国際業務,32歳,2:女,43：熊本県,1
ジャマイカ,15：教育,33歳,2:女,43：熊本県,1
ジャマイカ,15：教育,34歳,2:女,43：熊本県,1
ジャマイカ,16：技術・人文知識・国際業務,42歳,2:女,43：熊本県,1
ジャマイカ,15：教育,49歳,2:女,43：熊本県,1
ドミニカ共和国,19：興行,21歳,1:男,43：熊本県,1
ドミニカ共和国,19：興行,27歳,1:男,43：熊本県,1
ドミニカ共和国,16：技術・人文知識・国際業務,28歳,1:男,43：熊本県,1
ドミニカ共和国,19：興行,28歳,1:男,43：熊本県,1
トリニダード・トバゴ,15：教育,30歳,1:男,43：熊本県,1
トリニダード・トバゴ,15：教育,34歳,1:男,43：熊本県,1
トリニダード・トバゴ,16：技術・人文知識・国際業務,34歳,1:男,43：熊本県,1
トリニダード・トバゴ,15：教育,25歳,2:女,43：熊本県,1
トリニダード・トバゴ,15：教育,30歳,2:女,43：熊本県,1
米国,33：家族滞在,04歳,1:男,43：熊本県,1
米国,36：日本人の配偶者等,06歳,1:男,43：熊本県,1
米国,34：特定活動,08歳,1:男,43：熊本県,1
米国,33：家族滞在,10歳,1:男,43：熊本県,1
米国,36：日本人の配偶者等,10歳,1:男,43：熊本県,1
米国,33：家族滞在,16歳,1:男,43：熊本県,1
米国,35：永住者,18歳,1:男,43：熊本県,1
米国,31：留学,21歳,1:男,43：熊本県,1
米国,15：教育,22歳,1:男,43：熊本県,1
米国,35：永住者,22歳,1:男,43：熊本県,1
米国,15：教育,23歳,1:男,43：熊本県,6
米国,16：技術・人文知識・国際業務,23歳,1:男,43：熊本県,1
米国,31：留学,23歳,1:男,43：熊本県,1
米国,36：日本人の配偶者等,23歳,1:男,43：熊本県,1
米国,15：教育,24歳,1:男,43：熊本県,7
米国,36：日本人の配偶者等,24歳,1:男,43：熊本県,1
米国,15：教育,25歳,1:男,43：熊本県,7
米国,31：留学,25歳,1:男,43：熊本県,1
米国,15：教育,26歳,1:男,43：熊本県,6
米国,16：技術・人文知識・国際業務,26歳,1:男,43：熊本県,1
米国,15：教育,27歳,1:男,43：熊本県,5
米国,16：技術・人文知識・国際業務,27歳,1:男,43：熊本県,1
米国,36：日本人の配偶者等,27歳,1:男,43：熊本県,1
米国,15：教育,28歳,1:男,43：熊本県,6
米国,16：技術・人文知識・国際業務,28歳,1:男,43：熊本県,1
米国,15：教育,29歳,1:男,43：熊本県,4
米国,16：技術・人文知識・国際業務,29歳,1:男,43：熊本県,1
米国,17：企業内転勤,29歳,1:男,43：熊本県,1
米国,33：家族滞在,29歳,1:男,43：熊本県,1
米国,36：日本人の配偶者等,29歳,1:男,43：熊本県,1
米国,15：教育,30歳,1:男,43：熊本県,2
米国,16：技術・人文知識・国際業務,30歳,1:男,43：熊本県,1
米国,36：日本人の配偶者等,30歳,1:男,43：熊本県,2
米国,15：教育,31歳,1:男,43：熊本県,5
米国,16：技術・人文知識・国際業務,31歳,1:男,43：熊本県,1
米国,36：日本人の配偶者等,31歳,1:男,43：熊本県,2
米国,08：高度専門職１号ロ,32歳,1:男,43：熊本県,1
米国,15：教育,32歳,1:男,43：熊本県,3
米国,16：技術・人文知識・国際業務,32歳,1:男,43：熊本県,1
米国,36：日本人の配偶者等,33歳,1:男,43：熊本県,1
米国,11：経営・管理,35歳,1:男,43：熊本県,1
米国,15：教育,35歳,1:男,43：熊本県,2
米国,19：興行,35歳,1:男,43：熊本県,1
米国,35：永住者,35歳,1:男,43：熊本県,2
米国,36：日本人の配偶者等,35歳,1:男,43：熊本県,5
米国,15：教育,36歳,1:男,43：熊本県,1
米国,16：技術・人文知識・国際業務,36歳,1:男,43：熊本県,2
米国,19：興行,36歳,1:男,43：熊本県,1
米国,36：日本人の配偶者等,36歳,1:男,43：熊本県,3
米国,16：技術・人文知識・国際業務,37歳,1:男,43：熊本県,1
米国,35：永住者,37歳,1:男,43：熊本県,1
米国,36：日本人の配偶者等,37歳,1:男,43：熊本県,2
米国,36：日本人の配偶者等,38歳,1:男,43：熊本県,2
米国,15：教育,39歳,1:男,43：熊本県,1
米国,35：永住者,39歳,1:男,43：熊本県,2
米国,36：日本人の配偶者等,39歳,1:男,43：熊本県,2
米国,35：永住者,40歳,1:男,43：熊本県,1
米国,36：日本人の配偶者等,40歳,1:男,43：熊本県,2
米国,16：技術・人文知識・国際業務,41歳,1:男,43：熊本県,1
米国,35：永住者,41歳,1:男,43：熊本県,2
米国,36：日本人の配偶者等,41歳,1:男,43：熊本県,5
米国,35：永住者,42歳,1:男,43：熊本県,4
米国,36：日本人の配偶者等,42歳,1:男,43：熊本県,2
米国,05：宗教,43歳,1:男,43：熊本県,1
米国,35：永住者,43歳,1:男,43：熊本県,3
米国,36：日本人の配偶者等,43歳,1:男,43：熊本県,1
米国,35：永住者,44歳,1:男,43：熊本県,2
米国,35：永住者,45歳,1:男,43：熊本県,1
米国,36：日本人の配偶者等,45歳,1:男,43：熊本県,2
米国,16：技術・人文知識・国際業務,46歳,1:男,43：熊本県,1
米国,35：永住者,46歳,1:男,43：熊本県,3
米国,36：日本人の配偶者等,46歳,1:男,43：熊本県,4
米国,03：教授,47歳,1:男,43：熊本県,1
米国,36：日本人の配偶者等,47歳,1:男,43：熊本県,2
米国,35：永住者,48歳,1:男,43：熊本県,2
米国,36：日本人の配偶者等,48歳,1:男,43：熊本県,2
米国,35：永住者,49歳,1:男,43：熊本県,3
米国,36：日本人の配偶者等,49歳,1:男,43：熊本県,1
米国,35：永住者,50歳,1:男,43：熊本県,3
米国,36：日本人の配偶者等,50歳,1:男,43：熊本県,1
米国,35：永住者,51歳,1:男,43：熊本県,3
米国,35：永住者,52歳,1:男,43：熊本県,3
米国,35：永住者,53歳,1:男,43：熊本県,4
米国,36：日本人の配偶者等,53歳,1:男,43：熊本県,1
米国,35：永住者,54歳,1:男,43：熊本県,3
米国,35：永住者,55歳,1:男,43：熊本県,5
米国,36：日本人の配偶者等,55歳,1:男,43：熊本県,2
米国,35：永住者,56歳,1:男,43：熊本県,2
米国,36：日本人の配偶者等,56歳,1:男,43：熊本県,3
米国,35：永住者,57歳,1:男,43：熊本県,1
米国,36：日本人の配偶者等,57歳,1:男,43：熊本県,1
米国,35：永住者,58歳,1:男,43：熊本県,3
米国,35：永住者,59歳,1:男,43：熊本県,2
米国,36：日本人の配偶者等,59歳,1:男,43：熊本県,1
米国,35：永住者,60歳,1:男,43：熊本県,2
米国,05：宗教,61歳,1:男,43：熊本県,1
米国,35：永住者,61歳,1:男,43：熊本県,4
米国,36：日本人の配偶者等,61歳,1:男,43：熊本県,1
米国,38：定住者,61歳,1:男,43：熊本県,1
米国,35：永住者,62歳,1:男,43：熊本県,3
米国,35：永住者,63歳,1:男,43：熊本県,2
米国,36：日本人の配偶者等,63歳,1:男,43：熊本県,2
米国,03：教授,64歳,1:男,43：熊本県,1
米国,35：永住者,64歳,1:男,43：熊本県,1
米国,36：日本人の配偶者等,64歳,1:男,43：熊本県,2
米国,03：教授,65歳,1:男,43：熊本県,1
米国,36：日本人の配偶者等,65歳,1:男,43：熊本県,1
米国,35：永住者,66歳,1:男,43：熊本県,3
米国,36：日本人の配偶者等,66歳,1:男,43：熊本県,1
米国,35：永住者,67歳,1:男,43：熊本県,4
米国,36：日本人の配偶者等,67歳,1:男,43：熊本県,1
米国,35：永住者,68歳,1:男,43：熊本県,1
米国,35：永住者,69歳,1:男,43：熊本県,1
米国,36：日本人の配偶者等,69歳,1:男,43：熊本県,4
米国,19：興行,70歳,1:男,43：熊本県,1
米国,35：永住者,71歳,1:男,43：熊本県,3
米国,36：日本人の配偶者等,71歳,1:男,43：熊本県,1
米国,35：永住者,72歳,1:男,43：熊本県,1
米国,35：永住者,73歳,1:男,43：熊本県,1
米国,35：永住者,77歳,1:男,43：熊本県,2
米国,35：永住者,78歳,1:男,43：熊本県,1
米国,35：永住者,79歳,1:男,43：熊本県,1
米国,36：日本人の配偶者等,80歳以上,1:男,43：熊本県,2
米国,33：家族滞在,01歳,2:女,43：熊本県,2
米国,33：家族滞在,02歳,2:女,43：熊本県,1
米国,33：家族滞在,03歳,2:女,43：熊本県,1
米国,33：家族滞在,04歳,2:女,43：熊本県,1
米国,33：家族滞在,08歳,2:女,43：熊本県,2
米国,35：永住者,08歳,2:女,43：熊本県,1
米国,35：永住者,09歳,2:女,43：熊本県,1
米国,33：家族滞在,13歳,2:女,43：熊本県,1
米国,36：日本人の配偶者等,13歳,2:女,43：熊本県,1
米国,35：永住者,14歳,2:女,43：熊本県,1
米国,36：日本人の配偶者等,15歳,2:女,43：熊本県,1
米国,35：永住者,16歳,2:女,43：熊本県,1
米国,33：家族滞在,17歳,2:女,43：熊本県,1
米国,33：家族滞在,18歳,2:女,43：熊本県,1
米国,35：永住者,18歳,2:女,43：熊本県,1
米国,35：永住者,21歳,2:女,43：熊本県,2
米国,15：教育,22歳,2:女,43：熊本県,2
米国,31：留学,22歳,2:女,43：熊本県,1
米国,15：教育,23歳,2:女,43：熊本県,8
米国,36：日本人の配偶者等,23歳,2:女,43：熊本県,1
米国,15：教育,24歳,2:女,43：熊本県,8
米国,15：教育,25歳,2:女,43：熊本県,6
米国,16：技術・人文知識・国際業務,25歳,2:女,43：熊本県,1
米国,33：家族滞在,25歳,2:女,43：熊本県,1
米国,15：教育,26歳,2:女,43：熊本県,8
米国,16：技術・人文知識・国際業務,26歳,2:女,43：熊本県,2
米国,33：家族滞在,26歳,2:女,43：熊本県,1
米国,15：教育,27歳,2:女,43：熊本県,3
米国,36：日本人の配偶者等,27歳,2:女,43：熊本県,1
米国,04：芸術,28歳,2:女,43：熊本県,1
米国,15：教育,28歳,2:女,43：熊本県,6
米国,15：教育,29歳,2:女,43：熊本県,2
米国,16：技術・人文知識・国際業務,29歳,2:女,43：熊本県,3
米国,15：教育,30歳,2:女,43：熊本県,5
米国,36：日本人の配偶者等,30歳,2:女,43：熊本県,1
米国,05：宗教,31歳,2:女,43：熊本県,1
米国,16：技術・人文知識・国際業務,31歳,2:女,43：熊本県,1
米国,03：教授,32歳,2:女,43：熊本県,1
米国,15：教育,32歳,2:女,43：熊本県,2
米国,36：日本人の配偶者等,32歳,2:女,43：熊本県,1
米国,15：教育,33歳,2:女,43：熊本県,1
米国,36：日本人の配偶者等,33歳,2:女,43：熊本県,1
米国,15：教育,34歳,2:女,43：熊本県,3
米国,33：家族滞在,35歳,2:女,43：熊本県,1
米国,19：興行,36歳,2:女,43：熊本県,1
米国,35：永住者,36歳,2:女,43：熊本県,1
米国,36：日本人の配偶者等,36歳,2:女,43：熊本県,2
米国,15：教育,37歳,2:女,43：熊本県,1
米国,35：永住者,38歳,2:女,43：熊本県,1
米国,36：日本人の配偶者等,38歳,2:女,43：熊本県,1
米国,35：永住者,39歳,2:女,43：熊本県,1
米国,36：日本人の配偶者等,39歳,2:女,43：熊本県,2
米国,15：教育,40歳,2:女,43：熊本県,1
米国,36：日本人の配偶者等,40歳,2:女,43：熊本県,3
米国,35：永住者,43歳,2:女,43：熊本県,1
米国,16：技術・人文知識・国際業務,44歳,2:女,43：熊本県,1
米国,05：宗教,46歳,2:女,43：熊本県,1
米国,15：教育,47歳,2:女,43：熊本県,1
米国,35：永住者,47歳,2:女,43：熊本県,1
米国,35：永住者,49歳,2:女,43：熊本県,1
米国,36：日本人の配偶者等,50歳,2:女,43：熊本県,1
米国,38：定住者,50歳,2:女,43：熊本県,1
米国,37：永住者の配偶者等,51歳,2:女,43：熊本県,1
米国,35：永住者,52歳,2:女,43：熊本県,2
米国,35：永住者,53歳,2:女,43：熊本県,2
米国,35：永住者,55歳,2:女,43：熊本県,1
米国,35：永住者,58歳,2:女,43：熊本県,3
米国,35：永住者,59歳,2:女,43：熊本県,2
米国,05：宗教,60歳,2:女,43：熊本県,1
米国,35：永住者,60歳,2:女,43：熊本県,1
米国,35：永住者,62歳,2:女,43：熊本県,1
米国,36：日本人の配偶者等,62歳,2:女,43：熊本県,1
米国,15：教育,64歳,2:女,43：熊本県,1
米国,35：永住者,64歳,2:女,43：熊本県,3
米国,35：永住者,65歳,2:女,43：熊本県,1
米国,36：日本人の配偶者等,65歳,2:女,43：熊本県,1
米国,35：永住者,67歳,2:女,43：熊本県,3
米国,35：永住者,68歳,2:女,43：熊本県,1
米国,35：永住者,69歳,2:女,43：熊本県,1
米国,35：永住者,73歳,2:女,43：熊本県,2
米国,36：日本人の配偶者等,73歳,2:女,43：熊本県,1
米国,35：永住者,74歳,2:女,43：熊本県,1
米国,36：日本人の配偶者等,74歳,2:女,43：熊本県,1
米国,36：日本人の配偶者等,78歳,2:女,43：熊本県,1
米国,36：日本人の配偶者等,79歳,2:女,43：熊本県,1
米国,34：特定活動,80歳以上,2:女,43：熊本県,2
米国,35：永住者,80歳以上,2:女,43：熊本県,6
米国,36：日本人の配偶者等,80歳以上,2:女,43：熊本県,3
ベリーズ,35：永住者,41歳,1:男,43：熊本県,1
メキシコ,36：日本人の配偶者等,35歳,1:男,43：熊本県,1
メキシコ,35：永住者,38歳,1:男,43：熊本県,1
メキシコ,35：永住者,41歳,1:男,43：熊本県,1
メキシコ,35：永住者,43歳,1:男,43：熊本県,1
メキシコ,36：日本人の配偶者等,54歳,1:男,43：熊本県,1
メキシコ,35：永住者,56歳,1:男,43：熊本県,1
メキシコ,38：定住者,60歳,1:男,43：熊本県,1
メキシコ,38：定住者,05歳,2:女,43：熊本県,1
メキシコ,36：日本人の配偶者等,25歳,2:女,43：熊本県,1
メキシコ,36：日本人の配偶者等,27歳,2:女,43：熊本県,1
メキシコ,36：日本人の配偶者等,31歳,2:女,43：熊本県,1
メキシコ,35：永住者,34歳,2:女,43：熊本県,1
メキシコ,35：永住者,51歳,2:女,43：熊本県,1
メキシコ,38：定住者,58歳,2:女,43：熊本県,1
アルゼンチン,15：教育,35歳,1:男,43：熊本県,1
アルゼンチン,35：永住者,43歳,1:男,43：熊本県,1
アルゼンチン,35：永住者,46歳,1:男,43：熊本県,1
アルゼンチン,36：日本人の配偶者等,30歳,2:女,43：熊本県,1
ウルグアイ,35：永住者,58歳,1:男,43：熊本県,1
エクアドル,29：文化活動,39歳,2:女,43：熊本県,1
コロンビア,36：日本人の配偶者等,32歳,1:男,43：熊本県,1
コロンビア,35：永住者,43歳,1:男,43：熊本県,1
チリ,38：定住者,56歳,1:男,43：熊本県,1
チリ,38：定住者,57歳,2:女,43：熊本県,1
パラグアイ,38：定住者,33歳,1:男,43：熊本県,1
ブラジル,38：定住者,15歳,1:男,43：熊本県,1
ブラジル,19：興行,21歳,1:男,43：熊本県,1
ブラジル,38：定住者,21歳,1:男,43：熊本県,1
ブラジル,38：定住者,22歳,1:男,43：熊本県,1
ブラジル,35：永住者,26歳,1:男,43：熊本県,1
ブラジル,35：永住者,27歳,1:男,43：熊本県,1
ブラジル,38：定住者,27歳,1:男,43：熊本県,1
ブラジル,35：永住者,30歳,1:男,43：熊本県,1
ブラジル,04：芸術,31歳,1:男,43：熊本県,1
ブラジル,35：永住者,33歳,1:男,43：熊本県,1
ブラジル,38：定住者,34歳,1:男,43：熊本県,2
ブラジル,35：永住者,35歳,1:男,43：熊本県,1
ブラジル,04：芸術,36歳,1:男,43：熊本県,1
ブラジル,38：定住者,37歳,1:男,43：熊本県,1
ブラジル,35：永住者,38歳,1:男,43：熊本県,1
ブラジル,38：定住者,38歳,1:男,43：熊本県,1
ブラジル,35：永住者,41歳,1:男,43：熊本県,1
ブラジル,35：永住者,42歳,1:男,43：熊本県,1
ブラジル,38：定住者,42歳,1:男,43：熊本県,1
ブラジル,38：定住者,43歳,1:男,43：熊本県,1
ブラジル,38：定住者,44歳,1:男,43：熊本県,2
ブラジル,35：永住者,45歳,1:男,43：熊本県,1
ブラジル,35：永住者,47歳,1:男,43：熊本県,1
ブラジル,36：日本人の配偶者等,47歳,1:男,43：熊本県,1
ブラジル,35：永住者,48歳,1:男,43：熊本県,4
ブラジル,36：日本人の配偶者等,50歳,1:男,43：熊本県,1
ブラジル,35：永住者,51歳,1:男,43：熊本県,1
ブラジル,38：定住者,51歳,1:男,43：熊本県,1
ブラジル,36：日本人の配偶者等,52歳,1:男,43：熊本県,1
ブラジル,35：永住者,54歳,1:男,43：熊本県,1
ブラジル,35：永住者,55歳,1:男,43：熊本県,1
ブラジル,36：日本人の配偶者等,55歳,1:男,43：熊本県,1
ブラジル,38：定住者,55歳,1:男,43：熊本県,1
ブラジル,29：文化活動,58歳,1:男,43：熊本県,1
ブラジル,35：永住者,58歳,1:男,43：熊本県,1
ブラジル,36：日本人の配偶者等,58歳,1:男,43：熊本県,1
ブラジル,35：永住者,61歳,1:男,43：熊本県,1
ブラジル,35：永住者,73歳,1:男,43：熊本県,1
ブラジル,35：永住者,80歳以上,1:男,43：熊本県,1
ブラジル,38：定住者,01歳,2:女,43：熊本県,1
ブラジル,37：永住者の配偶者等,04歳,2:女,43：熊本県,1
ブラジル,38：定住者,09歳,2:女,43：熊本県,2
ブラジル,38：定住者,10歳,2:女,43：熊本県,1
ブラジル,35：永住者,19歳,2:女,43：熊本県,1
ブラジル,35：永住者,24歳,2:女,43：熊本県,1
ブラジル,35：永住者,25歳,2:女,43：熊本県,1
ブラジル,36：日本人の配偶者等,26歳,2:女,43：熊本県,1
ブラジル,35：永住者,27歳,2:女,43：熊本県,1
ブラジル,35：永住者,28歳,2:女,43：熊本県,1
ブラジル,38：定住者,32歳,2:女,43：熊本県,1
ブラジル,36：日本人の配偶者等,34歳,2:女,43：熊本県,1
ブラジル,38：定住者,35歳,2:女,43：熊本県,2
ブラジル,35：永住者,36歳,2:女,43：熊本県,1
ブラジル,35：永住者,39歳,2:女,43：熊本県,1
ブラジル,38：定住者,39歳,2:女,43：熊本県,1
ブラジル,35：永住者,44歳,2:女,43：熊本県,1
ブラジル,35：永住者,46歳,2:女,43：熊本県,1
ブラジル,38：定住者,46歳,2:女,43：熊本県,1
ブラジル,35：永住者,48歳,2:女,43：熊本県,1
ブラジル,38：定住者,48歳,2:女,43：熊本県,1
ブラジル,36：日本人の配偶者等,51歳,2:女,43：熊本県,2
ブラジル,35：永住者,52歳,2:女,43：熊本県,1
ブラジル,38：定住者,52歳,2:女,43：熊本県,1
ブラジル,35：永住者,53歳,2:女,43：熊本県,1
ブラジル,35：永住者,54歳,2:女,43：熊本県,1
ブラジル,35：永住者,55歳,2:女,43：熊本県,1
ブラジル,35：永住者,56歳,2:女,43：熊本県,2
ブラジル,35：永住者,58歳,2:女,43：熊本県,1
ブラジル,35：永住者,59歳,2:女,43：熊本県,1
ブラジル,35：永住者,64歳,2:女,43：熊本県,1
ブラジル,35：永住者,66歳,2:女,43：熊本県,1
ブラジル,35：永住者,67歳,2:女,43：熊本県,1
ブラジル,35：永住者,68歳,2:女,43：熊本県,1
ブラジル,36：日本人の配偶者等,68歳,2:女,43：熊本県,1
ブラジル,35：永住者,71歳,2:女,43：熊本県,1
ブラジル,35：永住者,72歳,2:女,43：熊本県,1
ブラジル,35：永住者,74歳,2:女,43：熊本県,1
ブラジル,35：永住者,76歳,2:女,43：熊本県,1
ブラジル,35：永住者,80歳以上,2:女,43：熊本県,1
ベネズエラ,36：日本人の配偶者等,29歳,1:男,43：熊本県,1
ベネズエラ,36：日本人の配偶者等,41歳,1:男,43：熊本県,1
ベネズエラ,35：永住者,57歳,1:男,43：熊本県,1
ベネズエラ,33：家族滞在,30歳,2:女,43：熊本県,1
ベネズエラ,38：定住者,30歳,2:女,43：熊本県,1
ペルー,37：永住者の配偶者等,45歳,1:男,43：熊本県,1
ペルー,35：永住者,49歳,1:男,43：熊本県,1
ペルー,35：永住者,51歳,1:男,43：熊本県,1
ペルー,38：定住者,54歳,1:男,43：熊本県,1
ペルー,35：永住者,60歳,1:男,43：熊本県,1
ペルー,35：永住者,65歳,1:男,43：熊本県,1
ペルー,31：留学,28歳,2:女,43：熊本県,1
ペルー,35：永住者,31歳,2:女,43：熊本県,1
ペルー,38：定住者,35歳,2:女,43：熊本県,1
ペルー,35：永住者,52歳,2:女,43：熊本県,2
ボリビア,36：日本人の配偶者等,28歳,1:男,43：熊本県,1
オーストラリア,33：家族滞在,05歳,1:男,43：熊本県,1
オーストラリア,31：留学,22歳,1:男,43：熊本県,1
オーストラリア,04：芸術,23歳,1:男,43：熊本県,1
オーストラリア,15：教育,23歳,1:男,43：熊本県,1
オーストラリア,31：留学,24歳,1:男,43：熊本県,1
オーストラリア,36：日本人の配偶者等,25歳,1:男,43：熊本県,1
オーストラリア,15：教育,27歳,1:男,43：熊本県,1
オーストラリア,16：技術・人文知識・国際業務,28歳,1:男,43：熊本県,1
オーストラリア,31：留学,28歳,1:男,43：熊本県,1
オーストラリア,15：教育,30歳,1:男,43：熊本県,1
オーストラリア,35：永住者,30歳,1:男,43：熊本県,1
オーストラリア,36：日本人の配偶者等,30歳,1:男,43：熊本県,2
オーストラリア,11：経営・管理,33歳,1:男,43：熊本県,1
オーストラリア,15：教育,33歳,1:男,43：熊本県,1
オーストラリア,35：永住者,33歳,1:男,43：熊本県,1
オーストラリア,36：日本人の配偶者等,35歳,1:男,43：熊本県,1
オーストラリア,15：教育,36歳,1:男,43：熊本県,1
オーストラリア,36：日本人の配偶者等,36歳,1:男,43：熊本県,2
オーストラリア,03：教授,38歳,1:男,43：熊本県,1
オーストラリア,35：永住者,38歳,1:男,43：熊本県,1
オーストラリア,36：日本人の配偶者等,38歳,1:男,43：熊本県,1
オーストラリア,36：日本人の配偶者等,39歳,1:男,43：熊本県,1
オーストラリア,35：永住者,41歳,1:男,43：熊本県,1
オーストラリア,36：日本人の配偶者等,41歳,1:男,43：熊本県,2
オーストラリア,35：永住者,44歳,1:男,43：熊本県,1
オーストラリア,36：日本人の配偶者等,44歳,1:男,43：熊本県,1
オーストラリア,15：教育,45歳,1:男,43：熊本県,1
オーストラリア,31：留学,45歳,1:男,43：熊本県,1
オーストラリア,35：永住者,45歳,1:男,43：熊本県,1
オーストラリア,35：永住者,47歳,1:男,43：熊本県,1
オーストラリア,35：永住者,48歳,1:男,43：熊本県,1
オーストラリア,36：日本人の配偶者等,48歳,1:男,43：熊本県,1
オーストラリア,35：永住者,49歳,1:男,43：熊本県,1
オーストラリア,35：永住者,50歳,1:男,43：熊本県,1
オーストラリア,03：教授,51歳,1:男,43：熊本県,1
オーストラリア,35：永住者,51歳,1:男,43：熊本県,1
オーストラリア,35：永住者,52歳,1:男,43：熊本県,2
オーストラリア,35：永住者,53歳,1:男,43：熊本県,1
オーストラリア,35：永住者,55歳,1:男,43：熊本県,1
オーストラリア,35：永住者,60歳,1:男,43：熊本県,1
オーストラリア,35：永住者,62歳,1:男,43：熊本県,1
オーストラリア,36：日本人の配偶者等,66歳,1:男,43：熊本県,1
オーストラリア,35：永住者,68歳,1:男,43：熊本県,1
オーストラリア,36：日本人の配偶者等,70歳,1:男,43：熊本県,1
オーストラリア,38：定住者,70歳,1:男,43：熊本県,1
オーストラリア,35：永住者,74歳,1:男,43：熊本県,1
オーストラリア,35：永住者,75歳,1:男,43：熊本県,1
オーストラリア,34：特定活動,79歳,1:男,43：熊本県,1
オーストラリア,36：日本人の配偶者等,79歳,1:男,43：熊本県,1
オーストラリア,33：家族滞在,02歳,2:女,43：熊本県,1
オーストラリア,31：留学,18歳,2:女,43：熊本県,2
オーストラリア,31：留学,22歳,2:女,43：熊本県,1
オーストラリア,15：教育,25歳,2:女,43：熊本県,1
オーストラリア,15：教育,28歳,2:女,43：熊本県,1
オーストラリア,15：教育,29歳,2:女,43：熊本県,1
オーストラリア,36：日本人の配偶者等,33歳,2:女,43：熊本県,1
オーストラリア,33：家族滞在,37歳,2:女,43：熊本県,1
オーストラリア,15：教育,40歳,2:女,43：熊本県,1
オーストラリア,35：永住者,45歳,2:女,43：熊本県,1
オーストラリア,35：永住者,60歳,2:女,43：熊本県,1
オーストラリア,36：日本人の配偶者等,63歳,2:女,43：熊本県,1
オーストラリア,35：永住者,64歳,2:女,43：熊本県,1
オーストラリア,35：永住者,66歳,2:女,43：熊本県,1
オーストラリア,36：日本人の配偶者等,71歳,2:女,43：熊本県,1
サモア,31：留学,37歳,1:男,43：熊本県,1
トンガ,35：永住者,08歳,1:男,43：熊本県,1
トンガ,35：永住者,15歳,1:男,43：熊本県,2
トンガ,35：永住者,41歳,1:男,43：熊本県,1
トンガ,35：永住者,11歳,2:女,43：熊本県,1
トンガ,35：永住者,41歳,2:女,43：熊本県,1
ニュージーランド,31：留学,22歳,1:男,43：熊本県,1
ニュージーランド,15：教育,24歳,1:男,43：熊本県,1
ニュージーランド,15：教育,25歳,1:男,43：熊本県,1
ニュージーランド,15：教育,26歳,1:男,43：熊本県,2
ニュージーランド,15：教育,28歳,1:男,43：熊本県,1
ニュージーランド,16：技術・人文知識・国際業務,29歳,1:男,43：熊本県,1
ニュージーランド,36：日本人の配偶者等,32歳,1:男,43：熊本県,1
ニュージーランド,36：日本人の配偶者等,33歳,1:男,43：熊本県,1
ニュージーランド,15：教育,35歳,1:男,43：熊本県,1
ニュージーランド,35：永住者,36歳,1:男,43：熊本県,1
ニュージーランド,35：永住者,42歳,1:男,43：熊本県,1
ニュージーランド,35：永住者,45歳,1:男,43：熊本県,1
ニュージーランド,35：永住者,46歳,1:男,43：熊本県,1
ニュージーランド,36：日本人の配偶者等,47歳,1:男,43：熊本県,1
ニュージーランド,15：教育,49歳,1:男,43：熊本県,1
ニュージーランド,35：永住者,49歳,1:男,43：熊本県,1
ニュージーランド,36：日本人の配偶者等,51歳,1:男,43：熊本県,1
ニュージーランド,15：教育,22歳,2:女,43：熊本県,1
ニュージーランド,15：教育,25歳,2:女,43：熊本県,1
バヌアツ,31：留学,37歳,1:男,43：熊本県,1
パラオ,16：技術・人文知識・国際業務,28歳,1:男,43：熊本県,1
フィジー,36：日本人の配偶者等,34歳,1:男,43：熊本県,1
無国籍,36：日本人の配偶者等,59歳,1:男,43：熊本県,1
無国籍,35：永住者,75歳,1:男,43：熊本県,1
無国籍,35：永住者,39歳,2:女,43：熊本県,1
無国籍,35：永住者,80歳以上,2:女,43：熊本県,1
