市区町村コード,市区町村,都道府県,国籍・地域,在留資格,在留外国人数
43101,熊本市中央区,43：熊本県,アフガニスタン,31：留学,4
43101,熊本市中央区,43：熊本県,アフガニスタン,33：家族滞在,7
43101,熊本市中央区,43：熊本県,アフガニスタン,34：特定活動,6
43101,熊本市中央区,43：熊本県,アフガニスタン,38：定住者,3
43101,熊本市中央区,43：熊本県,イラン,31：留学,5
43101,熊本市中央区,43：熊本県,インド,03：教授,5
43101,熊本市中央区,43：熊本県,インド,16：技術・人文知識・国際業務,5
43101,熊本市中央区,43：熊本県,インド,20：技能,3
43101,熊本市中央区,43：熊本県,インド,29：文化活動,1
43101,熊本市中央区,43：熊本県,インド,31：留学,3
43101,熊本市中央区,43：熊本県,インド,33：家族滞在,3
43101,熊本市中央区,43：熊本県,インド,35：永住者,3
43101,熊本市中央区,43：熊本県,インドネシア,16：技術・人文知識・国際業務,8
43101,熊本市中央区,43：熊本県,インドネシア,21：特定技能１号,19
43101,熊本市中央区,43：熊本県,インドネシア,24：技能実習１号ロ,32
43101,熊本市中央区,43：熊本県,インドネシア,26：技能実習２号ロ,50
43101,熊本市中央区,43：熊本県,インドネシア,28：技能実習３号ロ,2
43101,熊本市中央区,43：熊本県,インドネシア,31：留学,35
43101,熊本市中央区,43：熊本県,インドネシア,33：家族滞在,12
43101,熊本市中央区,43：熊本県,インドネシア,34：特定活動,2
43101,熊本市中央区,43：熊本県,インドネシア,35：永住者,4
43101,熊本市中央区,43：熊本県,インドネシア,36：日本人の配偶者等,1
43101,熊本市中央区,43：熊本県,オマーン,31：留学,1
43101,熊本市中央区,43：熊本県,韓国,03：教授,4
43101,熊本市中央区,43：熊本県,韓国,05：宗教,2
43101,熊本市中央区,43：熊本県,韓国,08：高度専門職１号ロ,1
43101,熊本市中央区,43：熊本県,韓国,11：経営・管理,1
43101,熊本市中央区,43：熊本県,韓国,13：医療,1
43101,熊本市中央区,43：熊本県,韓国,16：技術・人文知識・国際業務,57
43101,熊本市中央区,43：熊本県,韓国,17：企業内転勤,5
43101,熊本市中央区,43：熊本県,韓国,18：介護,1
43101,熊本市中央区,43：熊本県,韓国,19：興行,1
43101,熊本市中央区,43：熊本県,韓国,29：文化活動,2
43101,熊本市中央区,43：熊本県,韓国,31：留学,32
43101,熊本市中央区,43：熊本県,韓国,33：家族滞在,17
43101,熊本市中央区,43：熊本県,韓国,34：特定活動,6
43101,熊本市中央区,43：熊本県,韓国,35：永住者,71
43101,熊本市中央区,43：熊本県,韓国,36：日本人の配偶者等,14
43101,熊本市中央区,43：熊本県,韓国,38：定住者,9
43101,熊本市中央区,43：熊本県,韓国,39：特別永住者,97
43101,熊本市中央区,43：熊本県,（朝鮮）,39：特別永住者,4
43101,熊本市中央区,43：熊本県,カンボジア,26：技能実習２号ロ,4
43101,熊本市中央区,43：熊本県,カンボジア,28：技能実習３号ロ,2
43101,熊本市中央区,43：熊本県,シンガポール,15：教育,1
43101,熊本市中央区,43：熊本県,シンガポール,36：日本人の配偶者等,2
43101,熊本市中央区,43：熊本県,スリランカ,16：技術・人文知識・国際業務,7
43101,熊本市中央区,43：熊本県,スリランカ,20：技能,16
43101,熊本市中央区,43：熊本県,スリランカ,21：特定技能１号,3
43101,熊本市中央区,43：熊本県,スリランカ,24：技能実習１号ロ,4
43101,熊本市中央区,43：熊本県,スリランカ,26：技能実習２号ロ,3
43101,熊本市中央区,43：熊本県,スリランカ,31：留学,9
43101,熊本市中央区,43：熊本県,スリランカ,33：家族滞在,3
43101,熊本市中央区,43：熊本県,スリランカ,35：永住者,8
43101,熊本市中央区,43：熊本県,スリランカ,38：定住者,1
43101,熊本市中央区,43：熊本県,タイ,03：教授,1
43101,熊本市中央区,43：熊本県,タイ,11：経営・管理,1
43101,熊本市中央区,43：熊本県,タイ,16：技術・人文知識・国際業務,9
43101,熊本市中央区,43：熊本県,タイ,17：企業内転勤,2
43101,熊本市中央区,43：熊本県,タイ,20：技能,1
43101,熊本市中央区,43：熊本県,タイ,31：留学,18
43101,熊本市中央区,43：熊本県,タイ,35：永住者,5
43101,熊本市中央区,43：熊本県,タイ,36：日本人の配偶者等,6
43101,熊本市中央区,43：熊本県,タイ,38：定住者,1
43101,熊本市中央区,43：熊本県,台湾,08：高度専門職１号ロ,57
43101,熊本市中央区,43：熊本県,台湾,09：高度専門職１号ハ,1
43101,熊本市中央区,43：熊本県,台湾,11：経営・管理,3
43101,熊本市中央区,43：熊本県,台湾,16：技術・人文知識・国際業務,125
43101,熊本市中央区,43：熊本県,台湾,17：企業内転勤,58
43101,熊本市中央区,43：熊本県,台湾,31：留学,15
43101,熊本市中央区,43：熊本県,台湾,33：家族滞在,54
43101,熊本市中央区,43：熊本県,台湾,34：特定活動,10
43101,熊本市中央区,43：熊本県,台湾,35：永住者,29
43101,熊本市中央区,43：熊本県,台湾,36：日本人の配偶者等,8
43101,熊本市中央区,43：熊本県,台湾,37：永住者の配偶者等,1
43101,熊本市中央区,43：熊本県,台湾,38：定住者,4
43101,熊本市中央区,43：熊本県,中国,03：教授,12
43101,熊本市中央区,43：熊本県,中国,05：宗教,2
43101,熊本市中央区,43：熊本県,中国,07：高度専門職１号イ,5
43101,熊本市中央区,43：熊本県,中国,08：高度専門職１号ロ,7
43101,熊本市中央区,43：熊本県,中国,10：高度専門職２号,1
43101,熊本市中央区,43：熊本県,中国,11：経営・管理,10
43101,熊本市中央区,43：熊本県,中国,16：技術・人文知識・国際業務,90
43101,熊本市中央区,43：熊本県,中国,17：企業内転勤,1
43101,熊本市中央区,43：熊本県,中国,18：介護,2
43101,熊本市中央区,43：熊本県,中国,20：技能,7
43101,熊本市中央区,43：熊本県,中国,21：特定技能１号,8
43101,熊本市中央区,43：熊本県,中国,29：文化活動,6
43101,熊本市中央区,43：熊本県,中国,31：留学,431
43101,熊本市中央区,43：熊本県,中国,33：家族滞在,52
43101,熊本市中央区,43：熊本県,中国,34：特定活動,12
43101,熊本市中央区,43：熊本県,中国,35：永住者,387
43101,熊本市中央区,43：熊本県,中国,36：日本人の配偶者等,25
43101,熊本市中央区,43：熊本県,中国,37：永住者の配偶者等,16
43101,熊本市中央区,43：熊本県,中国,38：定住者,29
43101,熊本市中央区,43：熊本県,トルコ,03：教授,1
43101,熊本市中央区,43：熊本県,トルコ,15：教育,1
43101,熊本市中央区,43：熊本県,トルコ,29：文化活動,2
43101,熊本市中央区,43：熊本県,トルコ,31：留学,2
43101,熊本市中央区,43：熊本県,トルコ,33：家族滞在,2
43101,熊本市中央区,43：熊本県,トルコ,36：日本人の配偶者等,1
43101,熊本市中央区,43：熊本県,ネパール,03：教授,1
43101,熊本市中央区,43：熊本県,ネパール,11：経営・管理,2
43101,熊本市中央区,43：熊本県,ネパール,16：技術・人文知識・国際業務,85
43101,熊本市中央区,43：熊本県,ネパール,18：介護,8
43101,熊本市中央区,43：熊本県,ネパール,20：技能,18
43101,熊本市中央区,43：熊本県,ネパール,21：特定技能１号,13
43101,熊本市中央区,43：熊本県,ネパール,31：留学,304
43101,熊本市中央区,43：熊本県,ネパール,33：家族滞在,69
43101,熊本市中央区,43：熊本県,ネパール,34：特定活動,5
43101,熊本市中央区,43：熊本県,ネパール,36：日本人の配偶者等,1
43101,熊本市中央区,43：熊本県,パキスタン,07：高度専門職１号イ,1
43101,熊本市中央区,43：熊本県,パキスタン,11：経営・管理,3
43101,熊本市中央区,43：熊本県,パキスタン,16：技術・人文知識・国際業務,2
43101,熊本市中央区,43：熊本県,パキスタン,20：技能,4
43101,熊本市中央区,43：熊本県,パキスタン,31：留学,8
43101,熊本市中央区,43：熊本県,パキスタン,33：家族滞在,3
43101,熊本市中央区,43：熊本県,パキスタン,35：永住者,4
43101,熊本市中央区,43：熊本県,バングラデシュ,03：教授,5
43101,熊本市中央区,43：熊本県,バングラデシュ,16：技術・人文知識・国際業務,1
43101,熊本市中央区,43：熊本県,バングラデシュ,18：介護,1
43101,熊本市中央区,43：熊本県,バングラデシュ,21：特定技能１号,1
43101,熊本市中央区,43：熊本県,バングラデシュ,24：技能実習１号ロ,4
43101,熊本市中央区,43：熊本県,バングラデシュ,26：技能実習２号ロ,4
43101,熊本市中央区,43：熊本県,バングラデシュ,28：技能実習３号ロ,1
43101,熊本市中央区,43：熊本県,バングラデシュ,29：文化活動,1
43101,熊本市中央区,43：熊本県,バングラデシュ,31：留学,20
43101,熊本市中央区,43：熊本県,バングラデシュ,33：家族滞在,11
43101,熊本市中央区,43：熊本県,バングラデシュ,35：永住者,3
43101,熊本市中央区,43：熊本県,バングラデシュ,37：永住者の配偶者等,2
43101,熊本市中央区,43：熊本県,フィリピン,03：教授,1
43101,熊本市中央区,43：熊本県,フィリピン,15：教育,4
43101,熊本市中央区,43：熊本県,フィリピン,16：技術・人文知識・国際業務,12
43101,熊本市中央区,43：熊本県,フィリピン,17：企業内転勤,1
43101,熊本市中央区,43：熊本県,フィリピン,21：特定技能１号,12
43101,熊本市中央区,43：熊本県,フィリピン,24：技能実習１号ロ,16
43101,熊本市中央区,43：熊本県,フィリピン,26：技能実習２号ロ,12
43101,熊本市中央区,43：熊本県,フィリピン,27：技能実習３号イ,1
43101,熊本市中央区,43：熊本県,フィリピン,28：技能実習３号ロ,1
43101,熊本市中央区,43：熊本県,フィリピン,31：留学,4
43101,熊本市中央区,43：熊本県,フィリピン,33：家族滞在,6
43101,熊本市中央区,43：熊本県,フィリピン,35：永住者,126
43101,熊本市中央区,43：熊本県,フィリピン,36：日本人の配偶者等,14
43101,熊本市中央区,43：熊本県,フィリピン,37：永住者の配偶者等,1
43101,熊本市中央区,43：熊本県,フィリピン,38：定住者,40
43101,熊本市中央区,43：熊本県,ブータン,35：永住者,2
43101,熊本市中央区,43：熊本県,ベトナム,10：高度専門職２号,1
43101,熊本市中央区,43：熊本県,ベトナム,11：経営・管理,1
43101,熊本市中央区,43：熊本県,ベトナム,16：技術・人文知識・国際業務,39
43101,熊本市中央区,43：熊本県,ベトナム,18：介護,4
43101,熊本市中央区,43：熊本県,ベトナム,21：特定技能１号,60
43101,熊本市中央区,43：熊本県,ベトナム,24：技能実習１号ロ,19
43101,熊本市中央区,43：熊本県,ベトナム,26：技能実習２号ロ,41
43101,熊本市中央区,43：熊本県,ベトナム,28：技能実習３号ロ,10
43101,熊本市中央区,43：熊本県,ベトナム,31：留学,29
43101,熊本市中央区,43：熊本県,ベトナム,33：家族滞在,20
43101,熊本市中央区,43：熊本県,ベトナム,34：特定活動,9
43101,熊本市中央区,43：熊本県,ベトナム,35：永住者,2
43101,熊本市中央区,43：熊本県,ベトナム,36：日本人の配偶者等,5
43101,熊本市中央区,43：熊本県,マレーシア,05：宗教,1
43101,熊本市中央区,43：熊本県,マレーシア,16：技術・人文知識・国際業務,4
43101,熊本市中央区,43：熊本県,マレーシア,31：留学,8
43101,熊本市中央区,43：熊本県,マレーシア,35：永住者,1
43101,熊本市中央区,43：熊本県,ミャンマー,03：教授,1
43101,熊本市中央区,43：熊本県,ミャンマー,16：技術・人文知識・国際業務,20
43101,熊本市中央区,43：熊本県,ミャンマー,21：特定技能１号,60
43101,熊本市中央区,43：熊本県,ミャンマー,24：技能実習１号ロ,21
43101,熊本市中央区,43：熊本県,ミャンマー,26：技能実習２号ロ,3
43101,熊本市中央区,43：熊本県,ミャンマー,31：留学,10
43101,熊本市中央区,43：熊本県,ミャンマー,33：家族滞在,1
43101,熊本市中央区,43：熊本県,ミャンマー,34：特定活動,2
43101,熊本市中央区,43：熊本県,ミャンマー,35：永住者,2
43101,熊本市中央区,43：熊本県,ミャンマー,36：日本人の配偶者等,1
43101,熊本市中央区,43：熊本県,モルディブ,35：永住者,1
43101,熊本市中央区,43：熊本県,モンゴル,03：教授,1
43101,熊本市中央区,43：熊本県,モンゴル,07：高度専門職１号イ,1
43101,熊本市中央区,43：熊本県,モンゴル,16：技術・人文知識・国際業務,2
43101,熊本市中央区,43：熊本県,モンゴル,31：留学,4
43101,熊本市中央区,43：熊本県,モンゴル,33：家族滞在,10
43101,熊本市中央区,43：熊本県,モンゴル,35：永住者,2
43101,熊本市中央区,43：熊本県,ラオス,31：留学,1
43101,熊本市中央区,43：熊本県,ラオス,33：家族滞在,1
43101,熊本市中央区,43：熊本県,ラオス,35：永住者,1
43101,熊本市中央区,43：熊本県,アイルランド,35：永住者,1
43101,熊本市中央区,43：熊本県,アルメニア,31：留学,2
43101,熊本市中央区,43：熊本県,アルメニア,33：家族滞在,1
43101,熊本市中央区,43：熊本県,イタリア,16：技術・人文知識・国際業務,1
43101,熊本市中央区,43：熊本県,イタリア,21：特定技能１号,1
43101,熊本市中央区,43：熊本県,イタリア,35：永住者,1
43101,熊本市中央区,43：熊本県,ウクライナ,16：技術・人文知識・国際業務,1
43101,熊本市中央区,43：熊本県,ウクライナ,31：留学,1
43101,熊本市中央区,43：熊本県,ウクライナ,35：永住者,2
43101,熊本市中央区,43：熊本県,ウクライナ,38：定住者,1
43101,熊本市中央区,43：熊本県,ウズベキスタン,16：技術・人文知識・国際業務,3
43101,熊本市中央区,43：熊本県,ウズベキスタン,31：留学,1
43101,熊本市中央区,43：熊本県,ウズベキスタン,33：家族滞在,4
43101,熊本市中央区,43：熊本県,英国,03：教授,2
43101,熊本市中央区,43：熊本県,英国,15：教育,4
43101,熊本市中央区,43：熊本県,英国,16：技術・人文知識・国際業務,2
43101,熊本市中央区,43：熊本県,英国,31：留学,2
43101,熊本市中央区,43：熊本県,英国,35：永住者,10
43101,熊本市中央区,43：熊本県,英国,36：日本人の配偶者等,5
43101,熊本市中央区,43：熊本県,オーストリア,35：永住者,1
43101,熊本市中央区,43：熊本県,オーストリア,36：日本人の配偶者等,1
43101,熊本市中央区,43：熊本県,オランダ,16：技術・人文知識・国際業務,1
43101,熊本市中央区,43：熊本県,カザフスタン,31：留学,3
43101,熊本市中央区,43：熊本県,カザフスタン,33：家族滞在,2
43101,熊本市中央区,43：熊本県,北マケドニア,31：留学,1
43101,熊本市中央区,43：熊本県,キルギス,31：留学,1
43101,熊本市中央区,43：熊本県,サンマリノ,36：日本人の配偶者等,1
43101,熊本市中央区,43：熊本県,スイス,31：留学,2
43101,熊本市中央区,43：熊本県,スイス,35：永住者,2
43101,熊本市中央区,43：熊本県,スペイン,35：永住者,1
43101,熊本市中央区,43：熊本県,スロバキア,31：留学,1
43101,熊本市中央区,43：熊本県,チェコ,31：留学,1
43101,熊本市中央区,43：熊本県,ドイツ,03：教授,2
43101,熊本市中央区,43：熊本県,ドイツ,16：技術・人文知識・国際業務,1
43101,熊本市中央区,43：熊本県,ドイツ,31：留学,6
43101,熊本市中央区,43：熊本県,ドイツ,34：特定活動,2
43101,熊本市中央区,43：熊本県,ドイツ,35：永住者,1
43101,熊本市中央区,43：熊本県,ドイツ,36：日本人の配偶者等,1
43101,熊本市中央区,43：熊本県,ノルウェー,35：永住者,1
43101,熊本市中央区,43：熊本県,ノルウェー,36：日本人の配偶者等,1
43101,熊本市中央区,43：熊本県,ハンガリー,03：教授,1
43101,熊本市中央区,43：熊本県,フィンランド,34：特定活動,1
43101,熊本市中央区,43：熊本県,フィンランド,35：永住者,1
43101,熊本市中央区,43：熊本県,フランス,16：技術・人文知識・国際業務,1
43101,熊本市中央区,43：熊本県,フランス,31：留学,14
43101,熊本市中央区,43：熊本県,フランス,34：特定活動,1
43101,熊本市中央区,43：熊本県,フランス,35：永住者,6
43101,熊本市中央区,43：熊本県,フランス,36：日本人の配偶者等,2
43101,熊本市中央区,43：熊本県,ポーランド,16：技術・人文知識・国際業務,1
43101,熊本市中央区,43：熊本県,ポーランド,35：永住者,1
43101,熊本市中央区,43：熊本県,マルタ,31：留学,1
43101,熊本市中央区,43：熊本県,ルーマニア,35：永住者,9
43101,熊本市中央区,43：熊本県,ルーマニア,36：日本人の配偶者等,2
43101,熊本市中央区,43：熊本県,ロシア,35：永住者,4
43101,熊本市中央区,43：熊本県,ロシア,36：日本人の配偶者等,1
43101,熊本市中央区,43：熊本県,エジプト,03：教授,3
43101,熊本市中央区,43：熊本県,エジプト,16：技術・人文知識・国際業務,1
43101,熊本市中央区,43：熊本県,エジプト,31：留学,8
43101,熊本市中央区,43：熊本県,エジプト,33：家族滞在,14
43101,熊本市中央区,43：熊本県,ガーナ,31：留学,5
43101,熊本市中央区,43：熊本県,ガーナ,33：家族滞在,3
43101,熊本市中央区,43：熊本県,ギニア,36：日本人の配偶者等,1
43101,熊本市中央区,43：熊本県,ケニア,15：教育,1
43101,熊本市中央区,43：熊本県,ケニア,31：留学,5
43101,熊本市中央区,43：熊本県,ケニア,33：家族滞在,1
43101,熊本市中央区,43：熊本県,ケニア,34：特定活動,1
43101,熊本市中央区,43：熊本県,シエラレオネ,31：留学,1
43101,熊本市中央区,43：熊本県,ジブチ,31：留学,1
43101,熊本市中央区,43：熊本県,スーダン,31：留学,3
43101,熊本市中央区,43：熊本県,スーダン,33：家族滞在,5
43101,熊本市中央区,43：熊本県,スーダン,38：定住者,1
43101,熊本市中央区,43：熊本県,セネガル,31：留学,2
43101,熊本市中央区,43：熊本県,タンザニア,03：教授,1
43101,熊本市中央区,43：熊本県,タンザニア,31：留学,8
43101,熊本市中央区,43：熊本県,タンザニア,33：家族滞在,10
43101,熊本市中央区,43：熊本県,タンザニア,36：日本人の配偶者等,1
43101,熊本市中央区,43：熊本県,ナイジェリア,16：技術・人文知識・国際業務,1
43101,熊本市中央区,43：熊本県,ナイジェリア,31：留学,5
43101,熊本市中央区,43：熊本県,ナイジェリア,33：家族滞在,3
43101,熊本市中央区,43：熊本県,ナイジェリア,35：永住者,1
43101,熊本市中央区,43：熊本県,ナイジェリア,36：日本人の配偶者等,1
43101,熊本市中央区,43：熊本県,マラウイ,16：技術・人文知識・国際業務,1
43101,熊本市中央区,43：熊本県,マラウイ,31：留学,1
43101,熊本市中央区,43：熊本県,南アフリカ共和国,15：教育,1
43101,熊本市中央区,43：熊本県,南アフリカ共和国,16：技術・人文知識・国際業務,2
43101,熊本市中央区,43：熊本県,モーリタニア,31：留学,2
43101,熊本市中央区,43：熊本県,モーリタニア,33：家族滞在,1
43101,熊本市中央区,43：熊本県,カナダ,03：教授,1
43101,熊本市中央区,43：熊本県,カナダ,15：教育,4
43101,熊本市中央区,43：熊本県,カナダ,16：技術・人文知識・国際業務,5
43101,熊本市中央区,43：熊本県,カナダ,19：興行,1
43101,熊本市中央区,43：熊本県,カナダ,34：特定活動,1
43101,熊本市中央区,43：熊本県,カナダ,35：永住者,6
43101,熊本市中央区,43：熊本県,カナダ,36：日本人の配偶者等,3
43101,熊本市中央区,43：熊本県,ジャマイカ,16：技術・人文知識・国際業務,1
43101,熊本市中央区,43：熊本県,ドミニカ共和国,08：高度専門職１号ロ,1
43101,熊本市中央区,43：熊本県,ドミニカ共和国,19：興行,3
43101,熊本市中央区,43：熊本県,米国,03：教授,2
43101,熊本市中央区,43：熊本県,米国,04：芸術,1
43101,熊本市中央区,43：熊本県,米国,05：宗教,1
43101,熊本市中央区,43：熊本県,米国,15：教育,11
43101,熊本市中央区,43：熊本県,米国,16：技術・人文知識・国際業務,9
43101,熊本市中央区,43：熊本県,米国,19：興行,3
43101,熊本市中央区,43：熊本県,米国,20：技能,1
43101,熊本市中央区,43：熊本県,米国,31：留学,1
43101,熊本市中央区,43：熊本県,米国,33：家族滞在,3
43101,熊本市中央区,43：熊本県,米国,34：特定活動,1
43101,熊本市中央区,43：熊本県,米国,35：永住者,33
43101,熊本市中央区,43：熊本県,米国,36：日本人の配偶者等,29
43101,熊本市中央区,43：熊本県,米国,37：永住者の配偶者等,2
43101,熊本市中央区,43：熊本県,メキシコ,35：永住者,1
43101,熊本市中央区,43：熊本県,メキシコ,36：日本人の配偶者等,2
43101,熊本市中央区,43：熊本県,アルゼンチン,35：永住者,1
43101,熊本市中央区,43：熊本県,コロンビア,35：永住者,1
43101,熊本市中央区,43：熊本県,ブラジル,31：留学,2
43101,熊本市中央区,43：熊本県,ブラジル,35：永住者,7
43101,熊本市中央区,43：熊本県,ブラジル,36：日本人の配偶者等,1
43101,熊本市中央区,43：熊本県,ブラジル,37：永住者の配偶者等,1
43101,熊本市中央区,43：熊本県,ベネズエラ,33：家族滞在,1
43101,熊本市中央区,43：熊本県,ペルー,35：永住者,1
43101,熊本市中央区,43：熊本県,ボリビア,36：日本人の配偶者等,1
43101,熊本市中央区,43：熊本県,オーストラリア,15：教育,1
43101,熊本市中央区,43：熊本県,オーストラリア,16：技術・人文知識・国際業務,1
43101,熊本市中央区,43：熊本県,オーストラリア,31：留学,4
43101,熊本市中央区,43：熊本県,オーストラリア,34：特定活動,1
43101,熊本市中央区,43：熊本県,オーストラリア,35：永住者,6
43101,熊本市中央区,43：熊本県,オーストラリア,36：日本人の配偶者等,1
43101,熊本市中央区,43：熊本県,サモア,31：留学,1
43101,熊本市中央区,43：熊本県,トンガ,35：永住者,6
43101,熊本市中央区,43：熊本県,ニュージーランド,15：教育,3
43101,熊本市中央区,43：熊本県,ニュージーランド,31：留学,2
43101,熊本市中央区,43：熊本県,ニュージーランド,36：日本人の配偶者等,1
43101,熊本市中央区,43：熊本県,無国籍,35：永住者,1
43101,熊本市中央区,43：熊本県,無国籍,36：日本人の配偶者等,1
43102,熊本市東区,43：熊本県,イスラエル,35：永住者,1
43102,熊本市東区,43：熊本県,インド,16：技術・人文知識・国際業務,1
43102,熊本市東区,43：熊本県,インド,24：技能実習１号ロ,9
43102,熊本市東区,43：熊本県,インド,26：技能実習２号ロ,6
43102,熊本市東区,43：熊本県,インドネシア,16：技術・人文知識・国際業務,1
43102,熊本市東区,43：熊本県,インドネシア,21：特定技能１号,44
43102,熊本市東区,43：熊本県,インドネシア,23：技能実習１号イ,8
43102,熊本市東区,43：熊本県,インドネシア,24：技能実習１号ロ,41
43102,熊本市東区,43：熊本県,インドネシア,25：技能実習２号イ,6
43102,熊本市東区,43：熊本県,インドネシア,26：技能実習２号ロ,49
43102,熊本市東区,43：熊本県,インドネシア,28：技能実習３号ロ,7
43102,熊本市東区,43：熊本県,インドネシア,31：留学,5
43102,熊本市東区,43：熊本県,インドネシア,33：家族滞在,6
43102,熊本市東区,43：熊本県,インドネシア,35：永住者,3
43102,熊本市東区,43：熊本県,インドネシア,36：日本人の配偶者等,2
43102,熊本市東区,43：熊本県,韓国,03：教授,1
43102,熊本市東区,43：熊本県,韓国,16：技術・人文知識・国際業務,5
43102,熊本市東区,43：熊本県,韓国,17：企業内転勤,2
43102,熊本市東区,43：熊本県,韓国,19：興行,1
43102,熊本市東区,43：熊本県,韓国,31：留学,8
43102,熊本市東区,43：熊本県,韓国,33：家族滞在,7
43102,熊本市東区,43：熊本県,韓国,35：永住者,34
43102,熊本市東区,43：熊本県,韓国,36：日本人の配偶者等,10
43102,熊本市東区,43：熊本県,韓国,38：定住者,1
43102,熊本市東区,43：熊本県,韓国,39：特別永住者,34
43102,熊本市東区,43：熊本県,（朝鮮）,39：特別永住者,9
43102,熊本市東区,43：熊本県,カンボジア,21：特定技能１号,18
43102,熊本市東区,43：熊本県,カンボジア,24：技能実習１号ロ,13
43102,熊本市東区,43：熊本県,カンボジア,26：技能実習２号ロ,13
43102,熊本市東区,43：熊本県,カンボジア,28：技能実習３号ロ,4
43102,熊本市東区,43：熊本県,カンボジア,34：特定活動,1
43102,熊本市東区,43：熊本県,カンボジア,36：日本人の配偶者等,1
43102,熊本市東区,43：熊本県,カンボジア,38：定住者,1
43102,熊本市東区,43：熊本県,シンガポール,15：教育,1
43102,熊本市東区,43：熊本県,シンガポール,35：永住者,5
43102,熊本市東区,43：熊本県,スリランカ,16：技術・人文知識・国際業務,5
43102,熊本市東区,43：熊本県,スリランカ,20：技能,1
43102,熊本市東区,43：熊本県,スリランカ,21：特定技能１号,1
43102,熊本市東区,43：熊本県,スリランカ,31：留学,1
43102,熊本市東区,43：熊本県,スリランカ,33：家族滞在,4
43102,熊本市東区,43：熊本県,スリランカ,35：永住者,4
43102,熊本市東区,43：熊本県,スリランカ,36：日本人の配偶者等,4
43102,熊本市東区,43：熊本県,タイ,16：技術・人文知識・国際業務,2
43102,熊本市東区,43：熊本県,タイ,24：技能実習１号ロ,2
43102,熊本市東区,43：熊本県,タイ,26：技能実習２号ロ,3
43102,熊本市東区,43：熊本県,タイ,28：技能実習３号ロ,1
43102,熊本市東区,43：熊本県,タイ,29：文化活動,1
43102,熊本市東区,43：熊本県,タイ,35：永住者,6
43102,熊本市東区,43：熊本県,タイ,36：日本人の配偶者等,2
43102,熊本市東区,43：熊本県,台湾,08：高度専門職１号ロ,36
43102,熊本市東区,43：熊本県,台湾,11：経営・管理,4
43102,熊本市東区,43：熊本県,台湾,15：教育,6
43102,熊本市東区,43：熊本県,台湾,16：技術・人文知識・国際業務,43
43102,熊本市東区,43：熊本県,台湾,17：企業内転勤,24
43102,熊本市東区,43：熊本県,台湾,31：留学,1
43102,熊本市東区,43：熊本県,台湾,33：家族滞在,76
43102,熊本市東区,43：熊本県,台湾,34：特定活動,1
43102,熊本市東区,43：熊本県,台湾,35：永住者,15
43102,熊本市東区,43：熊本県,台湾,36：日本人の配偶者等,5
43102,熊本市東区,43：熊本県,台湾,37：永住者の配偶者等,1
43102,熊本市東区,43：熊本県,台湾,38：定住者,1
43102,熊本市東区,43：熊本県,台湾,39：特別永住者,1
43102,熊本市東区,43：熊本県,中国,07：高度専門職１号イ,1
43102,熊本市東区,43：熊本県,中国,08：高度専門職１号ロ,4
43102,熊本市東区,43：熊本県,中国,10：高度専門職２号,1
43102,熊本市東区,43：熊本県,中国,15：教育,1
43102,熊本市東区,43：熊本県,中国,16：技術・人文知識・国際業務,25
43102,熊本市東区,43：熊本県,中国,17：企業内転勤,1
43102,熊本市東区,43：熊本県,中国,21：特定技能１号,6
43102,熊本市東区,43：熊本県,中国,24：技能実習１号ロ,5
43102,熊本市東区,43：熊本県,中国,26：技能実習２号ロ,3
43102,熊本市東区,43：熊本県,中国,28：技能実習３号ロ,1
43102,熊本市東区,43：熊本県,中国,31：留学,55
43102,熊本市東区,43：熊本県,中国,33：家族滞在,20
43102,熊本市東区,43：熊本県,中国,34：特定活動,1
43102,熊本市東区,43：熊本県,中国,35：永住者,231
43102,熊本市東区,43：熊本県,中国,36：日本人の配偶者等,27
43102,熊本市東区,43：熊本県,中国,37：永住者の配偶者等,3
43102,熊本市東区,43：熊本県,中国,38：定住者,9
43102,熊本市東区,43：熊本県,ネパール,16：技術・人文知識・国際業務,27
43102,熊本市東区,43：熊本県,ネパール,20：技能,5
43102,熊本市東区,43：熊本県,ネパール,21：特定技能１号,5
43102,熊本市東区,43：熊本県,ネパール,24：技能実習１号ロ,4
43102,熊本市東区,43：熊本県,ネパール,31：留学,173
43102,熊本市東区,43：熊本県,ネパール,33：家族滞在,31
43102,熊本市東区,43：熊本県,ネパール,35：永住者,12
43102,熊本市東区,43：熊本県,ネパール,36：日本人の配偶者等,1
43102,熊本市東区,43：熊本県,パキスタン,11：経営・管理,2
43102,熊本市東区,43：熊本県,パキスタン,16：技術・人文知識・国際業務,4
43102,熊本市東区,43：熊本県,パキスタン,33：家族滞在,4
43102,熊本市東区,43：熊本県,パキスタン,36：日本人の配偶者等,1
43102,熊本市東区,43：熊本県,パキスタン,38：定住者,1
43102,熊本市東区,43：熊本県,バングラデシュ,16：技術・人文知識・国際業務,3
43102,熊本市東区,43：熊本県,バングラデシュ,33：家族滞在,6
43102,熊本市東区,43：熊本県,フィリピン,15：教育,4
43102,熊本市東区,43：熊本県,フィリピン,16：技術・人文知識・国際業務,43
43102,熊本市東区,43：熊本県,フィリピン,21：特定技能１号,8
43102,熊本市東区,43：熊本県,フィリピン,24：技能実習１号ロ,9
43102,熊本市東区,43：熊本県,フィリピン,26：技能実習２号ロ,10
43102,熊本市東区,43：熊本県,フィリピン,28：技能実習３号ロ,3
43102,熊本市東区,43：熊本県,フィリピン,33：家族滞在,2
43102,熊本市東区,43：熊本県,フィリピン,34：特定活動,1
43102,熊本市東区,43：熊本県,フィリピン,35：永住者,94
43102,熊本市東区,43：熊本県,フィリピン,36：日本人の配偶者等,9
43102,熊本市東区,43：熊本県,フィリピン,37：永住者の配偶者等,2
43102,熊本市東区,43：熊本県,フィリピン,38：定住者,12
43102,熊本市東区,43：熊本県,ベトナム,11：経営・管理,1
43102,熊本市東区,43：熊本県,ベトナム,16：技術・人文知識・国際業務,44
43102,熊本市東区,43：熊本県,ベトナム,18：介護,2
43102,熊本市東区,43：熊本県,ベトナム,21：特定技能１号,104
43102,熊本市東区,43：熊本県,ベトナム,24：技能実習１号ロ,74
43102,熊本市東区,43：熊本県,ベトナム,26：技能実習２号ロ,45
43102,熊本市東区,43：熊本県,ベトナム,28：技能実習３号ロ,4
43102,熊本市東区,43：熊本県,ベトナム,31：留学,24
43102,熊本市東区,43：熊本県,ベトナム,33：家族滞在,48
43102,熊本市東区,43：熊本県,ベトナム,34：特定活動,3
43102,熊本市東区,43：熊本県,ベトナム,35：永住者,4
43102,熊本市東区,43：熊本県,ベトナム,36：日本人の配偶者等,7
43102,熊本市東区,43：熊本県,ベトナム,38：定住者,2
43102,熊本市東区,43：熊本県,マレーシア,16：技術・人文知識・国際業務,2
43102,熊本市東区,43：熊本県,マレーシア,17：企業内転勤,1
43102,熊本市東区,43：熊本県,マレーシア,31：留学,1
43102,熊本市東区,43：熊本県,マレーシア,33：家族滞在,1
43102,熊本市東区,43：熊本県,マレーシア,35：永住者,3
43102,熊本市東区,43：熊本県,ミャンマー,03：教授,1
43102,熊本市東区,43：熊本県,ミャンマー,16：技術・人文知識・国際業務,13
43102,熊本市東区,43：熊本県,ミャンマー,21：特定技能１号,53
43102,熊本市東区,43：熊本県,ミャンマー,24：技能実習１号ロ,23
43102,熊本市東区,43：熊本県,ミャンマー,26：技能実習２号ロ,22
43102,熊本市東区,43：熊本県,ミャンマー,33：家族滞在,2
43102,熊本市東区,43：熊本県,ミャンマー,34：特定活動,4
43102,熊本市東区,43：熊本県,モルディブ,35：永住者,1
43102,熊本市東区,43：熊本県,モンゴル,16：技術・人文知識・国際業務,2
43102,熊本市東区,43：熊本県,モンゴル,24：技能実習１号ロ,1
43102,熊本市東区,43：熊本県,アイルランド,15：教育,2
43102,熊本市東区,43：熊本県,アイルランド,35：永住者,1
43102,熊本市東区,43：熊本県,イタリア,31：留学,1
43102,熊本市東区,43：熊本県,イタリア,35：永住者,1
43102,熊本市東区,43：熊本県,イタリア,36：日本人の配偶者等,2
43102,熊本市東区,43：熊本県,英国,15：教育,4
43102,熊本市東区,43：熊本県,英国,16：技術・人文知識・国際業務,3
43102,熊本市東区,43：熊本県,英国,34：特定活動,1
43102,熊本市東区,43：熊本県,英国,35：永住者,3
43102,熊本市東区,43：熊本県,英国,36：日本人の配偶者等,2
43102,熊本市東区,43：熊本県,コソボ共和国,35：永住者,1
43102,熊本市東区,43：熊本県,スウェーデン,35：永住者,1
43102,熊本市東区,43：熊本県,スペイン,35：永住者,1
43102,熊本市東区,43：熊本県,ドイツ,35：永住者,3
43102,熊本市東区,43：熊本県,ドイツ,36：日本人の配偶者等,2
43102,熊本市東区,43：熊本県,フィンランド,03：教授,1
43102,熊本市東区,43：熊本県,フィンランド,31：留学,1
43102,熊本市東区,43：熊本県,フランス,16：技術・人文知識・国際業務,2
43102,熊本市東区,43：熊本県,フランス,36：日本人の配偶者等,2
43102,熊本市東区,43：熊本県,ブルガリア,35：永住者,1
43102,熊本市東区,43：熊本県,ベルギー,35：永住者,1
43102,熊本市東区,43：熊本県,リトアニア,16：技術・人文知識・国際業務,1
43102,熊本市東区,43：熊本県,ルーマニア,34：特定活動,1
43102,熊本市東区,43：熊本県,ルーマニア,35：永住者,5
43102,熊本市東区,43：熊本県,ロシア,36：日本人の配偶者等,2
43102,熊本市東区,43：熊本県,エジプト,07：高度専門職１号イ,1
43102,熊本市東区,43：熊本県,エジプト,33：家族滞在,2
43102,熊本市東区,43：熊本県,ガーナ,31：留学,2
43102,熊本市東区,43：熊本県,ガーナ,33：家族滞在,1
43102,熊本市東区,43：熊本県,コートジボワール,31：留学,1
43102,熊本市東区,43：熊本県,コートジボワール,33：家族滞在,1
43102,熊本市東区,43：熊本県,ジブチ,31：留学,1
43102,熊本市東区,43：熊本県,ジンバブエ,33：家族滞在,1
43102,熊本市東区,43：熊本県,セネガル,16：技術・人文知識・国際業務,1
43102,熊本市東区,43：熊本県,セネガル,33：家族滞在,1
43102,熊本市東区,43：熊本県,ナイジェリア,35：永住者,2
43102,熊本市東区,43：熊本県,南アフリカ共和国,15：教育,4
43102,熊本市東区,43：熊本県,南アフリカ共和国,33：家族滞在,1
43102,熊本市東区,43：熊本県,南アフリカ共和国,35：永住者,1
43102,熊本市東区,43：熊本県,モロッコ,35：永住者,1
43102,熊本市東区,43：熊本県,モロッコ,36：日本人の配偶者等,1
43102,熊本市東区,43：熊本県,カナダ,15：教育,5
43102,熊本市東区,43：熊本県,カナダ,16：技術・人文知識・国際業務,1
43102,熊本市東区,43：熊本県,カナダ,34：特定活動,1
43102,熊本市東区,43：熊本県,カナダ,35：永住者,3
43102,熊本市東区,43：熊本県,カナダ,36：日本人の配偶者等,2
43102,熊本市東区,43：熊本県,カナダ,38：定住者,1
43102,熊本市東区,43：熊本県,ジャマイカ,15：教育,1
43102,熊本市東区,43：熊本県,トリニダード・トバゴ,16：技術・人文知識・国際業務,1
43102,熊本市東区,43：熊本県,米国,11：経営・管理,1
43102,熊本市東区,43：熊本県,米国,15：教育,17
43102,熊本市東区,43：熊本県,米国,16：技術・人文知識・国際業務,5
43102,熊本市東区,43：熊本県,米国,31：留学,3
43102,熊本市東区,43：熊本県,米国,33：家族滞在,5
43102,熊本市東区,43：熊本県,米国,34：特定活動,1
43102,熊本市東区,43：熊本県,米国,35：永住者,21
43102,熊本市東区,43：熊本県,米国,36：日本人の配偶者等,18
43102,熊本市東区,43：熊本県,米国,38：定住者,2
43102,熊本市東区,43：熊本県,メキシコ,35：永住者,1
43102,熊本市東区,43：熊本県,メキシコ,36：日本人の配偶者等,1
43102,熊本市東区,43：熊本県,コロンビア,36：日本人の配偶者等,1
43102,熊本市東区,43：熊本県,ブラジル,35：永住者,6
43102,熊本市東区,43：熊本県,ブラジル,36：日本人の配偶者等,1
43102,熊本市東区,43：熊本県,ベネズエラ,36：日本人の配偶者等,1
43102,熊本市東区,43：熊本県,オーストラリア,15：教育,1
43102,熊本市東区,43：熊本県,オーストラリア,35：永住者,1
43102,熊本市東区,43：熊本県,オーストラリア,36：日本人の配偶者等,2
43102,熊本市東区,43：熊本県,ニュージーランド,15：教育,1
43102,熊本市東区,43：熊本県,ニュージーランド,16：技術・人文知識・国際業務,1
43102,熊本市東区,43：熊本県,ニュージーランド,35：永住者,1
43102,熊本市東区,43：熊本県,ニュージーランド,36：日本人の配偶者等,1
43103,熊本市西区,43：熊本県,イラン,16：技術・人文知識・国際業務,1
43103,熊本市西区,43：熊本県,インド,16：技術・人文知識・国際業務,2
43103,熊本市西区,43：熊本県,インド,20：技能,3
43103,熊本市西区,43：熊本県,インドネシア,21：特定技能１号,31
43103,熊本市西区,43：熊本県,インドネシア,24：技能実習１号ロ,13
43103,熊本市西区,43：熊本県,インドネシア,26：技能実習２号ロ,17
43103,熊本市西区,43：熊本県,韓国,03：教授,1
43103,熊本市西区,43：熊本県,韓国,16：技術・人文知識・国際業務,8
43103,熊本市西区,43：熊本県,韓国,31：留学,2
43103,熊本市西区,43：熊本県,韓国,35：永住者,20
43103,熊本市西区,43：熊本県,韓国,36：日本人の配偶者等,5
43103,熊本市西区,43：熊本県,韓国,38：定住者,1
43103,熊本市西区,43：熊本県,韓国,39：特別永住者,24
43103,熊本市西区,43：熊本県,（朝鮮）,39：特別永住者,1
43103,熊本市西区,43：熊本県,カンボジア,21：特定技能１号,5
43103,熊本市西区,43：熊本県,カンボジア,24：技能実習１号ロ,3
43103,熊本市西区,43：熊本県,カンボジア,26：技能実習２号ロ,9
43103,熊本市西区,43：熊本県,シンガポール,15：教育,1
43103,熊本市西区,43：熊本県,スリランカ,11：経営・管理,1
43103,熊本市西区,43：熊本県,スリランカ,16：技術・人文知識・国際業務,2
43103,熊本市西区,43：熊本県,スリランカ,20：技能,3
43103,熊本市西区,43：熊本県,スリランカ,31：留学,3
43103,熊本市西区,43：熊本県,スリランカ,33：家族滞在,6
43103,熊本市西区,43：熊本県,スリランカ,35：永住者,1
43103,熊本市西区,43：熊本県,スリランカ,36：日本人の配偶者等,1
43103,熊本市西区,43：熊本県,タイ,21：特定技能１号,3
43103,熊本市西区,43：熊本県,タイ,24：技能実習１号ロ,1
43103,熊本市西区,43：熊本県,タイ,26：技能実習２号ロ,11
43103,熊本市西区,43：熊本県,タイ,28：技能実習３号ロ,2
43103,熊本市西区,43：熊本県,タイ,36：日本人の配偶者等,1
43103,熊本市西区,43：熊本県,台湾,08：高度専門職１号ロ,9
43103,熊本市西区,43：熊本県,台湾,16：技術・人文知識・国際業務,12
43103,熊本市西区,43：熊本県,台湾,17：企業内転勤,22
43103,熊本市西区,43：熊本県,台湾,33：家族滞在,4
43103,熊本市西区,43：熊本県,台湾,35：永住者,6
43103,熊本市西区,43：熊本県,台湾,36：日本人の配偶者等,2
43103,熊本市西区,43：熊本県,中国,11：経営・管理,4
43103,熊本市西区,43：熊本県,中国,13：医療,2
43103,熊本市西区,43：熊本県,中国,16：技術・人文知識・国際業務,10
43103,熊本市西区,43：熊本県,中国,18：介護,1
43103,熊本市西区,43：熊本県,中国,20：技能,3
43103,熊本市西区,43：熊本県,中国,21：特定技能１号,2
43103,熊本市西区,43：熊本県,中国,24：技能実習１号ロ,1
43103,熊本市西区,43：熊本県,中国,26：技能実習２号ロ,1
43103,熊本市西区,43：熊本県,中国,28：技能実習３号ロ,1
43103,熊本市西区,43：熊本県,中国,31：留学,48
43103,熊本市西区,43：熊本県,中国,33：家族滞在,13
43103,熊本市西区,43：熊本県,中国,35：永住者,142
43103,熊本市西区,43：熊本県,中国,36：日本人の配偶者等,7
43103,熊本市西区,43：熊本県,中国,37：永住者の配偶者等,19
43103,熊本市西区,43：熊本県,中国,38：定住者,1
43103,熊本市西区,43：熊本県,ネパール,16：技術・人文知識・国際業務,12
43103,熊本市西区,43：熊本県,ネパール,18：介護,1
43103,熊本市西区,43：熊本県,ネパール,20：技能,1
43103,熊本市西区,43：熊本県,ネパール,31：留学,23
43103,熊本市西区,43：熊本県,ネパール,33：家族滞在,17
43103,熊本市西区,43：熊本県,ネパール,34：特定活動,1
43103,熊本市西区,43：熊本県,パキスタン,11：経営・管理,1
43103,熊本市西区,43：熊本県,パキスタン,16：技術・人文知識・国際業務,1
43103,熊本市西区,43：熊本県,パキスタン,31：留学,1
43103,熊本市西区,43：熊本県,バングラデシュ,26：技能実習２号ロ,2
43103,熊本市西区,43：熊本県,バングラデシュ,31：留学,1
43103,熊本市西区,43：熊本県,バングラデシュ,33：家族滞在,1
43103,熊本市西区,43：熊本県,フィリピン,18：介護,1
43103,熊本市西区,43：熊本県,フィリピン,21：特定技能１号,11
43103,熊本市西区,43：熊本県,フィリピン,26：技能実習２号ロ,10
43103,熊本市西区,43：熊本県,フィリピン,31：留学,5
43103,熊本市西区,43：熊本県,フィリピン,33：家族滞在,3
43103,熊本市西区,43：熊本県,フィリピン,35：永住者,33
43103,熊本市西区,43：熊本県,フィリピン,36：日本人の配偶者等,7
43103,熊本市西区,43：熊本県,フィリピン,37：永住者の配偶者等,1
43103,熊本市西区,43：熊本県,フィリピン,38：定住者,3
43103,熊本市西区,43：熊本県,ベトナム,05：宗教,1
43103,熊本市西区,43：熊本県,ベトナム,16：技術・人文知識・国際業務,8
43103,熊本市西区,43：熊本県,ベトナム,17：企業内転勤,2
43103,熊本市西区,43：熊本県,ベトナム,18：介護,2
43103,熊本市西区,43：熊本県,ベトナム,21：特定技能１号,113
43103,熊本市西区,43：熊本県,ベトナム,24：技能実習１号ロ,27
43103,熊本市西区,43：熊本県,ベトナム,26：技能実習２号ロ,78
43103,熊本市西区,43：熊本県,ベトナム,31：留学,3
43103,熊本市西区,43：熊本県,ベトナム,33：家族滞在,1
43103,熊本市西区,43：熊本県,ベトナム,34：特定活動,5
43103,熊本市西区,43：熊本県,ベトナム,35：永住者,2
43103,熊本市西区,43：熊本県,ベトナム,36：日本人の配偶者等,1
43103,熊本市西区,43：熊本県,マレーシア,14：研究,1
43103,熊本市西区,43：熊本県,マレーシア,31：留学,4
43103,熊本市西区,43：熊本県,マレーシア,35：永住者,1
43103,熊本市西区,43：熊本県,ミャンマー,16：技術・人文知識・国際業務,2
43103,熊本市西区,43：熊本県,ミャンマー,21：特定技能１号,31
43103,熊本市西区,43：熊本県,ミャンマー,24：技能実習１号ロ,10
43103,熊本市西区,43：熊本県,ミャンマー,26：技能実習２号ロ,8
43103,熊本市西区,43：熊本県,ミャンマー,36：日本人の配偶者等,1
43103,熊本市西区,43：熊本県,アイルランド,35：永住者,1
43103,熊本市西区,43：熊本県,アイルランド,36：日本人の配偶者等,1
43103,熊本市西区,43：熊本県,イタリア,05：宗教,1
43103,熊本市西区,43：熊本県,イタリア,16：技術・人文知識・国際業務,2
43103,熊本市西区,43：熊本県,英国,15：教育,1
43103,熊本市西区,43：熊本県,英国,16：技術・人文知識・国際業務,3
43103,熊本市西区,43：熊本県,英国,35：永住者,6
43103,熊本市西区,43：熊本県,オランダ,35：永住者,1
43103,熊本市西区,43：熊本県,スペイン,36：日本人の配偶者等,1
43103,熊本市西区,43：熊本県,ドイツ,31：留学,1
43103,熊本市西区,43：熊本県,フィンランド,35：永住者,1
43103,熊本市西区,43：熊本県,フィンランド,36：日本人の配偶者等,1
43103,熊本市西区,43：熊本県,フランス,08：高度専門職１号ロ,1
43103,熊本市西区,43：熊本県,フランス,34：特定活動,1
43103,熊本市西区,43：熊本県,フランス,35：永住者,3
43103,熊本市西区,43：熊本県,フランス,36：日本人の配偶者等,2
43103,熊本市西区,43：熊本県,ルーマニア,35：永住者,1
43103,熊本市西区,43：熊本県,ロシア,16：技術・人文知識・国際業務,1
43103,熊本市西区,43：熊本県,ロシア,31：留学,1
43103,熊本市西区,43：熊本県,エジプト,03：教授,1
43103,熊本市西区,43：熊本県,エジプト,33：家族滞在,4
43103,熊本市西区,43：熊本県,ガーナ,03：教授,1
43103,熊本市西区,43：熊本県,ガーナ,31：留学,3
43103,熊本市西区,43：熊本県,ガーナ,33：家族滞在,4
43103,熊本市西区,43：熊本県,カメルーン,31：留学,2
43103,熊本市西区,43：熊本県,ケニア,38：定住者,1
43103,熊本市西区,43：熊本県,セネガル,36：日本人の配偶者等,1
43103,熊本市西区,43：熊本県,ナイジェリア,35：永住者,1
43103,熊本市西区,43：熊本県,南アフリカ共和国,16：技術・人文知識・国際業務,1
43103,熊本市西区,43：熊本県,カナダ,15：教育,1
43103,熊本市西区,43：熊本県,カナダ,16：技術・人文知識・国際業務,1
43103,熊本市西区,43：熊本県,カナダ,35：永住者,5
43103,熊本市西区,43：熊本県,カナダ,36：日本人の配偶者等,2
43103,熊本市西区,43：熊本県,ジャマイカ,15：教育,1
43103,熊本市西区,43：熊本県,米国,03：教授,2
43103,熊本市西区,43：熊本県,米国,15：教育,3
43103,熊本市西区,43：熊本県,米国,16：技術・人文知識・国際業務,3
43103,熊本市西区,43：熊本県,米国,35：永住者,13
43103,熊本市西区,43：熊本県,米国,36：日本人の配偶者等,7
43103,熊本市西区,43：熊本県,メキシコ,31：留学,1
43103,熊本市西区,43：熊本県,メキシコ,38：定住者,1
43103,熊本市西区,43：熊本県,ブラジル,35：永住者,1
43103,熊本市西区,43：熊本県,ベネズエラ,36：日本人の配偶者等,1
43103,熊本市西区,43：熊本県,ベネズエラ,38：定住者,1
43103,熊本市西区,43：熊本県,オーストラリア,11：経営・管理,1
43103,熊本市西区,43：熊本県,オーストラリア,15：教育,1
43103,熊本市西区,43：熊本県,オーストラリア,33：家族滞在,1
43103,熊本市西区,43：熊本県,オーストラリア,35：永住者,1
43103,熊本市西区,43：熊本県,オーストラリア,36：日本人の配偶者等,1
43103,熊本市西区,43：熊本県,ニュージーランド,15：教育,1
43103,熊本市西区,43：熊本県,ニュージーランド,16：技術・人文知識・国際業務,1
43103,熊本市西区,43：熊本県,無国籍,35：永住者,1
43104,熊本市南区,43：熊本県,イスラエル,36：日本人の配偶者等,1
43104,熊本市南区,43：熊本県,インドネシア,16：技術・人文知識・国際業務,3
43104,熊本市南区,43：熊本県,インドネシア,21：特定技能１号,35
43104,熊本市南区,43：熊本県,インドネシア,24：技能実習１号ロ,88
43104,熊本市南区,43：熊本県,インドネシア,26：技能実習２号ロ,96
43104,熊本市南区,43：熊本県,インドネシア,28：技能実習３号ロ,13
43104,熊本市南区,43：熊本県,インドネシア,31：留学,1
43104,熊本市南区,43：熊本県,インドネシア,34：特定活動,2
43104,熊本市南区,43：熊本県,インドネシア,35：永住者,3
43104,熊本市南区,43：熊本県,インドネシア,36：日本人の配偶者等,4
43104,熊本市南区,43：熊本県,韓国,16：技術・人文知識・国際業務,1
43104,熊本市南区,43：熊本県,韓国,35：永住者,9
43104,熊本市南区,43：熊本県,韓国,36：日本人の配偶者等,5
43104,熊本市南区,43：熊本県,韓国,39：特別永住者,27
43104,熊本市南区,43：熊本県,（朝鮮）,39：特別永住者,1
43104,熊本市南区,43：熊本県,カンボジア,21：特定技能１号,21
43104,熊本市南区,43：熊本県,カンボジア,24：技能実習１号ロ,18
43104,熊本市南区,43：熊本県,カンボジア,26：技能実習２号ロ,29
43104,熊本市南区,43：熊本県,カンボジア,28：技能実習３号ロ,6
43104,熊本市南区,43：熊本県,カンボジア,36：日本人の配偶者等,1
43104,熊本市南区,43：熊本県,シンガポール,15：教育,1
43104,熊本市南区,43：熊本県,シンガポール,35：永住者,1
43104,熊本市南区,43：熊本県,スリランカ,16：技術・人文知識・国際業務,4
43104,熊本市南区,43：熊本県,スリランカ,21：特定技能１号,6
43104,熊本市南区,43：熊本県,スリランカ,33：家族滞在,2
43104,熊本市南区,43：熊本県,スリランカ,34：特定活動,1
43104,熊本市南区,43：熊本県,タイ,21：特定技能１号,1
43104,熊本市南区,43：熊本県,タイ,24：技能実習１号ロ,3
43104,熊本市南区,43：熊本県,タイ,26：技能実習２号ロ,2
43104,熊本市南区,43：熊本県,タイ,28：技能実習３号ロ,1
43104,熊本市南区,43：熊本県,タイ,34：特定活動,1
43104,熊本市南区,43：熊本県,タイ,35：永住者,1
43104,熊本市南区,43：熊本県,タイ,36：日本人の配偶者等,2
43104,熊本市南区,43：熊本県,台湾,16：技術・人文知識・国際業務,1
43104,熊本市南区,43：熊本県,台湾,17：企業内転勤,10
43104,熊本市南区,43：熊本県,台湾,35：永住者,2
43104,熊本市南区,43：熊本県,中国,11：経営・管理,3
43104,熊本市南区,43：熊本県,中国,16：技術・人文知識・国際業務,9
43104,熊本市南区,43：熊本県,中国,20：技能,6
43104,熊本市南区,43：熊本県,中国,21：特定技能１号,9
43104,熊本市南区,43：熊本県,中国,24：技能実習１号ロ,8
43104,熊本市南区,43：熊本県,中国,26：技能実習２号ロ,2
43104,熊本市南区,43：熊本県,中国,28：技能実習３号ロ,3
43104,熊本市南区,43：熊本県,中国,31：留学,6
43104,熊本市南区,43：熊本県,中国,33：家族滞在,10
43104,熊本市南区,43：熊本県,中国,34：特定活動,2
43104,熊本市南区,43：熊本県,中国,35：永住者,90
43104,熊本市南区,43：熊本県,中国,36：日本人の配偶者等,10
43104,熊本市南区,43：熊本県,中国,37：永住者の配偶者等,5
43104,熊本市南区,43：熊本県,中国,38：定住者,9
43104,熊本市南区,43：熊本県,トルコ,35：永住者,1
43104,熊本市南区,43：熊本県,ネパール,11：経営・管理,1
43104,熊本市南区,43：熊本県,ネパール,16：技術・人文知識・国際業務,11
43104,熊本市南区,43：熊本県,ネパール,18：介護,1
43104,熊本市南区,43：熊本県,ネパール,20：技能,8
43104,熊本市南区,43：熊本県,ネパール,21：特定技能１号,6
43104,熊本市南区,43：熊本県,ネパール,33：家族滞在,12
43104,熊本市南区,43：熊本県,パキスタン,11：経営・管理,4
43104,熊本市南区,43：熊本県,パキスタン,16：技術・人文知識・国際業務,12
43104,熊本市南区,43：熊本県,パキスタン,33：家族滞在,22
43104,熊本市南区,43：熊本県,バングラデシュ,16：技術・人文知識・国際業務,5
43104,熊本市南区,43：熊本県,バングラデシュ,33：家族滞在,2
43104,熊本市南区,43：熊本県,バングラデシュ,36：日本人の配偶者等,1
43104,熊本市南区,43：熊本県,フィリピン,16：技術・人文知識・国際業務,1
43104,熊本市南区,43：熊本県,フィリピン,21：特定技能１号,20
43104,熊本市南区,43：熊本県,フィリピン,23：技能実習１号イ,1
43104,熊本市南区,43：熊本県,フィリピン,24：技能実習１号ロ,21
43104,熊本市南区,43：熊本県,フィリピン,26：技能実習２号ロ,35
43104,熊本市南区,43：熊本県,フィリピン,28：技能実習３号ロ,11
43104,熊本市南区,43：熊本県,フィリピン,31：留学,1
43104,熊本市南区,43：熊本県,フィリピン,33：家族滞在,4
43104,熊本市南区,43：熊本県,フィリピン,35：永住者,28
43104,熊本市南区,43：熊本県,フィリピン,36：日本人の配偶者等,14
43104,熊本市南区,43：熊本県,フィリピン,38：定住者,14
43104,熊本市南区,43：熊本県,ベトナム,16：技術・人文知識・国際業務,29
43104,熊本市南区,43：熊本県,ベトナム,21：特定技能１号,116
43104,熊本市南区,43：熊本県,ベトナム,24：技能実習１号ロ,35
43104,熊本市南区,43：熊本県,ベトナム,26：技能実習２号ロ,60
43104,熊本市南区,43：熊本県,ベトナム,28：技能実習３号ロ,18
43104,熊本市南区,43：熊本県,ベトナム,31：留学,1
43104,熊本市南区,43：熊本県,ベトナム,33：家族滞在,9
43104,熊本市南区,43：熊本県,ベトナム,34：特定活動,10
43104,熊本市南区,43：熊本県,ベトナム,35：永住者,2
43104,熊本市南区,43：熊本県,ベトナム,36：日本人の配偶者等,2
43104,熊本市南区,43：熊本県,ベトナム,38：定住者,1
43104,熊本市南区,43：熊本県,ミャンマー,16：技術・人文知識・国際業務,3
43104,熊本市南区,43：熊本県,ミャンマー,21：特定技能１号,20
43104,熊本市南区,43：熊本県,ミャンマー,24：技能実習１号ロ,44
43104,熊本市南区,43：熊本県,ミャンマー,26：技能実習２号ロ,50
43104,熊本市南区,43：熊本県,モンゴル,16：技術・人文知識・国際業務,1
43104,熊本市南区,43：熊本県,モンゴル,21：特定技能１号,1
43104,熊本市南区,43：熊本県,ラオス,24：技能実習１号ロ,3
43104,熊本市南区,43：熊本県,ラオス,26：技能実習２号ロ,4
43104,熊本市南区,43：熊本県,英国,15：教育,1
43104,熊本市南区,43：熊本県,英国,16：技術・人文知識・国際業務,1
43104,熊本市南区,43：熊本県,英国,34：特定活動,1
43104,熊本市南区,43：熊本県,英国,35：永住者,1
43104,熊本市南区,43：熊本県,チェコ,36：日本人の配偶者等,1
43104,熊本市南区,43：熊本県,ドイツ,36：日本人の配偶者等,1
43104,熊本市南区,43：熊本県,ルーマニア,35：永住者,2
43104,熊本市南区,43：熊本県,ロシア,36：日本人の配偶者等,2
43104,熊本市南区,43：熊本県,カメルーン,16：技術・人文知識・国際業務,1
43104,熊本市南区,43：熊本県,スーダン,35：永住者,4
43104,熊本市南区,43：熊本県,ナイジェリア,35：永住者,1
43104,熊本市南区,43：熊本県,南アフリカ共和国,16：技術・人文知識・国際業務,2
43104,熊本市南区,43：熊本県,カナダ,15：教育,1
43104,熊本市南区,43：熊本県,カナダ,36：日本人の配偶者等,1
43104,熊本市南区,43：熊本県,コスタリカ,36：日本人の配偶者等,1
43104,熊本市南区,43：熊本県,バルバドス,15：教育,1
43104,熊本市南区,43：熊本県,米国,15：教育,4
43104,熊本市南区,43：熊本県,米国,19：興行,1
43104,熊本市南区,43：熊本県,米国,33：家族滞在,8
43104,熊本市南区,43：熊本県,米国,35：永住者,8
43104,熊本市南区,43：熊本県,米国,36：日本人の配偶者等,5
43104,熊本市南区,43：熊本県,ベリーズ,35：永住者,1
43104,熊本市南区,43：熊本県,メキシコ,35：永住者,3
43104,熊本市南区,43：熊本県,ブラジル,35：永住者,2
43104,熊本市南区,43：熊本県,ブラジル,38：定住者,3
43104,熊本市南区,43：熊本県,オーストラリア,03：教授,1
43104,熊本市南区,43：熊本県,オーストラリア,15：教育,1
43104,熊本市南区,43：熊本県,オーストラリア,35：永住者,3
43104,熊本市南区,43：熊本県,ニュージーランド,15：教育,2
43104,熊本市南区,43：熊本県,ニュージーランド,34：特定活動,1
43104,熊本市南区,43：熊本県,ニュージーランド,35：永住者,2
43105,熊本市北区,43：熊本県,アフガニスタン,34：特定活動,9
43105,熊本市北区,43：熊本県,インド,20：技能,3
43105,熊本市北区,43：熊本県,インドネシア,16：技術・人文知識・国際業務,2
43105,熊本市北区,43：熊本県,インドネシア,21：特定技能１号,42
43105,熊本市北区,43：熊本県,インドネシア,24：技能実習１号ロ,62
43105,熊本市北区,43：熊本県,インドネシア,26：技能実習２号ロ,28
43105,熊本市北区,43：熊本県,インドネシア,28：技能実習３号ロ,3
43105,熊本市北区,43：熊本県,インドネシア,35：永住者,3
43105,熊本市北区,43：熊本県,インドネシア,36：日本人の配偶者等,4
43105,熊本市北区,43：熊本県,インドネシア,37：永住者の配偶者等,1
43105,熊本市北区,43：熊本県,インドネシア,38：定住者,2
43105,熊本市北区,43：熊本県,韓国,03：教授,1
43105,熊本市北区,43：熊本県,韓国,05：宗教,1
43105,熊本市北区,43：熊本県,韓国,08：高度専門職１号ロ,1
43105,熊本市北区,43：熊本県,韓国,16：技術・人文知識・国際業務,3
43105,熊本市北区,43：熊本県,韓国,17：企業内転勤,2
43105,熊本市北区,43：熊本県,韓国,31：留学,1
43105,熊本市北区,43：熊本県,韓国,33：家族滞在,4
43105,熊本市北区,43：熊本県,韓国,35：永住者,22
43105,熊本市北区,43：熊本県,韓国,36：日本人の配偶者等,8
43105,熊本市北区,43：熊本県,韓国,37：永住者の配偶者等,1
43105,熊本市北区,43：熊本県,韓国,39：特別永住者,34
43105,熊本市北区,43：熊本県,（朝鮮）,39：特別永住者,2
43105,熊本市北区,43：熊本県,カンボジア,21：特定技能１号,16
43105,熊本市北区,43：熊本県,カンボジア,26：技能実習２号ロ,28
43105,熊本市北区,43：熊本県,カンボジア,28：技能実習３号ロ,1
43105,熊本市北区,43：熊本県,カンボジア,36：日本人の配偶者等,1
43105,熊本市北区,43：熊本県,シンガポール,16：技術・人文知識・国際業務,1
43105,熊本市北区,43：熊本県,スリランカ,16：技術・人文知識・国際業務,3
43105,熊本市北区,43：熊本県,スリランカ,21：特定技能１号,3
43105,熊本市北区,43：熊本県,スリランカ,33：家族滞在,5
43105,熊本市北区,43：熊本県,タイ,16：技術・人文知識・国際業務,1
43105,熊本市北区,43：熊本県,タイ,17：企業内転勤,1
43105,熊本市北区,43：熊本県,タイ,21：特定技能１号,10
43105,熊本市北区,43：熊本県,タイ,24：技能実習１号ロ,4
43105,熊本市北区,43：熊本県,タイ,26：技能実習２号ロ,5
43105,熊本市北区,43：熊本県,タイ,35：永住者,5
43105,熊本市北区,43：熊本県,タイ,36：日本人の配偶者等,1
43105,熊本市北区,43：熊本県,タイ,38：定住者,2
43105,熊本市北区,43：熊本県,台湾,08：高度専門職１号ロ,65
43105,熊本市北区,43：熊本県,台湾,16：技術・人文知識・国際業務,46
43105,熊本市北区,43：熊本県,台湾,17：企業内転勤,71
43105,熊本市北区,43：熊本県,台湾,31：留学,1
43105,熊本市北区,43：熊本県,台湾,33：家族滞在,129
43105,熊本市北区,43：熊本県,台湾,34：特定活動,2
43105,熊本市北区,43：熊本県,台湾,35：永住者,13
43105,熊本市北区,43：熊本県,台湾,36：日本人の配偶者等,1
43105,熊本市北区,43：熊本県,中国,07：高度専門職１号イ,1
43105,熊本市北区,43：熊本県,中国,11：経営・管理,3
43105,熊本市北区,43：熊本県,中国,16：技術・人文知識・国際業務,22
43105,熊本市北区,43：熊本県,中国,20：技能,1
43105,熊本市北区,43：熊本県,中国,21：特定技能１号,9
43105,熊本市北区,43：熊本県,中国,24：技能実習１号ロ,3
43105,熊本市北区,43：熊本県,中国,31：留学,8
43105,熊本市北区,43：熊本県,中国,33：家族滞在,10
43105,熊本市北区,43：熊本県,中国,34：特定活動,2
43105,熊本市北区,43：熊本県,中国,35：永住者,105
43105,熊本市北区,43：熊本県,中国,36：日本人の配偶者等,8
43105,熊本市北区,43：熊本県,中国,37：永住者の配偶者等,3
43105,熊本市北区,43：熊本県,中国,38：定住者,9
43105,熊本市北区,43：熊本県,ネパール,11：経営・管理,1
43105,熊本市北区,43：熊本県,ネパール,16：技術・人文知識・国際業務,22
43105,熊本市北区,43：熊本県,ネパール,20：技能,2
43105,熊本市北区,43：熊本県,ネパール,21：特定技能１号,19
43105,熊本市北区,43：熊本県,ネパール,31：留学,52
43105,熊本市北区,43：熊本県,ネパール,33：家族滞在,22
43105,熊本市北区,43：熊本県,ネパール,35：永住者,4
43105,熊本市北区,43：熊本県,ネパール,36：日本人の配偶者等,1
43105,熊本市北区,43：熊本県,パキスタン,11：経営・管理,2
43105,熊本市北区,43：熊本県,パキスタン,16：技術・人文知識・国際業務,2
43105,熊本市北区,43：熊本県,パキスタン,33：家族滞在,1
43105,熊本市北区,43：熊本県,パキスタン,35：永住者,2
43105,熊本市北区,43：熊本県,パキスタン,36：日本人の配偶者等,1
43105,熊本市北区,43：熊本県,パキスタン,37：永住者の配偶者等,3
43105,熊本市北区,43：熊本県,バングラデシュ,26：技能実習２号ロ,2
43105,熊本市北区,43：熊本県,フィリピン,15：教育,2
43105,熊本市北区,43：熊本県,フィリピン,16：技術・人文知識・国際業務,3
43105,熊本市北区,43：熊本県,フィリピン,17：企業内転勤,31
43105,熊本市北区,43：熊本県,フィリピン,21：特定技能１号,19
43105,熊本市北区,43：熊本県,フィリピン,23：技能実習１号イ,1
43105,熊本市北区,43：熊本県,フィリピン,24：技能実習１号ロ,11
43105,熊本市北区,43：熊本県,フィリピン,25：技能実習２号イ,1
43105,熊本市北区,43：熊本県,フィリピン,26：技能実習２号ロ,27
43105,熊本市北区,43：熊本県,フィリピン,27：技能実習３号イ,2
43105,熊本市北区,43：熊本県,フィリピン,28：技能実習３号ロ,2
43105,熊本市北区,43：熊本県,フィリピン,33：家族滞在,2
43105,熊本市北区,43：熊本県,フィリピン,35：永住者,68
43105,熊本市北区,43：熊本県,フィリピン,36：日本人の配偶者等,15
43105,熊本市北区,43：熊本県,フィリピン,37：永住者の配偶者等,3
43105,熊本市北区,43：熊本県,フィリピン,38：定住者,9
43105,熊本市北区,43：熊本県,ベトナム,16：技術・人文知識・国際業務,92
43105,熊本市北区,43：熊本県,ベトナム,18：介護,5
43105,熊本市北区,43：熊本県,ベトナム,21：特定技能１号,152
43105,熊本市北区,43：熊本県,ベトナム,24：技能実習１号ロ,63
43105,熊本市北区,43：熊本県,ベトナム,26：技能実習２号ロ,105
43105,熊本市北区,43：熊本県,ベトナム,28：技能実習３号ロ,20
43105,熊本市北区,43：熊本県,ベトナム,31：留学,1
43105,熊本市北区,43：熊本県,ベトナム,33：家族滞在,38
43105,熊本市北区,43：熊本県,ベトナム,34：特定活動,8
43105,熊本市北区,43：熊本県,ベトナム,35：永住者,4
43105,熊本市北区,43：熊本県,ベトナム,36：日本人の配偶者等,12
43105,熊本市北区,43：熊本県,ベトナム,37：永住者の配偶者等,1
43105,熊本市北区,43：熊本県,マレーシア,08：高度専門職１号ロ,2
43105,熊本市北区,43：熊本県,マレーシア,16：技術・人文知識・国際業務,2
43105,熊本市北区,43：熊本県,マレーシア,33：家族滞在,2
43105,熊本市北区,43：熊本県,マレーシア,35：永住者,1
43105,熊本市北区,43：熊本県,マレーシア,36：日本人の配偶者等,1
43105,熊本市北区,43：熊本県,ミャンマー,16：技術・人文知識・国際業務,5
43105,熊本市北区,43：熊本県,ミャンマー,21：特定技能１号,32
43105,熊本市北区,43：熊本県,ミャンマー,24：技能実習１号ロ,16
43105,熊本市北区,43：熊本県,ミャンマー,26：技能実習２号ロ,5
43105,熊本市北区,43：熊本県,ミャンマー,33：家族滞在,1
43105,熊本市北区,43：熊本県,ミャンマー,34：特定活動,5
43105,熊本市北区,43：熊本県,ミャンマー,35：永住者,2
43105,熊本市北区,43：熊本県,ミャンマー,36：日本人の配偶者等,1
43105,熊本市北区,43：熊本県,ウズベキスタン,16：技術・人文知識・国際業務,1
43105,熊本市北区,43：熊本県,ウズベキスタン,33：家族滞在,4
43105,熊本市北区,43：熊本県,ウズベキスタン,35：永住者,1
43105,熊本市北区,43：熊本県,英国,03：教授,2
43105,熊本市北区,43：熊本県,英国,15：教育,3
43105,熊本市北区,43：熊本県,英国,16：技術・人文知識・国際業務,1
43105,熊本市北区,43：熊本県,英国,35：永住者,5
43105,熊本市北区,43：熊本県,英国,36：日本人の配偶者等,1
43105,熊本市北区,43：熊本県,オランダ,35：永住者,1
43105,熊本市北区,43：熊本県,スペイン,34：特定活動,1
43105,熊本市北区,43：熊本県,スペイン,36：日本人の配偶者等,1
43105,熊本市北区,43：熊本県,ドイツ,35：永住者,2
43105,熊本市北区,43：熊本県,フランス,38：定住者,1
43105,熊本市北区,43：熊本県,ブルガリア,20：技能,1
43105,熊本市北区,43：熊本県,モルドバ,35：永住者,1
43105,熊本市北区,43：熊本県,ルーマニア,36：日本人の配偶者等,1
43105,熊本市北区,43：熊本県,ロシア,16：技術・人文知識・国際業務,2
43105,熊本市北区,43：熊本県,ロシア,33：家族滞在,1
43105,熊本市北区,43：熊本県,ロシア,35：永住者,1
43105,熊本市北区,43：熊本県,ロシア,36：日本人の配偶者等,1
43105,熊本市北区,43：熊本県,ギニア,36：日本人の配偶者等,1
43105,熊本市北区,43：熊本県,ギニア,38：定住者,1
43105,熊本市北区,43：熊本県,セネガル,36：日本人の配偶者等,1
43105,熊本市北区,43：熊本県,チャド,31：留学,1
43105,熊本市北区,43：熊本県,ナイジェリア,15：教育,1
43105,熊本市北区,43：熊本県,南アフリカ共和国,15：教育,3
43105,熊本市北区,43：熊本県,南アフリカ共和国,16：技術・人文知識・国際業務,1
43105,熊本市北区,43：熊本県,カナダ,35：永住者,2
43105,熊本市北区,43：熊本県,カナダ,36：日本人の配偶者等,1
43105,熊本市北区,43：熊本県,ジャマイカ,16：技術・人文知識・国際業務,1
43105,熊本市北区,43：熊本県,米国,03：教授,1
43105,熊本市北区,43：熊本県,米国,15：教育,1
43105,熊本市北区,43：熊本県,米国,17：企業内転勤,1
43105,熊本市北区,43：熊本県,米国,33：家族滞在,1
43105,熊本市北区,43：熊本県,米国,35：永住者,14
43105,熊本市北区,43：熊本県,米国,36：日本人の配偶者等,10
43105,熊本市北区,43：熊本県,メキシコ,36：日本人の配偶者等,2
43105,熊本市北区,43：熊本県,メキシコ,38：定住者,1
43105,熊本市北区,43：熊本県,ブラジル,35：永住者,3
43105,熊本市北区,43：熊本県,ブラジル,36：日本人の配偶者等,1
43105,熊本市北区,43：熊本県,ブラジル,38：定住者,2
43105,熊本市北区,43：熊本県,ペルー,35：永住者,1
43105,熊本市北区,43：熊本県,オーストラリア,15：教育,1
43105,熊本市北区,43：熊本県,オーストラリア,35：永住者,5
43105,熊本市北区,43：熊本県,オーストラリア,36：日本人の配偶者等,3
43105,熊本市北区,43：熊本県,ニュージーランド,35：永住者,1
43105,熊本市北区,43：熊本県,無国籍,35：永住者,1
43202,八代市,43：熊本県,インド,20：技能,2
43202,八代市,43：熊本県,インド,26：技能実習２号ロ,2
43202,八代市,43：熊本県,インドネシア,16：技術・人文知識・国際業務,5
43202,八代市,43：熊本県,インドネシア,17：企業内転勤,4
43202,八代市,43：熊本県,インドネシア,19：興行,2
43202,八代市,43：熊本県,インドネシア,21：特定技能１号,103
43202,八代市,43：熊本県,インドネシア,24：技能実習１号ロ,152
43202,八代市,43：熊本県,インドネシア,26：技能実習２号ロ,194
43202,八代市,43：熊本県,インドネシア,28：技能実習３号ロ,7
43202,八代市,43：熊本県,インドネシア,31：留学,4
43202,八代市,43：熊本県,インドネシア,33：家族滞在,1
43202,八代市,43：熊本県,インドネシア,34：特定活動,2
43202,八代市,43：熊本県,インドネシア,36：日本人の配偶者等,5
43202,八代市,43：熊本県,韓国,16：技術・人文知識・国際業務,8
43202,八代市,43：熊本県,韓国,35：永住者,3
43202,八代市,43：熊本県,韓国,36：日本人の配偶者等,4
43202,八代市,43：熊本県,韓国,39：特別永住者,19
43202,八代市,43：熊本県,（朝鮮）,39：特別永住者,10
43202,八代市,43：熊本県,カンボジア,16：技術・人文知識・国際業務,2
43202,八代市,43：熊本県,カンボジア,18：介護,14
43202,八代市,43：熊本県,カンボジア,21：特定技能１号,121
43202,八代市,43：熊本県,カンボジア,24：技能実習１号ロ,117
43202,八代市,43：熊本県,カンボジア,26：技能実習２号ロ,205
43202,八代市,43：熊本県,カンボジア,28：技能実習３号ロ,16
43202,八代市,43：熊本県,カンボジア,31：留学,10
43202,八代市,43：熊本県,カンボジア,34：特定活動,1
43202,八代市,43：熊本県,シンガポール,35：永住者,2
43202,八代市,43：熊本県,シンガポール,36：日本人の配偶者等,1
43202,八代市,43：熊本県,スリランカ,24：技能実習１号ロ,5
43202,八代市,43：熊本県,スリランカ,26：技能実習２号ロ,2
43202,八代市,43：熊本県,タイ,16：技術・人文知識・国際業務,2
43202,八代市,43：熊本県,タイ,18：介護,4
43202,八代市,43：熊本県,タイ,19：興行,1
43202,八代市,43：熊本県,タイ,21：特定技能１号,13
43202,八代市,43：熊本県,タイ,24：技能実習１号ロ,16
43202,八代市,43：熊本県,タイ,26：技能実習２号ロ,18
43202,八代市,43：熊本県,タイ,28：技能実習３号ロ,7
43202,八代市,43：熊本県,タイ,31：留学,6
43202,八代市,43：熊本県,タイ,33：家族滞在,1
43202,八代市,43：熊本県,タイ,34：特定活動,1
43202,八代市,43：熊本県,タイ,35：永住者,4
43202,八代市,43：熊本県,タイ,36：日本人の配偶者等,4
43202,八代市,43：熊本県,タイ,38：定住者,1
43202,八代市,43：熊本県,台湾,34：特定活動,1
43202,八代市,43：熊本県,台湾,35：永住者,4
43202,八代市,43：熊本県,台湾,37：永住者の配偶者等,1
43202,八代市,43：熊本県,中国,08：高度専門職１号ロ,2
43202,八代市,43：熊本県,中国,11：経営・管理,2
43202,八代市,43：熊本県,中国,16：技術・人文知識・国際業務,11
43202,八代市,43：熊本県,中国,20：技能,3
43202,八代市,43：熊本県,中国,21：特定技能１号,40
43202,八代市,43：熊本県,中国,24：技能実習１号ロ,19
43202,八代市,43：熊本県,中国,26：技能実習２号ロ,34
43202,八代市,43：熊本県,中国,28：技能実習３号ロ,22
43202,八代市,43：熊本県,中国,31：留学,6
43202,八代市,43：熊本県,中国,33：家族滞在,3
43202,八代市,43：熊本県,中国,34：特定活動,3
43202,八代市,43：熊本県,中国,35：永住者,94
43202,八代市,43：熊本県,中国,36：日本人の配偶者等,16
43202,八代市,43：熊本県,中国,37：永住者の配偶者等,5
43202,八代市,43：熊本県,中国,38：定住者,13
43202,八代市,43：熊本県,ネパール,16：技術・人文知識・国際業務,11
43202,八代市,43：熊本県,ネパール,20：技能,2
43202,八代市,43：熊本県,ネパール,21：特定技能１号,3
43202,八代市,43：熊本県,ネパール,24：技能実習１号ロ,1
43202,八代市,43：熊本県,ネパール,26：技能実習２号ロ,1
43202,八代市,43：熊本県,ネパール,33：家族滞在,11
43202,八代市,43：熊本県,ネパール,35：永住者,1
43202,八代市,43：熊本県,パキスタン,11：経営・管理,1
43202,八代市,43：熊本県,パキスタン,36：日本人の配偶者等,1
43202,八代市,43：熊本県,バングラデシュ,26：技能実習２号ロ,9
43202,八代市,43：熊本県,フィリピン,16：技術・人文知識・国際業務,27
43202,八代市,43：熊本県,フィリピン,21：特定技能１号,311
43202,八代市,43：熊本県,フィリピン,24：技能実習１号ロ,251
43202,八代市,43：熊本県,フィリピン,26：技能実習２号ロ,324
43202,八代市,43：熊本県,フィリピン,27：技能実習３号イ,1
43202,八代市,43：熊本県,フィリピン,28：技能実習３号ロ,68
43202,八代市,43：熊本県,フィリピン,33：家族滞在,7
43202,八代市,43：熊本県,フィリピン,34：特定活動,5
43202,八代市,43：熊本県,フィリピン,35：永住者,90
43202,八代市,43：熊本県,フィリピン,36：日本人の配偶者等,35
43202,八代市,43：熊本県,フィリピン,37：永住者の配偶者等,2
43202,八代市,43：熊本県,フィリピン,38：定住者,33
43202,八代市,43：熊本県,ベトナム,08：高度専門職１号ロ,1
43202,八代市,43：熊本県,ベトナム,11：経営・管理,1
43202,八代市,43：熊本県,ベトナム,16：技術・人文知識・国際業務,77
43202,八代市,43：熊本県,ベトナム,21：特定技能１号,378
43202,八代市,43：熊本県,ベトナム,24：技能実習１号ロ,145
43202,八代市,43：熊本県,ベトナム,26：技能実習２号ロ,269
43202,八代市,43：熊本県,ベトナム,28：技能実習３号ロ,72
43202,八代市,43：熊本県,ベトナム,33：家族滞在,22
43202,八代市,43：熊本県,ベトナム,34：特定活動,14
43202,八代市,43：熊本県,ベトナム,35：永住者,3
43202,八代市,43：熊本県,ベトナム,36：日本人の配偶者等,6
43202,八代市,43：熊本県,ベトナム,38：定住者,1
43202,八代市,43：熊本県,マレーシア,16：技術・人文知識・国際業務,2
43202,八代市,43：熊本県,マレーシア,31：留学,3
43202,八代市,43：熊本県,ミャンマー,16：技術・人文知識・国際業務,2
43202,八代市,43：熊本県,ミャンマー,21：特定技能１号,36
43202,八代市,43：熊本県,ミャンマー,24：技能実習１号ロ,42
43202,八代市,43：熊本県,ミャンマー,26：技能実習２号ロ,21
43202,八代市,43：熊本県,モンゴル,31：留学,1
43202,八代市,43：熊本県,モンゴル,35：永住者,2
43202,八代市,43：熊本県,モンゴル,36：日本人の配偶者等,1
43202,八代市,43：熊本県,ラオス,31：留学,1
43202,八代市,43：熊本県,アイルランド,35：永住者,1
43202,八代市,43：熊本県,ウズベキスタン,35：永住者,1
43202,八代市,43：熊本県,英国,15：教育,1
43202,八代市,43：熊本県,英国,35：永住者,2
43202,八代市,43：熊本県,チェコ,36：日本人の配偶者等,1
43202,八代市,43：熊本県,フランス,16：技術・人文知識・国際業務,1
43202,八代市,43：熊本県,フランス,36：日本人の配偶者等,1
43202,八代市,43：熊本県,ロシア,36：日本人の配偶者等,1
43202,八代市,43：熊本県,セネガル,35：永住者,3
43202,八代市,43：熊本県,セネガル,37：永住者の配偶者等,1
43202,八代市,43：熊本県,セネガル,38：定住者,1
43202,八代市,43：熊本県,ナイジェリア,16：技術・人文知識・国際業務,1
43202,八代市,43：熊本県,南アフリカ共和国,35：永住者,1
43202,八代市,43：熊本県,カナダ,15：教育,1
43202,八代市,43：熊本県,カナダ,35：永住者,1
43202,八代市,43：熊本県,米国,15：教育,12
43202,八代市,43：熊本県,米国,16：技術・人文知識・国際業務,1
43202,八代市,43：熊本県,米国,35：永住者,1
43202,八代市,43：熊本県,米国,36：日本人の配偶者等,4
43202,八代市,43：熊本県,ブラジル,16：技術・人文知識・国際業務,1
43202,八代市,43：熊本県,ブラジル,35：永住者,2
43202,八代市,43：熊本県,ブラジル,36：日本人の配偶者等,1
43202,八代市,43：熊本県,ブラジル,38：定住者,5
43202,八代市,43：熊本県,ボリビア,35：永住者,1
43202,八代市,43：熊本県,オーストラリア,35：永住者,2
43202,八代市,43：熊本県,オーストラリア,36：日本人の配偶者等,1
43203,人吉市,43：熊本県,インド,21：特定技能１号,2
43203,人吉市,43：熊本県,インドネシア,16：技術・人文知識・国際業務,1
43203,人吉市,43：熊本県,インドネシア,21：特定技能１号,21
43203,人吉市,43：熊本県,インドネシア,24：技能実習１号ロ,8
43203,人吉市,43：熊本県,インドネシア,26：技能実習２号ロ,22
43203,人吉市,43：熊本県,インドネシア,28：技能実習３号ロ,1
43203,人吉市,43：熊本県,インドネシア,33：家族滞在,1
43203,人吉市,43：熊本県,インドネシア,34：特定活動,6
43203,人吉市,43：熊本県,インドネシア,36：日本人の配偶者等,4
43203,人吉市,43：熊本県,韓国,16：技術・人文知識・国際業務,2
43203,人吉市,43：熊本県,韓国,35：永住者,1
43203,人吉市,43：熊本県,韓国,36：日本人の配偶者等,1
43203,人吉市,43：熊本県,韓国,39：特別永住者,7
43203,人吉市,43：熊本県,カンボジア,16：技術・人文知識・国際業務,2
43203,人吉市,43：熊本県,カンボジア,24：技能実習１号ロ,3
43203,人吉市,43：熊本県,カンボジア,26：技能実習２号ロ,5
43203,人吉市,43：熊本県,カンボジア,28：技能実習３号ロ,6
43203,人吉市,43：熊本県,スリランカ,16：技術・人文知識・国際業務,1
43203,人吉市,43：熊本県,スリランカ,21：特定技能１号,1
43203,人吉市,43：熊本県,タイ,35：永住者,1
43203,人吉市,43：熊本県,台湾,16：技術・人文知識・国際業務,3
43203,人吉市,43：熊本県,台湾,21：特定技能１号,1
43203,人吉市,43：熊本県,台湾,36：日本人の配偶者等,1
43203,人吉市,43：熊本県,中国,11：経営・管理,2
43203,人吉市,43：熊本県,中国,16：技術・人文知識・国際業務,1
43203,人吉市,43：熊本県,中国,20：技能,1
43203,人吉市,43：熊本県,中国,21：特定技能１号,1
43203,人吉市,43：熊本県,中国,33：家族滞在,7
43203,人吉市,43：熊本県,中国,35：永住者,2
43203,人吉市,43：熊本県,中国,36：日本人の配偶者等,3
43203,人吉市,43：熊本県,ネパール,16：技術・人文知識・国際業務,21
43203,人吉市,43：熊本県,ネパール,20：技能,1
43203,人吉市,43：熊本県,ネパール,33：家族滞在,6
43203,人吉市,43：熊本県,フィリピン,15：教育,2
43203,人吉市,43：熊本県,フィリピン,21：特定技能１号,2
43203,人吉市,43：熊本県,フィリピン,24：技能実習１号ロ,5
43203,人吉市,43：熊本県,フィリピン,26：技能実習２号ロ,3
43203,人吉市,43：熊本県,フィリピン,33：家族滞在,2
43203,人吉市,43：熊本県,フィリピン,35：永住者,22
43203,人吉市,43：熊本県,フィリピン,36：日本人の配偶者等,4
43203,人吉市,43：熊本県,フィリピン,38：定住者,5
43203,人吉市,43：熊本県,ベトナム,16：技術・人文知識・国際業務,35
43203,人吉市,43：熊本県,ベトナム,21：特定技能１号,13
43203,人吉市,43：熊本県,ベトナム,24：技能実習１号ロ,12
43203,人吉市,43：熊本県,ベトナム,26：技能実習２号ロ,44
43203,人吉市,43：熊本県,ベトナム,28：技能実習３号ロ,9
43203,人吉市,43：熊本県,ベトナム,33：家族滞在,6
43203,人吉市,43：熊本県,ベトナム,36：日本人の配偶者等,3
43203,人吉市,43：熊本県,ミャンマー,16：技術・人文知識・国際業務,1
43203,人吉市,43：熊本県,ミャンマー,21：特定技能１号,1
43203,人吉市,43：熊本県,ミャンマー,24：技能実習１号ロ,26
43203,人吉市,43：熊本県,ミャンマー,26：技能実習２号ロ,11
43203,人吉市,43：熊本県,ミャンマー,36：日本人の配偶者等,1
43203,人吉市,43：熊本県,英国,35：永住者,1
43203,人吉市,43：熊本県,オーストリア,36：日本人の配偶者等,1
43203,人吉市,43：熊本県,フランス,16：技術・人文知識・国際業務,1
43203,人吉市,43：熊本県,ルーマニア,35：永住者,1
43203,人吉市,43：熊本県,ロシア,16：技術・人文知識・国際業務,1
43203,人吉市,43：熊本県,カナダ,36：日本人の配偶者等,1
43203,人吉市,43：熊本県,米国,15：教育,3
43203,人吉市,43：熊本県,米国,16：技術・人文知識・国際業務,2
43203,人吉市,43：熊本県,米国,36：日本人の配偶者等,3
43203,人吉市,43：熊本県,ブラジル,35：永住者,2
43203,人吉市,43：熊本県,オーストラリア,15：教育,1
43203,人吉市,43：熊本県,オーストラリア,35：永住者,1
43203,人吉市,43：熊本県,オーストラリア,36：日本人の配偶者等,1
43204,荒尾市,43：熊本県,アフガニスタン,16：技術・人文知識・国際業務,1
43204,荒尾市,43：熊本県,インド,20：技能,1
43204,荒尾市,43：熊本県,インドネシア,16：技術・人文知識・国際業務,3
43204,荒尾市,43：熊本県,インドネシア,21：特定技能１号,26
43204,荒尾市,43：熊本県,インドネシア,24：技能実習１号ロ,4
43204,荒尾市,43：熊本県,インドネシア,26：技能実習２号ロ,11
43204,荒尾市,43：熊本県,インドネシア,28：技能実習３号ロ,4
43204,荒尾市,43：熊本県,インドネシア,35：永住者,2
43204,荒尾市,43：熊本県,韓国,05：宗教,2
43204,荒尾市,43：熊本県,韓国,16：技術・人文知識・国際業務,3
43204,荒尾市,43：熊本県,韓国,35：永住者,11
43204,荒尾市,43：熊本県,韓国,36：日本人の配偶者等,1
43204,荒尾市,43：熊本県,韓国,39：特別永住者,21
43204,荒尾市,43：熊本県,（朝鮮）,39：特別永住者,1
43204,荒尾市,43：熊本県,カンボジア,16：技術・人文知識・国際業務,1
43204,荒尾市,43：熊本県,カンボジア,24：技能実習１号ロ,3
43204,荒尾市,43：熊本県,シンガポール,16：技術・人文知識・国際業務,1
43204,荒尾市,43：熊本県,タイ,21：特定技能１号,8
43204,荒尾市,43：熊本県,タイ,24：技能実習１号ロ,4
43204,荒尾市,43：熊本県,タイ,31：留学,1
43204,荒尾市,43：熊本県,タイ,36：日本人の配偶者等,1
43204,荒尾市,43：熊本県,台湾,35：永住者,1
43204,荒尾市,43：熊本県,台湾,36：日本人の配偶者等,1
43204,荒尾市,43：熊本県,台湾,38：定住者,1
43204,荒尾市,43：熊本県,中国,11：経営・管理,2
43204,荒尾市,43：熊本県,中国,16：技術・人文知識・国際業務,5
43204,荒尾市,43：熊本県,中国,20：技能,2
43204,荒尾市,43：熊本県,中国,21：特定技能１号,1
43204,荒尾市,43：熊本県,中国,26：技能実習２号ロ,2
43204,荒尾市,43：熊本県,中国,28：技能実習３号ロ,8
43204,荒尾市,43：熊本県,中国,33：家族滞在,5
43204,荒尾市,43：熊本県,中国,35：永住者,20
43204,荒尾市,43：熊本県,中国,36：日本人の配偶者等,6
43204,荒尾市,43：熊本県,中国,37：永住者の配偶者等,1
43204,荒尾市,43：熊本県,中国,38：定住者,3
43204,荒尾市,43：熊本県,ネパール,16：技術・人文知識・国際業務,1
43204,荒尾市,43：熊本県,ネパール,35：永住者,1
43204,荒尾市,43：熊本県,パキスタン,11：経営・管理,1
43204,荒尾市,43：熊本県,パキスタン,16：技術・人文知識・国際業務,7
43204,荒尾市,43：熊本県,パキスタン,20：技能,1
43204,荒尾市,43：熊本県,パキスタン,33：家族滞在,1
43204,荒尾市,43：熊本県,フィリピン,16：技術・人文知識・国際業務,2
43204,荒尾市,43：熊本県,フィリピン,21：特定技能１号,20
43204,荒尾市,43：熊本県,フィリピン,24：技能実習１号ロ,15
43204,荒尾市,43：熊本県,フィリピン,26：技能実習２号ロ,8
43204,荒尾市,43：熊本県,フィリピン,33：家族滞在,3
43204,荒尾市,43：熊本県,フィリピン,35：永住者,26
43204,荒尾市,43：熊本県,フィリピン,36：日本人の配偶者等,8
43204,荒尾市,43：熊本県,フィリピン,37：永住者の配偶者等,1
43204,荒尾市,43：熊本県,フィリピン,38：定住者,8
43204,荒尾市,43：熊本県,ベトナム,11：経営・管理,1
43204,荒尾市,43：熊本県,ベトナム,16：技術・人文知識・国際業務,9
43204,荒尾市,43：熊本県,ベトナム,21：特定技能１号,29
43204,荒尾市,43：熊本県,ベトナム,24：技能実習１号ロ,12
43204,荒尾市,43：熊本県,ベトナム,26：技能実習２号ロ,21
43204,荒尾市,43：熊本県,ベトナム,28：技能実習３号ロ,7
43204,荒尾市,43：熊本県,ベトナム,33：家族滞在,4
43204,荒尾市,43：熊本県,ベトナム,36：日本人の配偶者等,3
43204,荒尾市,43：熊本県,マレーシア,35：永住者,1
43204,荒尾市,43：熊本県,マレーシア,36：日本人の配偶者等,1
43204,荒尾市,43：熊本県,ミャンマー,16：技術・人文知識・国際業務,6
43204,荒尾市,43：熊本県,ミャンマー,17：企業内転勤,2
43204,荒尾市,43：熊本県,ミャンマー,21：特定技能１号,13
43204,荒尾市,43：熊本県,ミャンマー,24：技能実習１号ロ,19
43204,荒尾市,43：熊本県,ミャンマー,26：技能実習２号ロ,26
43204,荒尾市,43：熊本県,ミャンマー,28：技能実習３号ロ,3
43204,荒尾市,43：熊本県,ミャンマー,31：留学,1
43204,荒尾市,43：熊本県,ミャンマー,33：家族滞在,1
43204,荒尾市,43：熊本県,ミャンマー,34：特定活動,1
43204,荒尾市,43：熊本県,モンゴル,31：留学,1
43204,荒尾市,43：熊本県,ラオス,31：留学,1
43204,荒尾市,43：熊本県,ウズベキスタン,26：技能実習２号ロ,1
43204,荒尾市,43：熊本県,ウズベキスタン,34：特定活動,1
43204,荒尾市,43：熊本県,英国,35：永住者,1
43204,荒尾市,43：熊本県,英国,36：日本人の配偶者等,1
43204,荒尾市,43：熊本県,スウェーデン,38：定住者,1
43204,荒尾市,43：熊本県,ドイツ,36：日本人の配偶者等,1
43204,荒尾市,43：熊本県,ポーランド,36：日本人の配偶者等,1
43204,荒尾市,43：熊本県,ロシア,35：永住者,2
43204,荒尾市,43：熊本県,ケニア,31：留学,1
43204,荒尾市,43：熊本県,モーリシャス,35：永住者,1
43204,荒尾市,43：熊本県,カナダ,15：教育,3
43204,荒尾市,43：熊本県,カナダ,36：日本人の配偶者等,1
43204,荒尾市,43：熊本県,米国,15：教育,3
43204,荒尾市,43：熊本県,米国,36：日本人の配偶者等,1
43204,荒尾市,43：熊本県,ブラジル,38：定住者,1
43204,荒尾市,43：熊本県,オーストラリア,36：日本人の配偶者等,1
43205,水俣市,43：熊本県,インドネシア,21：特定技能１号,21
43205,水俣市,43：熊本県,インドネシア,24：技能実習１号ロ,2
43205,水俣市,43：熊本県,インドネシア,26：技能実習２号ロ,5
43205,水俣市,43：熊本県,インドネシア,35：永住者,1
43205,水俣市,43：熊本県,韓国,35：永住者,4
43205,水俣市,43：熊本県,韓国,38：定住者,1
43205,水俣市,43：熊本県,韓国,39：特別永住者,6
43205,水俣市,43：熊本県,（朝鮮）,39：特別永住者,3
43205,水俣市,43：熊本県,カンボジア,21：特定技能１号,2
43205,水俣市,43：熊本県,スリランカ,21：特定技能１号,2
43205,水俣市,43：熊本県,スリランカ,24：技能実習１号ロ,7
43205,水俣市,43：熊本県,スリランカ,26：技能実習２号ロ,10
43205,水俣市,43：熊本県,タイ,24：技能実習１号ロ,1
43205,水俣市,43：熊本県,タイ,26：技能実習２号ロ,1
43205,水俣市,43：熊本県,タイ,36：日本人の配偶者等,2
43205,水俣市,43：熊本県,中国,35：永住者,1
43205,水俣市,43：熊本県,中国,36：日本人の配偶者等,1
43205,水俣市,43：熊本県,パキスタン,11：経営・管理,1
43205,水俣市,43：熊本県,フィリピン,15：教育,1
43205,水俣市,43：熊本県,フィリピン,16：技術・人文知識・国際業務,1
43205,水俣市,43：熊本県,フィリピン,24：技能実習１号ロ,2
43205,水俣市,43：熊本県,フィリピン,26：技能実習２号ロ,7
43205,水俣市,43：熊本県,フィリピン,35：永住者,25
43205,水俣市,43：熊本県,フィリピン,36：日本人の配偶者等,2
43205,水俣市,43：熊本県,ベトナム,21：特定技能１号,1
43205,水俣市,43：熊本県,ベトナム,24：技能実習１号ロ,3
43205,水俣市,43：熊本県,ベトナム,26：技能実習２号ロ,14
43205,水俣市,43：熊本県,ベトナム,34：特定活動,2
43205,水俣市,43：熊本県,ミャンマー,21：特定技能１号,14
43205,水俣市,43：熊本県,ミャンマー,24：技能実習１号ロ,2
43205,水俣市,43：熊本県,ミャンマー,35：永住者,1
43205,水俣市,43：熊本県,英国,15：教育,1
43205,水俣市,43：熊本県,米国,15：教育,4
43205,水俣市,43：熊本県,米国,16：技術・人文知識・国際業務,1
43205,水俣市,43：熊本県,米国,33：家族滞在,4
43205,水俣市,43：熊本県,米国,36：日本人の配偶者等,2
43205,水俣市,43：熊本県,ブラジル,35：永住者,1
43205,水俣市,43：熊本県,オーストラリア,16：技術・人文知識・国際業務,1
43206,玉名市,43：熊本県,インド,20：技能,3
43206,玉名市,43：熊本県,インド,21：特定技能１号,6
43206,玉名市,43：熊本県,インド,26：技能実習２号ロ,5
43206,玉名市,43：熊本県,インドネシア,16：技術・人文知識・国際業務,6
43206,玉名市,43：熊本県,インドネシア,21：特定技能１号,136
43206,玉名市,43：熊本県,インドネシア,24：技能実習１号ロ,60
43206,玉名市,43：熊本県,インドネシア,26：技能実習２号ロ,83
43206,玉名市,43：熊本県,インドネシア,33：家族滞在,4
43206,玉名市,43：熊本県,インドネシア,34：特定活動,3
43206,玉名市,43：熊本県,インドネシア,35：永住者,3
43206,玉名市,43：熊本県,インドネシア,36：日本人の配偶者等,3
43206,玉名市,43：熊本県,インドネシア,38：定住者,1
43206,玉名市,43：熊本県,韓国,35：永住者,7
43206,玉名市,43：熊本県,韓国,36：日本人の配偶者等,1
43206,玉名市,43：熊本県,韓国,39：特別永住者,12
43206,玉名市,43：熊本県,（朝鮮）,39：特別永住者,2
43206,玉名市,43：熊本県,カンボジア,21：特定技能１号,27
43206,玉名市,43：熊本県,カンボジア,24：技能実習１号ロ,33
43206,玉名市,43：熊本県,カンボジア,26：技能実習２号ロ,63
43206,玉名市,43：熊本県,カンボジア,28：技能実習３号ロ,3
43206,玉名市,43：熊本県,スリランカ,16：技術・人文知識・国際業務,3
43206,玉名市,43：熊本県,スリランカ,21：特定技能１号,4
43206,玉名市,43：熊本県,スリランカ,33：家族滞在,1
43206,玉名市,43：熊本県,タイ,16：技術・人文知識・国際業務,2
43206,玉名市,43：熊本県,タイ,21：特定技能１号,21
43206,玉名市,43：熊本県,タイ,24：技能実習１号ロ,14
43206,玉名市,43：熊本県,タイ,26：技能実習２号ロ,16
43206,玉名市,43：熊本県,タイ,28：技能実習３号ロ,3
43206,玉名市,43：熊本県,タイ,35：永住者,2
43206,玉名市,43：熊本県,タイ,36：日本人の配偶者等,1
43206,玉名市,43：熊本県,台湾,11：経営・管理,1
43206,玉名市,43：熊本県,台湾,16：技術・人文知識・国際業務,2
43206,玉名市,43：熊本県,台湾,20：技能,1
43206,玉名市,43：熊本県,台湾,36：日本人の配偶者等,2
43206,玉名市,43：熊本県,中国,11：経営・管理,1
43206,玉名市,43：熊本県,中国,16：技術・人文知識・国際業務,3
43206,玉名市,43：熊本県,中国,20：技能,1
43206,玉名市,43：熊本県,中国,21：特定技能１号,5
43206,玉名市,43：熊本県,中国,24：技能実習１号ロ,1
43206,玉名市,43：熊本県,中国,26：技能実習２号ロ,3
43206,玉名市,43：熊本県,中国,28：技能実習３号ロ,1
43206,玉名市,43：熊本県,中国,31：留学,2
43206,玉名市,43：熊本県,中国,33：家族滞在,5
43206,玉名市,43：熊本県,中国,35：永住者,16
43206,玉名市,43：熊本県,中国,36：日本人の配偶者等,3
43206,玉名市,43：熊本県,中国,38：定住者,1
43206,玉名市,43：熊本県,ネパール,11：経営・管理,1
43206,玉名市,43：熊本県,ネパール,16：技術・人文知識・国際業務,19
43206,玉名市,43：熊本県,ネパール,20：技能,2
43206,玉名市,43：熊本県,ネパール,21：特定技能１号,4
43206,玉名市,43：熊本県,ネパール,33：家族滞在,4
43206,玉名市,43：熊本県,ネパール,34：特定活動,1
43206,玉名市,43：熊本県,パキスタン,11：経営・管理,2
43206,玉名市,43：熊本県,パキスタン,16：技術・人文知識・国際業務,1
43206,玉名市,43：熊本県,バングラデシュ,16：技術・人文知識・国際業務,2
43206,玉名市,43：熊本県,バングラデシュ,33：家族滞在,1
43206,玉名市,43：熊本県,フィリピン,21：特定技能１号,39
43206,玉名市,43：熊本県,フィリピン,24：技能実習１号ロ,13
43206,玉名市,43：熊本県,フィリピン,26：技能実習２号ロ,35
43206,玉名市,43：熊本県,フィリピン,28：技能実習３号ロ,3
43206,玉名市,43：熊本県,フィリピン,35：永住者,24
43206,玉名市,43：熊本県,フィリピン,36：日本人の配偶者等,7
43206,玉名市,43：熊本県,フィリピン,38：定住者,3
43206,玉名市,43：熊本県,ベトナム,11：経営・管理,3
43206,玉名市,43：熊本県,ベトナム,16：技術・人文知識・国際業務,6
43206,玉名市,43：熊本県,ベトナム,21：特定技能１号,180
43206,玉名市,43：熊本県,ベトナム,24：技能実習１号ロ,78
43206,玉名市,43：熊本県,ベトナム,26：技能実習２号ロ,144
43206,玉名市,43：熊本県,ベトナム,28：技能実習３号ロ,36
43206,玉名市,43：熊本県,ベトナム,31：留学,3
43206,玉名市,43：熊本県,ベトナム,33：家族滞在,4
43206,玉名市,43：熊本県,ベトナム,34：特定活動,16
43206,玉名市,43：熊本県,ベトナム,35：永住者,2
43206,玉名市,43：熊本県,ベトナム,36：日本人の配偶者等,1
43206,玉名市,43：熊本県,ベトナム,38：定住者,2
43206,玉名市,43：熊本県,マレーシア,36：日本人の配偶者等,1
43206,玉名市,43：熊本県,ミャンマー,16：技術・人文知識・国際業務,6
43206,玉名市,43：熊本県,ミャンマー,21：特定技能１号,7
43206,玉名市,43：熊本県,ミャンマー,24：技能実習１号ロ,32
43206,玉名市,43：熊本県,ミャンマー,26：技能実習２号ロ,46
43206,玉名市,43：熊本県,ミャンマー,34：特定活動,17
43206,玉名市,43：熊本県,ウズベキスタン,26：技能実習２号ロ,2
43206,玉名市,43：熊本県,英国,35：永住者,3
43206,玉名市,43：熊本県,英国,36：日本人の配偶者等,1
43206,玉名市,43：熊本県,ポーランド,35：永住者,1
43206,玉名市,43：熊本県,カナダ,35：永住者,1
43206,玉名市,43：熊本県,カナダ,36：日本人の配偶者等,4
43206,玉名市,43：熊本県,米国,15：教育,11
43206,玉名市,43：熊本県,米国,33：家族滞在,2
43206,玉名市,43：熊本県,米国,35：永住者,2
43206,玉名市,43：熊本県,米国,36：日本人の配偶者等,1
43206,玉名市,43：熊本県,ブラジル,35：永住者,1
43208,山鹿市,43：熊本県,インドネシア,21：特定技能１号,11
43208,山鹿市,43：熊本県,インドネシア,24：技能実習１号ロ,28
43208,山鹿市,43：熊本県,インドネシア,26：技能実習２号ロ,13
43208,山鹿市,43：熊本県,インドネシア,28：技能実習３号ロ,9
43208,山鹿市,43：熊本県,インドネシア,34：特定活動,5
43208,山鹿市,43：熊本県,インドネシア,35：永住者,2
43208,山鹿市,43：熊本県,インドネシア,36：日本人の配偶者等,1
43208,山鹿市,43：熊本県,韓国,16：技術・人文知識・国際業務,3
43208,山鹿市,43：熊本県,韓国,19：興行,2
43208,山鹿市,43：熊本県,韓国,20：技能,2
43208,山鹿市,43：熊本県,韓国,33：家族滞在,1
43208,山鹿市,43：熊本県,韓国,35：永住者,8
43208,山鹿市,43：熊本県,韓国,36：日本人の配偶者等,2
43208,山鹿市,43：熊本県,韓国,39：特別永住者,4
43208,山鹿市,43：熊本県,カンボジア,21：特定技能１号,5
43208,山鹿市,43：熊本県,カンボジア,24：技能実習１号ロ,4
43208,山鹿市,43：熊本県,カンボジア,26：技能実習２号ロ,19
43208,山鹿市,43：熊本県,シンガポール,35：永住者,1
43208,山鹿市,43：熊本県,スリランカ,21：特定技能１号,4
43208,山鹿市,43：熊本県,タイ,16：技術・人文知識・国際業務,1
43208,山鹿市,43：熊本県,タイ,24：技能実習１号ロ,9
43208,山鹿市,43：熊本県,タイ,26：技能実習２号ロ,2
43208,山鹿市,43：熊本県,タイ,35：永住者,1
43208,山鹿市,43：熊本県,タイ,36：日本人の配偶者等,1
43208,山鹿市,43：熊本県,台湾,16：技術・人文知識・国際業務,1
43208,山鹿市,43：熊本県,台湾,35：永住者,1
43208,山鹿市,43：熊本県,台湾,36：日本人の配偶者等,1
43208,山鹿市,43：熊本県,中国,11：経営・管理,1
43208,山鹿市,43：熊本県,中国,16：技術・人文知識・国際業務,2
43208,山鹿市,43：熊本県,中国,20：技能,2
43208,山鹿市,43：熊本県,中国,33：家族滞在,6
43208,山鹿市,43：熊本県,中国,34：特定活動,4
43208,山鹿市,43：熊本県,中国,35：永住者,26
43208,山鹿市,43：熊本県,中国,36：日本人の配偶者等,3
43208,山鹿市,43：熊本県,ネパール,11：経営・管理,1
43208,山鹿市,43：熊本県,ネパール,16：技術・人文知識・国際業務,3
43208,山鹿市,43：熊本県,ネパール,20：技能,4
43208,山鹿市,43：熊本県,ネパール,21：特定技能１号,8
43208,山鹿市,43：熊本県,ネパール,33：家族滞在,1
43208,山鹿市,43：熊本県,フィリピン,15：教育,2
43208,山鹿市,43：熊本県,フィリピン,21：特定技能１号,20
43208,山鹿市,43：熊本県,フィリピン,24：技能実習１号ロ,13
43208,山鹿市,43：熊本県,フィリピン,26：技能実習２号ロ,28
43208,山鹿市,43：熊本県,フィリピン,28：技能実習３号ロ,7
43208,山鹿市,43：熊本県,フィリピン,33：家族滞在,3
43208,山鹿市,43：熊本県,フィリピン,34：特定活動,1
43208,山鹿市,43：熊本県,フィリピン,35：永住者,44
43208,山鹿市,43：熊本県,フィリピン,36：日本人の配偶者等,11
43208,山鹿市,43：熊本県,フィリピン,37：永住者の配偶者等,2
43208,山鹿市,43：熊本県,フィリピン,38：定住者,10
43208,山鹿市,43：熊本県,ベトナム,16：技術・人文知識・国際業務,11
43208,山鹿市,43：熊本県,ベトナム,21：特定技能１号,36
43208,山鹿市,43：熊本県,ベトナム,24：技能実習１号ロ,25
43208,山鹿市,43：熊本県,ベトナム,26：技能実習２号ロ,38
43208,山鹿市,43：熊本県,ベトナム,28：技能実習３号ロ,13
43208,山鹿市,43：熊本県,ベトナム,33：家族滞在,2
43208,山鹿市,43：熊本県,ベトナム,34：特定活動,1
43208,山鹿市,43：熊本県,ベトナム,36：日本人の配偶者等,2
43208,山鹿市,43：熊本県,ベトナム,38：定住者,2
43208,山鹿市,43：熊本県,マレーシア,35：永住者,1
43208,山鹿市,43：熊本県,ミャンマー,21：特定技能１号,11
43208,山鹿市,43：熊本県,ミャンマー,24：技能実習１号ロ,1
43208,山鹿市,43：熊本県,ミャンマー,26：技能実習２号ロ,14
43208,山鹿市,43：熊本県,ミャンマー,28：技能実習３号ロ,1
43208,山鹿市,43：熊本県,ミャンマー,34：特定活動,6
43208,山鹿市,43：熊本県,ミャンマー,36：日本人の配偶者等,1
43208,山鹿市,43：熊本県,モンゴル,26：技能実習２号ロ,3
43208,山鹿市,43：熊本県,ラオス,24：技能実習１号ロ,3
43208,山鹿市,43：熊本県,ラオス,26：技能実習２号ロ,1
43208,山鹿市,43：熊本県,英国,15：教育,1
43208,山鹿市,43：熊本県,英国,35：永住者,3
43208,山鹿市,43：熊本県,フランス,36：日本人の配偶者等,1
43208,山鹿市,43：熊本県,エチオピア,36：日本人の配偶者等,1
43208,山鹿市,43：熊本県,カナダ,35：永住者,1
43208,山鹿市,43：熊本県,カナダ,36：日本人の配偶者等,1
43208,山鹿市,43：熊本県,米国,35：永住者,3
43208,山鹿市,43：熊本県,米国,36：日本人の配偶者等,1
43208,山鹿市,43：熊本県,ブラジル,35：永住者,4
43208,山鹿市,43：熊本県,ブラジル,36：日本人の配偶者等,1
43208,山鹿市,43：熊本県,ブラジル,38：定住者,3
43208,山鹿市,43：熊本県,オーストラリア,35：永住者,1
43208,山鹿市,43：熊本県,ニュージーランド,36：日本人の配偶者等,1
43210,菊池市,43：熊本県,インド,20：技能,3
43210,菊池市,43：熊本県,インドネシア,16：技術・人文知識・国際業務,14
43210,菊池市,43：熊本県,インドネシア,21：特定技能１号,26
43210,菊池市,43：熊本県,インドネシア,24：技能実習１号ロ,49
43210,菊池市,43：熊本県,インドネシア,26：技能実習２号ロ,49
43210,菊池市,43：熊本県,インドネシア,33：家族滞在,7
43210,菊池市,43：熊本県,韓国,16：技術・人文知識・国際業務,1
43210,菊池市,43：熊本県,韓国,35：永住者,5
43210,菊池市,43：熊本県,韓国,36：日本人の配偶者等,3
43210,菊池市,43：熊本県,韓国,39：特別永住者,11
43210,菊池市,43：熊本県,（朝鮮）,39：特別永住者,2
43210,菊池市,43：熊本県,カンボジア,21：特定技能１号,1
43210,菊池市,43：熊本県,カンボジア,24：技能実習１号ロ,7
43210,菊池市,43：熊本県,カンボジア,26：技能実習２号ロ,5
43210,菊池市,43：熊本県,カンボジア,28：技能実習３号ロ,1
43210,菊池市,43：熊本県,カンボジア,36：日本人の配偶者等,1
43210,菊池市,43：熊本県,スリランカ,16：技術・人文知識・国際業務,2
43210,菊池市,43：熊本県,スリランカ,21：特定技能１号,2
43210,菊池市,43：熊本県,タイ,21：特定技能１号,6
43210,菊池市,43：熊本県,タイ,24：技能実習１号ロ,19
43210,菊池市,43：熊本県,タイ,26：技能実習２号ロ,19
43210,菊池市,43：熊本県,タイ,28：技能実習３号ロ,1
43210,菊池市,43：熊本県,タイ,34：特定活動,3
43210,菊池市,43：熊本県,タイ,35：永住者,1
43210,菊池市,43：熊本県,タイ,36：日本人の配偶者等,1
43210,菊池市,43：熊本県,台湾,11：経営・管理,1
43210,菊池市,43：熊本県,台湾,16：技術・人文知識・国際業務,5
43210,菊池市,43：熊本県,台湾,17：企業内転勤,13
43210,菊池市,43：熊本県,台湾,35：永住者,2
43210,菊池市,43：熊本県,台湾,36：日本人の配偶者等,2
43210,菊池市,43：熊本県,中国,10：高度専門職２号,1
43210,菊池市,43：熊本県,中国,16：技術・人文知識・国際業務,8
43210,菊池市,43：熊本県,中国,20：技能,3
43210,菊池市,43：熊本県,中国,21：特定技能１号,2
43210,菊池市,43：熊本県,中国,24：技能実習１号ロ,1
43210,菊池市,43：熊本県,中国,26：技能実習２号ロ,3
43210,菊池市,43：熊本県,中国,33：家族滞在,3
43210,菊池市,43：熊本県,中国,34：特定活動,1
43210,菊池市,43：熊本県,中国,35：永住者,29
43210,菊池市,43：熊本県,中国,36：日本人の配偶者等,3
43210,菊池市,43：熊本県,中国,37：永住者の配偶者等,4
43210,菊池市,43：熊本県,中国,38：定住者,2
43210,菊池市,43：熊本県,ネパール,16：技術・人文知識・国際業務,13
43210,菊池市,43：熊本県,ネパール,21：特定技能１号,9
43210,菊池市,43：熊本県,ネパール,24：技能実習１号ロ,8
43210,菊池市,43：熊本県,ネパール,33：家族滞在,5
43210,菊池市,43：熊本県,パキスタン,16：技術・人文知識・国際業務,1
43210,菊池市,43：熊本県,フィリピン,15：教育,2
43210,菊池市,43：熊本県,フィリピン,21：特定技能１号,26
43210,菊池市,43：熊本県,フィリピン,24：技能実習１号ロ,27
43210,菊池市,43：熊本県,フィリピン,26：技能実習２号ロ,63
43210,菊池市,43：熊本県,フィリピン,28：技能実習３号ロ,48
43210,菊池市,43：熊本県,フィリピン,34：特定活動,1
43210,菊池市,43：熊本県,フィリピン,35：永住者,53
43210,菊池市,43：熊本県,フィリピン,36：日本人の配偶者等,13
43210,菊池市,43：熊本県,フィリピン,37：永住者の配偶者等,2
43210,菊池市,43：熊本県,フィリピン,38：定住者,16
43210,菊池市,43：熊本県,ベトナム,11：経営・管理,1
43210,菊池市,43：熊本県,ベトナム,16：技術・人文知識・国際業務,78
43210,菊池市,43：熊本県,ベトナム,21：特定技能１号,151
43210,菊池市,43：熊本県,ベトナム,24：技能実習１号ロ,181
43210,菊池市,43：熊本県,ベトナム,26：技能実習２号ロ,234
43210,菊池市,43：熊本県,ベトナム,28：技能実習３号ロ,8
43210,菊池市,43：熊本県,ベトナム,33：家族滞在,26
43210,菊池市,43：熊本県,ベトナム,34：特定活動,7
43210,菊池市,43：熊本県,ベトナム,36：日本人の配偶者等,7
43210,菊池市,43：熊本県,ミャンマー,21：特定技能１号,7
43210,菊池市,43：熊本県,ミャンマー,24：技能実習１号ロ,10
43210,菊池市,43：熊本県,ミャンマー,26：技能実習２号ロ,9
43210,菊池市,43：熊本県,ミャンマー,28：技能実習３号ロ,6
43210,菊池市,43：熊本県,ミャンマー,34：特定活動,1
43210,菊池市,43：熊本県,ミャンマー,36：日本人の配偶者等,1
43210,菊池市,43：熊本県,モンゴル,21：特定技能１号,1
43210,菊池市,43：熊本県,イタリア,35：永住者,1
43210,菊池市,43：熊本県,イタリア,36：日本人の配偶者等,1
43210,菊池市,43：熊本県,英国,35：永住者,5
43210,菊池市,43：熊本県,英国,37：永住者の配偶者等,1
43210,菊池市,43：熊本県,英国,38：定住者,1
43210,菊池市,43：熊本県,フランス,35：永住者,1
43210,菊池市,43：熊本県,ジンバブエ,15：教育,1
43210,菊池市,43：熊本県,南アフリカ共和国,15：教育,1
43210,菊池市,43：熊本県,ルワンダ,15：教育,1
43210,菊池市,43：熊本県,カナダ,16：技術・人文知識・国際業務,1
43210,菊池市,43：熊本県,カナダ,36：日本人の配偶者等,1
43210,菊池市,43：熊本県,米国,05：宗教,1
43210,菊池市,43：熊本県,米国,33：家族滞在,2
43210,菊池市,43：熊本県,米国,35：永住者,9
43210,菊池市,43：熊本県,米国,36：日本人の配偶者等,1
43210,菊池市,43：熊本県,ブラジル,35：永住者,1
43210,菊池市,43：熊本県,オーストラリア,35：永住者,1
43210,菊池市,43：熊本県,オーストラリア,36：日本人の配偶者等,1
43210,菊池市,43：熊本県,ニュージーランド,36：日本人の配偶者等,1
43211,宇土市,43：熊本県,インドネシア,21：特定技能１号,16
43211,宇土市,43：熊本県,インドネシア,24：技能実習１号ロ,6
43211,宇土市,43：熊本県,インドネシア,26：技能実習２号ロ,15
43211,宇土市,43：熊本県,インドネシア,28：技能実習３号ロ,1
43211,宇土市,43：熊本県,インドネシア,34：特定活動,1
43211,宇土市,43：熊本県,インドネシア,36：日本人の配偶者等,1
43211,宇土市,43：熊本県,インドネシア,38：定住者,3
43211,宇土市,43：熊本県,韓国,05：宗教,1
43211,宇土市,43：熊本県,韓国,33：家族滞在,4
43211,宇土市,43：熊本県,韓国,35：永住者,1
43211,宇土市,43：熊本県,韓国,36：日本人の配偶者等,1
43211,宇土市,43：熊本県,韓国,39：特別永住者,4
43211,宇土市,43：熊本県,カンボジア,16：技術・人文知識・国際業務,2
43211,宇土市,43：熊本県,カンボジア,21：特定技能１号,5
43211,宇土市,43：熊本県,カンボジア,24：技能実習１号ロ,4
43211,宇土市,43：熊本県,カンボジア,26：技能実習２号ロ,10
43211,宇土市,43：熊本県,カンボジア,33：家族滞在,1
43211,宇土市,43：熊本県,シリア,16：技術・人文知識・国際業務,1
43211,宇土市,43：熊本県,シリア,33：家族滞在,3
43211,宇土市,43：熊本県,シリア,34：特定活動,6
43211,宇土市,43：熊本県,シリア,38：定住者,7
43211,宇土市,43：熊本県,スリランカ,16：技術・人文知識・国際業務,2
43211,宇土市,43：熊本県,スリランカ,21：特定技能１号,1
43211,宇土市,43：熊本県,スリランカ,24：技能実習１号ロ,1
43211,宇土市,43：熊本県,スリランカ,26：技能実習２号ロ,1
43211,宇土市,43：熊本県,タイ,26：技能実習２号ロ,2
43211,宇土市,43：熊本県,タイ,35：永住者,1
43211,宇土市,43：熊本県,台湾,17：企業内転勤,1
43211,宇土市,43：熊本県,台湾,36：日本人の配偶者等,1
43211,宇土市,43：熊本県,中国,11：経営・管理,2
43211,宇土市,43：熊本県,中国,21：特定技能１号,1
43211,宇土市,43：熊本県,中国,33：家族滞在,2
43211,宇土市,43：熊本県,中国,35：永住者,15
43211,宇土市,43：熊本県,中国,36：日本人の配偶者等,3
43211,宇土市,43：熊本県,ネパール,16：技術・人文知識・国際業務,2
43211,宇土市,43：熊本県,ネパール,24：技能実習１号ロ,2
43211,宇土市,43：熊本県,ネパール,26：技能実習２号ロ,15
43211,宇土市,43：熊本県,ネパール,33：家族滞在,1
43211,宇土市,43：熊本県,パキスタン,16：技術・人文知識・国際業務,2
43211,宇土市,43：熊本県,パキスタン,33：家族滞在,4
43211,宇土市,43：熊本県,フィリピン,15：教育,1
43211,宇土市,43：熊本県,フィリピン,21：特定技能１号,2
43211,宇土市,43：熊本県,フィリピン,24：技能実習１号ロ,8
43211,宇土市,43：熊本県,フィリピン,26：技能実習２号ロ,4
43211,宇土市,43：熊本県,フィリピン,34：特定活動,1
43211,宇土市,43：熊本県,フィリピン,35：永住者,8
43211,宇土市,43：熊本県,フィリピン,36：日本人の配偶者等,8
43211,宇土市,43：熊本県,フィリピン,38：定住者,8
43211,宇土市,43：熊本県,ベトナム,11：経営・管理,1
43211,宇土市,43：熊本県,ベトナム,16：技術・人文知識・国際業務,12
43211,宇土市,43：熊本県,ベトナム,21：特定技能１号,65
43211,宇土市,43：熊本県,ベトナム,24：技能実習１号ロ,29
43211,宇土市,43：熊本県,ベトナム,26：技能実習２号ロ,55
43211,宇土市,43：熊本県,ベトナム,28：技能実習３号ロ,8
43211,宇土市,43：熊本県,ベトナム,33：家族滞在,7
43211,宇土市,43：熊本県,ベトナム,34：特定活動,4
43211,宇土市,43：熊本県,ベトナム,35：永住者,4
43211,宇土市,43：熊本県,ベトナム,36：日本人の配偶者等,2
43211,宇土市,43：熊本県,ミャンマー,16：技術・人文知識・国際業務,1
43211,宇土市,43：熊本県,ミャンマー,21：特定技能１号,1
43211,宇土市,43：熊本県,ミャンマー,24：技能実習１号ロ,22
43211,宇土市,43：熊本県,ミャンマー,26：技能実習２号ロ,8
43211,宇土市,43：熊本県,ウズベキスタン,16：技術・人文知識・国際業務,1
43211,宇土市,43：熊本県,ウズベキスタン,33：家族滞在,2
43211,宇土市,43：熊本県,ポーランド,35：永住者,1
43211,宇土市,43：熊本県,南アフリカ共和国,15：教育,1
43211,宇土市,43：熊本県,ジャマイカ,36：日本人の配偶者等,1
43211,宇土市,43：熊本県,米国,15：教育,6
43211,宇土市,43：熊本県,米国,35：永住者,1
43211,宇土市,43：熊本県,米国,36：日本人の配偶者等,2
43211,宇土市,43：熊本県,ブラジル,35：永住者,1
43211,宇土市,43：熊本県,ブラジル,36：日本人の配偶者等,1
43211,宇土市,43：熊本県,ニュージーランド,35：永住者,1
43212,上天草市,43：熊本県,インドネシア,21：特定技能１号,27
43212,上天草市,43：熊本県,インドネシア,24：技能実習１号ロ,11
43212,上天草市,43：熊本県,インドネシア,26：技能実習２号ロ,7
43212,上天草市,43：熊本県,インドネシア,28：技能実習３号ロ,1
43212,上天草市,43：熊本県,カンボジア,21：特定技能１号,1
43212,上天草市,43：熊本県,カンボジア,24：技能実習１号ロ,2
43212,上天草市,43：熊本県,カンボジア,26：技能実習２号ロ,5
43212,上天草市,43：熊本県,台湾,34：特定活動,1
43212,上天草市,43：熊本県,中国,16：技術・人文知識・国際業務,2
43212,上天草市,43：熊本県,中国,20：技能,2
43212,上天草市,43：熊本県,中国,28：技能実習３号ロ,1
43212,上天草市,43：熊本県,中国,33：家族滞在,2
43212,上天草市,43：熊本県,中国,35：永住者,7
43212,上天草市,43：熊本県,ネパール,04：芸術,6
43212,上天草市,43：熊本県,ネパール,16：技術・人文知識・国際業務,1
43212,上天草市,43：熊本県,ネパール,33：家族滞在,1
43212,上天草市,43：熊本県,フィリピン,16：技術・人文知識・国際業務,1
43212,上天草市,43：熊本県,フィリピン,21：特定技能１号,8
43212,上天草市,43：熊本県,フィリピン,24：技能実習１号ロ,3
43212,上天草市,43：熊本県,フィリピン,35：永住者,12
43212,上天草市,43：熊本県,フィリピン,36：日本人の配偶者等,3
43212,上天草市,43：熊本県,フィリピン,38：定住者,1
43212,上天草市,43：熊本県,ベトナム,21：特定技能１号,2
43212,上天草市,43：熊本県,ベトナム,24：技能実習１号ロ,3
43212,上天草市,43：熊本県,ベトナム,26：技能実習２号ロ,18
43212,上天草市,43：熊本県,ベトナム,28：技能実習３号ロ,4
43212,上天草市,43：熊本県,ベトナム,34：特定活動,2
43212,上天草市,43：熊本県,ベトナム,36：日本人の配偶者等,1
43212,上天草市,43：熊本県,ミャンマー,21：特定技能１号,4
43212,上天草市,43：熊本県,ミャンマー,24：技能実習１号ロ,8
43212,上天草市,43：熊本県,ミャンマー,26：技能実習２号ロ,4
43212,上天草市,43：熊本県,ミャンマー,34：特定活動,2
43212,上天草市,43：熊本県,ミャンマー,35：永住者,1
43212,上天草市,43：熊本県,ミャンマー,36：日本人の配偶者等,1
43212,上天草市,43：熊本県,イタリア,16：技術・人文知識・国際業務,1
43212,上天草市,43：熊本県,英国,35：永住者,1
43212,上天草市,43：熊本県,ベルギー,36：日本人の配偶者等,1
43212,上天草市,43：熊本県,カナダ,15：教育,1
43212,上天草市,43：熊本県,カナダ,35：永住者,1
43212,上天草市,43：熊本県,コスタリカ,36：日本人の配偶者等,1
43212,上天草市,43：熊本県,米国,15：教育,3
43212,上天草市,43：熊本県,米国,36：日本人の配偶者等,2
43212,上天草市,43：熊本県,ブラジル,35：永住者,1
43212,上天草市,43：熊本県,オーストラリア,15：教育,1
43213,宇城市,43：熊本県,アフガニスタン,11：経営・管理,1
43213,宇城市,43：熊本県,アフガニスタン,16：技術・人文知識・国際業務,1
43213,宇城市,43：熊本県,アフガニスタン,35：永住者,1
43213,宇城市,43：熊本県,インド,20：技能,4
43213,宇城市,43：熊本県,インドネシア,16：技術・人文知識・国際業務,5
43213,宇城市,43：熊本県,インドネシア,21：特定技能１号,34
43213,宇城市,43：熊本県,インドネシア,24：技能実習１号ロ,48
43213,宇城市,43：熊本県,インドネシア,26：技能実習２号ロ,40
43213,宇城市,43：熊本県,インドネシア,28：技能実習３号ロ,4
43213,宇城市,43：熊本県,インドネシア,34：特定活動,8
43213,宇城市,43：熊本県,韓国,11：経営・管理,1
43213,宇城市,43：熊本県,韓国,34：特定活動,1
43213,宇城市,43：熊本県,韓国,35：永住者,4
43213,宇城市,43：熊本県,韓国,36：日本人の配偶者等,2
43213,宇城市,43：熊本県,韓国,39：特別永住者,2
43213,宇城市,43：熊本県,（朝鮮）,39：特別永住者,4
43213,宇城市,43：熊本県,カンボジア,16：技術・人文知識・国際業務,3
43213,宇城市,43：熊本県,カンボジア,21：特定技能１号,5
43213,宇城市,43：熊本県,カンボジア,24：技能実習１号ロ,11
43213,宇城市,43：熊本県,カンボジア,26：技能実習２号ロ,19
43213,宇城市,43：熊本県,カンボジア,34：特定活動,1
43213,宇城市,43：熊本県,スリランカ,16：技術・人文知識・国際業務,9
43213,宇城市,43：熊本県,スリランカ,21：特定技能１号,4
43213,宇城市,43：熊本県,スリランカ,31：留学,1
43213,宇城市,43：熊本県,スリランカ,33：家族滞在,2
43213,宇城市,43：熊本県,スリランカ,35：永住者,1
43213,宇城市,43：熊本県,タイ,21：特定技能１号,2
43213,宇城市,43：熊本県,台湾,35：永住者,1
43213,宇城市,43：熊本県,中国,11：経営・管理,1
43213,宇城市,43：熊本県,中国,16：技術・人文知識・国際業務,3
43213,宇城市,43：熊本県,中国,19：興行,5
43213,宇城市,43：熊本県,中国,20：技能,1
43213,宇城市,43：熊本県,中国,21：特定技能１号,7
43213,宇城市,43：熊本県,中国,24：技能実習１号ロ,4
43213,宇城市,43：熊本県,中国,26：技能実習２号ロ,11
43213,宇城市,43：熊本県,中国,28：技能実習３号ロ,3
43213,宇城市,43：熊本県,中国,33：家族滞在,5
43213,宇城市,43：熊本県,中国,35：永住者,19
43213,宇城市,43：熊本県,中国,36：日本人の配偶者等,6
43213,宇城市,43：熊本県,中国,37：永住者の配偶者等,1
43213,宇城市,43：熊本県,中国,38：定住者,1
43213,宇城市,43：熊本県,ネパール,16：技術・人文知識・国際業務,20
43213,宇城市,43：熊本県,ネパール,18：介護,1
43213,宇城市,43：熊本県,ネパール,26：技能実習２号ロ,5
43213,宇城市,43：熊本県,ネパール,28：技能実習３号ロ,4
43213,宇城市,43：熊本県,ネパール,33：家族滞在,7
43213,宇城市,43：熊本県,パキスタン,11：経営・管理,3
43213,宇城市,43：熊本県,パキスタン,16：技術・人文知識・国際業務,10
43213,宇城市,43：熊本県,パキスタン,33：家族滞在,13
43213,宇城市,43：熊本県,パキスタン,35：永住者,1
43213,宇城市,43：熊本県,パキスタン,37：永住者の配偶者等,1
43213,宇城市,43：熊本県,パキスタン,38：定住者,7
43213,宇城市,43：熊本県,バングラデシュ,16：技術・人文知識・国際業務,3
43213,宇城市,43：熊本県,バングラデシュ,26：技能実習２号ロ,6
43213,宇城市,43：熊本県,バングラデシュ,33：家族滞在,4
43213,宇城市,43：熊本県,フィリピン,16：技術・人文知識・国際業務,1
43213,宇城市,43：熊本県,フィリピン,21：特定技能１号,43
43213,宇城市,43：熊本県,フィリピン,24：技能実習１号ロ,13
43213,宇城市,43：熊本県,フィリピン,26：技能実習２号ロ,26
43213,宇城市,43：熊本県,フィリピン,28：技能実習３号ロ,13
43213,宇城市,43：熊本県,フィリピン,35：永住者,18
43213,宇城市,43：熊本県,フィリピン,36：日本人の配偶者等,4
43213,宇城市,43：熊本県,ベトナム,11：経営・管理,1
43213,宇城市,43：熊本県,ベトナム,16：技術・人文知識・国際業務,46
43213,宇城市,43：熊本県,ベトナム,21：特定技能１号,58
43213,宇城市,43：熊本県,ベトナム,24：技能実習１号ロ,52
43213,宇城市,43：熊本県,ベトナム,26：技能実習２号ロ,147
43213,宇城市,43：熊本県,ベトナム,28：技能実習３号ロ,22
43213,宇城市,43：熊本県,ベトナム,33：家族滞在,6
43213,宇城市,43：熊本県,ベトナム,34：特定活動,10
43213,宇城市,43：熊本県,ベトナム,36：日本人の配偶者等,2
43213,宇城市,43：熊本県,ミャンマー,21：特定技能１号,16
43213,宇城市,43：熊本県,ミャンマー,24：技能実習１号ロ,25
43213,宇城市,43：熊本県,ミャンマー,26：技能実習２号ロ,12
43213,宇城市,43：熊本県,英国,35：永住者,1
43213,宇城市,43：熊本県,スロバキア,35：永住者,1
43213,宇城市,43：熊本県,ドイツ,36：日本人の配偶者等,1
43213,宇城市,43：熊本県,ルーマニア,35：永住者,1
43213,宇城市,43：熊本県,ロシア,16：技術・人文知識・国際業務,1
43213,宇城市,43：熊本県,ウガンダ,35：永住者,1
43213,宇城市,43：熊本県,ナイジェリア,35：永住者,1
43213,宇城市,43：熊本県,カナダ,35：永住者,2
43213,宇城市,43：熊本県,キューバ,19：興行,5
43213,宇城市,43：熊本県,米国,15：教育,4
43213,宇城市,43：熊本県,米国,35：永住者,3
43213,宇城市,43：熊本県,米国,36：日本人の配偶者等,1
43213,宇城市,43：熊本県,メキシコ,19：興行,5
43213,宇城市,43：熊本県,アルゼンチン,19：興行,2
43213,宇城市,43：熊本県,アルゼンチン,33：家族滞在,1
43213,宇城市,43：熊本県,コロンビア,19：興行,19
43213,宇城市,43：熊本県,コロンビア,33：家族滞在,2
43213,宇城市,43：熊本県,チリ,19：興行,4
43213,宇城市,43：熊本県,チリ,33：家族滞在,1
43213,宇城市,43：熊本県,ブラジル,35：永住者,5
43213,宇城市,43：熊本県,ブラジル,36：日本人の配偶者等,2
43213,宇城市,43：熊本県,ブラジル,38：定住者,2
43213,宇城市,43：熊本県,ペルー,19：興行,1
43213,宇城市,43：熊本県,ペルー,35：永住者,3
43213,宇城市,43：熊本県,オーストラリア,35：永住者,1
43213,宇城市,43：熊本県,ニュージーランド,15：教育,1
43214,阿蘇市,43：熊本県,インド,20：技能,4
43214,阿蘇市,43：熊本県,インドネシア,21：特定技能１号,6
43214,阿蘇市,43：熊本県,インドネシア,24：技能実習１号ロ,45
43214,阿蘇市,43：熊本県,インドネシア,26：技能実習２号ロ,55
43214,阿蘇市,43：熊本県,インドネシア,28：技能実習３号ロ,2
43214,阿蘇市,43：熊本県,インドネシア,34：特定活動,6
43214,阿蘇市,43：熊本県,インドネシア,36：日本人の配偶者等,1
43214,阿蘇市,43：熊本県,韓国,34：特定活動,9
43214,阿蘇市,43：熊本県,韓国,35：永住者,1
43214,阿蘇市,43：熊本県,韓国,39：特別永住者,4
43214,阿蘇市,43：熊本県,（朝鮮）,39：特別永住者,1
43214,阿蘇市,43：熊本県,カンボジア,16：技術・人文知識・国際業務,2
43214,阿蘇市,43：熊本県,カンボジア,21：特定技能１号,78
43214,阿蘇市,43：熊本県,カンボジア,24：技能実習１号ロ,25
43214,阿蘇市,43：熊本県,カンボジア,26：技能実習２号ロ,51
43214,阿蘇市,43：熊本県,カンボジア,34：特定活動,3
43214,阿蘇市,43：熊本県,カンボジア,36：日本人の配偶者等,1
43214,阿蘇市,43：熊本県,シンガポール,36：日本人の配偶者等,1
43214,阿蘇市,43：熊本県,スリランカ,16：技術・人文知識・国際業務,3
43214,阿蘇市,43：熊本県,スリランカ,21：特定技能１号,5
43214,阿蘇市,43：熊本県,スリランカ,33：家族滞在,1
43214,阿蘇市,43：熊本県,タイ,21：特定技能１号,5
43214,阿蘇市,43：熊本県,台湾,16：技術・人文知識・国際業務,1
43214,阿蘇市,43：熊本県,台湾,34：特定活動,20
43214,阿蘇市,43：熊本県,台湾,36：日本人の配偶者等,1
43214,阿蘇市,43：熊本県,中国,16：技術・人文知識・国際業務,8
43214,阿蘇市,43：熊本県,中国,20：技能,1
43214,阿蘇市,43：熊本県,中国,21：特定技能１号,7
43214,阿蘇市,43：熊本県,中国,33：家族滞在,2
43214,阿蘇市,43：熊本県,中国,35：永住者,15
43214,阿蘇市,43：熊本県,中国,36：日本人の配偶者等,2
43214,阿蘇市,43：熊本県,中国,39：特別永住者,1
43214,阿蘇市,43：熊本県,ネパール,16：技術・人文知識・国際業務,27
43214,阿蘇市,43：熊本県,ネパール,20：技能,1
43214,阿蘇市,43：熊本県,ネパール,21：特定技能１号,14
43214,阿蘇市,43：熊本県,ネパール,33：家族滞在,13
43214,阿蘇市,43：熊本県,ネパール,34：特定活動,1
43214,阿蘇市,43：熊本県,ネパール,36：日本人の配偶者等,1
43214,阿蘇市,43：熊本県,パキスタン,11：経営・管理,2
43214,阿蘇市,43：熊本県,パキスタン,20：技能,1
43214,阿蘇市,43：熊本県,パキスタン,36：日本人の配偶者等,1
43214,阿蘇市,43：熊本県,フィリピン,16：技術・人文知識・国際業務,3
43214,阿蘇市,43：熊本県,フィリピン,21：特定技能１号,25
43214,阿蘇市,43：熊本県,フィリピン,24：技能実習１号ロ,10
43214,阿蘇市,43：熊本県,フィリピン,26：技能実習２号ロ,10
43214,阿蘇市,43：熊本県,フィリピン,28：技能実習３号ロ,4
43214,阿蘇市,43：熊本県,フィリピン,32：研修,2
43214,阿蘇市,43：熊本県,フィリピン,34：特定活動,2
43214,阿蘇市,43：熊本県,フィリピン,35：永住者,25
43214,阿蘇市,43：熊本県,フィリピン,36：日本人の配偶者等,8
43214,阿蘇市,43：熊本県,フィリピン,38：定住者,10
43214,阿蘇市,43：熊本県,ベトナム,16：技術・人文知識・国際業務,13
43214,阿蘇市,43：熊本県,ベトナム,17：企業内転勤,1
43214,阿蘇市,43：熊本県,ベトナム,20：技能,1
43214,阿蘇市,43：熊本県,ベトナム,21：特定技能１号,48
43214,阿蘇市,43：熊本県,ベトナム,24：技能実習１号ロ,33
43214,阿蘇市,43：熊本県,ベトナム,26：技能実習２号ロ,58
43214,阿蘇市,43：熊本県,ベトナム,28：技能実習３号ロ,5
43214,阿蘇市,43：熊本県,ベトナム,33：家族滞在,2
43214,阿蘇市,43：熊本県,ベトナム,34：特定活動,4
43214,阿蘇市,43：熊本県,ベトナム,36：日本人の配偶者等,2
43214,阿蘇市,43：熊本県,ミャンマー,16：技術・人文知識・国際業務,1
43214,阿蘇市,43：熊本県,ミャンマー,21：特定技能１号,39
43214,阿蘇市,43：熊本県,ミャンマー,24：技能実習１号ロ,2
43214,阿蘇市,43：熊本県,ミャンマー,26：技能実習２号ロ,5
43214,阿蘇市,43：熊本県,ラオス,26：技能実習２号ロ,4
43214,阿蘇市,43：熊本県,英国,35：永住者,2
43214,阿蘇市,43：熊本県,英国,36：日本人の配偶者等,1
43214,阿蘇市,43：熊本県,フランス,16：技術・人文知識・国際業務,1
43214,阿蘇市,43：熊本県,フランス,35：永住者,1
43214,阿蘇市,43：熊本県,ポーランド,36：日本人の配偶者等,1
43214,阿蘇市,43：熊本県,ナイジェリア,36：日本人の配偶者等,1
43214,阿蘇市,43：熊本県,米国,15：教育,3
43214,阿蘇市,43：熊本県,米国,33：家族滞在,2
43214,阿蘇市,43：熊本県,米国,35：永住者,2
43214,阿蘇市,43：熊本県,ブラジル,35：永住者,1
43215,天草市,43：熊本県,インド,21：特定技能１号,10
43215,天草市,43：熊本県,インド,24：技能実習１号ロ,2
43215,天草市,43：熊本県,インドネシア,16：技術・人文知識・国際業務,12
43215,天草市,43：熊本県,インドネシア,21：特定技能１号,44
43215,天草市,43：熊本県,インドネシア,24：技能実習１号ロ,18
43215,天草市,43：熊本県,インドネシア,26：技能実習２号ロ,15
43215,天草市,43：熊本県,インドネシア,34：特定活動,1
43215,天草市,43：熊本県,韓国,16：技術・人文知識・国際業務,1
43215,天草市,43：熊本県,韓国,35：永住者,5
43215,天草市,43：熊本県,韓国,36：日本人の配偶者等,3
43215,天草市,43：熊本県,韓国,39：特別永住者,9
43215,天草市,43：熊本県,カンボジア,21：特定技能１号,2
43215,天草市,43：熊本県,カンボジア,24：技能実習１号ロ,6
43215,天草市,43：熊本県,カンボジア,26：技能実習２号ロ,14
43215,天草市,43：熊本県,カンボジア,28：技能実習３号ロ,5
43215,天草市,43：熊本県,スリランカ,16：技術・人文知識・国際業務,1
43215,天草市,43：熊本県,タイ,26：技能実習２号ロ,2
43215,天草市,43：熊本県,タイ,35：永住者,1
43215,天草市,43：熊本県,台湾,34：特定活動,1
43215,天草市,43：熊本県,台湾,39：特別永住者,1
43215,天草市,43：熊本県,中国,20：技能,1
43215,天草市,43：熊本県,中国,21：特定技能１号,1
43215,天草市,43：熊本県,中国,24：技能実習１号ロ,2
43215,天草市,43：熊本県,中国,26：技能実習２号ロ,3
43215,天草市,43：熊本県,中国,28：技能実習３号ロ,2
43215,天草市,43：熊本県,中国,33：家族滞在,1
43215,天草市,43：熊本県,中国,34：特定活動,1
43215,天草市,43：熊本県,中国,35：永住者,15
43215,天草市,43：熊本県,中国,36：日本人の配偶者等,3
43215,天草市,43：熊本県,中国,37：永住者の配偶者等,1
43215,天草市,43：熊本県,中国,38：定住者,1
43215,天草市,43：熊本県,ネパール,21：特定技能１号,10
43215,天草市,43：熊本県,フィリピン,21：特定技能１号,7
43215,天草市,43：熊本県,フィリピン,24：技能実習１号ロ,7
43215,天草市,43：熊本県,フィリピン,26：技能実習２号ロ,2
43215,天草市,43：熊本県,フィリピン,35：永住者,35
43215,天草市,43：熊本県,フィリピン,36：日本人の配偶者等,1
43215,天草市,43：熊本県,フィリピン,38：定住者,1
43215,天草市,43：熊本県,ベトナム,16：技術・人文知識・国際業務,7
43215,天草市,43：熊本県,ベトナム,21：特定技能１号,42
43215,天草市,43：熊本県,ベトナム,22：特定技能２号,1
43215,天草市,43：熊本県,ベトナム,24：技能実習１号ロ,37
43215,天草市,43：熊本県,ベトナム,26：技能実習２号ロ,53
43215,天草市,43：熊本県,ベトナム,28：技能実習３号ロ,17
43215,天草市,43：熊本県,ベトナム,33：家族滞在,1
43215,天草市,43：熊本県,ベトナム,34：特定活動,5
43215,天草市,43：熊本県,ベトナム,35：永住者,1
43215,天草市,43：熊本県,ベトナム,36：日本人の配偶者等,2
43215,天草市,43：熊本県,マレーシア,35：永住者,1
43215,天草市,43：熊本県,ミャンマー,16：技術・人文知識・国際業務,1
43215,天草市,43：熊本県,ミャンマー,21：特定技能１号,7
43215,天草市,43：熊本県,ミャンマー,24：技能実習１号ロ,38
43215,天草市,43：熊本県,ミャンマー,26：技能実習２号ロ,40
43215,天草市,43：熊本県,ミャンマー,28：技能実習３号ロ,11
43215,天草市,43：熊本県,ミャンマー,34：特定活動,1
43215,天草市,43：熊本県,ミャンマー,36：日本人の配偶者等,1
43215,天草市,43：熊本県,モンゴル,26：技能実習２号ロ,2
43215,天草市,43：熊本県,英国,35：永住者,2
43215,天草市,43：熊本県,英国,36：日本人の配偶者等,1
43215,天草市,43：熊本県,ドイツ,35：永住者,1
43215,天草市,43：熊本県,ロシア,35：永住者,1
43215,天草市,43：熊本県,南アフリカ共和国,15：教育,1
43215,天草市,43：熊本県,カナダ,15：教育,1
43215,天草市,43：熊本県,カナダ,16：技術・人文知識・国際業務,2
43215,天草市,43：熊本県,カナダ,36：日本人の配偶者等,1
43215,天草市,43：熊本県,ジャマイカ,15：教育,1
43215,天草市,43：熊本県,米国,15：教育,11
43215,天草市,43：熊本県,米国,34：特定活動,1
43215,天草市,43：熊本県,米国,35：永住者,1
43215,天草市,43：熊本県,米国,36：日本人の配偶者等,2
43215,天草市,43：熊本県,ブラジル,35：永住者,1
43215,天草市,43：熊本県,オーストラリア,35：永住者,2
43215,天草市,43：熊本県,ニュージーランド,15：教育,1
43215,天草市,43：熊本県,ニュージーランド,33：家族滞在,1
43216,合志市,43：熊本県,インド,20：技能,3
43216,合志市,43：熊本県,インド,35：永住者,4
43216,合志市,43：熊本県,インドネシア,16：技術・人文知識・国際業務,1
43216,合志市,43：熊本県,インドネシア,17：企業内転勤,4
43216,合志市,43：熊本県,インドネシア,21：特定技能１号,19
43216,合志市,43：熊本県,インドネシア,24：技能実習１号ロ,22
43216,合志市,43：熊本県,インドネシア,26：技能実習２号ロ,33
43216,合志市,43：熊本県,インドネシア,28：技能実習３号ロ,10
43216,合志市,43：熊本県,インドネシア,31：留学,1
43216,合志市,43：熊本県,インドネシア,35：永住者,1
43216,合志市,43：熊本県,インドネシア,36：日本人の配偶者等,1
43216,合志市,43：熊本県,韓国,05：宗教,1
43216,合志市,43：熊本県,韓国,16：技術・人文知識・国際業務,4
43216,合志市,43：熊本県,韓国,33：家族滞在,3
43216,合志市,43：熊本県,韓国,35：永住者,7
43216,合志市,43：熊本県,韓国,36：日本人の配偶者等,2
43216,合志市,43：熊本県,韓国,38：定住者,1
43216,合志市,43：熊本県,韓国,39：特別永住者,10
43216,合志市,43：熊本県,カンボジア,16：技術・人文知識・国際業務,1
43216,合志市,43：熊本県,カンボジア,21：特定技能１号,5
43216,合志市,43：熊本県,カンボジア,24：技能実習１号ロ,4
43216,合志市,43：熊本県,カンボジア,26：技能実習２号ロ,14
43216,合志市,43：熊本県,カンボジア,34：特定活動,1
43216,合志市,43：熊本県,シンガポール,31：留学,4
43216,合志市,43：熊本県,スリランカ,26：技能実習２号ロ,3
43216,合志市,43：熊本県,スリランカ,35：永住者,1
43216,合志市,43：熊本県,タイ,21：特定技能１号,4
43216,合志市,43：熊本県,タイ,26：技能実習２号ロ,1
43216,合志市,43：熊本県,タイ,28：技能実習３号ロ,1
43216,合志市,43：熊本県,タイ,31：留学,2
43216,合志市,43：熊本県,タイ,35：永住者,1
43216,合志市,43：熊本県,台湾,08：高度専門職１号ロ,41
43216,合志市,43：熊本県,台湾,11：経営・管理,3
43216,合志市,43：熊本県,台湾,16：技術・人文知識・国際業務,11
43216,合志市,43：熊本県,台湾,17：企業内転勤,15
43216,合志市,43：熊本県,台湾,31：留学,2
43216,合志市,43：熊本県,台湾,33：家族滞在,50
43216,合志市,43：熊本県,台湾,34：特定活動,1
43216,合志市,43：熊本県,台湾,35：永住者,5
43216,合志市,43：熊本県,台湾,36：日本人の配偶者等,8
43216,合志市,43：熊本県,台湾,38：定住者,1
43216,合志市,43：熊本県,中国,08：高度専門職１号ロ,1
43216,合志市,43：熊本県,中国,16：技術・人文知識・国際業務,8
43216,合志市,43：熊本県,中国,20：技能,1
43216,合志市,43：熊本県,中国,21：特定技能１号,3
43216,合志市,43：熊本県,中国,35：永住者,65
43216,合志市,43：熊本県,中国,36：日本人の配偶者等,1
43216,合志市,43：熊本県,中国,37：永住者の配偶者等,3
43216,合志市,43：熊本県,ネパール,11：経営・管理,1
43216,合志市,43：熊本県,ネパール,16：技術・人文知識・国際業務,1
43216,合志市,43：熊本県,ネパール,18：介護,2
43216,合志市,43：熊本県,ネパール,20：技能,6
43216,合志市,43：熊本県,ネパール,21：特定技能１号,6
43216,合志市,43：熊本県,ネパール,33：家族滞在,7
43216,合志市,43：熊本県,ネパール,34：特定活動,1
43216,合志市,43：熊本県,フィリピン,21：特定技能１号,10
43216,合志市,43：熊本県,フィリピン,24：技能実習１号ロ,6
43216,合志市,43：熊本県,フィリピン,26：技能実習２号ロ,14
43216,合志市,43：熊本県,フィリピン,28：技能実習３号ロ,2
43216,合志市,43：熊本県,フィリピン,34：特定活動,1
43216,合志市,43：熊本県,フィリピン,35：永住者,23
43216,合志市,43：熊本県,フィリピン,36：日本人の配偶者等,6
43216,合志市,43：熊本県,ベトナム,16：技術・人文知識・国際業務,11
43216,合志市,43：熊本県,ベトナム,17：企業内転勤,3
43216,合志市,43：熊本県,ベトナム,21：特定技能１号,25
43216,合志市,43：熊本県,ベトナム,24：技能実習１号ロ,24
43216,合志市,43：熊本県,ベトナム,26：技能実習２号ロ,28
43216,合志市,43：熊本県,ベトナム,28：技能実習３号ロ,2
43216,合志市,43：熊本県,ベトナム,36：日本人の配偶者等,3
43216,合志市,43：熊本県,マレーシア,08：高度専門職１号ロ,1
43216,合志市,43：熊本県,マレーシア,16：技術・人文知識・国際業務,1
43216,合志市,43：熊本県,マレーシア,31：留学,2
43216,合志市,43：熊本県,ミャンマー,16：技術・人文知識・国際業務,4
43216,合志市,43：熊本県,ミャンマー,21：特定技能１号,5
43216,合志市,43：熊本県,ミャンマー,24：技能実習１号ロ,8
43216,合志市,43：熊本県,ミャンマー,26：技能実習２号ロ,9
43216,合志市,43：熊本県,ミャンマー,28：技能実習３号ロ,1
43216,合志市,43：熊本県,モンゴル,24：技能実習１号ロ,3
43216,合志市,43：熊本県,アイルランド,36：日本人の配偶者等,1
43216,合志市,43：熊本県,イタリア,36：日本人の配偶者等,1
43216,合志市,43：熊本県,英国,03：教授,1
43216,合志市,43：熊本県,英国,35：永住者,2
43216,合志市,43：熊本県,英国,36：日本人の配偶者等,2
43216,合志市,43：熊本県,スイス,35：永住者,1
43216,合志市,43：熊本県,スウェーデン,36：日本人の配偶者等,1
43216,合志市,43：熊本県,ドイツ,35：永住者,2
43216,合志市,43：熊本県,ルーマニア,35：永住者,1
43216,合志市,43：熊本県,マダガスカル,07：高度専門職１号イ,1
43216,合志市,43：熊本県,マダガスカル,33：家族滞在,4
43216,合志市,43：熊本県,カナダ,36：日本人の配偶者等,1
43216,合志市,43：熊本県,米国,15：教育,1
43216,合志市,43：熊本県,米国,35：永住者,2
43216,合志市,43：熊本県,米国,36：日本人の配偶者等,1
43216,合志市,43：熊本県,ブラジル,35：永住者,1
43216,合志市,43：熊本県,ベネズエラ,35：永住者,1
43216,合志市,43：熊本県,オーストラリア,36：日本人の配偶者等,1
43216,合志市,43：熊本県,ニュージーランド,15：教育,1
43348,美里町,43：熊本県,インド,24：技能実習１号ロ,2
43348,美里町,43：熊本県,インドネシア,21：特定技能１号,4
43348,美里町,43：熊本県,インドネシア,24：技能実習１号ロ,3
43348,美里町,43：熊本県,インドネシア,26：技能実習２号ロ,7
43348,美里町,43：熊本県,インドネシア,28：技能実習３号ロ,2
43348,美里町,43：熊本県,インドネシア,35：永住者,1
43348,美里町,43：熊本県,インドネシア,38：定住者,1
43348,美里町,43：熊本県,韓国,35：永住者,1
43348,美里町,43：熊本県,カンボジア,24：技能実習１号ロ,2
43348,美里町,43：熊本県,カンボジア,26：技能実習２号ロ,3
43348,美里町,43：熊本県,カンボジア,28：技能実習３号ロ,2
43348,美里町,43：熊本県,中国,24：技能実習１号ロ,1
43348,美里町,43：熊本県,中国,28：技能実習３号ロ,5
43348,美里町,43：熊本県,中国,31：留学,1
43348,美里町,43：熊本県,中国,35：永住者,1
43348,美里町,43：熊本県,ネパール,21：特定技能１号,3
43348,美里町,43：熊本県,ネパール,26：技能実習２号ロ,3
43348,美里町,43：熊本県,フィリピン,21：特定技能１号,4
43348,美里町,43：熊本県,フィリピン,24：技能実習１号ロ,4
43348,美里町,43：熊本県,フィリピン,26：技能実習２号ロ,4
43348,美里町,43：熊本県,フィリピン,35：永住者,4
43348,美里町,43：熊本県,フィリピン,38：定住者,3
43348,美里町,43：熊本県,ベトナム,21：特定技能１号,4
43348,美里町,43：熊本県,ベトナム,24：技能実習１号ロ,11
43348,美里町,43：熊本県,ベトナム,26：技能実習２号ロ,7
43348,美里町,43：熊本県,ベトナム,28：技能実習３号ロ,5
43348,美里町,43：熊本県,ベトナム,34：特定活動,3
43348,美里町,43：熊本県,ミャンマー,24：技能実習１号ロ,4
43348,美里町,43：熊本県,ミャンマー,26：技能実習２号ロ,12
43348,美里町,43：熊本県,オランダ,36：日本人の配偶者等,1
43348,美里町,43：熊本県,フランス,38：定住者,1
43348,美里町,43：熊本県,ルーマニア,36：日本人の配偶者等,1
43348,美里町,43：熊本県,米国,15：教育,2
43348,美里町,43：熊本県,米国,35：永住者,2
43348,美里町,43：熊本県,ペルー,38：定住者,1
43364,玉東町,43：熊本県,インドネシア,21：特定技能１号,5
43364,玉東町,43：熊本県,インドネシア,24：技能実習１号ロ,1
43364,玉東町,43：熊本県,インドネシア,26：技能実習２号ロ,5
43364,玉東町,43：熊本県,インドネシア,28：技能実習３号ロ,1
43364,玉東町,43：熊本県,インドネシア,35：永住者,1
43364,玉東町,43：熊本県,韓国,39：特別永住者,2
43364,玉東町,43：熊本県,スリランカ,11：経営・管理,1
43364,玉東町,43：熊本県,スリランカ,33：家族滞在,2
43364,玉東町,43：熊本県,タイ,21：特定技能１号,2
43364,玉東町,43：熊本県,タイ,24：技能実習１号ロ,1
43364,玉東町,43：熊本県,タイ,26：技能実習２号ロ,2
43364,玉東町,43：熊本県,タイ,35：永住者,1
43364,玉東町,43：熊本県,中国,16：技術・人文知識・国際業務,2
43364,玉東町,43：熊本県,中国,21：特定技能１号,3
43364,玉東町,43：熊本県,フィリピン,21：特定技能１号,1
43364,玉東町,43：熊本県,フィリピン,35：永住者,3
43364,玉東町,43：熊本県,フィリピン,36：日本人の配偶者等,1
43364,玉東町,43：熊本県,ベトナム,21：特定技能１号,1
43364,玉東町,43：熊本県,ベトナム,35：永住者,1
43364,玉東町,43：熊本県,ミャンマー,24：技能実習１号ロ,2
43364,玉東町,43：熊本県,ウクライナ,34：特定活動,4
43364,玉東町,43：熊本県,ウクライナ,36：日本人の配偶者等,1
43364,玉東町,43：熊本県,ウクライナ,38：定住者,11
43367,南関町,43：熊本県,インドネシア,21：特定技能１号,22
43367,南関町,43：熊本県,インドネシア,24：技能実習１号ロ,27
43367,南関町,43：熊本県,インドネシア,26：技能実習２号ロ,2
43367,南関町,43：熊本県,インドネシア,34：特定活動,1
43367,南関町,43：熊本県,インドネシア,35：永住者,1
43367,南関町,43：熊本県,インドネシア,36：日本人の配偶者等,1
43367,南関町,43：熊本県,韓国,16：技術・人文知識・国際業務,1
43367,南関町,43：熊本県,韓国,39：特別永住者,2
43367,南関町,43：熊本県,カンボジア,28：技能実習３号ロ,1
43367,南関町,43：熊本県,タイ,24：技能実習１号ロ,4
43367,南関町,43：熊本県,中国,16：技術・人文知識・国際業務,2
43367,南関町,43：熊本県,中国,20：技能,1
43367,南関町,43：熊本県,中国,21：特定技能１号,1
43367,南関町,43：熊本県,中国,33：家族滞在,1
43367,南関町,43：熊本県,中国,35：永住者,2
43367,南関町,43：熊本県,ネパール,16：技術・人文知識・国際業務,6
43367,南関町,43：熊本県,ネパール,33：家族滞在,2
43367,南関町,43：熊本県,フィリピン,21：特定技能１号,23
43367,南関町,43：熊本県,フィリピン,26：技能実習２号ロ,9
43367,南関町,43：熊本県,フィリピン,28：技能実習３号ロ,3
43367,南関町,43：熊本県,フィリピン,35：永住者,4
43367,南関町,43：熊本県,ベトナム,21：特定技能１号,19
43367,南関町,43：熊本県,ベトナム,24：技能実習１号ロ,28
43367,南関町,43：熊本県,ベトナム,26：技能実習２号ロ,46
43367,南関町,43：熊本県,ベトナム,28：技能実習３号ロ,7
43367,南関町,43：熊本県,ベトナム,34：特定活動,6
43367,南関町,43：熊本県,ベトナム,36：日本人の配偶者等,1
43367,南関町,43：熊本県,ミャンマー,16：技術・人文知識・国際業務,1
43367,南関町,43：熊本県,ミャンマー,24：技能実習１号ロ,2
43367,南関町,43：熊本県,ミャンマー,26：技能実習２号ロ,9
43367,南関町,43：熊本県,ウズベキスタン,26：技能実習２号ロ,2
43367,南関町,43：熊本県,英国,35：永住者,1
43367,南関町,43：熊本県,米国,16：技術・人文知識・国際業務,1
43367,南関町,43：熊本県,米国,36：日本人の配偶者等,1
43368,長洲町,43：熊本県,インド,26：技能実習２号ロ,21
43368,長洲町,43：熊本県,インド,36：日本人の配偶者等,1
43368,長洲町,43：熊本県,インドネシア,21：特定技能１号,3
43368,長洲町,43：熊本県,インドネシア,24：技能実習１号ロ,26
43368,長洲町,43：熊本県,インドネシア,26：技能実習２号ロ,14
43368,長洲町,43：熊本県,インドネシア,35：永住者,1
43368,長洲町,43：熊本県,韓国,35：永住者,2
43368,長洲町,43：熊本県,韓国,37：永住者の配偶者等,2
43368,長洲町,43：熊本県,韓国,39：特別永住者,7
43368,長洲町,43：熊本県,台湾,16：技術・人文知識・国際業務,2
43368,長洲町,43：熊本県,台湾,17：企業内転勤,3
43368,長洲町,43：熊本県,台湾,33：家族滞在,1
43368,長洲町,43：熊本県,中国,16：技術・人文知識・国際業務,2
43368,長洲町,43：熊本県,中国,17：企業内転勤,1
43368,長洲町,43：熊本県,中国,21：特定技能１号,2
43368,長洲町,43：熊本県,中国,26：技能実習２号ロ,2
43368,長洲町,43：熊本県,中国,28：技能実習３号ロ,3
43368,長洲町,43：熊本県,中国,35：永住者,2
43368,長洲町,43：熊本県,中国,36：日本人の配偶者等,3
43368,長洲町,43：熊本県,ネパール,16：技術・人文知識・国際業務,7
43368,長洲町,43：熊本県,ネパール,20：技能,2
43368,長洲町,43：熊本県,ネパール,24：技能実習１号ロ,4
43368,長洲町,43：熊本県,ネパール,33：家族滞在,10
43368,長洲町,43：熊本県,パキスタン,11：経営・管理,1
43368,長洲町,43：熊本県,パキスタン,16：技術・人文知識・国際業務,1
43368,長洲町,43：熊本県,パキスタン,33：家族滞在,3
43368,長洲町,43：熊本県,フィリピン,16：技術・人文知識・国際業務,2
43368,長洲町,43：熊本県,フィリピン,21：特定技能１号,179
43368,長洲町,43：熊本県,フィリピン,24：技能実習１号ロ,33
43368,長洲町,43：熊本県,フィリピン,26：技能実習２号ロ,45
43368,長洲町,43：熊本県,フィリピン,28：技能実習３号ロ,3
43368,長洲町,43：熊本県,フィリピン,34：特定活動,3
43368,長洲町,43：熊本県,フィリピン,35：永住者,5
43368,長洲町,43：熊本県,フィリピン,36：日本人の配偶者等,2
43368,長洲町,43：熊本県,フィリピン,38：定住者,3
43368,長洲町,43：熊本県,ベトナム,16：技術・人文知識・国際業務,13
43368,長洲町,43：熊本県,ベトナム,17：企業内転勤,1
43368,長洲町,43：熊本県,ベトナム,21：特定技能１号,115
43368,長洲町,43：熊本県,ベトナム,23：技能実習１号イ,31
43368,長洲町,43：熊本県,ベトナム,24：技能実習１号ロ,17
43368,長洲町,43：熊本県,ベトナム,25：技能実習２号イ,27
43368,長洲町,43：熊本県,ベトナム,26：技能実習２号ロ,90
43368,長洲町,43：熊本県,ベトナム,27：技能実習３号イ,44
43368,長洲町,43：熊本県,ベトナム,28：技能実習３号ロ,15
43368,長洲町,43：熊本県,ベトナム,33：家族滞在,3
43368,長洲町,43：熊本県,ベトナム,34：特定活動,1
43368,長洲町,43：熊本県,ベトナム,35：永住者,2
43368,長洲町,43：熊本県,ミャンマー,24：技能実習１号ロ,11
43368,長洲町,43：熊本県,ミャンマー,26：技能実習２号ロ,5
43368,長洲町,43：熊本県,ミャンマー,35：永住者,1
43368,長洲町,43：熊本県,モンゴル,31：留学,2
43368,長洲町,43：熊本県,スイス,36：日本人の配偶者等,1
43368,長洲町,43：熊本県,スロバキア,36：日本人の配偶者等,1
43368,長洲町,43：熊本県,セネガル,36：日本人の配偶者等,1
43368,長洲町,43：熊本県,米国,15：教育,2
43368,長洲町,43：熊本県,米国,16：技術・人文知識・国際業務,1
43368,長洲町,43：熊本県,米国,35：永住者,1
43368,長洲町,43：熊本県,米国,36：日本人の配偶者等,1
43369,和水町,43：熊本県,インドネシア,21：特定技能１号,7
43369,和水町,43：熊本県,インドネシア,26：技能実習２号ロ,2
43369,和水町,43：熊本県,韓国,35：永住者,1
43369,和水町,43：熊本県,韓国,39：特別永住者,1
43369,和水町,43：熊本県,カンボジア,21：特定技能１号,6
43369,和水町,43：熊本県,カンボジア,26：技能実習２号ロ,5
43369,和水町,43：熊本県,カンボジア,28：技能実習３号ロ,1
43369,和水町,43：熊本県,スリランカ,35：永住者,1
43369,和水町,43：熊本県,タイ,24：技能実習１号ロ,3
43369,和水町,43：熊本県,タイ,35：永住者,2
43369,和水町,43：熊本県,タイ,36：日本人の配偶者等,1
43369,和水町,43：熊本県,台湾,36：日本人の配偶者等,1
43369,和水町,43：熊本県,中国,11：経営・管理,1
43369,和水町,43：熊本県,中国,24：技能実習１号ロ,1
43369,和水町,43：熊本県,中国,35：永住者,5
43369,和水町,43：熊本県,中国,37：永住者の配偶者等,1
43369,和水町,43：熊本県,ネパール,21：特定技能１号,2
43369,和水町,43：熊本県,フィリピン,21：特定技能１号,5
43369,和水町,43：熊本県,フィリピン,26：技能実習２号ロ,4
43369,和水町,43：熊本県,フィリピン,35：永住者,1
43369,和水町,43：熊本県,フィリピン,36：日本人の配偶者等,2
43369,和水町,43：熊本県,ベトナム,21：特定技能１号,9
43369,和水町,43：熊本県,ベトナム,24：技能実習１号ロ,2
43369,和水町,43：熊本県,ベトナム,26：技能実習２号ロ,8
43369,和水町,43：熊本県,ミャンマー,21：特定技能１号,2
43369,和水町,43：熊本県,ミャンマー,24：技能実習１号ロ,4
43369,和水町,43：熊本県,イタリア,05：宗教,2
43369,和水町,43：熊本県,イタリア,35：永住者,1
43369,和水町,43：熊本県,英国,36：日本人の配偶者等,1
43369,和水町,43：熊本県,フランス,35：永住者,1
43369,和水町,43：熊本県,フランス,36：日本人の配偶者等,1
43403,大津町,43：熊本県,インド,16：技術・人文知識・国際業務,1
43403,大津町,43：熊本県,インド,20：技能,3
43403,大津町,43：熊本県,インド,24：技能実習１号ロ,3
43403,大津町,43：熊本県,インドネシア,21：特定技能１号,20
43403,大津町,43：熊本県,インドネシア,24：技能実習１号ロ,18
43403,大津町,43：熊本県,インドネシア,26：技能実習２号ロ,20
43403,大津町,43：熊本県,インドネシア,28：技能実習３号ロ,1
43403,大津町,43：熊本県,韓国,16：技術・人文知識・国際業務,4
43403,大津町,43：熊本県,韓国,17：企業内転勤,2
43403,大津町,43：熊本県,韓国,35：永住者,5
43403,大津町,43：熊本県,韓国,36：日本人の配偶者等,1
43403,大津町,43：熊本県,韓国,38：定住者,2
43403,大津町,43：熊本県,韓国,39：特別永住者,2
43403,大津町,43：熊本県,カンボジア,17：企業内転勤,1
43403,大津町,43：熊本県,カンボジア,21：特定技能１号,20
43403,大津町,43：熊本県,カンボジア,26：技能実習２号ロ,11
43403,大津町,43：熊本県,カンボジア,34：特定活動,2
43403,大津町,43：熊本県,カンボジア,36：日本人の配偶者等,1
43403,大津町,43：熊本県,シンガポール,16：技術・人文知識・国際業務,1
43403,大津町,43：熊本県,スリランカ,16：技術・人文知識・国際業務,1
43403,大津町,43：熊本県,タイ,08：高度専門職１号ロ,1
43403,大津町,43：熊本県,タイ,16：技術・人文知識・国際業務,1
43403,大津町,43：熊本県,タイ,36：日本人の配偶者等,2
43403,大津町,43：熊本県,タイ,38：定住者,1
43403,大津町,43：熊本県,台湾,08：高度専門職１号ロ,6
43403,大津町,43：熊本県,台湾,11：経営・管理,3
43403,大津町,43：熊本県,台湾,16：技術・人文知識・国際業務,42
43403,大津町,43：熊本県,台湾,17：企業内転勤,45
43403,大津町,43：熊本県,台湾,29：文化活動,1
43403,大津町,43：熊本県,台湾,33：家族滞在,6
43403,大津町,43：熊本県,台湾,34：特定活動,1
43403,大津町,43：熊本県,台湾,35：永住者,11
43403,大津町,43：熊本県,台湾,36：日本人の配偶者等,2
43403,大津町,43：熊本県,中国,16：技術・人文知識・国際業務,27
43403,大津町,43：熊本県,中国,17：企業内転勤,1
43403,大津町,43：熊本県,中国,20：技能,5
43403,大津町,43：熊本県,中国,21：特定技能１号,6
43403,大津町,43：熊本県,中国,24：技能実習１号ロ,2
43403,大津町,43：熊本県,中国,26：技能実習２号ロ,15
43403,大津町,43：熊本県,中国,31：留学,1
43403,大津町,43：熊本県,中国,33：家族滞在,5
43403,大津町,43：熊本県,中国,34：特定活動,1
43403,大津町,43：熊本県,中国,35：永住者,39
43403,大津町,43：熊本県,中国,36：日本人の配偶者等,7
43403,大津町,43：熊本県,中国,37：永住者の配偶者等,2
43403,大津町,43：熊本県,中国,38：定住者,9
43403,大津町,43：熊本県,ネパール,16：技術・人文知識・国際業務,33
43403,大津町,43：熊本県,ネパール,21：特定技能１号,3
43403,大津町,43：熊本県,ネパール,33：家族滞在,33
43403,大津町,43：熊本県,パキスタン,35：永住者,6
43403,大津町,43：熊本県,フィリピン,21：特定技能１号,13
43403,大津町,43：熊本県,フィリピン,24：技能実習１号ロ,11
43403,大津町,43：熊本県,フィリピン,26：技能実習２号ロ,26
43403,大津町,43：熊本県,フィリピン,28：技能実習３号ロ,24
43403,大津町,43：熊本県,フィリピン,35：永住者,22
43403,大津町,43：熊本県,フィリピン,36：日本人の配偶者等,5
43403,大津町,43：熊本県,フィリピン,37：永住者の配偶者等,2
43403,大津町,43：熊本県,フィリピン,38：定住者,11
43403,大津町,43：熊本県,ベトナム,11：経営・管理,1
43403,大津町,43：熊本県,ベトナム,16：技術・人文知識・国際業務,48
43403,大津町,43：熊本県,ベトナム,21：特定技能１号,70
43403,大津町,43：熊本県,ベトナム,24：技能実習１号ロ,14
43403,大津町,43：熊本県,ベトナム,26：技能実習２号ロ,95
43403,大津町,43：熊本県,ベトナム,28：技能実習３号ロ,6
43403,大津町,43：熊本県,ベトナム,33：家族滞在,24
43403,大津町,43：熊本県,ベトナム,34：特定活動,6
43403,大津町,43：熊本県,ベトナム,36：日本人の配偶者等,1
43403,大津町,43：熊本県,マレーシア,08：高度専門職１号ロ,1
43403,大津町,43：熊本県,マレーシア,16：技術・人文知識・国際業務,1
43403,大津町,43：熊本県,マレーシア,34：特定活動,2
43403,大津町,43：熊本県,マレーシア,35：永住者,1
43403,大津町,43：熊本県,マレーシア,37：永住者の配偶者等,1
43403,大津町,43：熊本県,マレーシア,38：定住者,1
43403,大津町,43：熊本県,ミャンマー,16：技術・人文知識・国際業務,8
43403,大津町,43：熊本県,ミャンマー,21：特定技能１号,10
43403,大津町,43：熊本県,ミャンマー,24：技能実習１号ロ,21
43403,大津町,43：熊本県,ミャンマー,26：技能実習２号ロ,7
43403,大津町,43：熊本県,ミャンマー,33：家族滞在,1
43403,大津町,43：熊本県,ミャンマー,34：特定活動,7
43403,大津町,43：熊本県,モンゴル,20：技能,1
43403,大津町,43：熊本県,モンゴル,33：家族滞在,2
43403,大津町,43：熊本県,カザフスタン,36：日本人の配偶者等,1
43403,大津町,43：熊本県,ロシア,16：技術・人文知識・国際業務,1
43403,大津町,43：熊本県,カナダ,35：永住者,1
43403,大津町,43：熊本県,トリニダード・トバゴ,15：教育,1
43403,大津町,43：熊本県,米国,15：教育,1
43403,大津町,43：熊本県,米国,16：技術・人文知識・国際業務,2
43403,大津町,43：熊本県,米国,31：留学,1
43403,大津町,43：熊本県,米国,35：永住者,3
43403,大津町,43：熊本県,米国,36：日本人の配偶者等,1
43403,大津町,43：熊本県,ブラジル,35：永住者,1
43403,大津町,43：熊本県,ブラジル,36：日本人の配偶者等,2
43403,大津町,43：熊本県,ペルー,35：永住者,2
43403,大津町,43：熊本県,オーストラリア,35：永住者,2
43404,菊陽町,43：熊本県,イスラエル,17：企業内転勤,2
43404,菊陽町,43：熊本県,インド,20：技能,1
43404,菊陽町,43：熊本県,インドネシア,16：技術・人文知識・国際業務,1
43404,菊陽町,43：熊本県,インドネシア,21：特定技能１号,23
43404,菊陽町,43：熊本県,インドネシア,24：技能実習１号ロ,24
43404,菊陽町,43：熊本県,インドネシア,26：技能実習２号ロ,16
43404,菊陽町,43：熊本県,インドネシア,34：特定活動,1
43404,菊陽町,43：熊本県,インドネシア,36：日本人の配偶者等,2
43404,菊陽町,43：熊本県,韓国,08：高度専門職１号ロ,1
43404,菊陽町,43：熊本県,韓国,16：技術・人文知識・国際業務,33
43404,菊陽町,43：熊本県,韓国,17：企業内転勤,4
43404,菊陽町,43：熊本県,韓国,31：留学,2
43404,菊陽町,43：熊本県,韓国,33：家族滞在,1
43404,菊陽町,43：熊本県,韓国,35：永住者,6
43404,菊陽町,43：熊本県,韓国,36：日本人の配偶者等,3
43404,菊陽町,43：熊本県,韓国,39：特別永住者,3
43404,菊陽町,43：熊本県,カンボジア,21：特定技能１号,9
43404,菊陽町,43：熊本県,カンボジア,26：技能実習２号ロ,12
43404,菊陽町,43：熊本県,カンボジア,28：技能実習３号ロ,8
43404,菊陽町,43：熊本県,カンボジア,34：特定活動,2
43404,菊陽町,43：熊本県,シンガポール,17：企業内転勤,1
43404,菊陽町,43：熊本県,シンガポール,35：永住者,1
43404,菊陽町,43：熊本県,スリランカ,16：技術・人文知識・国際業務,1
43404,菊陽町,43：熊本県,スリランカ,33：家族滞在,1
43404,菊陽町,43：熊本県,タイ,16：技術・人文知識・国際業務,1
43404,菊陽町,43：熊本県,タイ,21：特定技能１号,9
43404,菊陽町,43：熊本県,タイ,26：技能実習２号ロ,2
43404,菊陽町,43：熊本県,タイ,35：永住者,2
43404,菊陽町,43：熊本県,タイ,36：日本人の配偶者等,3
43404,菊陽町,43：熊本県,台湾,08：高度専門職１号ロ,80
43404,菊陽町,43：熊本県,台湾,11：経営・管理,3
43404,菊陽町,43：熊本県,台湾,16：技術・人文知識・国際業務,111
43404,菊陽町,43：熊本県,台湾,17：企業内転勤,101
43404,菊陽町,43：熊本県,台湾,31：留学,4
43404,菊陽町,43：熊本県,台湾,33：家族滞在,79
43404,菊陽町,43：熊本県,台湾,34：特定活動,1
43404,菊陽町,43：熊本県,台湾,35：永住者,13
43404,菊陽町,43：熊本県,台湾,36：日本人の配偶者等,3
43404,菊陽町,43：熊本県,台湾,37：永住者の配偶者等,1
43404,菊陽町,43：熊本県,台湾,38：定住者,2
43404,菊陽町,43：熊本県,中国,08：高度専門職１号ロ,19
43404,菊陽町,43：熊本県,中国,16：技術・人文知識・国際業務,30
43404,菊陽町,43：熊本県,中国,17：企業内転勤,4
43404,菊陽町,43：熊本県,中国,20：技能,3
43404,菊陽町,43：熊本県,中国,21：特定技能１号,3
43404,菊陽町,43：熊本県,中国,31：留学,2
43404,菊陽町,43：熊本県,中国,33：家族滞在,27
43404,菊陽町,43：熊本県,中国,34：特定活動,2
43404,菊陽町,43：熊本県,中国,35：永住者,91
43404,菊陽町,43：熊本県,中国,36：日本人の配偶者等,3
43404,菊陽町,43：熊本県,中国,37：永住者の配偶者等,3
43404,菊陽町,43：熊本県,中国,38：定住者,4
43404,菊陽町,43：熊本県,ネパール,16：技術・人文知識・国際業務,8
43404,菊陽町,43：熊本県,ネパール,20：技能,1
43404,菊陽町,43：熊本県,ネパール,33：家族滞在,7
43404,菊陽町,43：熊本県,ネパール,34：特定活動,1
43404,菊陽町,43：熊本県,ネパール,35：永住者,3
43404,菊陽町,43：熊本県,ネパール,38：定住者,2
43404,菊陽町,43：熊本県,パキスタン,16：技術・人文知識・国際業務,3
43404,菊陽町,43：熊本県,パキスタン,33：家族滞在,2
43404,菊陽町,43：熊本県,パキスタン,35：永住者,5
43404,菊陽町,43：熊本県,パキスタン,36：日本人の配偶者等,1
43404,菊陽町,43：熊本県,フィリピン,16：技術・人文知識・国際業務,57
43404,菊陽町,43：熊本県,フィリピン,17：企業内転勤,7
43404,菊陽町,43：熊本県,フィリピン,21：特定技能１号,2
43404,菊陽町,43：熊本県,フィリピン,24：技能実習１号ロ,4
43404,菊陽町,43：熊本県,フィリピン,35：永住者,14
43404,菊陽町,43：熊本県,フィリピン,36：日本人の配偶者等,5
43404,菊陽町,43：熊本県,フィリピン,38：定住者,2
43404,菊陽町,43：熊本県,ベトナム,16：技術・人文知識・国際業務,13
43404,菊陽町,43：熊本県,ベトナム,17：企業内転勤,1
43404,菊陽町,43：熊本県,ベトナム,21：特定技能１号,39
43404,菊陽町,43：熊本県,ベトナム,24：技能実習１号ロ,9
43404,菊陽町,43：熊本県,ベトナム,26：技能実習２号ロ,36
43404,菊陽町,43：熊本県,ベトナム,28：技能実習３号ロ,4
43404,菊陽町,43：熊本県,ベトナム,33：家族滞在,5
43404,菊陽町,43：熊本県,ベトナム,34：特定活動,6
43404,菊陽町,43：熊本県,ベトナム,35：永住者,1
43404,菊陽町,43：熊本県,ベトナム,36：日本人の配偶者等,2
43404,菊陽町,43：熊本県,マレーシア,08：高度専門職１号ロ,1
43404,菊陽町,43：熊本県,マレーシア,16：技術・人文知識・国際業務,1
43404,菊陽町,43：熊本県,ミャンマー,21：特定技能１号,14
43404,菊陽町,43：熊本県,ミャンマー,24：技能実習１号ロ,15
43404,菊陽町,43：熊本県,ミャンマー,26：技能実習２号ロ,11
43404,菊陽町,43：熊本県,ミャンマー,28：技能実習３号ロ,1
43404,菊陽町,43：熊本県,ミャンマー,34：特定活動,3
43404,菊陽町,43：熊本県,ヨルダン,35：永住者,1
43404,菊陽町,43：熊本県,英国,35：永住者,2
43404,菊陽町,43：熊本県,キルギス,16：技術・人文知識・国際業務,1
43404,菊陽町,43：熊本県,スペイン,31：留学,1
43404,菊陽町,43：熊本県,フランス,16：技術・人文知識・国際業務,1
43404,菊陽町,43：熊本県,フランス,36：日本人の配偶者等,1
43404,菊陽町,43：熊本県,ルーマニア,35：永住者,2
43404,菊陽町,43：熊本県,カナダ,35：永住者,1
43404,菊陽町,43：熊本県,カナダ,36：日本人の配偶者等,1
43404,菊陽町,43：熊本県,米国,33：家族滞在,1
43404,菊陽町,43：熊本県,米国,35：永住者,3
43404,菊陽町,43：熊本県,米国,36：日本人の配偶者等,1
43404,菊陽町,43：熊本県,メキシコ,35：永住者,1
43404,菊陽町,43：熊本県,ウルグアイ,35：永住者,1
43404,菊陽町,43：熊本県,ブラジル,35：永住者,1
43404,菊陽町,43：熊本県,ペルー,35：永住者,1
43404,菊陽町,43：熊本県,オーストラリア,31：留学,1
43404,菊陽町,43：熊本県,フィジー,36：日本人の配偶者等,1
43423,南小国町,43：熊本県,インド,16：技術・人文知識・国際業務,1
43423,南小国町,43：熊本県,インドネシア,16：技術・人文知識・国際業務,2
43423,南小国町,43：熊本県,インドネシア,21：特定技能１号,2
43423,南小国町,43：熊本県,インドネシア,26：技能実習２号ロ,3
43423,南小国町,43：熊本県,インドネシア,34：特定活動,3
43423,南小国町,43：熊本県,韓国,16：技術・人文知識・国際業務,8
43423,南小国町,43：熊本県,韓国,33：家族滞在,2
43423,南小国町,43：熊本県,韓国,34：特定活動,4
43423,南小国町,43：熊本県,韓国,35：永住者,2
43423,南小国町,43：熊本県,カンボジア,26：技能実習２号ロ,2
43423,南小国町,43：熊本県,スリランカ,16：技術・人文知識・国際業務,1
43423,南小国町,43：熊本県,台湾,16：技術・人文知識・国際業務,5
43423,南小国町,43：熊本県,台湾,34：特定活動,11
43423,南小国町,43：熊本県,中国,16：技術・人文知識・国際業務,22
43423,南小国町,43：熊本県,中国,33：家族滞在,1
43423,南小国町,43：熊本県,中国,34：特定活動,9
43423,南小国町,43：熊本県,中国,35：永住者,3
43423,南小国町,43：熊本県,ネパール,16：技術・人文知識・国際業務,32
43423,南小国町,43：熊本県,ネパール,21：特定技能１号,5
43423,南小国町,43：熊本県,ネパール,33：家族滞在,9
43423,南小国町,43：熊本県,フィリピン,24：技能実習１号ロ,9
43423,南小国町,43：熊本県,フィリピン,26：技能実習２号ロ,7
43423,南小国町,43：熊本県,フィリピン,34：特定活動,4
43423,南小国町,43：熊本県,フィリピン,35：永住者,5
43423,南小国町,43：熊本県,フィリピン,36：日本人の配偶者等,1
43423,南小国町,43：熊本県,ベトナム,16：技術・人文知識・国際業務,14
43423,南小国町,43：熊本県,ベトナム,21：特定技能１号,2
43423,南小国町,43：熊本県,ベトナム,24：技能実習１号ロ,2
43423,南小国町,43：熊本県,ベトナム,26：技能実習２号ロ,11
43423,南小国町,43：熊本県,ベトナム,28：技能実習３号ロ,2
43423,南小国町,43：熊本県,ベトナム,33：家族滞在,1
43423,南小国町,43：熊本県,ベトナム,34：特定活動,5
43423,南小国町,43：熊本県,ミャンマー,16：技術・人文知識・国際業務,13
43423,南小国町,43：熊本県,ミャンマー,21：特定技能１号,1
43423,南小国町,43：熊本県,ミャンマー,24：技能実習１号ロ,1
43423,南小国町,43：熊本県,ミャンマー,26：技能実習２号ロ,4
43423,南小国町,43：熊本県,英国,36：日本人の配偶者等,1
43423,南小国町,43：熊本県,スウェーデン,36：日本人の配偶者等,1
43423,南小国町,43：熊本県,米国,36：日本人の配偶者等,1
43424,小国町,43：熊本県,インドネシア,21：特定技能１号,2
43424,小国町,43：熊本県,インドネシア,24：技能実習１号ロ,8
43424,小国町,43：熊本県,インドネシア,26：技能実習２号ロ,10
43424,小国町,43：熊本県,韓国,34：特定活動,1
43424,小国町,43：熊本県,韓国,35：永住者,1
43424,小国町,43：熊本県,韓国,36：日本人の配偶者等,1
43424,小国町,43：熊本県,韓国,39：特別永住者,1
43424,小国町,43：熊本県,カンボジア,21：特定技能１号,1
43424,小国町,43：熊本県,カンボジア,24：技能実習１号ロ,2
43424,小国町,43：熊本県,スリランカ,16：技術・人文知識・国際業務,1
43424,小国町,43：熊本県,スリランカ,33：家族滞在,1
43424,小国町,43：熊本県,台湾,16：技術・人文知識・国際業務,5
43424,小国町,43：熊本県,台湾,34：特定活動,5
43424,小国町,43：熊本県,台湾,35：永住者,3
43424,小国町,43：熊本県,台湾,36：日本人の配偶者等,1
43424,小国町,43：熊本県,中国,16：技術・人文知識・国際業務,1
43424,小国町,43：熊本県,中国,24：技能実習１号ロ,3
43424,小国町,43：熊本県,中国,26：技能実習２号ロ,1
43424,小国町,43：熊本県,中国,33：家族滞在,1
43424,小国町,43：熊本県,中国,35：永住者,2
43424,小国町,43：熊本県,ネパール,16：技術・人文知識・国際業務,8
43424,小国町,43：熊本県,ネパール,33：家族滞在,1
43424,小国町,43：熊本県,フィリピン,35：永住者,5
43424,小国町,43：熊本県,ベトナム,16：技術・人文知識・国際業務,3
43424,小国町,43：熊本県,ベトナム,24：技能実習１号ロ,4
43424,小国町,43：熊本県,ベトナム,26：技能実習２号ロ,6
43424,小国町,43：熊本県,ベトナム,28：技能実習３号ロ,1
43424,小国町,43：熊本県,ミャンマー,21：特定技能１号,2
43424,小国町,43：熊本県,ミャンマー,24：技能実習１号ロ,11
43424,小国町,43：熊本県,イタリア,16：技術・人文知識・国際業務,1
43424,小国町,43：熊本県,英国,36：日本人の配偶者等,1
43424,小国町,43：熊本県,フランス,35：永住者,1
43425,産山村,43：熊本県,インドネシア,21：特定技能１号,2
43425,産山村,43：熊本県,韓国,16：技術・人文知識・国際業務,6
43425,産山村,43：熊本県,韓国,35：永住者,5
43425,産山村,43：熊本県,韓国,37：永住者の配偶者等,1
43425,産山村,43：熊本県,韓国,39：特別永住者,3
43425,産山村,43：熊本県,カンボジア,21：特定技能１号,1
43425,産山村,43：熊本県,カンボジア,26：技能実習２号ロ,2
43425,産山村,43：熊本県,中国,16：技術・人文知識・国際業務,1
43425,産山村,43：熊本県,中国,35：永住者,1
43425,産山村,43：熊本県,ネパール,16：技術・人文知識・国際業務,16
43425,産山村,43：熊本県,ネパール,21：特定技能１号,5
43425,産山村,43：熊本県,ネパール,33：家族滞在,1
43425,産山村,43：熊本県,フィリピン,26：技能実習２号ロ,1
43425,産山村,43：熊本県,フィリピン,35：永住者,1
43425,産山村,43：熊本県,ベトナム,16：技術・人文知識・国際業務,1
43425,産山村,43：熊本県,ベトナム,21：特定技能１号,1
43425,産山村,43：熊本県,ベトナム,24：技能実習１号ロ,6
43425,産山村,43：熊本県,ベトナム,26：技能実習２号ロ,2
43425,産山村,43：熊本県,ミャンマー,16：技術・人文知識・国際業務,1
43425,産山村,43：熊本県,英国,36：日本人の配偶者等,1
43425,産山村,43：熊本県,米国,15：教育,1
43425,産山村,43：熊本県,米国,35：永住者,1
43428,高森町,43：熊本県,インドネシア,04：芸術,4
43428,高森町,43：熊本県,インドネシア,21：特定技能１号,3
43428,高森町,43：熊本県,インドネシア,24：技能実習１号ロ,2
43428,高森町,43：熊本県,インドネシア,26：技能実習２号ロ,3
43428,高森町,43：熊本県,インドネシア,34：特定活動,2
43428,高森町,43：熊本県,インドネシア,36：日本人の配偶者等,1
43428,高森町,43：熊本県,韓国,11：経営・管理,2
43428,高森町,43：熊本県,韓国,16：技術・人文知識・国際業務,6
43428,高森町,43：熊本県,韓国,17：企業内転勤,1
43428,高森町,43：熊本県,韓国,34：特定活動,1
43428,高森町,43：熊本県,韓国,35：永住者,1
43428,高森町,43：熊本県,韓国,39：特別永住者,2
43428,高森町,43：熊本県,（朝鮮）,36：日本人の配偶者等,1
43428,高森町,43：熊本県,（朝鮮）,39：特別永住者,1
43428,高森町,43：熊本県,カンボジア,21：特定技能１号,11
43428,高森町,43：熊本県,カンボジア,24：技能実習１号ロ,3
43428,高森町,43：熊本県,カンボジア,26：技能実習２号ロ,13
43428,高森町,43：熊本県,スリランカ,21：特定技能１号,2
43428,高森町,43：熊本県,タイ,21：特定技能１号,2
43428,高森町,43：熊本県,タイ,24：技能実習１号ロ,2
43428,高森町,43：熊本県,中国,35：永住者,2
43428,高森町,43：熊本県,ネパール,16：技術・人文知識・国際業務,1
43428,高森町,43：熊本県,ネパール,21：特定技能１号,6
43428,高森町,43：熊本県,フィリピン,35：永住者,7
43428,高森町,43：熊本県,ベトナム,16：技術・人文知識・国際業務,2
43428,高森町,43：熊本県,ベトナム,21：特定技能１号,5
43428,高森町,43：熊本県,ベトナム,24：技能実習１号ロ,11
43428,高森町,43：熊本県,ベトナム,26：技能実習２号ロ,23
43428,高森町,43：熊本県,ベトナム,28：技能実習３号ロ,4
43428,高森町,43：熊本県,ミャンマー,24：技能実習１号ロ,5
43428,高森町,43：熊本県,ミャンマー,26：技能実習２号ロ,2
43428,高森町,43：熊本県,モルディブ,36：日本人の配偶者等,1
43428,高森町,43：熊本県,スロベニア,16：技術・人文知識・国際業務,1
43428,高森町,43：熊本県,フィンランド,04：芸術,1
43428,高森町,43：熊本県,ロシア,04：芸術,1
43428,高森町,43：熊本県,カナダ,36：日本人の配偶者等,1
43428,高森町,43：熊本県,米国,04：芸術,1
43428,高森町,43：熊本県,米国,16：技術・人文知識・国際業務,1
43428,高森町,43：熊本県,米国,35：永住者,1
43428,高森町,43：熊本県,米国,36：日本人の配偶者等,1
43428,高森町,43：熊本県,ブラジル,04：芸術,2
43428,高森町,43：熊本県,オーストラリア,04：芸術,1
43432,西原村,43：熊本県,インド,20：技能,3
43432,西原村,43：熊本県,インドネシア,21：特定技能１号,1
43432,西原村,43：熊本県,インドネシア,24：技能実習１号ロ,5
43432,西原村,43：熊本県,韓国,16：技術・人文知識・国際業務,1
43432,西原村,43：熊本県,韓国,35：永住者,1
43432,西原村,43：熊本県,韓国,39：特別永住者,1
43432,西原村,43：熊本県,カンボジア,21：特定技能１号,4
43432,西原村,43：熊本県,カンボジア,24：技能実習１号ロ,2
43432,西原村,43：熊本県,カンボジア,26：技能実習２号ロ,4
43432,西原村,43：熊本県,カンボジア,34：特定活動,1
43432,西原村,43：熊本県,シンガポール,16：技術・人文知識・国際業務,1
43432,西原村,43：熊本県,シンガポール,33：家族滞在,3
43432,西原村,43：熊本県,スリランカ,21：特定技能１号,1
43432,西原村,43：熊本県,スリランカ,36：日本人の配偶者等,1
43432,西原村,43：熊本県,台湾,11：経営・管理,1
43432,西原村,43：熊本県,台湾,16：技術・人文知識・国際業務,1
43432,西原村,43：熊本県,中国,16：技術・人文知識・国際業務,1
43432,西原村,43：熊本県,中国,35：永住者,2
43432,西原村,43：熊本県,ネパール,16：技術・人文知識・国際業務,4
43432,西原村,43：熊本県,ネパール,21：特定技能１号,1
43432,西原村,43：熊本県,ネパール,24：技能実習１号ロ,4
43432,西原村,43：熊本県,パキスタン,11：経営・管理,1
43432,西原村,43：熊本県,パキスタン,16：技術・人文知識・国際業務,2
43432,西原村,43：熊本県,パキスタン,33：家族滞在,5
43432,西原村,43：熊本県,パキスタン,35：永住者,1
43432,西原村,43：熊本県,フィリピン,21：特定技能１号,1
43432,西原村,43：熊本県,フィリピン,26：技能実習２号ロ,1
43432,西原村,43：熊本県,フィリピン,28：技能実習３号ロ,2
43432,西原村,43：熊本県,フィリピン,35：永住者,7
43432,西原村,43：熊本県,ベトナム,16：技術・人文知識・国際業務,14
43432,西原村,43：熊本県,ベトナム,21：特定技能１号,70
43432,西原村,43：熊本県,ベトナム,24：技能実習１号ロ,4
43432,西原村,43：熊本県,ベトナム,26：技能実習２号ロ,22
43432,西原村,43：熊本県,ベトナム,28：技能実習３号ロ,3
43432,西原村,43：熊本県,ベトナム,33：家族滞在,3
43432,西原村,43：熊本県,ベトナム,34：特定活動,1
43432,西原村,43：熊本県,ミャンマー,21：特定技能１号,3
43432,西原村,43：熊本県,ミャンマー,24：技能実習１号ロ,4
43432,西原村,43：熊本県,ミャンマー,26：技能実習２号ロ,8
43432,西原村,43：熊本県,アイルランド,35：永住者,1
43432,西原村,43：熊本県,アイルランド,36：日本人の配偶者等,2
43432,西原村,43：熊本県,オランダ,36：日本人の配偶者等,1
43432,西原村,43：熊本県,フランス,35：永住者,1
43432,西原村,43：熊本県,米国,15：教育,1
43432,西原村,43：熊本県,米国,35：永住者,1
43433,南阿蘇村,43：熊本県,インド,24：技能実習１号ロ,1
43433,南阿蘇村,43：熊本県,インドネシア,16：技術・人文知識・国際業務,1
43433,南阿蘇村,43：熊本県,インドネシア,21：特定技能１号,8
43433,南阿蘇村,43：熊本県,インドネシア,26：技能実習２号ロ,4
43433,南阿蘇村,43：熊本県,韓国,39：特別永住者,2
43433,南阿蘇村,43：熊本県,カンボジア,21：特定技能１号,5
43433,南阿蘇村,43：熊本県,カンボジア,24：技能実習１号ロ,6
43433,南阿蘇村,43：熊本県,カンボジア,26：技能実習２号ロ,7
43433,南阿蘇村,43：熊本県,スリランカ,21：特定技能１号,4
43433,南阿蘇村,43：熊本県,スリランカ,31：留学,2
43433,南阿蘇村,43：熊本県,タイ,36：日本人の配偶者等,2
43433,南阿蘇村,43：熊本県,台湾,34：特定活動,4
43433,南阿蘇村,43：熊本県,台湾,35：永住者,1
43433,南阿蘇村,43：熊本県,中国,16：技術・人文知識・国際業務,1
43433,南阿蘇村,43：熊本県,中国,35：永住者,2
43433,南阿蘇村,43：熊本県,中国,36：日本人の配偶者等,1
43433,南阿蘇村,43：熊本県,トルコ,31：留学,1
43433,南阿蘇村,43：熊本県,ネパール,16：技術・人文知識・国際業務,29
43433,南阿蘇村,43：熊本県,ネパール,21：特定技能１号,11
43433,南阿蘇村,43：熊本県,ネパール,31：留学,1
43433,南阿蘇村,43：熊本県,ネパール,33：家族滞在,10
43433,南阿蘇村,43：熊本県,バングラデシュ,16：技術・人文知識・国際業務,2
43433,南阿蘇村,43：熊本県,フィリピン,35：永住者,6
43433,南阿蘇村,43：熊本県,フィリピン,36：日本人の配偶者等,1
43433,南阿蘇村,43：熊本県,ベトナム,16：技術・人文知識・国際業務,4
43433,南阿蘇村,43：熊本県,ベトナム,21：特定技能１号,2
43433,南阿蘇村,43：熊本県,ベトナム,24：技能実習１号ロ,2
43433,南阿蘇村,43：熊本県,ベトナム,31：留学,2
43433,南阿蘇村,43：熊本県,ベトナム,34：特定活動,3
43433,南阿蘇村,43：熊本県,ミャンマー,24：技能実習１号ロ,12
43433,南阿蘇村,43：熊本県,ミャンマー,26：技能実習２号ロ,13
43433,南阿蘇村,43：熊本県,ミャンマー,31：留学,2
43433,南阿蘇村,43：熊本県,ミャンマー,34：特定活動,3
43433,南阿蘇村,43：熊本県,モンゴル,31：留学,1
43433,南阿蘇村,43：熊本県,英国,35：永住者,3
43433,南阿蘇村,43：熊本県,ドイツ,36：日本人の配偶者等,2
43433,南阿蘇村,43：熊本県,フランス,35：永住者,1
43433,南阿蘇村,43：熊本県,ベルギー,36：日本人の配偶者等,1
43433,南阿蘇村,43：熊本県,タンザニア,36：日本人の配偶者等,1
43433,南阿蘇村,43：熊本県,南アフリカ共和国,35：永住者,1
43433,南阿蘇村,43：熊本県,カナダ,36：日本人の配偶者等,3
43433,南阿蘇村,43：熊本県,米国,35：永住者,2
43433,南阿蘇村,43：熊本県,米国,36：日本人の配偶者等,4
43433,南阿蘇村,43：熊本県,オーストラリア,36：日本人の配偶者等,1
43441,御船町,43：熊本県,インドネシア,21：特定技能１号,14
43441,御船町,43：熊本県,インドネシア,24：技能実習１号ロ,21
43441,御船町,43：熊本県,インドネシア,26：技能実習２号ロ,14
43441,御船町,43：熊本県,インドネシア,35：永住者,1
43441,御船町,43：熊本県,韓国,35：永住者,4
43441,御船町,43：熊本県,韓国,36：日本人の配偶者等,2
43441,御船町,43：熊本県,韓国,39：特別永住者,5
43441,御船町,43：熊本県,（朝鮮）,39：特別永住者,1
43441,御船町,43：熊本県,カンボジア,24：技能実習１号ロ,6
43441,御船町,43：熊本県,カンボジア,26：技能実習２号ロ,3
43441,御船町,43：熊本県,タイ,35：永住者,2
43441,御船町,43：熊本県,台湾,35：永住者,1
43441,御船町,43：熊本県,中国,20：技能,1
43441,御船町,43：熊本県,中国,28：技能実習３号ロ,1
43441,御船町,43：熊本県,中国,31：留学,3
43441,御船町,43：熊本県,中国,33：家族滞在,3
43441,御船町,43：熊本県,中国,34：特定活動,1
43441,御船町,43：熊本県,中国,35：永住者,9
43441,御船町,43：熊本県,中国,36：日本人の配偶者等,1
43441,御船町,43：熊本県,ネパール,21：特定技能１号,1
43441,御船町,43：熊本県,バングラデシュ,21：特定技能１号,2
43441,御船町,43：熊本県,バングラデシュ,26：技能実習２号ロ,1
43441,御船町,43：熊本県,フィリピン,15：教育,1
43441,御船町,43：熊本県,フィリピン,21：特定技能１号,1
43441,御船町,43：熊本県,フィリピン,35：永住者,2
43441,御船町,43：熊本県,フィリピン,36：日本人の配偶者等,2
43441,御船町,43：熊本県,ベトナム,16：技術・人文知識・国際業務,1
43441,御船町,43：熊本県,ベトナム,21：特定技能１号,16
43441,御船町,43：熊本県,ベトナム,24：技能実習１号ロ,16
43441,御船町,43：熊本県,ベトナム,26：技能実習２号ロ,20
43441,御船町,43：熊本県,ミャンマー,21：特定技能１号,9
43441,御船町,43：熊本県,ミャンマー,26：技能実習２号ロ,7
43441,御船町,43：熊本県,米国,05：宗教,1
43441,御船町,43：熊本県,米国,15：教育,1
43441,御船町,43：熊本県,米国,35：永住者,1
43442,嘉島町,43：熊本県,インド,20：技能,4
43442,嘉島町,43：熊本県,インドネシア,16：技術・人文知識・国際業務,1
43442,嘉島町,43：熊本県,インドネシア,21：特定技能１号,53
43442,嘉島町,43：熊本県,インドネシア,24：技能実習１号ロ,10
43442,嘉島町,43：熊本県,インドネシア,26：技能実習２号ロ,8
43442,嘉島町,43：熊本県,韓国,35：永住者,1
43442,嘉島町,43：熊本県,韓国,39：特別永住者,5
43442,嘉島町,43：熊本県,カンボジア,21：特定技能１号,1
43442,嘉島町,43：熊本県,カンボジア,24：技能実習１号ロ,3
43442,嘉島町,43：熊本県,カンボジア,26：技能実習２号ロ,2
43442,嘉島町,43：熊本県,台湾,16：技術・人文知識・国際業務,1
43442,嘉島町,43：熊本県,中国,16：技術・人文知識・国際業務,3
43442,嘉島町,43：熊本県,中国,20：技能,1
43442,嘉島町,43：熊本県,中国,21：特定技能１号,2
43442,嘉島町,43：熊本県,中国,26：技能実習２号ロ,1
43442,嘉島町,43：熊本県,中国,31：留学,1
43442,嘉島町,43：熊本県,中国,35：永住者,4
43442,嘉島町,43：熊本県,ネパール,20：技能,1
43442,嘉島町,43：熊本県,フィリピン,26：技能実習２号ロ,3
43442,嘉島町,43：熊本県,フィリピン,35：永住者,1
43442,嘉島町,43：熊本県,フィリピン,36：日本人の配偶者等,1
43442,嘉島町,43：熊本県,フィリピン,38：定住者,1
43442,嘉島町,43：熊本県,ベトナム,16：技術・人文知識・国際業務,2
43442,嘉島町,43：熊本県,ベトナム,21：特定技能１号,14
43442,嘉島町,43：熊本県,ベトナム,24：技能実習１号ロ,5
43442,嘉島町,43：熊本県,ベトナム,26：技能実習２号ロ,6
43442,嘉島町,43：熊本県,ベトナム,28：技能実習３号ロ,2
43442,嘉島町,43：熊本県,ベトナム,33：家族滞在,2
43442,嘉島町,43：熊本県,ベトナム,34：特定活動,2
43442,嘉島町,43：熊本県,ミャンマー,16：技術・人文知識・国際業務,2
43442,嘉島町,43：熊本県,ミャンマー,21：特定技能１号,4
43442,嘉島町,43：熊本県,ミャンマー,24：技能実習１号ロ,4
43442,嘉島町,43：熊本県,ミャンマー,26：技能実習２号ロ,3
43442,嘉島町,43：熊本県,ミャンマー,28：技能実習３号ロ,4
43442,嘉島町,43：熊本県,ミャンマー,34：特定活動,2
43442,嘉島町,43：熊本県,英国,15：教育,1
43442,嘉島町,43：熊本県,英国,35：永住者,1
43442,嘉島町,43：熊本県,スウェーデン,35：永住者,1
43443,益城町,43：熊本県,インドネシア,21：特定技能１号,1
43443,益城町,43：熊本県,インドネシア,24：技能実習１号ロ,8
43443,益城町,43：熊本県,インドネシア,26：技能実習２号ロ,13
43443,益城町,43：熊本県,インドネシア,36：日本人の配偶者等,1
43443,益城町,43：熊本県,韓国,35：永住者,2
43443,益城町,43：熊本県,韓国,36：日本人の配偶者等,1
43443,益城町,43：熊本県,韓国,39：特別永住者,4
43443,益城町,43：熊本県,（朝鮮）,39：特別永住者,1
43443,益城町,43：熊本県,カンボジア,21：特定技能１号,5
43443,益城町,43：熊本県,カンボジア,24：技能実習１号ロ,1
43443,益城町,43：熊本県,カンボジア,26：技能実習２号ロ,5
43443,益城町,43：熊本県,タイ,16：技術・人文知識・国際業務,1
43443,益城町,43：熊本県,タイ,21：特定技能１号,3
43443,益城町,43：熊本県,タイ,26：技能実習２号ロ,1
43443,益城町,43：熊本県,タイ,28：技能実習３号ロ,1
43443,益城町,43：熊本県,タイ,36：日本人の配偶者等,1
43443,益城町,43：熊本県,台湾,16：技術・人文知識・国際業務,1
43443,益城町,43：熊本県,台湾,33：家族滞在,1
43443,益城町,43：熊本県,中国,35：永住者,13
43443,益城町,43：熊本県,中国,36：日本人の配偶者等,2
43443,益城町,43：熊本県,中国,37：永住者の配偶者等,2
43443,益城町,43：熊本県,中国,38：定住者,3
43443,益城町,43：熊本県,ネパール,21：特定技能１号,8
43443,益城町,43：熊本県,ネパール,36：日本人の配偶者等,1
43443,益城町,43：熊本県,フィリピン,21：特定技能１号,13
43443,益城町,43：熊本県,フィリピン,24：技能実習１号ロ,8
43443,益城町,43：熊本県,フィリピン,26：技能実習２号ロ,4
43443,益城町,43：熊本県,フィリピン,28：技能実習３号ロ,4
43443,益城町,43：熊本県,フィリピン,35：永住者,6
43443,益城町,43：熊本県,フィリピン,36：日本人の配偶者等,1
43443,益城町,43：熊本県,ベトナム,16：技術・人文知識・国際業務,3
43443,益城町,43：熊本県,ベトナム,21：特定技能１号,23
43443,益城町,43：熊本県,ベトナム,24：技能実習１号ロ,14
43443,益城町,43：熊本県,ベトナム,26：技能実習２号ロ,13
43443,益城町,43：熊本県,ベトナム,28：技能実習３号ロ,1
43443,益城町,43：熊本県,ベトナム,34：特定活動,3
43443,益城町,43：熊本県,ミャンマー,21：特定技能１号,9
43443,益城町,43：熊本県,ミャンマー,24：技能実習１号ロ,3
43443,益城町,43：熊本県,ミャンマー,26：技能実習２号ロ,16
43443,益城町,43：熊本県,ミャンマー,34：特定活動,2
43443,益城町,43：熊本県,英国,35：永住者,1
43443,益城町,43：熊本県,スペイン,36：日本人の配偶者等,1
43443,益城町,43：熊本県,ロシア,35：永住者,1
43443,益城町,43：熊本県,米国,15：教育,3
43443,益城町,43：熊本県,米国,33：家族滞在,1
43443,益城町,43：熊本県,メキシコ,36：日本人の配偶者等,1
43443,益城町,43：熊本県,メキシコ,38：定住者,1
43443,益城町,43：熊本県,ブラジル,35：永住者,2
43444,甲佐町,43：熊本県,インドネシア,21：特定技能１号,4
43444,甲佐町,43：熊本県,インドネシア,24：技能実習１号ロ,2
43444,甲佐町,43：熊本県,インドネシア,26：技能実習２号ロ,4
43444,甲佐町,43：熊本県,インドネシア,28：技能実習３号ロ,1
43444,甲佐町,43：熊本県,韓国,35：永住者,2
43444,甲佐町,43：熊本県,カンボジア,28：技能実習３号ロ,3
43444,甲佐町,43：熊本県,タイ,24：技能実習１号ロ,1
43444,甲佐町,43：熊本県,中国,35：永住者,1
43444,甲佐町,43：熊本県,中国,36：日本人の配偶者等,1
43444,甲佐町,43：熊本県,中国,38：定住者,1
43444,甲佐町,43：熊本県,ネパール,16：技術・人文知識・国際業務,2
43444,甲佐町,43：熊本県,ネパール,21：特定技能１号,1
43444,甲佐町,43：熊本県,フィリピン,21：特定技能１号,8
43444,甲佐町,43：熊本県,フィリピン,35：永住者,7
43444,甲佐町,43：熊本県,フィリピン,36：日本人の配偶者等,1
43444,甲佐町,43：熊本県,ベトナム,21：特定技能１号,14
43444,甲佐町,43：熊本県,ベトナム,24：技能実習１号ロ,15
43444,甲佐町,43：熊本県,ベトナム,26：技能実習２号ロ,19
43444,甲佐町,43：熊本県,ベトナム,28：技能実習３号ロ,5
43444,甲佐町,43：熊本県,ベトナム,34：特定活動,3
43444,甲佐町,43：熊本県,ミャンマー,16：技術・人文知識・国際業務,2
43444,甲佐町,43：熊本県,ミャンマー,21：特定技能１号,13
43444,甲佐町,43：熊本県,ミャンマー,24：技能実習１号ロ,12
43444,甲佐町,43：熊本県,ミャンマー,26：技能実習２号ロ,8
43444,甲佐町,43：熊本県,ミャンマー,34：特定活動,1
43444,甲佐町,43：熊本県,英国,15：教育,1
43444,甲佐町,43：熊本県,米国,36：日本人の配偶者等,1
43447,山都町,43：熊本県,インドネシア,21：特定技能１号,17
43447,山都町,43：熊本県,インドネシア,24：技能実習１号ロ,9
43447,山都町,43：熊本県,インドネシア,26：技能実習２号ロ,9
43447,山都町,43：熊本県,インドネシア,28：技能実習３号ロ,1
43447,山都町,43：熊本県,韓国,36：日本人の配偶者等,2
43447,山都町,43：熊本県,韓国,39：特別永住者,2
43447,山都町,43：熊本県,カンボジア,21：特定技能１号,25
43447,山都町,43：熊本県,カンボジア,26：技能実習２号ロ,17
43447,山都町,43：熊本県,カンボジア,28：技能実習３号ロ,2
43447,山都町,43：熊本県,スリランカ,24：技能実習１号ロ,3
43447,山都町,43：熊本県,タイ,21：特定技能１号,1
43447,山都町,43：熊本県,タイ,24：技能実習１号ロ,1
43447,山都町,43：熊本県,タイ,26：技能実習２号ロ,1
43447,山都町,43：熊本県,タイ,35：永住者,1
43447,山都町,43：熊本県,中国,28：技能実習３号ロ,3
43447,山都町,43：熊本県,中国,35：永住者,6
43447,山都町,43：熊本県,ネパール,21：特定技能１号,5
43447,山都町,43：熊本県,フィリピン,21：特定技能１号,9
43447,山都町,43：熊本県,フィリピン,24：技能実習１号ロ,3
43447,山都町,43：熊本県,フィリピン,26：技能実習２号ロ,9
43447,山都町,43：熊本県,フィリピン,35：永住者,4
43447,山都町,43：熊本県,フィリピン,36：日本人の配偶者等,2
43447,山都町,43：熊本県,ベトナム,21：特定技能１号,1
43447,山都町,43：熊本県,ベトナム,24：技能実習１号ロ,5
43447,山都町,43：熊本県,ベトナム,26：技能実習２号ロ,9
43447,山都町,43：熊本県,ベトナム,28：技能実習３号ロ,1
43447,山都町,43：熊本県,ベトナム,35：永住者,1
43447,山都町,43：熊本県,ミャンマー,21：特定技能１号,8
43447,山都町,43：熊本県,ミャンマー,26：技能実習２号ロ,3
43447,山都町,43：熊本県,デンマーク,15：教育,1
43447,山都町,43：熊本県,ノルウェー,15：教育,1
43447,山都町,43：熊本県,フランス,15：教育,1
43447,山都町,43：熊本県,フランス,36：日本人の配偶者等,1
43447,山都町,43：熊本県,カナダ,36：日本人の配偶者等,1
43447,山都町,43：熊本県,米国,36：日本人の配偶者等,2
43447,山都町,43：熊本県,オーストラリア,36：日本人の配偶者等,2
43468,氷川町,43：熊本県,インドネシア,21：特定技能１号,7
43468,氷川町,43：熊本県,インドネシア,24：技能実習１号ロ,14
43468,氷川町,43：熊本県,インドネシア,26：技能実習２号ロ,13
43468,氷川町,43：熊本県,韓国,35：永住者,1
43468,氷川町,43：熊本県,韓国,36：日本人の配偶者等,1
43468,氷川町,43：熊本県,韓国,39：特別永住者,2
43468,氷川町,43：熊本県,カンボジア,21：特定技能１号,24
43468,氷川町,43：熊本県,カンボジア,24：技能実習１号ロ,14
43468,氷川町,43：熊本県,カンボジア,26：技能実習２号ロ,23
43468,氷川町,43：熊本県,カンボジア,28：技能実習３号ロ,4
43468,氷川町,43：熊本県,タイ,21：特定技能１号,2
43468,氷川町,43：熊本県,タイ,24：技能実習１号ロ,3
43468,氷川町,43：熊本県,タイ,26：技能実習２号ロ,9
43468,氷川町,43：熊本県,タイ,28：技能実習３号ロ,2
43468,氷川町,43：熊本県,台湾,39：特別永住者,1
43468,氷川町,43：熊本県,中国,16：技術・人文知識・国際業務,1
43468,氷川町,43：熊本県,中国,21：特定技能１号,9
43468,氷川町,43：熊本県,中国,24：技能実習１号ロ,3
43468,氷川町,43：熊本県,中国,26：技能実習２号ロ,6
43468,氷川町,43：熊本県,中国,35：永住者,3
43468,氷川町,43：熊本県,中国,36：日本人の配偶者等,1
43468,氷川町,43：熊本県,パキスタン,35：永住者,7
43468,氷川町,43：熊本県,パキスタン,36：日本人の配偶者等,1
43468,氷川町,43：熊本県,フィリピン,21：特定技能１号,30
43468,氷川町,43：熊本県,フィリピン,24：技能実習１号ロ,12
43468,氷川町,43：熊本県,フィリピン,26：技能実習２号ロ,16
43468,氷川町,43：熊本県,フィリピン,28：技能実習３号ロ,2
43468,氷川町,43：熊本県,フィリピン,35：永住者,4
43468,氷川町,43：熊本県,フィリピン,36：日本人の配偶者等,2
43468,氷川町,43：熊本県,ベトナム,21：特定技能１号,16
43468,氷川町,43：熊本県,ベトナム,24：技能実習１号ロ,8
43468,氷川町,43：熊本県,ベトナム,26：技能実習２号ロ,11
43468,氷川町,43：熊本県,ベトナム,28：技能実習３号ロ,1
43468,氷川町,43：熊本県,ベトナム,36：日本人の配偶者等,1
43468,氷川町,43：熊本県,ミャンマー,24：技能実習１号ロ,4
43468,氷川町,43：熊本県,ミャンマー,26：技能実習２号ロ,15
43482,芦北町,43：熊本県,インドネシア,21：特定技能１号,2
43482,芦北町,43：熊本県,インドネシア,24：技能実習１号ロ,9
43482,芦北町,43：熊本県,インドネシア,26：技能実習２号ロ,6
43482,芦北町,43：熊本県,インドネシア,35：永住者,1
43482,芦北町,43：熊本県,韓国,39：特別永住者,3
43482,芦北町,43：熊本県,カンボジア,21：特定技能１号,1
43482,芦北町,43：熊本県,カンボジア,24：技能実習１号ロ,2
43482,芦北町,43：熊本県,カンボジア,26：技能実習２号ロ,3
43482,芦北町,43：熊本県,中国,35：永住者,6
43482,芦北町,43：熊本県,中国,36：日本人の配偶者等,1
43482,芦北町,43：熊本県,ネパール,16：技術・人文知識・国際業務,1
43482,芦北町,43：熊本県,ネパール,21：特定技能１号,2
43482,芦北町,43：熊本県,フィリピン,21：特定技能１号,1
43482,芦北町,43：熊本県,フィリピン,24：技能実習１号ロ,3
43482,芦北町,43：熊本県,フィリピン,35：永住者,5
43482,芦北町,43：熊本県,フィリピン,36：日本人の配偶者等,1
43482,芦北町,43：熊本県,ベトナム,21：特定技能１号,6
43482,芦北町,43：熊本県,ベトナム,24：技能実習１号ロ,3
43482,芦北町,43：熊本県,ベトナム,26：技能実習２号ロ,1
43482,芦北町,43：熊本県,ベトナム,28：技能実習３号ロ,1
43482,芦北町,43：熊本県,ミャンマー,21：特定技能１号,1
43482,芦北町,43：熊本県,ミャンマー,24：技能実習１号ロ,1
43482,芦北町,43：熊本県,ミャンマー,26：技能実習２号ロ,13
43482,芦北町,43：熊本県,英国,16：技術・人文知識・国際業務,1
43482,芦北町,43：熊本県,ドイツ,36：日本人の配偶者等,1
43482,芦北町,43：熊本県,米国,15：教育,1
43484,津奈木町,43：熊本県,韓国,35：永住者,2
43484,津奈木町,43：熊本県,韓国,36：日本人の配偶者等,1
43484,津奈木町,43：熊本県,台湾,35：永住者,1
43484,津奈木町,43：熊本県,パキスタン,11：経営・管理,1
43484,津奈木町,43：熊本県,ベトナム,21：特定技能１号,2
43484,津奈木町,43：熊本県,ミャンマー,21：特定技能１号,2
43484,津奈木町,43：熊本県,南アフリカ共和国,15：教育,1
43484,津奈木町,43：熊本県,米国,15：教育,1
43501,錦町,43：熊本県,インドネシア,16：技術・人文知識・国際業務,1
43501,錦町,43：熊本県,インドネシア,24：技能実習１号ロ,5
43501,錦町,43：熊本県,韓国,35：永住者,1
43501,錦町,43：熊本県,韓国,36：日本人の配偶者等,1
43501,錦町,43：熊本県,韓国,39：特別永住者,2
43501,錦町,43：熊本県,カンボジア,21：特定技能１号,3
43501,錦町,43：熊本県,カンボジア,24：技能実習１号ロ,3
43501,錦町,43：熊本県,カンボジア,26：技能実習２号ロ,2
43501,錦町,43：熊本県,タイ,24：技能実習１号ロ,5
43501,錦町,43：熊本県,タイ,26：技能実習２号ロ,4
43501,錦町,43：熊本県,タイ,34：特定活動,1
43501,錦町,43：熊本県,タイ,35：永住者,1
43501,錦町,43：熊本県,タイ,36：日本人の配偶者等,1
43501,錦町,43：熊本県,台湾,35：永住者,1
43501,錦町,43：熊本県,中国,11：経営・管理,1
43501,錦町,43：熊本県,中国,16：技術・人文知識・国際業務,1
43501,錦町,43：熊本県,中国,20：技能,1
43501,錦町,43：熊本県,中国,21：特定技能１号,1
43501,錦町,43：熊本県,中国,33：家族滞在,2
43501,錦町,43：熊本県,中国,35：永住者,2
43501,錦町,43：熊本県,中国,38：定住者,2
43501,錦町,43：熊本県,ネパール,35：永住者,1
43501,錦町,43：熊本県,パキスタン,11：経営・管理,1
43501,錦町,43：熊本県,パキスタン,33：家族滞在,3
43501,錦町,43：熊本県,フィリピン,24：技能実習１号ロ,2
43501,錦町,43：熊本県,フィリピン,34：特定活動,5
43501,錦町,43：熊本県,フィリピン,35：永住者,12
43501,錦町,43：熊本県,フィリピン,36：日本人の配偶者等,2
43501,錦町,43：熊本県,ベトナム,16：技術・人文知識・国際業務,21
43501,錦町,43：熊本県,ベトナム,21：特定技能１号,4
43501,錦町,43：熊本県,ベトナム,26：技能実習２号ロ,7
43501,錦町,43：熊本県,ベトナム,28：技能実習３号ロ,1
43501,錦町,43：熊本県,ベトナム,36：日本人の配偶者等,2
43501,錦町,43：熊本県,ミャンマー,21：特定技能１号,3
43501,錦町,43：熊本県,英国,15：教育,2
43501,錦町,43：熊本県,エジプト,21：特定技能１号,1
43501,錦町,43：熊本県,米国,15：教育,2
43505,多良木町,43：熊本県,インド,35：永住者,1
43505,多良木町,43：熊本県,インドネシア,24：技能実習１号ロ,1
43505,多良木町,43：熊本県,インドネシア,26：技能実習２号ロ,1
43505,多良木町,43：熊本県,韓国,35：永住者,1
43505,多良木町,43：熊本県,カンボジア,26：技能実習２号ロ,2
43505,多良木町,43：熊本県,ネパール,16：技術・人文知識・国際業務,1
43505,多良木町,43：熊本県,ネパール,35：永住者,1
43505,多良木町,43：熊本県,フィリピン,35：永住者,11
43505,多良木町,43：熊本県,フィリピン,38：定住者,1
43505,多良木町,43：熊本県,ベトナム,16：技術・人文知識・国際業務,2
43505,多良木町,43：熊本県,ベトナム,21：特定技能１号,6
43505,多良木町,43：熊本県,ベトナム,24：技能実習１号ロ,6
43505,多良木町,43：熊本県,ベトナム,26：技能実習２号ロ,20
43505,多良木町,43：熊本県,ベトナム,28：技能実習３号ロ,2
43505,多良木町,43：熊本県,ベトナム,36：日本人の配偶者等,1
43505,多良木町,43：熊本県,カメルーン,37：永住者の配偶者等,1
43507,水上村,43：熊本県,韓国,39：特別永住者,1
43507,水上村,43：熊本県,台湾,16：技術・人文知識・国際業務,1
43507,水上村,43：熊本県,中国,35：永住者,5
43507,水上村,43：熊本県,フィリピン,21：特定技能１号,2
43507,水上村,43：熊本県,米国,35：永住者,1
43507,水上村,43：熊本県,米国,36：日本人の配偶者等,1
43510,相良村,43：熊本県,インドネシア,24：技能実習１号ロ,4
43510,相良村,43：熊本県,インドネシア,26：技能実習２号ロ,3
43510,相良村,43：熊本県,韓国,39：特別永住者,3
43510,相良村,43：熊本県,中国,36：日本人の配偶者等,1
43510,相良村,43：熊本県,ネパール,21：特定技能１号,2
43510,相良村,43：熊本県,バングラデシュ,26：技能実習２号ロ,3
43510,相良村,43：熊本県,フィリピン,35：永住者,3
43510,相良村,43：熊本県,フィリピン,36：日本人の配偶者等,2
43510,相良村,43：熊本県,ベトナム,16：技術・人文知識・国際業務,1
43510,相良村,43：熊本県,ベトナム,33：家族滞在,1
43510,相良村,43：熊本県,ミャンマー,21：特定技能１号,12
43510,相良村,43：熊本県,フランス,15：教育,1
43510,相良村,43：熊本県,ブラジル,35：永住者,1
43514,あさぎり町,43：熊本県,インドネシア,21：特定技能１号,1
43514,あさぎり町,43：熊本県,インドネシア,24：技能実習１号ロ,13
43514,あさぎり町,43：熊本県,インドネシア,26：技能実習２号ロ,5
43514,あさぎり町,43：熊本県,インドネシア,35：永住者,1
43514,あさぎり町,43：熊本県,インドネシア,36：日本人の配偶者等,1
43514,あさぎり町,43：熊本県,韓国,35：永住者,1
43514,あさぎり町,43：熊本県,韓国,39：特別永住者,12
43514,あさぎり町,43：熊本県,カンボジア,24：技能実習１号ロ,3
43514,あさぎり町,43：熊本県,カンボジア,26：技能実習２号ロ,3
43514,あさぎり町,43：熊本県,中国,28：技能実習３号ロ,4
43514,あさぎり町,43：熊本県,中国,35：永住者,8
43514,あさぎり町,43：熊本県,ネパール,16：技術・人文知識・国際業務,8
43514,あさぎり町,43：熊本県,ネパール,24：技能実習１号ロ,9
43514,あさぎり町,43：熊本県,ネパール,33：家族滞在,3
43514,あさぎり町,43：熊本県,フィリピン,35：永住者,9
43514,あさぎり町,43：熊本県,フィリピン,36：日本人の配偶者等,3
43514,あさぎり町,43：熊本県,フィリピン,38：定住者,2
43514,あさぎり町,43：熊本県,ベトナム,16：技術・人文知識・国際業務,2
43514,あさぎり町,43：熊本県,ベトナム,21：特定技能１号,27
43514,あさぎり町,43：熊本県,ベトナム,24：技能実習１号ロ,21
43514,あさぎり町,43：熊本県,ベトナム,26：技能実習２号ロ,51
43514,あさぎり町,43：熊本県,ベトナム,28：技能実習３号ロ,14
43514,あさぎり町,43：熊本県,ミャンマー,24：技能実習１号ロ,12
43514,あさぎり町,43：熊本県,米国,15：教育,5
43514,あさぎり町,43：熊本県,米国,35：永住者,1
43514,あさぎり町,43：熊本県,ブラジル,35：永住者,1
43531,苓北町,43：熊本県,韓国,11：経営・管理,1
43531,苓北町,43：熊本県,韓国,39：特別永住者,1
43531,苓北町,43：熊本県,シンガポール,31：留学,1
43531,苓北町,43：熊本県,中国,35：永住者,5
43531,苓北町,43：熊本県,ネパール,18：介護,1
43531,苓北町,43：熊本県,ベトナム,13：医療,2
43531,苓北町,43：熊本県,ベトナム,16：技術・人文知識・国際業務,3
43531,苓北町,43：熊本県,ベトナム,18：介護,1
43531,苓北町,43：熊本県,ベトナム,21：特定技能１号,1
43531,苓北町,43：熊本県,ベトナム,24：技能実習１号ロ,13
43531,苓北町,43：熊本県,ベトナム,26：技能実習２号ロ,9
43531,苓北町,43：熊本県,ベトナム,28：技能実習３号ロ,18
43531,苓北町,43：熊本県,ベトナム,33：家族滞在,3
43531,苓北町,43：熊本県,ベトナム,36：日本人の配偶者等,3
43531,苓北町,43：熊本県,ミャンマー,24：技能実習１号ロ,7
43531,苓北町,43：熊本県,ミャンマー,26：技能実習２号ロ,11
43531,苓北町,43：熊本県,ミャンマー,35：永住者,1
43531,苓北町,43：熊本県,英国,35：永住者,1
43531,苓北町,43：熊本県,ドイツ,36：日本人の配偶者等,1
43531,苓北町,43：熊本県,チリ,34：特定活動,2
43531,苓北町,43：熊本県,チリ,38：定住者,1
