都道府県,市区町村,国籍・地域,在留資格,年齢（５歳階級）,性別,在留外国人数
43：熊本県,熊本市中央区,アフガニスタン,16：技術・人文知識・国際業務,07_30～34歳,1:男,1 
43：熊本県,熊本市中央区,アフガニスタン,31：留学,06_25～29歳,2:女,1 
43：熊本県,熊本市中央区,アフガニスタン,33：家族滞在,01_０～４歳,2:女,1 
43：熊本県,熊本市中央区,アフガニスタン,34：特定活動,01_０～４歳,2:女,2 
43：熊本県,熊本市中央区,アフガニスタン,34：特定活動,07_30～34歳,2:女,1 
43：熊本県,熊本市中央区,アフガニスタン,34：特定活動,08_35～39歳,1:男,1 
43：熊本県,熊本市中央区,アフガニスタン,38：定住者,01_０～４歳,1:男,1 
43：熊本県,熊本市中央区,アフガニスタン,38：定住者,07_30～34歳,2:女,1 
43：熊本県,熊本市中央区,アフガニスタン,38：定住者,08_35～39歳,1:男,1 
43：熊本県,熊本市中央区,イラン,31：留学,06_25～29歳,1:男,2 
43：熊本県,熊本市中央区,イラン,31：留学,06_25～29歳,2:女,2 
43：熊本県,熊本市中央区,イラン,31：留学,10_45～49歳,2:女,1 
43：熊本県,熊本市中央区,イラン,38：定住者,11_50～54歳,1:男,1 
43：熊本県,熊本市中央区,インド,03：教授,07_30～34歳,2:女,1 
43：熊本県,熊本市中央区,インド,03：教授,08_35～39歳,1:男,1 
43：熊本県,熊本市中央区,インド,03：教授,10_45～49歳,1:男,1 
43：熊本県,熊本市中央区,インド,11：経営・管理,14_65～69歳,1:男,1 
43：熊本県,熊本市中央区,インド,16：技術・人文知識・国際業務,05_20～24歳,1:男,1 
43：熊本県,熊本市中央区,インド,16：技術・人文知識・国際業務,05_20～24歳,2:女,1 
43：熊本県,熊本市中央区,インド,16：技術・人文知識・国際業務,06_25～29歳,1:男,5 
43：熊本県,熊本市中央区,インド,16：技術・人文知識・国際業務,07_30～34歳,1:男,1 
43：熊本県,熊本市中央区,インド,20：技能,09_40～44歳,1:男,3 
43：熊本県,熊本市中央区,インド,20：技能,10_45～49歳,1:男,1 
43：熊本県,熊本市中央区,インド,20：技能,11_50～54歳,1:男,1 
43：熊本県,熊本市中央区,インド,20：技能,12_55～59歳,1:男,1 
43：熊本県,熊本市中央区,インド,31：留学,06_25～29歳,1:男,1 
43：熊本県,熊本市中央区,インド,31：留学,06_25～29歳,2:女,1 
43：熊本県,熊本市中央区,インド,31：留学,07_30～34歳,2:女,2 
43：熊本県,熊本市中央区,インド,33：家族滞在,01_０～４歳,1:男,1 
43：熊本県,熊本市中央区,インド,33：家族滞在,07_30～34歳,2:女,1 
43：熊本県,熊本市中央区,インド,33：家族滞在,10_45～49歳,2:女,1 
43：熊本県,熊本市中央区,インド,33：家族滞在,12_55～59歳,2:女,1 
43：熊本県,熊本市中央区,インド,35：永住者,08_35～39歳,1:男,1 
43：熊本県,熊本市中央区,インド,35：永住者,09_40～44歳,1:男,1 
43：熊本県,熊本市中央区,インド,35：永住者,12_55～59歳,1:男,1 
43：熊本県,熊本市中央区,インドネシア,03：教授,08_35～39歳,2:女,1 
43：熊本県,熊本市中央区,インドネシア,16：技術・人文知識・国際業務,06_25～29歳,1:男,3 
43：熊本県,熊本市中央区,インドネシア,16：技術・人文知識・国際業務,06_25～29歳,2:女,1 
43：熊本県,熊本市中央区,インドネシア,16：技術・人文知識・国際業務,07_30～34歳,1:男,3 
43：熊本県,熊本市中央区,インドネシア,16：技術・人文知識・国際業務,07_30～34歳,2:女,1 
43：熊本県,熊本市中央区,インドネシア,16：技術・人文知識・国際業務,08_35～39歳,1:男,1 
43：熊本県,熊本市中央区,インドネシア,21：特定技能１号,05_20～24歳,1:男,5 
43：熊本県,熊本市中央区,インドネシア,21：特定技能１号,05_20～24歳,2:女,5 
43：熊本県,熊本市中央区,インドネシア,21：特定技能１号,06_25～29歳,1:男,8 
43：熊本県,熊本市中央区,インドネシア,21：特定技能１号,06_25～29歳,2:女,6 
43：熊本県,熊本市中央区,インドネシア,21：特定技能１号,07_30～34歳,1:男,1 
43：熊本県,熊本市中央区,インドネシア,21：特定技能１号,08_35～39歳,1:男,2 
43：熊本県,熊本市中央区,インドネシア,21：特定技能１号,08_35～39歳,2:女,1 
43：熊本県,熊本市中央区,インドネシア,21：特定技能１号,09_40～44歳,1:男,1 
43：熊本県,熊本市中央区,インドネシア,24：技能実習１号ロ,04_15～19歳,1:男,4 
43：熊本県,熊本市中央区,インドネシア,24：技能実習１号ロ,04_15～19歳,2:女,1 
43：熊本県,熊本市中央区,インドネシア,24：技能実習１号ロ,05_20～24歳,1:男,13 
43：熊本県,熊本市中央区,インドネシア,24：技能実習１号ロ,05_20～24歳,2:女,7 
43：熊本県,熊本市中央区,インドネシア,24：技能実習１号ロ,06_25～29歳,1:男,2 
43：熊本県,熊本市中央区,インドネシア,24：技能実習１号ロ,07_30～34歳,1:男,1 
43：熊本県,熊本市中央区,インドネシア,26：技能実習２号ロ,05_20～24歳,1:男,29 
43：熊本県,熊本市中央区,インドネシア,26：技能実習２号ロ,05_20～24歳,2:女,21 
43：熊本県,熊本市中央区,インドネシア,26：技能実習２号ロ,06_25～29歳,1:男,15 
43：熊本県,熊本市中央区,インドネシア,26：技能実習２号ロ,06_25～29歳,2:女,5 
43：熊本県,熊本市中央区,インドネシア,26：技能実習２号ロ,07_30～34歳,1:男,2 
43：熊本県,熊本市中央区,インドネシア,31：留学,05_20～24歳,1:男,18 
43：熊本県,熊本市中央区,インドネシア,31：留学,05_20～24歳,2:女,5 
43：熊本県,熊本市中央区,インドネシア,31：留学,06_25～29歳,1:男,11 
43：熊本県,熊本市中央区,インドネシア,31：留学,06_25～29歳,2:女,3 
43：熊本県,熊本市中央区,インドネシア,31：留学,07_30～34歳,1:男,7 
43：熊本県,熊本市中央区,インドネシア,31：留学,07_30～34歳,2:女,6 
43：熊本県,熊本市中央区,インドネシア,31：留学,08_35～39歳,1:男,4 
43：熊本県,熊本市中央区,インドネシア,31：留学,08_35～39歳,2:女,3 
43：熊本県,熊本市中央区,インドネシア,33：家族滞在,01_０～４歳,2:女,4 
43：熊本県,熊本市中央区,インドネシア,33：家族滞在,02_５～９歳,1:男,1 
43：熊本県,熊本市中央区,インドネシア,33：家族滞在,02_５～９歳,2:女,2 
43：熊本県,熊本市中央区,インドネシア,33：家族滞在,07_30～34歳,1:男,2 
43：熊本県,熊本市中央区,インドネシア,33：家族滞在,07_30～34歳,2:女,2 
43：熊本県,熊本市中央区,インドネシア,33：家族滞在,08_35～39歳,2:女,1 
43：熊本県,熊本市中央区,インドネシア,34：特定活動,07_30～34歳,2:女,1 
43：熊本県,熊本市中央区,インドネシア,35：永住者,06_25～29歳,1:男,1 
43：熊本県,熊本市中央区,インドネシア,35：永住者,09_40～44歳,2:女,1 
43：熊本県,熊本市中央区,インドネシア,35：永住者,10_45～49歳,1:男,1 
43：熊本県,熊本市中央区,インドネシア,35：永住者,10_45～49歳,2:女,1 
43：熊本県,熊本市中央区,インドネシア,35：永住者,11_50～54歳,1:男,1 
43：熊本県,熊本市中央区,インドネシア,38：定住者,01_０～４歳,1:男,1 
43：熊本県,熊本市中央区,インドネシア,38：定住者,02_５～９歳,1:男,1 
43：熊本県,熊本市中央区,韓国,03：教授,06_25～29歳,1:男,1 
43：熊本県,熊本市中央区,韓国,03：教授,07_30～34歳,1:男,1 
43：熊本県,熊本市中央区,韓国,03：教授,09_40～44歳,1:男,1 
43：熊本県,熊本市中央区,韓国,03：教授,10_45～49歳,1:男,1 
43：熊本県,熊本市中央区,韓国,03：教授,13_60～64歳,2:女,1 
43：熊本県,熊本市中央区,韓国,05：宗教,08_35～39歳,1:男,1 
43：熊本県,熊本市中央区,韓国,05：宗教,10_45～49歳,1:男,1 
43：熊本県,熊本市中央区,韓国,08：高度専門職１号ロ,08_35～39歳,1:男,1 
43：熊本県,熊本市中央区,韓国,11：経営・管理,12_55～59歳,2:女,1 
43：熊本県,熊本市中央区,韓国,13：医療,06_25～29歳,1:男,1 
43：熊本県,熊本市中央区,韓国,16：技術・人文知識・国際業務,05_20～24歳,1:男,1 
43：熊本県,熊本市中央区,韓国,16：技術・人文知識・国際業務,06_25～29歳,1:男,17 
43：熊本県,熊本市中央区,韓国,16：技術・人文知識・国際業務,06_25～29歳,2:女,9 
43：熊本県,熊本市中央区,韓国,16：技術・人文知識・国際業務,07_30～34歳,1:男,18 
43：熊本県,熊本市中央区,韓国,16：技術・人文知識・国際業務,07_30～34歳,2:女,1 
43：熊本県,熊本市中央区,韓国,16：技術・人文知識・国際業務,08_35～39歳,1:男,9 
43：熊本県,熊本市中央区,韓国,16：技術・人文知識・国際業務,09_40～44歳,1:男,2 
43：熊本県,熊本市中央区,韓国,16：技術・人文知識・国際業務,10_45～49歳,2:女,1 
43：熊本県,熊本市中央区,韓国,16：技術・人文知識・国際業務,11_50～54歳,1:男,1 
43：熊本県,熊本市中央区,韓国,17：企業内転勤,07_30～34歳,1:男,1 
43：熊本県,熊本市中央区,韓国,17：企業内転勤,08_35～39歳,1:男,1 
43：熊本県,熊本市中央区,韓国,17：企業内転勤,09_40～44歳,1:男,2 
43：熊本県,熊本市中央区,韓国,17：企業内転勤,10_45～49歳,1:男,1 
43：熊本県,熊本市中央区,韓国,18：介護,07_30～34歳,2:女,1 
43：熊本県,熊本市中央区,韓国,19：興行,05_20～24歳,1:男,1 
43：熊本県,熊本市中央区,韓国,29：文化活動,06_25～29歳,1:男,1 
43：熊本県,熊本市中央区,韓国,29：文化活動,07_30～34歳,1:男,1 
43：熊本県,熊本市中央区,韓国,29：文化活動,09_40～44歳,1:男,1 
43：熊本県,熊本市中央区,韓国,29：文化活動,10_45～49歳,1:男,1 
43：熊本県,熊本市中央区,韓国,29：文化活動,15_70～74歳,1:男,1 
43：熊本県,熊本市中央区,韓国,31：留学,04_15～19歳,2:女,1 
43：熊本県,熊本市中央区,韓国,31：留学,05_20～24歳,1:男,10 
43：熊本県,熊本市中央区,韓国,31：留学,05_20～24歳,2:女,8 
43：熊本県,熊本市中央区,韓国,31：留学,06_25～29歳,1:男,7 
43：熊本県,熊本市中央区,韓国,31：留学,06_25～29歳,2:女,1 
43：熊本県,熊本市中央区,韓国,31：留学,07_30～34歳,1:男,3 
43：熊本県,熊本市中央区,韓国,31：留学,09_40～44歳,2:女,1 
43：熊本県,熊本市中央区,韓国,33：家族滞在,02_５～９歳,1:男,3 
43：熊本県,熊本市中央区,韓国,33：家族滞在,02_５～９歳,2:女,3 
43：熊本県,熊本市中央区,韓国,33：家族滞在,03_10～14歳,1:男,1 
43：熊本県,熊本市中央区,韓国,33：家族滞在,04_15～19歳,2:女,1 
43：熊本県,熊本市中央区,韓国,33：家族滞在,06_25～29歳,2:女,1 
43：熊本県,熊本市中央区,韓国,33：家族滞在,08_35～39歳,2:女,2 
43：熊本県,熊本市中央区,韓国,33：家族滞在,09_40～44歳,2:女,2 
43：熊本県,熊本市中央区,韓国,34：特定活動,05_20～24歳,1:男,2 
43：熊本県,熊本市中央区,韓国,34：特定活動,05_20～24歳,2:女,1 
43：熊本県,熊本市中央区,韓国,34：特定活動,06_25～29歳,1:男,1 
43：熊本県,熊本市中央区,韓国,34：特定活動,06_25～29歳,2:女,3 
43：熊本県,熊本市中央区,韓国,34：特定活動,07_30～34歳,1:男,1 
43：熊本県,熊本市中央区,韓国,35：永住者,01_０～４歳,1:男,1 
43：熊本県,熊本市中央区,韓国,35：永住者,04_15～19歳,2:女,1 
43：熊本県,熊本市中央区,韓国,35：永住者,05_20～24歳,1:男,8 
43：熊本県,熊本市中央区,韓国,35：永住者,05_20～24歳,2:女,1 
43：熊本県,熊本市中央区,韓国,35：永住者,06_25～29歳,2:女,2 
43：熊本県,熊本市中央区,韓国,35：永住者,07_30～34歳,1:男,2 
43：熊本県,熊本市中央区,韓国,35：永住者,08_35～39歳,1:男,3 
43：熊本県,熊本市中央区,韓国,35：永住者,09_40～44歳,1:男,2 
43：熊本県,熊本市中央区,韓国,35：永住者,09_40～44歳,2:女,4 
43：熊本県,熊本市中央区,韓国,35：永住者,10_45～49歳,1:男,5 
43：熊本県,熊本市中央区,韓国,35：永住者,10_45～49歳,2:女,2 
43：熊本県,熊本市中央区,韓国,35：永住者,11_50～54歳,1:男,4 
43：熊本県,熊本市中央区,韓国,35：永住者,11_50～54歳,2:女,6 
43：熊本県,熊本市中央区,韓国,35：永住者,12_55～59歳,1:男,4 
43：熊本県,熊本市中央区,韓国,35：永住者,12_55～59歳,2:女,2 
43：熊本県,熊本市中央区,韓国,35：永住者,13_60～64歳,2:女,9 
43：熊本県,熊本市中央区,韓国,35：永住者,14_65～69歳,1:男,2 
43：熊本県,熊本市中央区,韓国,35：永住者,14_65～69歳,2:女,8 
43：熊本県,熊本市中央区,韓国,35：永住者,15_70～74歳,1:男,1 
43：熊本県,熊本市中央区,韓国,35：永住者,15_70～74歳,2:女,1 
43：熊本県,熊本市中央区,韓国,35：永住者,16_75～79歳,2:女,3 
43：熊本県,熊本市中央区,韓国,36：日本人の配偶者等,06_25～29歳,1:男,1 
43：熊本県,熊本市中央区,韓国,36：日本人の配偶者等,06_25～29歳,2:女,1 
43：熊本県,熊本市中央区,韓国,36：日本人の配偶者等,07_30～34歳,1:男,1 
43：熊本県,熊本市中央区,韓国,36：日本人の配偶者等,07_30～34歳,2:女,3 
43：熊本県,熊本市中央区,韓国,36：日本人の配偶者等,08_35～39歳,1:男,1 
43：熊本県,熊本市中央区,韓国,36：日本人の配偶者等,09_40～44歳,1:男,3 
43：熊本県,熊本市中央区,韓国,36：日本人の配偶者等,10_45～49歳,1:男,1 
43：熊本県,熊本市中央区,韓国,36：日本人の配偶者等,11_50～54歳,2:女,1 
43：熊本県,熊本市中央区,韓国,36：日本人の配偶者等,12_55～59歳,1:男,1 
43：熊本県,熊本市中央区,韓国,36：日本人の配偶者等,13_60～64歳,2:女,1 
43：熊本県,熊本市中央区,韓国,36：日本人の配偶者等,14_65～69歳,2:女,1 
43：熊本県,熊本市中央区,韓国,36：日本人の配偶者等,15_70～74歳,2:女,1 
43：熊本県,熊本市中央区,韓国,38：定住者,02_５～９歳,2:女,1 
43：熊本県,熊本市中央区,韓国,38：定住者,03_10～14歳,1:男,1 
43：熊本県,熊本市中央区,韓国,38：定住者,05_20～24歳,1:男,1 
43：熊本県,熊本市中央区,韓国,38：定住者,08_35～39歳,1:男,1 
43：熊本県,熊本市中央区,韓国,38：定住者,10_45～49歳,1:男,1 
43：熊本県,熊本市中央区,韓国,38：定住者,14_65～69歳,2:女,3 
43：熊本県,熊本市中央区,韓国,38：定住者,17_80歳以上,2:女,1 
43：熊本県,熊本市中央区,韓国,39：特別永住者,01_０～４歳,1:男,1 
43：熊本県,熊本市中央区,韓国,39：特別永住者,01_０～４歳,2:女,1 
43：熊本県,熊本市中央区,韓国,39：特別永住者,02_５～９歳,2:女,1 
43：熊本県,熊本市中央区,韓国,39：特別永住者,04_15～19歳,1:男,1 
43：熊本県,熊本市中央区,韓国,39：特別永住者,05_20～24歳,1:男,2 
43：熊本県,熊本市中央区,韓国,39：特別永住者,05_20～24歳,2:女,3 
43：熊本県,熊本市中央区,韓国,39：特別永住者,06_25～29歳,1:男,1 
43：熊本県,熊本市中央区,韓国,39：特別永住者,06_25～29歳,2:女,3 
43：熊本県,熊本市中央区,韓国,39：特別永住者,07_30～34歳,1:男,6 
43：熊本県,熊本市中央区,韓国,39：特別永住者,07_30～34歳,2:女,3 
43：熊本県,熊本市中央区,韓国,39：特別永住者,08_35～39歳,1:男,4 
43：熊本県,熊本市中央区,韓国,39：特別永住者,08_35～39歳,2:女,1 
43：熊本県,熊本市中央区,韓国,39：特別永住者,09_40～44歳,1:男,1 
43：熊本県,熊本市中央区,韓国,39：特別永住者,09_40～44歳,2:女,4 
43：熊本県,熊本市中央区,韓国,39：特別永住者,10_45～49歳,1:男,2 
43：熊本県,熊本市中央区,韓国,39：特別永住者,10_45～49歳,2:女,3 
43：熊本県,熊本市中央区,韓国,39：特別永住者,11_50～54歳,1:男,5 
43：熊本県,熊本市中央区,韓国,39：特別永住者,11_50～54歳,2:女,2 
43：熊本県,熊本市中央区,韓国,39：特別永住者,12_55～59歳,1:男,5 
43：熊本県,熊本市中央区,韓国,39：特別永住者,12_55～59歳,2:女,1 
43：熊本県,熊本市中央区,韓国,39：特別永住者,13_60～64歳,1:男,5 
43：熊本県,熊本市中央区,韓国,39：特別永住者,13_60～64歳,2:女,5 
43：熊本県,熊本市中央区,韓国,39：特別永住者,14_65～69歳,1:男,8 
43：熊本県,熊本市中央区,韓国,39：特別永住者,14_65～69歳,2:女,5 
43：熊本県,熊本市中央区,韓国,39：特別永住者,15_70～74歳,1:男,2 
43：熊本県,熊本市中央区,韓国,39：特別永住者,15_70～74歳,2:女,4 
43：熊本県,熊本市中央区,韓国,39：特別永住者,16_75～79歳,1:男,1 
43：熊本県,熊本市中央区,韓国,39：特別永住者,16_75～79歳,2:女,3 
43：熊本県,熊本市中央区,韓国,39：特別永住者,17_80歳以上,1:男,2 
43：熊本県,熊本市中央区,韓国,39：特別永住者,17_80歳以上,2:女,11 
43：熊本県,熊本市中央区,朝鮮,39：特別永住者,07_30～34歳,2:女,1 
43：熊本県,熊本市中央区,朝鮮,39：特別永住者,12_55～59歳,2:女,1 
43：熊本県,熊本市中央区,朝鮮,39：特別永住者,13_60～64歳,1:男,1 
43：熊本県,熊本市中央区,朝鮮,39：特別永住者,17_80歳以上,2:女,1 
43：熊本県,熊本市中央区,カンボジア,24：技能実習１号ロ,05_20～24歳,1:男,1 
43：熊本県,熊本市中央区,カンボジア,24：技能実習１号ロ,06_25～29歳,1:男,1 
43：熊本県,熊本市中央区,カンボジア,26：技能実習２号ロ,05_20～24歳,1:男,1 
43：熊本県,熊本市中央区,カンボジア,26：技能実習２号ロ,06_25～29歳,1:男,2 
43：熊本県,熊本市中央区,カンボジア,28：技能実習３号ロ,05_20～24歳,1:男,1 
43：熊本県,熊本市中央区,カンボジア,28：技能実習３号ロ,07_30～34歳,1:男,1 
43：熊本県,熊本市中央区,シンガポール,15：教育,05_20～24歳,2:女,1 
43：熊本県,熊本市中央区,シンガポール,16：技術・人文知識・国際業務,06_25～29歳,1:男,1 
43：熊本県,熊本市中央区,シンガポール,16：技術・人文知識・国際業務,10_45～49歳,1:男,1 
43：熊本県,熊本市中央区,シンガポール,36：日本人の配偶者等,13_60～64歳,2:女,1 
43：熊本県,熊本市中央区,スリランカ,16：技術・人文知識・国際業務,06_25～29歳,1:男,1 
43：熊本県,熊本市中央区,スリランカ,16：技術・人文知識・国際業務,07_30～34歳,1:男,4 
43：熊本県,熊本市中央区,スリランカ,16：技術・人文知識・国際業務,07_30～34歳,2:女,1 
43：熊本県,熊本市中央区,スリランカ,16：技術・人文知識・国際業務,08_35～39歳,1:男,1 
43：熊本県,熊本市中央区,スリランカ,16：技術・人文知識・国際業務,10_45～49歳,1:男,1 
43：熊本県,熊本市中央区,スリランカ,20：技能,07_30～34歳,1:男,1 
43：熊本県,熊本市中央区,スリランカ,20：技能,08_35～39歳,1:男,4 
43：熊本県,熊本市中央区,スリランカ,20：技能,09_40～44歳,1:男,2 
43：熊本県,熊本市中央区,スリランカ,20：技能,10_45～49歳,1:男,4 
43：熊本県,熊本市中央区,スリランカ,20：技能,11_50～54歳,1:男,3 
43：熊本県,熊本市中央区,スリランカ,20：技能,13_60～64歳,1:男,1 
43：熊本県,熊本市中央区,スリランカ,20：技能,13_60～64歳,2:女,1 
43：熊本県,熊本市中央区,スリランカ,21：特定技能１号,05_20～24歳,1:男,1 
43：熊本県,熊本市中央区,スリランカ,21：特定技能１号,07_30～34歳,2:女,1 
43：熊本県,熊本市中央区,スリランカ,21：特定技能１号,09_40～44歳,1:男,1 
43：熊本県,熊本市中央区,スリランカ,24：技能実習１号ロ,05_20～24歳,2:女,3 
43：熊本県,熊本市中央区,スリランカ,24：技能実習１号ロ,06_25～29歳,2:女,1 
43：熊本県,熊本市中央区,スリランカ,26：技能実習２号ロ,05_20～24歳,1:男,1 
43：熊本県,熊本市中央区,スリランカ,26：技能実習２号ロ,06_25～29歳,1:男,1 
43：熊本県,熊本市中央区,スリランカ,26：技能実習２号ロ,07_30～34歳,1:男,1 
43：熊本県,熊本市中央区,スリランカ,31：留学,05_20～24歳,1:男,2 
43：熊本県,熊本市中央区,スリランカ,31：留学,05_20～24歳,2:女,4 
43：熊本県,熊本市中央区,スリランカ,31：留学,06_25～29歳,1:男,4 
43：熊本県,熊本市中央区,スリランカ,31：留学,06_25～29歳,2:女,1 
43：熊本県,熊本市中央区,スリランカ,33：家族滞在,04_15～19歳,1:男,1 
43：熊本県,熊本市中央区,スリランカ,33：家族滞在,06_25～29歳,1:男,1 
43：熊本県,熊本市中央区,スリランカ,33：家族滞在,06_25～29歳,2:女,1 
43：熊本県,熊本市中央区,スリランカ,35：永住者,04_15～19歳,2:女,1 
43：熊本県,熊本市中央区,スリランカ,35：永住者,05_20～24歳,2:女,2 
43：熊本県,熊本市中央区,スリランカ,35：永住者,10_45～49歳,2:女,1 
43：熊本県,熊本市中央区,スリランカ,35：永住者,11_50～54歳,2:女,1 
43：熊本県,熊本市中央区,スリランカ,35：永住者,12_55～59歳,1:男,1 
43：熊本県,熊本市中央区,スリランカ,35：永住者,13_60～64歳,1:男,1 
43：熊本県,熊本市中央区,スリランカ,35：永住者,14_65～69歳,1:男,1 
43：熊本県,熊本市中央区,スリランカ,38：定住者,03_10～14歳,2:女,1 
43：熊本県,熊本市中央区,タイ,03：教授,06_25～29歳,2:女,1 
43：熊本県,熊本市中央区,タイ,11：経営・管理,10_45～49歳,1:男,1 
43：熊本県,熊本市中央区,タイ,16：技術・人文知識・国際業務,06_25～29歳,2:女,2 
43：熊本県,熊本市中央区,タイ,16：技術・人文知識・国際業務,07_30～34歳,1:男,1 
43：熊本県,熊本市中央区,タイ,16：技術・人文知識・国際業務,07_30～34歳,2:女,4 
43：熊本県,熊本市中央区,タイ,16：技術・人文知識・国際業務,08_35～39歳,1:男,1 
43：熊本県,熊本市中央区,タイ,16：技術・人文知識・国際業務,08_35～39歳,2:女,2 
43：熊本県,熊本市中央区,タイ,19：興行,07_30～34歳,1:男,1 
43：熊本県,熊本市中央区,タイ,20：技能,08_35～39歳,2:女,1 
43：熊本県,熊本市中央区,タイ,31：留学,05_20～24歳,1:男,2 
43：熊本県,熊本市中央区,タイ,31：留学,05_20～24歳,2:女,3 
43：熊本県,熊本市中央区,タイ,31：留学,06_25～29歳,1:男,3 
43：熊本県,熊本市中央区,タイ,31：留学,06_25～29歳,2:女,2 
43：熊本県,熊本市中央区,タイ,31：留学,07_30～34歳,1:男,4 
43：熊本県,熊本市中央区,タイ,31：留学,07_30～34歳,2:女,4 
43：熊本県,熊本市中央区,タイ,31：留学,08_35～39歳,1:男,1 
43：熊本県,熊本市中央区,タイ,31：留学,08_35～39歳,2:女,1 
43：熊本県,熊本市中央区,タイ,35：永住者,09_40～44歳,2:女,1 
43：熊本県,熊本市中央区,タイ,35：永住者,10_45～49歳,2:女,2 
43：熊本県,熊本市中央区,タイ,35：永住者,11_50～54歳,2:女,1 
43：熊本県,熊本市中央区,タイ,35：永住者,13_60～64歳,2:女,1 
43：熊本県,熊本市中央区,タイ,36：日本人の配偶者等,09_40～44歳,2:女,2 
43：熊本県,熊本市中央区,タイ,36：日本人の配偶者等,10_45～49歳,2:女,1 
43：熊本県,熊本市中央区,タイ,36：日本人の配偶者等,11_50～54歳,1:男,1 
43：熊本県,熊本市中央区,タイ,36：日本人の配偶者等,13_60～64歳,2:女,1 
43：熊本県,熊本市中央区,タイ,38：定住者,13_60～64歳,2:女,1 
43：熊本県,熊本市中央区,台湾,08：高度専門職１号ロ,06_25～29歳,1:男,5 
43：熊本県,熊本市中央区,台湾,08：高度専門職１号ロ,07_30～34歳,1:男,14 
43：熊本県,熊本市中央区,台湾,08：高度専門職１号ロ,07_30～34歳,2:女,4 
43：熊本県,熊本市中央区,台湾,08：高度専門職１号ロ,08_35～39歳,1:男,14 
43：熊本県,熊本市中央区,台湾,08：高度専門職１号ロ,08_35～39歳,2:女,3 
43：熊本県,熊本市中央区,台湾,08：高度専門職１号ロ,09_40～44歳,1:男,9 
43：熊本県,熊本市中央区,台湾,08：高度専門職１号ロ,09_40～44歳,2:女,2 
43：熊本県,熊本市中央区,台湾,08：高度専門職１号ロ,10_45～49歳,1:男,3 
43：熊本県,熊本市中央区,台湾,08：高度専門職１号ロ,10_45～49歳,2:女,2 
43：熊本県,熊本市中央区,台湾,08：高度専門職１号ロ,11_50～54歳,1:男,2 
43：熊本県,熊本市中央区,台湾,08：高度専門職１号ロ,11_50～54歳,2:女,1 
43：熊本県,熊本市中央区,台湾,08：高度専門職１号ロ,12_55～59歳,1:男,1 
43：熊本県,熊本市中央区,台湾,09：高度専門職１号ハ,10_45～49歳,1:男,2 
43：熊本県,熊本市中央区,台湾,09：高度専門職１号ハ,13_60～64歳,1:男,1 
43：熊本県,熊本市中央区,台湾,11：経営・管理,10_45～49歳,1:男,2 
43：熊本県,熊本市中央区,台湾,11：経営・管理,11_50～54歳,1:男,1 
43：熊本県,熊本市中央区,台湾,11：経営・管理,11_50～54歳,2:女,1 
43：熊本県,熊本市中央区,台湾,11：経営・管理,12_55～59歳,2:女,1 
43：熊本県,熊本市中央区,台湾,16：技術・人文知識・国際業務,05_20～24歳,1:男,2 
43：熊本県,熊本市中央区,台湾,16：技術・人文知識・国際業務,05_20～24歳,2:女,4 
43：熊本県,熊本市中央区,台湾,16：技術・人文知識・国際業務,06_25～29歳,1:男,26 
43：熊本県,熊本市中央区,台湾,16：技術・人文知識・国際業務,06_25～29歳,2:女,25 
43：熊本県,熊本市中央区,台湾,16：技術・人文知識・国際業務,07_30～34歳,1:男,19 
43：熊本県,熊本市中央区,台湾,16：技術・人文知識・国際業務,07_30～34歳,2:女,24 
43：熊本県,熊本市中央区,台湾,16：技術・人文知識・国際業務,08_35～39歳,1:男,5 
43：熊本県,熊本市中央区,台湾,16：技術・人文知識・国際業務,08_35～39歳,2:女,19 
43：熊本県,熊本市中央区,台湾,16：技術・人文知識・国際業務,09_40～44歳,1:男,2 
43：熊本県,熊本市中央区,台湾,16：技術・人文知識・国際業務,09_40～44歳,2:女,4 
43：熊本県,熊本市中央区,台湾,16：技術・人文知識・国際業務,10_45～49歳,1:男,3 
43：熊本県,熊本市中央区,台湾,16：技術・人文知識・国際業務,10_45～49歳,2:女,3 
43：熊本県,熊本市中央区,台湾,16：技術・人文知識・国際業務,11_50～54歳,1:男,2 
43：熊本県,熊本市中央区,台湾,16：技術・人文知識・国際業務,11_50～54歳,2:女,1 
43：熊本県,熊本市中央区,台湾,16：技術・人文知識・国際業務,13_60～64歳,1:男,1 
43：熊本県,熊本市中央区,台湾,17：企業内転勤,06_25～29歳,1:男,14 
43：熊本県,熊本市中央区,台湾,17：企業内転勤,06_25～29歳,2:女,4 
43：熊本県,熊本市中央区,台湾,17：企業内転勤,07_30～34歳,1:男,12 
43：熊本県,熊本市中央区,台湾,17：企業内転勤,07_30～34歳,2:女,3 
43：熊本県,熊本市中央区,台湾,17：企業内転勤,08_35～39歳,1:男,3 
43：熊本県,熊本市中央区,台湾,17：企業内転勤,08_35～39歳,2:女,5 
43：熊本県,熊本市中央区,台湾,17：企業内転勤,09_40～44歳,1:男,6 
43：熊本県,熊本市中央区,台湾,17：企業内転勤,09_40～44歳,2:女,2 
43：熊本県,熊本市中央区,台湾,17：企業内転勤,10_45～49歳,1:男,8 
43：熊本県,熊本市中央区,台湾,17：企業内転勤,10_45～49歳,2:女,3 
43：熊本県,熊本市中央区,台湾,17：企業内転勤,11_50～54歳,2:女,1 
43：熊本県,熊本市中央区,台湾,17：企業内転勤,12_55～59歳,1:男,1 
43：熊本県,熊本市中央区,台湾,17：企業内転勤,14_65～69歳,1:男,1 
43：熊本県,熊本市中央区,台湾,29：文化活動,11_50～54歳,1:男,1 
43：熊本県,熊本市中央区,台湾,31：留学,05_20～24歳,1:男,7 
43：熊本県,熊本市中央区,台湾,31：留学,05_20～24歳,2:女,2 
43：熊本県,熊本市中央区,台湾,31：留学,06_25～29歳,1:男,1 
43：熊本県,熊本市中央区,台湾,31：留学,07_30～34歳,1:男,1 
43：熊本県,熊本市中央区,台湾,31：留学,07_30～34歳,2:女,2 
43：熊本県,熊本市中央区,台湾,33：家族滞在,01_０～４歳,1:男,1 
43：熊本県,熊本市中央区,台湾,33：家族滞在,01_０～４歳,2:女,3 
43：熊本県,熊本市中央区,台湾,33：家族滞在,02_５～９歳,1:男,2 
43：熊本県,熊本市中央区,台湾,33：家族滞在,02_５～９歳,2:女,4 
43：熊本県,熊本市中央区,台湾,33：家族滞在,03_10～14歳,1:男,6 
43：熊本県,熊本市中央区,台湾,33：家族滞在,03_10～14歳,2:女,10 
43：熊本県,熊本市中央区,台湾,33：家族滞在,04_15～19歳,1:男,2 
43：熊本県,熊本市中央区,台湾,33：家族滞在,06_25～29歳,2:女,4 
43：熊本県,熊本市中央区,台湾,33：家族滞在,07_30～34歳,1:男,1 
43：熊本県,熊本市中央区,台湾,33：家族滞在,07_30～34歳,2:女,7 
43：熊本県,熊本市中央区,台湾,33：家族滞在,08_35～39歳,2:女,3 
43：熊本県,熊本市中央区,台湾,33：家族滞在,09_40～44歳,2:女,8 
43：熊本県,熊本市中央区,台湾,33：家族滞在,10_45～49歳,2:女,5 
43：熊本県,熊本市中央区,台湾,33：家族滞在,11_50～54歳,1:男,1 
43：熊本県,熊本市中央区,台湾,33：家族滞在,11_50～54歳,2:女,1 
43：熊本県,熊本市中央区,台湾,33：家族滞在,12_55～59歳,2:女,1 
43：熊本県,熊本市中央区,台湾,34：特定活動,05_20～24歳,2:女,5 
43：熊本県,熊本市中央区,台湾,34：特定活動,06_25～29歳,1:男,3 
43：熊本県,熊本市中央区,台湾,34：特定活動,06_25～29歳,2:女,1 
43：熊本県,熊本市中央区,台湾,34：特定活動,07_30～34歳,1:男,2 
43：熊本県,熊本市中央区,台湾,34：特定活動,07_30～34歳,2:女,2 
43：熊本県,熊本市中央区,台湾,34：特定活動,10_45～49歳,2:女,1 
43：熊本県,熊本市中央区,台湾,35：永住者,06_25～29歳,2:女,1 
43：熊本県,熊本市中央区,台湾,35：永住者,07_30～34歳,1:男,2 
43：熊本県,熊本市中央区,台湾,35：永住者,07_30～34歳,2:女,5 
43：熊本県,熊本市中央区,台湾,35：永住者,08_35～39歳,1:男,1 
43：熊本県,熊本市中央区,台湾,35：永住者,08_35～39歳,2:女,2 
43：熊本県,熊本市中央区,台湾,35：永住者,09_40～44歳,1:男,2 
43：熊本県,熊本市中央区,台湾,35：永住者,09_40～44歳,2:女,2 
43：熊本県,熊本市中央区,台湾,35：永住者,10_45～49歳,1:男,2 
43：熊本県,熊本市中央区,台湾,35：永住者,10_45～49歳,2:女,5 
43：熊本県,熊本市中央区,台湾,35：永住者,11_50～54歳,1:男,1 
43：熊本県,熊本市中央区,台湾,35：永住者,11_50～54歳,2:女,2 
43：熊本県,熊本市中央区,台湾,35：永住者,12_55～59歳,1:男,3 
43：熊本県,熊本市中央区,台湾,35：永住者,12_55～59歳,2:女,3 
43：熊本県,熊本市中央区,台湾,35：永住者,13_60～64歳,1:男,1 
43：熊本県,熊本市中央区,台湾,35：永住者,14_65～69歳,1:男,1 
43：熊本県,熊本市中央区,台湾,35：永住者,14_65～69歳,2:女,1 
43：熊本県,熊本市中央区,台湾,35：永住者,17_80歳以上,2:女,1 
43：熊本県,熊本市中央区,台湾,36：日本人の配偶者等,07_30～34歳,1:男,2 
43：熊本県,熊本市中央区,台湾,36：日本人の配偶者等,07_30～34歳,2:女,1 
43：熊本県,熊本市中央区,台湾,36：日本人の配偶者等,09_40～44歳,1:男,1 
43：熊本県,熊本市中央区,台湾,36：日本人の配偶者等,09_40～44歳,2:女,2 
43：熊本県,熊本市中央区,台湾,36：日本人の配偶者等,10_45～49歳,1:男,2 
43：熊本県,熊本市中央区,台湾,36：日本人の配偶者等,11_50～54歳,2:女,2 
43：熊本県,熊本市中央区,台湾,36：日本人の配偶者等,12_55～59歳,2:女,1 
43：熊本県,熊本市中央区,台湾,37：永住者の配偶者等,07_30～34歳,2:女,1 
43：熊本県,熊本市中央区,台湾,38：定住者,02_５～９歳,1:男,1 
43：熊本県,熊本市中央区,台湾,38：定住者,03_10～14歳,2:女,1 
43：熊本県,熊本市中央区,台湾,38：定住者,04_15～19歳,2:女,1 
43：熊本県,熊本市中央区,台湾,38：定住者,10_45～49歳,2:女,1 
43：熊本県,熊本市中央区,中国,03：教授,06_25～29歳,2:女,1 
43：熊本県,熊本市中央区,中国,03：教授,07_30～34歳,1:男,2 
43：熊本県,熊本市中央区,中国,03：教授,07_30～34歳,2:女,3 
43：熊本県,熊本市中央区,中国,03：教授,11_50～54歳,1:男,1 
43：熊本県,熊本市中央区,中国,05：宗教,06_25～29歳,2:女,1 
43：熊本県,熊本市中央区,中国,05：宗教,08_35～39歳,2:女,1 
43：熊本県,熊本市中央区,中国,07：高度専門職１号イ,07_30～34歳,1:男,4 
43：熊本県,熊本市中央区,中国,07：高度専門職１号イ,07_30～34歳,2:女,1 
43：熊本県,熊本市中央区,中国,07：高度専門職１号イ,08_35～39歳,1:男,1 
43：熊本県,熊本市中央区,中国,07：高度専門職１号イ,09_40～44歳,2:女,1 
43：熊本県,熊本市中央区,中国,08：高度専門職１号ロ,06_25～29歳,2:女,3 
43：熊本県,熊本市中央区,中国,08：高度専門職１号ロ,07_30～34歳,1:男,2 
43：熊本県,熊本市中央区,中国,08：高度専門職１号ロ,07_30～34歳,2:女,2 
43：熊本県,熊本市中央区,中国,08：高度専門職１号ロ,11_50～54歳,1:男,1 
43：熊本県,熊本市中央区,中国,10：高度専門職２号,07_30～34歳,2:女,1 
43：熊本県,熊本市中央区,中国,11：経営・管理,07_30～34歳,2:女,1 
43：熊本県,熊本市中央区,中国,11：経営・管理,08_35～39歳,1:男,1 
43：熊本県,熊本市中央区,中国,11：経営・管理,08_35～39歳,2:女,1 
43：熊本県,熊本市中央区,中国,11：経営・管理,09_40～44歳,1:男,1 
43：熊本県,熊本市中央区,中国,11：経営・管理,09_40～44歳,2:女,2 
43：熊本県,熊本市中央区,中国,11：経営・管理,10_45～49歳,2:女,1 
43：熊本県,熊本市中央区,中国,11：経営・管理,12_55～59歳,1:男,2 
43：熊本県,熊本市中央区,中国,16：技術・人文知識・国際業務,05_20～24歳,1:男,4 
43：熊本県,熊本市中央区,中国,16：技術・人文知識・国際業務,06_25～29歳,1:男,20 
43：熊本県,熊本市中央区,中国,16：技術・人文知識・国際業務,06_25～29歳,2:女,16 
43：熊本県,熊本市中央区,中国,16：技術・人文知識・国際業務,07_30～34歳,1:男,13 
43：熊本県,熊本市中央区,中国,16：技術・人文知識・国際業務,07_30～34歳,2:女,12 
43：熊本県,熊本市中央区,中国,16：技術・人文知識・国際業務,08_35～39歳,1:男,11 
43：熊本県,熊本市中央区,中国,16：技術・人文知識・国際業務,08_35～39歳,2:女,14 
43：熊本県,熊本市中央区,中国,16：技術・人文知識・国際業務,09_40～44歳,1:男,7 
43：熊本県,熊本市中央区,中国,16：技術・人文知識・国際業務,09_40～44歳,2:女,2 
43：熊本県,熊本市中央区,中国,16：技術・人文知識・国際業務,10_45～49歳,1:男,2 
43：熊本県,熊本市中央区,中国,16：技術・人文知識・国際業務,11_50～54歳,1:男,1 
43：熊本県,熊本市中央区,中国,17：企業内転勤,05_20～24歳,1:男,1 
43：熊本県,熊本市中央区,中国,17：企業内転勤,07_30～34歳,2:女,2 
43：熊本県,熊本市中央区,中国,17：企業内転勤,08_35～39歳,1:男,1 
43：熊本県,熊本市中央区,中国,17：企業内転勤,09_40～44歳,1:男,1 
43：熊本県,熊本市中央区,中国,18：介護,05_20～24歳,2:女,1 
43：熊本県,熊本市中央区,中国,18：介護,08_35～39歳,2:女,2 
43：熊本県,熊本市中央区,中国,20：技能,07_30～34歳,1:男,1 
43：熊本県,熊本市中央区,中国,20：技能,09_40～44歳,1:男,1 
43：熊本県,熊本市中央区,中国,20：技能,10_45～49歳,1:男,2 
43：熊本県,熊本市中央区,中国,20：技能,12_55～59歳,1:男,1 
43：熊本県,熊本市中央区,中国,20：技能,13_60～64歳,1:男,1 
43：熊本県,熊本市中央区,中国,21：特定技能１号,07_30～34歳,1:男,1 
43：熊本県,熊本市中央区,中国,21：特定技能１号,08_35～39歳,1:男,1 
43：熊本県,熊本市中央区,中国,21：特定技能１号,09_40～44歳,1:男,3 
43：熊本県,熊本市中央区,中国,21：特定技能１号,09_40～44歳,2:女,2 
43：熊本県,熊本市中央区,中国,21：特定技能１号,10_45～49歳,2:女,1 
43：熊本県,熊本市中央区,中国,29：文化活動,05_20～24歳,2:女,1 
43：熊本県,熊本市中央区,中国,29：文化活動,07_30～34歳,1:男,2 
43：熊本県,熊本市中央区,中国,29：文化活動,08_35～39歳,1:男,2 
43：熊本県,熊本市中央区,中国,31：留学,04_15～19歳,1:男,3 
43：熊本県,熊本市中央区,中国,31：留学,04_15～19歳,2:女,6 
43：熊本県,熊本市中央区,中国,31：留学,05_20～24歳,1:男,125 
43：熊本県,熊本市中央区,中国,31：留学,05_20～24歳,2:女,68 
43：熊本県,熊本市中央区,中国,31：留学,06_25～29歳,1:男,123 
43：熊本県,熊本市中央区,中国,31：留学,06_25～29歳,2:女,74 
43：熊本県,熊本市中央区,中国,31：留学,07_30～34歳,1:男,20 
43：熊本県,熊本市中央区,中国,31：留学,07_30～34歳,2:女,13 
43：熊本県,熊本市中央区,中国,31：留学,08_35～39歳,1:男,3 
43：熊本県,熊本市中央区,中国,31：留学,08_35～39歳,2:女,4 
43：熊本県,熊本市中央区,中国,31：留学,09_40～44歳,1:男,2 
43：熊本県,熊本市中央区,中国,31：留学,09_40～44歳,2:女,1 
43：熊本県,熊本市中央区,中国,32：研修,08_35～39歳,2:女,1 
43：熊本県,熊本市中央区,中国,33：家族滞在,01_０～４歳,1:男,5 
43：熊本県,熊本市中央区,中国,33：家族滞在,01_０～４歳,2:女,2 
43：熊本県,熊本市中央区,中国,33：家族滞在,02_５～９歳,1:男,4 
43：熊本県,熊本市中央区,中国,33：家族滞在,02_５～９歳,2:女,6 
43：熊本県,熊本市中央区,中国,33：家族滞在,03_10～14歳,1:男,3 
43：熊本県,熊本市中央区,中国,33：家族滞在,03_10～14歳,2:女,4 
43：熊本県,熊本市中央区,中国,33：家族滞在,04_15～19歳,1:男,1 
43：熊本県,熊本市中央区,中国,33：家族滞在,04_15～19歳,2:女,2 
43：熊本県,熊本市中央区,中国,33：家族滞在,06_25～29歳,2:女,3 
43：熊本県,熊本市中央区,中国,33：家族滞在,07_30～34歳,1:男,2 
43：熊本県,熊本市中央区,中国,33：家族滞在,07_30～34歳,2:女,4 
43：熊本県,熊本市中央区,中国,33：家族滞在,08_35～39歳,1:男,5 
43：熊本県,熊本市中央区,中国,33：家族滞在,08_35～39歳,2:女,4 
43：熊本県,熊本市中央区,中国,33：家族滞在,09_40～44歳,1:男,1 
43：熊本県,熊本市中央区,中国,33：家族滞在,09_40～44歳,2:女,3 
43：熊本県,熊本市中央区,中国,33：家族滞在,10_45～49歳,2:女,1 
43：熊本県,熊本市中央区,中国,33：家族滞在,11_50～54歳,2:女,2 
43：熊本県,熊本市中央区,中国,33：家族滞在,12_55～59歳,2:女,1 
43：熊本県,熊本市中央区,中国,34：特定活動,05_20～24歳,1:男,2 
43：熊本県,熊本市中央区,中国,34：特定活動,06_25～29歳,1:男,2 
43：熊本県,熊本市中央区,中国,34：特定活動,06_25～29歳,2:女,3 
43：熊本県,熊本市中央区,中国,34：特定活動,07_30～34歳,1:男,1 
43：熊本県,熊本市中央区,中国,34：特定活動,13_60～64歳,2:女,1 
43：熊本県,熊本市中央区,中国,34：特定活動,14_65～69歳,1:男,1 
43：熊本県,熊本市中央区,中国,34：特定活動,14_65～69歳,2:女,1 
43：熊本県,熊本市中央区,中国,34：特定活動,15_70～74歳,2:女,1 
43：熊本県,熊本市中央区,中国,34：特定活動,17_80歳以上,2:女,1 
43：熊本県,熊本市中央区,中国,35：永住者,01_０～４歳,1:男,5 
43：熊本県,熊本市中央区,中国,35：永住者,01_０～４歳,2:女,4 
43：熊本県,熊本市中央区,中国,35：永住者,02_５～９歳,1:男,8 
43：熊本県,熊本市中央区,中国,35：永住者,02_５～９歳,2:女,2 
43：熊本県,熊本市中央区,中国,35：永住者,03_10～14歳,1:男,10 
43：熊本県,熊本市中央区,中国,35：永住者,03_10～14歳,2:女,11 
43：熊本県,熊本市中央区,中国,35：永住者,04_15～19歳,1:男,7 
43：熊本県,熊本市中央区,中国,35：永住者,04_15～19歳,2:女,6 
43：熊本県,熊本市中央区,中国,35：永住者,05_20～24歳,1:男,4 
43：熊本県,熊本市中央区,中国,35：永住者,05_20～24歳,2:女,6 
43：熊本県,熊本市中央区,中国,35：永住者,06_25～29歳,1:男,14 
43：熊本県,熊本市中央区,中国,35：永住者,06_25～29歳,2:女,15 
43：熊本県,熊本市中央区,中国,35：永住者,07_30～34歳,1:男,8 
43：熊本県,熊本市中央区,中国,35：永住者,07_30～34歳,2:女,7 
43：熊本県,熊本市中央区,中国,35：永住者,08_35～39歳,1:男,14 
43：熊本県,熊本市中央区,中国,35：永住者,08_35～39歳,2:女,20 
43：熊本県,熊本市中央区,中国,35：永住者,09_40～44歳,1:男,17 
43：熊本県,熊本市中央区,中国,35：永住者,09_40～44歳,2:女,30 
43：熊本県,熊本市中央区,中国,35：永住者,10_45～49歳,1:男,7 
43：熊本県,熊本市中央区,中国,35：永住者,10_45～49歳,2:女,49 
43：熊本県,熊本市中央区,中国,35：永住者,11_50～54歳,1:男,15 
43：熊本県,熊本市中央区,中国,35：永住者,11_50～54歳,2:女,46 
43：熊本県,熊本市中央区,中国,35：永住者,12_55～59歳,1:男,7 
43：熊本県,熊本市中央区,中国,35：永住者,12_55～59歳,2:女,16 
43：熊本県,熊本市中央区,中国,35：永住者,13_60～64歳,1:男,14 
43：熊本県,熊本市中央区,中国,35：永住者,13_60～64歳,2:女,9 
43：熊本県,熊本市中央区,中国,35：永住者,14_65～69歳,1:男,7 
43：熊本県,熊本市中央区,中国,35：永住者,14_65～69歳,2:女,7 
43：熊本県,熊本市中央区,中国,35：永住者,15_70～74歳,1:男,5 
43：熊本県,熊本市中央区,中国,35：永住者,15_70～74歳,2:女,7 
43：熊本県,熊本市中央区,中国,35：永住者,16_75～79歳,1:男,4 
43：熊本県,熊本市中央区,中国,35：永住者,16_75～79歳,2:女,5 
43：熊本県,熊本市中央区,中国,35：永住者,17_80歳以上,1:男,4 
43：熊本県,熊本市中央区,中国,35：永住者,17_80歳以上,2:女,4 
43：熊本県,熊本市中央区,中国,36：日本人の配偶者等,05_20～24歳,1:男,1 
43：熊本県,熊本市中央区,中国,36：日本人の配偶者等,07_30～34歳,1:男,1 
43：熊本県,熊本市中央区,中国,36：日本人の配偶者等,09_40～44歳,1:男,1 
43：熊本県,熊本市中央区,中国,36：日本人の配偶者等,09_40～44歳,2:女,5 
43：熊本県,熊本市中央区,中国,36：日本人の配偶者等,10_45～49歳,1:男,2 
43：熊本県,熊本市中央区,中国,36：日本人の配偶者等,10_45～49歳,2:女,6 
43：熊本県,熊本市中央区,中国,36：日本人の配偶者等,11_50～54歳,2:女,4 
43：熊本県,熊本市中央区,中国,36：日本人の配偶者等,12_55～59歳,2:女,2 
43：熊本県,熊本市中央区,中国,36：日本人の配偶者等,13_60～64歳,2:女,1 
43：熊本県,熊本市中央区,中国,36：日本人の配偶者等,14_65～69歳,1:男,1 
43：熊本県,熊本市中央区,中国,36：日本人の配偶者等,17_80歳以上,1:男,1 
43：熊本県,熊本市中央区,中国,37：永住者の配偶者等,01_０～４歳,1:男,1 
43：熊本県,熊本市中央区,中国,37：永住者の配偶者等,01_０～４歳,2:女,1 
43：熊本県,熊本市中央区,中国,37：永住者の配偶者等,02_５～９歳,1:男,1 
43：熊本県,熊本市中央区,中国,37：永住者の配偶者等,04_15～19歳,1:男,1 
43：熊本県,熊本市中央区,中国,37：永住者の配偶者等,06_25～29歳,2:女,1 
43：熊本県,熊本市中央区,中国,37：永住者の配偶者等,08_35～39歳,2:女,2 
43：熊本県,熊本市中央区,中国,37：永住者の配偶者等,09_40～44歳,1:男,2 
43：熊本県,熊本市中央区,中国,37：永住者の配偶者等,09_40～44歳,2:女,2 
43：熊本県,熊本市中央区,中国,37：永住者の配偶者等,11_50～54歳,1:男,1 
43：熊本県,熊本市中央区,中国,37：永住者の配偶者等,11_50～54歳,2:女,1 
43：熊本県,熊本市中央区,中国,37：永住者の配偶者等,12_55～59歳,2:女,1 
43：熊本県,熊本市中央区,中国,37：永住者の配偶者等,16_75～79歳,1:男,1 
43：熊本県,熊本市中央区,中国,38：定住者,01_０～４歳,1:男,1 
43：熊本県,熊本市中央区,中国,38：定住者,01_０～４歳,2:女,1 
43：熊本県,熊本市中央区,中国,38：定住者,02_５～９歳,1:男,1 
43：熊本県,熊本市中央区,中国,38：定住者,02_５～９歳,2:女,2 
43：熊本県,熊本市中央区,中国,38：定住者,03_10～14歳,1:男,3 
43：熊本県,熊本市中央区,中国,38：定住者,03_10～14歳,2:女,1 
43：熊本県,熊本市中央区,中国,38：定住者,04_15～19歳,2:女,2 
43：熊本県,熊本市中央区,中国,38：定住者,05_20～24歳,1:男,1 
43：熊本県,熊本市中央区,中国,38：定住者,05_20～24歳,2:女,3 
43：熊本県,熊本市中央区,中国,38：定住者,09_40～44歳,2:女,3 
43：熊本県,熊本市中央区,中国,38：定住者,10_45～49歳,1:男,3 
43：熊本県,熊本市中央区,中国,38：定住者,10_45～49歳,2:女,3 
43：熊本県,熊本市中央区,中国,38：定住者,12_55～59歳,2:女,2 
43：熊本県,熊本市中央区,中国,38：定住者,15_70～74歳,1:男,1 
43：熊本県,熊本市中央区,トルコ,03：教授,08_35～39歳,2:女,1 
43：熊本県,熊本市中央区,トルコ,15：教育,07_30～34歳,2:女,1 
43：熊本県,熊本市中央区,トルコ,31：留学,05_20～24歳,1:男,2 
43：熊本県,熊本市中央区,トルコ,31：留学,06_25～29歳,1:男,2 
43：熊本県,熊本市中央区,トルコ,36：日本人の配偶者等,10_45～49歳,1:男,1 
43：熊本県,熊本市中央区,ネパール,03：教授,08_35～39歳,1:男,1 
43：熊本県,熊本市中央区,ネパール,11：経営・管理,07_30～34歳,1:男,1 
43：熊本県,熊本市中央区,ネパール,11：経営・管理,08_35～39歳,1:男,2 
43：熊本県,熊本市中央区,ネパール,11：経営・管理,09_40～44歳,1:男,1 
43：熊本県,熊本市中央区,ネパール,16：技術・人文知識・国際業務,05_20～24歳,1:男,2 
43：熊本県,熊本市中央区,ネパール,16：技術・人文知識・国際業務,05_20～24歳,2:女,2 
43：熊本県,熊本市中央区,ネパール,16：技術・人文知識・国際業務,06_25～29歳,1:男,33 
43：熊本県,熊本市中央区,ネパール,16：技術・人文知識・国際業務,06_25～29歳,2:女,11 
43：熊本県,熊本市中央区,ネパール,16：技術・人文知識・国際業務,07_30～34歳,1:男,22 
43：熊本県,熊本市中央区,ネパール,16：技術・人文知識・国際業務,07_30～34歳,2:女,8 
43：熊本県,熊本市中央区,ネパール,16：技術・人文知識・国際業務,08_35～39歳,1:男,5 
43：熊本県,熊本市中央区,ネパール,16：技術・人文知識・国際業務,09_40～44歳,1:男,1 
43：熊本県,熊本市中央区,ネパール,18：介護,05_20～24歳,2:女,2 
43：熊本県,熊本市中央区,ネパール,18：介護,06_25～29歳,2:女,5 
43：熊本県,熊本市中央区,ネパール,18：介護,07_30～34歳,2:女,4 
43：熊本県,熊本市中央区,ネパール,20：技能,06_25～29歳,1:男,1 
43：熊本県,熊本市中央区,ネパール,20：技能,07_30～34歳,1:男,6 
43：熊本県,熊本市中央区,ネパール,20：技能,08_35～39歳,1:男,8 
43：熊本県,熊本市中央区,ネパール,20：技能,09_40～44歳,1:男,8 
43：熊本県,熊本市中央区,ネパール,20：技能,10_45～49歳,1:男,1 
43：熊本県,熊本市中央区,ネパール,20：技能,11_50～54歳,1:男,1 
43：熊本県,熊本市中央区,ネパール,21：特定技能１号,05_20～24歳,1:男,2 
43：熊本県,熊本市中央区,ネパール,21：特定技能１号,05_20～24歳,2:女,3 
43：熊本県,熊本市中央区,ネパール,21：特定技能１号,06_25～29歳,1:男,6 
43：熊本県,熊本市中央区,ネパール,21：特定技能１号,06_25～29歳,2:女,2 
43：熊本県,熊本市中央区,ネパール,21：特定技能１号,07_30～34歳,1:男,2 
43：熊本県,熊本市中央区,ネパール,21：特定技能１号,07_30～34歳,2:女,1 
43：熊本県,熊本市中央区,ネパール,31：留学,04_15～19歳,1:男,9 
43：熊本県,熊本市中央区,ネパール,31：留学,04_15～19歳,2:女,10 
43：熊本県,熊本市中央区,ネパール,31：留学,05_20～24歳,1:男,98 
43：熊本県,熊本市中央区,ネパール,31：留学,05_20～24歳,2:女,114 
43：熊本県,熊本市中央区,ネパール,31：留学,06_25～29歳,1:男,45 
43：熊本県,熊本市中央区,ネパール,31：留学,06_25～29歳,2:女,33 
43：熊本県,熊本市中央区,ネパール,31：留学,07_30～34歳,1:男,10 
43：熊本県,熊本市中央区,ネパール,31：留学,07_30～34歳,2:女,1 
43：熊本県,熊本市中央区,ネパール,33：家族滞在,01_０～４歳,1:男,8 
43：熊本県,熊本市中央区,ネパール,33：家族滞在,01_０～４歳,2:女,5 
43：熊本県,熊本市中央区,ネパール,33：家族滞在,02_５～９歳,1:男,1 
43：熊本県,熊本市中央区,ネパール,33：家族滞在,02_５～９歳,2:女,2 
43：熊本県,熊本市中央区,ネパール,33：家族滞在,05_20～24歳,1:男,1 
43：熊本県,熊本市中央区,ネパール,33：家族滞在,05_20～24歳,2:女,9 
43：熊本県,熊本市中央区,ネパール,33：家族滞在,06_25～29歳,1:男,5 
43：熊本県,熊本市中央区,ネパール,33：家族滞在,06_25～29歳,2:女,19 
43：熊本県,熊本市中央区,ネパール,33：家族滞在,07_30～34歳,1:男,9 
43：熊本県,熊本市中央区,ネパール,33：家族滞在,07_30～34歳,2:女,13 
43：熊本県,熊本市中央区,ネパール,33：家族滞在,08_35～39歳,1:男,3 
43：熊本県,熊本市中央区,ネパール,33：家族滞在,08_35～39歳,2:女,5 
43：熊本県,熊本市中央区,ネパール,33：家族滞在,09_40～44歳,1:男,1 
43：熊本県,熊本市中央区,ネパール,33：家族滞在,09_40～44歳,2:女,1 
43：熊本県,熊本市中央区,ネパール,33：家族滞在,11_50～54歳,2:女,1 
43：熊本県,熊本市中央区,ネパール,36：日本人の配偶者等,06_25～29歳,2:女,1 
43：熊本県,熊本市中央区,ネパール,36：日本人の配偶者等,07_30～34歳,2:女,1 
43：熊本県,熊本市中央区,パキスタン,07：高度専門職１号イ,07_30～34歳,1:男,1 
43：熊本県,熊本市中央区,パキスタン,11：経営・管理,07_30～34歳,1:男,1 
43：熊本県,熊本市中央区,パキスタン,11：経営・管理,13_60～64歳,1:男,2 
43：熊本県,熊本市中央区,パキスタン,16：技術・人文知識・国際業務,06_25～29歳,1:男,1 
43：熊本県,熊本市中央区,パキスタン,16：技術・人文知識・国際業務,12_55～59歳,1:男,1 
43：熊本県,熊本市中央区,パキスタン,20：技能,11_50～54歳,1:男,1 
43：熊本県,熊本市中央区,パキスタン,31：留学,05_20～24歳,1:男,6 
43：熊本県,熊本市中央区,パキスタン,31：留学,05_20～24歳,2:女,1 
43：熊本県,熊本市中央区,パキスタン,31：留学,06_25～29歳,1:男,3 
43：熊本県,熊本市中央区,パキスタン,33：家族滞在,01_０～４歳,1:男,1 
43：熊本県,熊本市中央区,パキスタン,33：家族滞在,01_０～４歳,2:女,1 
43：熊本県,熊本市中央区,パキスタン,33：家族滞在,02_５～９歳,2:女,1 
43：熊本県,熊本市中央区,パキスタン,33：家族滞在,07_30～34歳,2:女,1 
43：熊本県,熊本市中央区,パキスタン,35：永住者,09_40～44歳,1:男,1 
43：熊本県,熊本市中央区,パキスタン,35：永住者,11_50～54歳,1:男,1 
43：熊本県,熊本市中央区,パキスタン,35：永住者,11_50～54歳,2:女,1 
43：熊本県,熊本市中央区,パキスタン,35：永住者,14_65～69歳,1:男,1 
43：熊本県,熊本市中央区,バングラデシュ,03：教授,07_30～34歳,1:男,1 
43：熊本県,熊本市中央区,バングラデシュ,03：教授,07_30～34歳,2:女,1 
43：熊本県,熊本市中央区,バングラデシュ,03：教授,08_35～39歳,1:男,2 
43：熊本県,熊本市中央区,バングラデシュ,03：教授,09_40～44歳,1:男,1 
43：熊本県,熊本市中央区,バングラデシュ,03：教授,09_40～44歳,2:女,1 
43：熊本県,熊本市中央区,バングラデシュ,16：技術・人文知識・国際業務,06_25～29歳,1:男,1 
43：熊本県,熊本市中央区,バングラデシュ,21：特定技能１号,07_30～34歳,1:男,1 
43：熊本県,熊本市中央区,バングラデシュ,24：技能実習１号ロ,06_25～29歳,1:男,2 
43：熊本県,熊本市中央区,バングラデシュ,26：技能実習２号ロ,05_20～24歳,1:男,1 
43：熊本県,熊本市中央区,バングラデシュ,26：技能実習２号ロ,06_25～29歳,1:男,4 
43：熊本県,熊本市中央区,バングラデシュ,26：技能実習２号ロ,07_30～34歳,1:男,1 
43：熊本県,熊本市中央区,バングラデシュ,29：文化活動,08_35～39歳,1:男,1 
43：熊本県,熊本市中央区,バングラデシュ,31：留学,05_20～24歳,1:男,2 
43：熊本県,熊本市中央区,バングラデシュ,31：留学,06_25～29歳,1:男,6 
43：熊本県,熊本市中央区,バングラデシュ,31：留学,06_25～29歳,2:女,2 
43：熊本県,熊本市中央区,バングラデシュ,31：留学,07_30～34歳,1:男,5 
43：熊本県,熊本市中央区,バングラデシュ,31：留学,07_30～34歳,2:女,5 
43：熊本県,熊本市中央区,バングラデシュ,31：留学,08_35～39歳,1:男,4 
43：熊本県,熊本市中央区,バングラデシュ,31：留学,08_35～39歳,2:女,1 
43：熊本県,熊本市中央区,バングラデシュ,33：家族滞在,01_０～４歳,1:男,1 
43：熊本県,熊本市中央区,バングラデシュ,33：家族滞在,01_０～４歳,2:女,3 
43：熊本県,熊本市中央区,バングラデシュ,33：家族滞在,02_５～９歳,1:男,1 
43：熊本県,熊本市中央区,バングラデシュ,33：家族滞在,02_５～９歳,2:女,2 
43：熊本県,熊本市中央区,バングラデシュ,33：家族滞在,06_25～29歳,2:女,2 
43：熊本県,熊本市中央区,バングラデシュ,33：家族滞在,08_35～39歳,1:男,1 
43：熊本県,熊本市中央区,バングラデシュ,34：特定活動,06_25～29歳,1:男,1 
43：熊本県,熊本市中央区,バングラデシュ,35：永住者,01_０～４歳,2:女,1 
43：熊本県,熊本市中央区,バングラデシュ,35：永住者,08_35～39歳,1:男,1 
43：熊本県,熊本市中央区,バングラデシュ,35：永住者,08_35～39歳,2:女,1 
43：熊本県,熊本市中央区,バングラデシュ,37：永住者の配偶者等,01_０～４歳,1:男,2 
43：熊本県,熊本市中央区,フィリピン,15：教育,06_25～29歳,2:女,1 
43：熊本県,熊本市中央区,フィリピン,15：教育,07_30～34歳,2:女,3 
43：熊本県,熊本市中央区,フィリピン,16：技術・人文知識・国際業務,06_25～29歳,2:女,2 
43：熊本県,熊本市中央区,フィリピン,16：技術・人文知識・国際業務,07_30～34歳,1:男,3 
43：熊本県,熊本市中央区,フィリピン,16：技術・人文知識・国際業務,07_30～34歳,2:女,4 
43：熊本県,熊本市中央区,フィリピン,16：技術・人文知識・国際業務,08_35～39歳,1:男,2 
43：熊本県,熊本市中央区,フィリピン,16：技術・人文知識・国際業務,09_40～44歳,2:女,2 
43：熊本県,熊本市中央区,フィリピン,17：企業内転勤,06_25～29歳,2:女,2 
43：熊本県,熊本市中央区,フィリピン,18：介護,07_30～34歳,2:女,1 
43：熊本県,熊本市中央区,フィリピン,21：特定技能１号,06_25～29歳,1:男,2 
43：熊本県,熊本市中央区,フィリピン,21：特定技能１号,06_25～29歳,2:女,2 
43：熊本県,熊本市中央区,フィリピン,21：特定技能１号,07_30～34歳,1:男,2 
43：熊本県,熊本市中央区,フィリピン,21：特定技能１号,08_35～39歳,1:男,4 
43：熊本県,熊本市中央区,フィリピン,21：特定技能１号,08_35～39歳,2:女,1 
43：熊本県,熊本市中央区,フィリピン,21：特定技能１号,09_40～44歳,2:女,1 
43：熊本県,熊本市中央区,フィリピン,21：特定技能１号,10_45～49歳,2:女,1 
43：熊本県,熊本市中央区,フィリピン,21：特定技能１号,11_50～54歳,2:女,1 
43：熊本県,熊本市中央区,フィリピン,24：技能実習１号ロ,05_20～24歳,2:女,2 
43：熊本県,熊本市中央区,フィリピン,24：技能実習１号ロ,06_25～29歳,1:男,4 
43：熊本県,熊本市中央区,フィリピン,24：技能実習１号ロ,06_25～29歳,2:女,2 
43：熊本県,熊本市中央区,フィリピン,24：技能実習１号ロ,07_30～34歳,2:女,6 
43：熊本県,熊本市中央区,フィリピン,24：技能実習１号ロ,08_35～39歳,2:女,1 
43：熊本県,熊本市中央区,フィリピン,24：技能実習１号ロ,09_40～44歳,2:女,1 
43：熊本県,熊本市中央区,フィリピン,26：技能実習２号ロ,05_20～24歳,2:女,4 
43：熊本県,熊本市中央区,フィリピン,26：技能実習２号ロ,06_25～29歳,2:女,7 
43：熊本県,熊本市中央区,フィリピン,26：技能実習２号ロ,07_30～34歳,1:男,1 
43：熊本県,熊本市中央区,フィリピン,26：技能実習２号ロ,07_30～34歳,2:女,2 
43：熊本県,熊本市中央区,フィリピン,26：技能実習２号ロ,08_35～39歳,1:男,3 
43：熊本県,熊本市中央区,フィリピン,31：留学,05_20～24歳,2:女,1 
43：熊本県,熊本市中央区,フィリピン,31：留学,06_25～29歳,2:女,1 
43：熊本県,熊本市中央区,フィリピン,31：留学,08_35～39歳,2:女,1 
43：熊本県,熊本市中央区,フィリピン,33：家族滞在,01_０～４歳,1:男,1 
43：熊本県,熊本市中央区,フィリピン,33：家族滞在,03_10～14歳,2:女,2 
43：熊本県,熊本市中央区,フィリピン,33：家族滞在,04_15～19歳,2:女,1 
43：熊本県,熊本市中央区,フィリピン,33：家族滞在,06_25～29歳,1:男,1 
43：熊本県,熊本市中央区,フィリピン,33：家族滞在,08_35～39歳,1:男,1 
43：熊本県,熊本市中央区,フィリピン,33：家族滞在,10_45～49歳,1:男,2 
43：熊本県,熊本市中央区,フィリピン,35：永住者,04_15～19歳,1:男,2 
43：熊本県,熊本市中央区,フィリピン,35：永住者,04_15～19歳,2:女,1 
43：熊本県,熊本市中央区,フィリピン,35：永住者,05_20～24歳,2:女,1 
43：熊本県,熊本市中央区,フィリピン,35：永住者,06_25～29歳,1:男,1 
43：熊本県,熊本市中央区,フィリピン,35：永住者,07_30～34歳,1:男,2 
43：熊本県,熊本市中央区,フィリピン,35：永住者,07_30～34歳,2:女,2 
43：熊本県,熊本市中央区,フィリピン,35：永住者,08_35～39歳,2:女,5 
43：熊本県,熊本市中央区,フィリピン,35：永住者,09_40～44歳,2:女,14 
43：熊本県,熊本市中央区,フィリピン,35：永住者,10_45～49歳,2:女,8 
43：熊本県,熊本市中央区,フィリピン,35：永住者,11_50～54歳,2:女,38 
43：熊本県,熊本市中央区,フィリピン,35：永住者,12_55～59歳,2:女,30 
43：熊本県,熊本市中央区,フィリピン,35：永住者,13_60～64歳,2:女,14 
43：熊本県,熊本市中央区,フィリピン,35：永住者,14_65～69歳,1:男,2 
43：熊本県,熊本市中央区,フィリピン,35：永住者,14_65～69歳,2:女,4 
43：熊本県,熊本市中央区,フィリピン,35：永住者,15_70～74歳,2:女,1 
43：熊本県,熊本市中央区,フィリピン,36：日本人の配偶者等,02_５～９歳,2:女,1 
43：熊本県,熊本市中央区,フィリピン,36：日本人の配偶者等,05_20～24歳,2:女,1 
43：熊本県,熊本市中央区,フィリピン,36：日本人の配偶者等,07_30～34歳,2:女,4 
43：熊本県,熊本市中央区,フィリピン,36：日本人の配偶者等,08_35～39歳,2:女,3 
43：熊本県,熊本市中央区,フィリピン,36：日本人の配偶者等,09_40～44歳,2:女,2 
43：熊本県,熊本市中央区,フィリピン,36：日本人の配偶者等,10_45～49歳,2:女,4 
43：熊本県,熊本市中央区,フィリピン,36：日本人の配偶者等,11_50～54歳,2:女,1 
43：熊本県,熊本市中央区,フィリピン,36：日本人の配偶者等,12_55～59歳,2:女,1 
43：熊本県,熊本市中央区,フィリピン,37：永住者の配偶者等,02_５～９歳,2:女,1 
43：熊本県,熊本市中央区,フィリピン,38：定住者,01_０～４歳,1:男,1 
43：熊本県,熊本市中央区,フィリピン,38：定住者,03_10～14歳,2:女,5 
43：熊本県,熊本市中央区,フィリピン,38：定住者,04_15～19歳,1:男,2 
43：熊本県,熊本市中央区,フィリピン,38：定住者,04_15～19歳,2:女,1 
43：熊本県,熊本市中央区,フィリピン,38：定住者,05_20～24歳,1:男,4 
43：熊本県,熊本市中央区,フィリピン,38：定住者,05_20～24歳,2:女,2 
43：熊本県,熊本市中央区,フィリピン,38：定住者,06_25～29歳,1:男,2 
43：熊本県,熊本市中央区,フィリピン,38：定住者,07_30～34歳,2:女,4 
43：熊本県,熊本市中央区,フィリピン,38：定住者,08_35～39歳,1:男,1 
43：熊本県,熊本市中央区,フィリピン,38：定住者,08_35～39歳,2:女,3 
43：熊本県,熊本市中央区,フィリピン,38：定住者,09_40～44歳,2:女,5 
43：熊本県,熊本市中央区,フィリピン,38：定住者,10_45～49歳,2:女,4 
43：熊本県,熊本市中央区,フィリピン,38：定住者,11_50～54歳,2:女,2 
43：熊本県,熊本市中央区,フィリピン,38：定住者,12_55～59歳,2:女,4 
43：熊本県,熊本市中央区,ブータン,35：永住者,09_40～44歳,1:男,1 
43：熊本県,熊本市中央区,ブータン,35：永住者,13_60～64歳,2:女,1 
43：熊本県,熊本市中央区,ベトナム,11：経営・管理,06_25～29歳,1:男,1 
43：熊本県,熊本市中央区,ベトナム,16：技術・人文知識・国際業務,06_25～29歳,1:男,15 
43：熊本県,熊本市中央区,ベトナム,16：技術・人文知識・国際業務,06_25～29歳,2:女,8 
43：熊本県,熊本市中央区,ベトナム,16：技術・人文知識・国際業務,07_30～34歳,1:男,5 
43：熊本県,熊本市中央区,ベトナム,16：技術・人文知識・国際業務,07_30～34歳,2:女,2 
43：熊本県,熊本市中央区,ベトナム,16：技術・人文知識・国際業務,08_35～39歳,2:女,2 
43：熊本県,熊本市中央区,ベトナム,18：介護,06_25～29歳,1:男,1 
43：熊本県,熊本市中央区,ベトナム,18：介護,06_25～29歳,2:女,3 
43：熊本県,熊本市中央区,ベトナム,21：特定技能１号,04_15～19歳,2:女,1 
43：熊本県,熊本市中央区,ベトナム,21：特定技能１号,05_20～24歳,1:男,7 
43：熊本県,熊本市中央区,ベトナム,21：特定技能１号,05_20～24歳,2:女,15 
43：熊本県,熊本市中央区,ベトナム,21：特定技能１号,06_25～29歳,1:男,21 
43：熊本県,熊本市中央区,ベトナム,21：特定技能１号,06_25～29歳,2:女,10 
43：熊本県,熊本市中央区,ベトナム,21：特定技能１号,07_30～34歳,1:男,9 
43：熊本県,熊本市中央区,ベトナム,21：特定技能１号,07_30～34歳,2:女,7 
43：熊本県,熊本市中央区,ベトナム,21：特定技能１号,08_35～39歳,1:男,5 
43：熊本県,熊本市中央区,ベトナム,21：特定技能１号,08_35～39歳,2:女,4 
43：熊本県,熊本市中央区,ベトナム,21：特定技能１号,09_40～44歳,1:男,1 
43：熊本県,熊本市中央区,ベトナム,21：特定技能１号,09_40～44歳,2:女,1 
43：熊本県,熊本市中央区,ベトナム,24：技能実習１号ロ,04_15～19歳,1:男,1 
43：熊本県,熊本市中央区,ベトナム,24：技能実習１号ロ,04_15～19歳,2:女,6 
43：熊本県,熊本市中央区,ベトナム,24：技能実習１号ロ,05_20～24歳,1:男,3 
43：熊本県,熊本市中央区,ベトナム,24：技能実習１号ロ,05_20～24歳,2:女,9 
43：熊本県,熊本市中央区,ベトナム,24：技能実習１号ロ,06_25～29歳,2:女,3 
43：熊本県,熊本市中央区,ベトナム,24：技能実習１号ロ,07_30～34歳,2:女,1 
43：熊本県,熊本市中央区,ベトナム,26：技能実習２号ロ,05_20～24歳,1:男,10 
43：熊本県,熊本市中央区,ベトナム,26：技能実習２号ロ,05_20～24歳,2:女,13 
43：熊本県,熊本市中央区,ベトナム,26：技能実習２号ロ,06_25～29歳,1:男,7 
43：熊本県,熊本市中央区,ベトナム,26：技能実習２号ロ,06_25～29歳,2:女,9 
43：熊本県,熊本市中央区,ベトナム,26：技能実習２号ロ,07_30～34歳,1:男,4 
43：熊本県,熊本市中央区,ベトナム,26：技能実習２号ロ,07_30～34歳,2:女,7 
43：熊本県,熊本市中央区,ベトナム,26：技能実習２号ロ,08_35～39歳,1:男,1 
43：熊本県,熊本市中央区,ベトナム,26：技能実習２号ロ,08_35～39歳,2:女,3 
43：熊本県,熊本市中央区,ベトナム,28：技能実習３号ロ,06_25～29歳,1:男,2 
43：熊本県,熊本市中央区,ベトナム,28：技能実習３号ロ,06_25～29歳,2:女,3 
43：熊本県,熊本市中央区,ベトナム,31：留学,04_15～19歳,2:女,1 
43：熊本県,熊本市中央区,ベトナム,31：留学,05_20～24歳,1:男,8 
43：熊本県,熊本市中央区,ベトナム,31：留学,05_20～24歳,2:女,12 
43：熊本県,熊本市中央区,ベトナム,31：留学,06_25～29歳,1:男,6 
43：熊本県,熊本市中央区,ベトナム,31：留学,07_30～34歳,1:男,1 
43：熊本県,熊本市中央区,ベトナム,31：留学,07_30～34歳,2:女,1 
43：熊本県,熊本市中央区,ベトナム,33：家族滞在,01_０～４歳,1:男,5 
43：熊本県,熊本市中央区,ベトナム,33：家族滞在,01_０～４歳,2:女,2 
43：熊本県,熊本市中央区,ベトナム,33：家族滞在,03_10～14歳,1:男,2 
43：熊本県,熊本市中央区,ベトナム,33：家族滞在,03_10～14歳,2:女,1 
43：熊本県,熊本市中央区,ベトナム,33：家族滞在,05_20～24歳,2:女,4 
43：熊本県,熊本市中央区,ベトナム,33：家族滞在,06_25～29歳,2:女,4 
43：熊本県,熊本市中央区,ベトナム,33：家族滞在,07_30～34歳,1:男,1 
43：熊本県,熊本市中央区,ベトナム,33：家族滞在,07_30～34歳,2:女,2 
43：熊本県,熊本市中央区,ベトナム,34：特定活動,01_０～４歳,2:女,2 
43：熊本県,熊本市中央区,ベトナム,34：特定活動,06_25～29歳,1:男,2 
43：熊本県,熊本市中央区,ベトナム,34：特定活動,08_35～39歳,1:男,1 
43：熊本県,熊本市中央区,ベトナム,35：永住者,10_45～49歳,2:女,2 
43：熊本県,熊本市中央区,ベトナム,36：日本人の配偶者等,05_20～24歳,2:女,2 
43：熊本県,熊本市中央区,ベトナム,36：日本人の配偶者等,06_25～29歳,1:男,1 
43：熊本県,熊本市中央区,ベトナム,36：日本人の配偶者等,07_30～34歳,2:女,1 
43：熊本県,熊本市中央区,ベトナム,36：日本人の配偶者等,08_35～39歳,2:女,1 
43：熊本県,熊本市中央区,マレーシア,03：教授,07_30～34歳,2:女,1 
43：熊本県,熊本市中央区,マレーシア,05：宗教,07_30～34歳,2:女,1 
43：熊本県,熊本市中央区,マレーシア,16：技術・人文知識・国際業務,07_30～34歳,1:男,5 
43：熊本県,熊本市中央区,マレーシア,16：技術・人文知識・国際業務,09_40～44歳,1:男,1 
43：熊本県,熊本市中央区,マレーシア,31：留学,05_20～24歳,1:男,4 
43：熊本県,熊本市中央区,マレーシア,31：留学,05_20～24歳,2:女,2 
43：熊本県,熊本市中央区,マレーシア,31：留学,06_25～29歳,2:女,1 
43：熊本県,熊本市中央区,マレーシア,31：留学,10_45～49歳,1:男,1 
43：熊本県,熊本市中央区,マレーシア,35：永住者,14_65～69歳,2:女,1 
43：熊本県,熊本市中央区,ミャンマー,03：教授,09_40～44歳,2:女,1 
43：熊本県,熊本市中央区,ミャンマー,16：技術・人文知識・国際業務,06_25～29歳,1:男,5 
43：熊本県,熊本市中央区,ミャンマー,16：技術・人文知識・国際業務,06_25～29歳,2:女,14 
43：熊本県,熊本市中央区,ミャンマー,16：技術・人文知識・国際業務,07_30～34歳,1:男,2 
43：熊本県,熊本市中央区,ミャンマー,16：技術・人文知識・国際業務,07_30～34歳,2:女,7 
43：熊本県,熊本市中央区,ミャンマー,21：特定技能１号,04_15～19歳,2:女,2 
43：熊本県,熊本市中央区,ミャンマー,21：特定技能１号,05_20～24歳,1:男,10 
43：熊本県,熊本市中央区,ミャンマー,21：特定技能１号,05_20～24歳,2:女,46 
43：熊本県,熊本市中央区,ミャンマー,21：特定技能１号,06_25～29歳,1:男,4 
43：熊本県,熊本市中央区,ミャンマー,21：特定技能１号,06_25～29歳,2:女,16 
43：熊本県,熊本市中央区,ミャンマー,21：特定技能１号,07_30～34歳,1:男,3 
43：熊本県,熊本市中央区,ミャンマー,21：特定技能１号,07_30～34歳,2:女,4 
43：熊本県,熊本市中央区,ミャンマー,24：技能実習１号ロ,05_20～24歳,1:男,2 
43：熊本県,熊本市中央区,ミャンマー,24：技能実習１号ロ,05_20～24歳,2:女,6 
43：熊本県,熊本市中央区,ミャンマー,24：技能実習１号ロ,06_25～29歳,2:女,7 
43：熊本県,熊本市中央区,ミャンマー,24：技能実習１号ロ,07_30～34歳,2:女,3 
43：熊本県,熊本市中央区,ミャンマー,26：技能実習２号ロ,05_20～24歳,1:男,2 
43：熊本県,熊本市中央区,ミャンマー,26：技能実習２号ロ,05_20～24歳,2:女,1 
43：熊本県,熊本市中央区,ミャンマー,26：技能実習２号ロ,06_25～29歳,1:男,2 
43：熊本県,熊本市中央区,ミャンマー,26：技能実習２号ロ,06_25～29歳,2:女,2 
43：熊本県,熊本市中央区,ミャンマー,31：留学,04_15～19歳,2:女,1 
43：熊本県,熊本市中央区,ミャンマー,31：留学,05_20～24歳,2:女,1 
43：熊本県,熊本市中央区,ミャンマー,31：留学,06_25～29歳,1:男,3 
43：熊本県,熊本市中央区,ミャンマー,31：留学,06_25～29歳,2:女,3 
43：熊本県,熊本市中央区,ミャンマー,31：留学,07_30～34歳,1:男,1 
43：熊本県,熊本市中央区,ミャンマー,31：留学,07_30～34歳,2:女,2 
43：熊本県,熊本市中央区,ミャンマー,31：留学,08_35～39歳,2:女,2 
43：熊本県,熊本市中央区,ミャンマー,33：家族滞在,09_40～44歳,1:男,1 
43：熊本県,熊本市中央区,ミャンマー,34：特定活動,06_25～29歳,1:男,1 
43：熊本県,熊本市中央区,ミャンマー,34：特定活動,06_25～29歳,2:女,1 
43：熊本県,熊本市中央区,ミャンマー,35：永住者,12_55～59歳,1:男,1 
43：熊本県,熊本市中央区,ミャンマー,35：永住者,12_55～59歳,2:女,1 
43：熊本県,熊本市中央区,ミャンマー,36：日本人の配偶者等,10_45～49歳,2:女,1 
43：熊本県,熊本市中央区,モルディブ,35：永住者,10_45～49歳,1:男,1 
43：熊本県,熊本市中央区,モンゴル,03：教授,11_50～54歳,1:男,1 
43：熊本県,熊本市中央区,モンゴル,07：高度専門職１号イ,09_40～44歳,1:男,1 
43：熊本県,熊本市中央区,モンゴル,16：技術・人文知識・国際業務,09_40～44歳,2:女,1 
43：熊本県,熊本市中央区,モンゴル,16：技術・人文知識・国際業務,11_50～54歳,2:女,1 
43：熊本県,熊本市中央区,モンゴル,31：留学,05_20～24歳,1:男,1 
43：熊本県,熊本市中央区,モンゴル,31：留学,05_20～24歳,2:女,2 
43：熊本県,熊本市中央区,モンゴル,31：留学,07_30～34歳,2:女,1 
43：熊本県,熊本市中央区,モンゴル,31：留学,09_40～44歳,2:女,1 
43：熊本県,熊本市中央区,モンゴル,33：家族滞在,01_０～４歳,1:男,2 
43：熊本県,熊本市中央区,モンゴル,33：家族滞在,02_５～９歳,1:男,1 
43：熊本県,熊本市中央区,モンゴル,33：家族滞在,02_５～９歳,2:女,1 
43：熊本県,熊本市中央区,モンゴル,33：家族滞在,03_10～14歳,1:男,2 
43：熊本県,熊本市中央区,モンゴル,33：家族滞在,04_15～19歳,2:女,2 
43：熊本県,熊本市中央区,モンゴル,33：家族滞在,05_20～24歳,2:女,1 
43：熊本県,熊本市中央区,モンゴル,33：家族滞在,07_30～34歳,1:男,1 
43：熊本県,熊本市中央区,モンゴル,33：家族滞在,10_45～49歳,1:男,1 
43：熊本県,熊本市中央区,モンゴル,35：永住者,09_40～44歳,2:女,1 
43：熊本県,熊本市中央区,モンゴル,35：永住者,11_50～54歳,2:女,1 
43：熊本県,熊本市中央区,ラオス,31：留学,08_35～39歳,1:男,1 
43：熊本県,熊本市中央区,ラオス,33：家族滞在,08_35～39歳,2:女,1 
43：熊本県,熊本市中央区,ラオス,35：永住者,09_40～44歳,2:女,1 
43：熊本県,熊本市中央区,アイスランド,03：教授,10_45～49歳,2:女,1 
43：熊本県,熊本市中央区,アイスランド,33：家族滞在,03_10～14歳,1:男,1 
43：熊本県,熊本市中央区,アイスランド,33：家族滞在,09_40～44歳,1:男,1 
43：熊本県,熊本市中央区,アイルランド,15：教育,05_20～24歳,1:男,1 
43：熊本県,熊本市中央区,アイルランド,15：教育,12_55～59歳,2:女,1 
43：熊本県,熊本市中央区,アイルランド,35：永住者,16_75～79歳,1:男,1 
43：熊本県,熊本市中央区,アルメニア,31：留学,07_30～34歳,2:女,1 
43：熊本県,熊本市中央区,イタリア,16：技術・人文知識・国際業務,14_65～69歳,1:男,1 
43：熊本県,熊本市中央区,イタリア,34：特定活動,06_25～29歳,2:女,1 
43：熊本県,熊本市中央区,イタリア,35：永住者,11_50～54歳,1:男,1 
43：熊本県,熊本市中央区,ウクライナ,16：技術・人文知識・国際業務,07_30～34歳,2:女,1 
43：熊本県,熊本市中央区,ウクライナ,35：永住者,11_50～54歳,2:女,1 
43：熊本県,熊本市中央区,ウクライナ,35：永住者,12_55～59歳,2:女,1 
43：熊本県,熊本市中央区,ウクライナ,38：定住者,05_20～24歳,2:女,1 
43：熊本県,熊本市中央区,ウズベキスタン,16：技術・人文知識・国際業務,08_35～39歳,1:男,1 
43：熊本県,熊本市中央区,ウズベキスタン,16：技術・人文知識・国際業務,08_35～39歳,2:女,1 
43：熊本県,熊本市中央区,ウズベキスタン,16：技術・人文知識・国際業務,09_40～44歳,2:女,1 
43：熊本県,熊本市中央区,ウズベキスタン,31：留学,08_35～39歳,2:女,1 
43：熊本県,熊本市中央区,ウズベキスタン,33：家族滞在,02_５～９歳,1:男,1 
43：熊本県,熊本市中央区,ウズベキスタン,33：家族滞在,02_５～９歳,2:女,2 
43：熊本県,熊本市中央区,ウズベキスタン,33：家族滞在,07_30～34歳,2:女,1 
43：熊本県,熊本市中央区,ウズベキスタン,35：永住者,10_45～49歳,2:女,1 
43：熊本県,熊本市中央区,英国,03：教授,08_35～39歳,1:男,1 
43：熊本県,熊本市中央区,英国,03：教授,10_45～49歳,1:男,1 
43：熊本県,熊本市中央区,英国,15：教育,05_20～24歳,1:男,1 
43：熊本県,熊本市中央区,英国,15：教育,06_25～29歳,1:男,3 
43：熊本県,熊本市中央区,英国,15：教育,06_25～29歳,2:女,1 
43：熊本県,熊本市中央区,英国,15：教育,07_30～34歳,1:男,1 
43：熊本県,熊本市中央区,英国,15：教育,07_30～34歳,2:女,1 
43：熊本県,熊本市中央区,英国,16：技術・人文知識・国際業務,10_45～49歳,1:男,1 
43：熊本県,熊本市中央区,英国,31：留学,05_20～24歳,1:男,2 
43：熊本県,熊本市中央区,英国,34：特定活動,05_20～24歳,2:女,1 
43：熊本県,熊本市中央区,英国,35：永住者,09_40～44歳,1:男,1 
43：熊本県,熊本市中央区,英国,35：永住者,10_45～49歳,1:男,3 
43：熊本県,熊本市中央区,英国,35：永住者,11_50～54歳,1:男,1 
43：熊本県,熊本市中央区,英国,35：永住者,12_55～59歳,1:男,1 
43：熊本県,熊本市中央区,英国,35：永住者,13_60～64歳,1:男,2 
43：熊本県,熊本市中央区,英国,35：永住者,14_65～69歳,1:男,1 
43：熊本県,熊本市中央区,英国,35：永住者,15_70～74歳,1:男,1 
43：熊本県,熊本市中央区,英国,36：日本人の配偶者等,09_40～44歳,1:男,2 
43：熊本県,熊本市中央区,英国,36：日本人の配偶者等,10_45～49歳,1:男,1 
43：熊本県,熊本市中央区,英国,36：日本人の配偶者等,15_70～74歳,1:男,1 
43：熊本県,熊本市中央区,オーストリア,35：永住者,17_80歳以上,1:男,1 
43：熊本県,熊本市中央区,オーストリア,36：日本人の配偶者等,07_30～34歳,2:女,1 
43：熊本県,熊本市中央区,オランダ,16：技術・人文知識・国際業務,07_30～34歳,1:男,1 
43：熊本県,熊本市中央区,カザフスタン,31：留学,05_20～24歳,1:男,1 
43：熊本県,熊本市中央区,カザフスタン,31：留学,06_25～29歳,1:男,1 
43：熊本県,熊本市中央区,カザフスタン,31：留学,06_25～29歳,2:女,1 
43：熊本県,熊本市中央区,カザフスタン,33：家族滞在,01_０～４歳,1:男,1 
43：熊本県,熊本市中央区,カザフスタン,33：家族滞在,07_30～34歳,1:男,1 
43：熊本県,熊本市中央区,北マケドニア,31：留学,05_20～24歳,1:男,1 
43：熊本県,熊本市中央区,キルギス,31：留学,05_20～24歳,1:男,1 
43：熊本県,熊本市中央区,キルギス,31：留学,07_30～34歳,2:女,1 
43：熊本県,熊本市中央区,サンマリノ,36：日本人の配偶者等,09_40～44歳,1:男,1 
43：熊本県,熊本市中央区,ジョージア,31：留学,07_30～34歳,1:男,1 
43：熊本県,熊本市中央区,スイス,31：留学,05_20～24歳,2:女,1 
43：熊本県,熊本市中央区,スイス,35：永住者,12_55～59歳,1:男,1 
43：熊本県,熊本市中央区,スイス,35：永住者,13_60～64歳,2:女,1 
43：熊本県,熊本市中央区,スペイン,35：永住者,11_50～54歳,1:男,1 
43：熊本県,熊本市中央区,チェコ,31：留学,05_20～24歳,2:女,1 
43：熊本県,熊本市中央区,デンマーク,31：留学,06_25～29歳,1:男,1 
43：熊本県,熊本市中央区,ドイツ,16：技術・人文知識・国際業務,08_35～39歳,2:女,1 
43：熊本県,熊本市中央区,ドイツ,31：留学,04_15～19歳,1:男,1 
43：熊本県,熊本市中央区,ドイツ,31：留学,05_20～24歳,1:男,1 
43：熊本県,熊本市中央区,ドイツ,31：留学,06_25～29歳,1:男,2 
43：熊本県,熊本市中央区,ドイツ,35：永住者,10_45～49歳,1:男,1 
43：熊本県,熊本市中央区,ドイツ,36：日本人の配偶者等,13_60～64歳,2:女,1 
43：熊本県,熊本市中央区,ノルウェー,35：永住者,17_80歳以上,1:男,1 
43：熊本県,熊本市中央区,ノルウェー,36：日本人の配偶者等,08_35～39歳,1:男,1 
43：熊本県,熊本市中央区,ハンガリー,03：教授,13_60～64歳,1:男,1 
43：熊本県,熊本市中央区,フィンランド,35：永住者,15_70～74歳,2:女,1 
43：熊本県,熊本市中央区,フランス,16：技術・人文知識・国際業務,07_30～34歳,1:男,1 
43：熊本県,熊本市中央区,フランス,31：留学,05_20～24歳,1:男,9 
43：熊本県,熊本市中央区,フランス,31：留学,05_20～24歳,2:女,7 
43：熊本県,熊本市中央区,フランス,31：留学,06_25～29歳,2:女,2 
43：熊本県,熊本市中央区,フランス,35：永住者,08_35～39歳,1:男,2 
43：熊本県,熊本市中央区,フランス,35：永住者,10_45～49歳,1:男,1 
43：熊本県,熊本市中央区,フランス,35：永住者,11_50～54歳,1:男,2 
43：熊本県,熊本市中央区,フランス,35：永住者,14_65～69歳,1:男,1 
43：熊本県,熊本市中央区,フランス,36：日本人の配偶者等,06_25～29歳,1:男,1 
43：熊本県,熊本市中央区,フランス,36：日本人の配偶者等,09_40～44歳,1:男,1 
43：熊本県,熊本市中央区,フランス,36：日本人の配偶者等,11_50～54歳,2:女,1 
43：熊本県,熊本市中央区,フランス,38：定住者,09_40～44歳,1:男,1 
43：熊本県,熊本市中央区,ブルガリア,31：留学,05_20～24歳,2:女,1 
43：熊本県,熊本市中央区,ポーランド,16：技術・人文知識・国際業務,07_30～34歳,2:女,1 
43：熊本県,熊本市中央区,マルタ,31：留学,06_25～29歳,1:男,1 
43：熊本県,熊本市中央区,ルーマニア,35：永住者,03_10～14歳,2:女,1 
43：熊本県,熊本市中央区,ルーマニア,35：永住者,04_15～19歳,2:女,1 
43：熊本県,熊本市中央区,ルーマニア,35：永住者,05_20～24歳,2:女,1 
43：熊本県,熊本市中央区,ルーマニア,35：永住者,09_40～44歳,2:女,2 
43：熊本県,熊本市中央区,ルーマニア,35：永住者,10_45～49歳,2:女,3 
43：熊本県,熊本市中央区,ルーマニア,35：永住者,11_50～54歳,2:女,1 
43：熊本県,熊本市中央区,ルーマニア,36：日本人の配偶者等,10_45～49歳,1:男,1 
43：熊本県,熊本市中央区,ルーマニア,36：日本人の配偶者等,11_50～54歳,2:女,1 
43：熊本県,熊本市中央区,ロシア,35：永住者,05_20～24歳,1:男,1 
43：熊本県,熊本市中央区,ロシア,35：永住者,09_40～44歳,2:女,2 
43：熊本県,熊本市中央区,ロシア,35：永住者,13_60～64歳,1:男,1 
43：熊本県,熊本市中央区,ロシア,36：日本人の配偶者等,08_35～39歳,1:男,1 
43：熊本県,熊本市中央区,アルジェリア,37：永住者の配偶者等,08_35～39歳,1:男,1 
43：熊本県,熊本市中央区,エジプト,03：教授,09_40～44歳,2:女,1 
43：熊本県,熊本市中央区,エジプト,31：留学,07_30～34歳,1:男,2 
43：熊本県,熊本市中央区,エジプト,31：留学,07_30～34歳,2:女,3 
43：熊本県,熊本市中央区,エジプト,31：留学,08_35～39歳,1:男,2 
43：熊本県,熊本市中央区,エジプト,31：留学,08_35～39歳,2:女,1 
43：熊本県,熊本市中央区,エジプト,33：家族滞在,01_０～４歳,1:男,2 
43：熊本県,熊本市中央区,エジプト,33：家族滞在,01_０～４歳,2:女,1 
43：熊本県,熊本市中央区,エジプト,33：家族滞在,02_５～９歳,1:男,2 
43：熊本県,熊本市中央区,エジプト,33：家族滞在,02_５～９歳,2:女,2 
43：熊本県,熊本市中央区,エジプト,33：家族滞在,03_10～14歳,1:男,1 
43：熊本県,熊本市中央区,エジプト,33：家族滞在,06_25～29歳,2:女,1 
43：熊本県,熊本市中央区,エジプト,33：家族滞在,07_30～34歳,2:女,1 
43：熊本県,熊本市中央区,エジプト,33：家族滞在,08_35～39歳,1:男,1 
43：熊本県,熊本市中央区,エジプト,33：家族滞在,09_40～44歳,1:男,1 
43：熊本県,熊本市中央区,エジプト,36：日本人の配偶者等,08_35～39歳,1:男,1 
43：熊本県,熊本市中央区,エジプト,38：定住者,03_10～14歳,1:男,1 
43：熊本県,熊本市中央区,ガーナ,31：留学,06_25～29歳,1:男,1 
43：熊本県,熊本市中央区,ガーナ,31：留学,07_30～34歳,1:男,1 
43：熊本県,熊本市中央区,ガーナ,31：留学,08_35～39歳,2:女,2 
43：熊本県,熊本市中央区,ガーナ,33：家族滞在,01_０～４歳,1:男,1 
43：熊本県,熊本市中央区,ガーナ,33：家族滞在,07_30～34歳,2:女,1 
43：熊本県,熊本市中央区,ギニア,36：日本人の配偶者等,08_35～39歳,1:男,1 
43：熊本県,熊本市中央区,ケニア,03：教授,07_30～34歳,1:男,1 
43：熊本県,熊本市中央区,ケニア,15：教育,06_25～29歳,2:女,1 
43：熊本県,熊本市中央区,ケニア,31：留学,06_25～29歳,1:男,2 
43：熊本県,熊本市中央区,ケニア,31：留学,06_25～29歳,2:女,1 
43：熊本県,熊本市中央区,ケニア,31：留学,07_30～34歳,1:男,3 
43：熊本県,熊本市中央区,ケニア,33：家族滞在,01_０～４歳,2:女,1 
43：熊本県,熊本市中央区,ケニア,33：家族滞在,05_20～24歳,2:女,1 
43：熊本県,熊本市中央区,ケニア,33：家族滞在,06_25～29歳,2:女,1 
43：熊本県,熊本市中央区,ケニア,34：特定活動,04_15～19歳,2:女,1 
43：熊本県,熊本市中央区,シエラレオネ,31：留学,06_25～29歳,1:男,1 
43：熊本県,熊本市中央区,ジブチ,31：留学,08_35～39歳,1:男,1 
43：熊本県,熊本市中央区,スーダン,03：教授,08_35～39歳,1:男,1 
43：熊本県,熊本市中央区,スーダン,07：高度専門職１号イ,07_30～34歳,1:男,1 
43：熊本県,熊本市中央区,スーダン,31：留学,07_30～34歳,1:男,1 
43：熊本県,熊本市中央区,スーダン,31：留学,08_35～39歳,1:男,1 
43：熊本県,熊本市中央区,スーダン,33：家族滞在,01_０～４歳,1:男,1 
43：熊本県,熊本市中央区,スーダン,33：家族滞在,01_０～４歳,2:女,3 
43：熊本県,熊本市中央区,スーダン,33：家族滞在,06_25～29歳,2:女,1 
43：熊本県,熊本市中央区,スーダン,33：家族滞在,07_30～34歳,2:女,1 
43：熊本県,熊本市中央区,スーダン,33：家族滞在,08_35～39歳,2:女,1 
43：熊本県,熊本市中央区,スーダン,38：定住者,08_35～39歳,1:男,1 
43：熊本県,熊本市中央区,セネガル,31：留学,04_15～19歳,2:女,1 
43：熊本県,熊本市中央区,セネガル,31：留学,06_25～29歳,1:男,1 
43：熊本県,熊本市中央区,タンザニア,03：教授,07_30～34歳,1:男,1 
43：熊本県,熊本市中央区,タンザニア,31：留学,06_25～29歳,1:男,1 
43：熊本県,熊本市中央区,タンザニア,31：留学,06_25～29歳,2:女,2 
43：熊本県,熊本市中央区,タンザニア,31：留学,07_30～34歳,1:男,3 
43：熊本県,熊本市中央区,タンザニア,31：留学,08_35～39歳,1:男,2 
43：熊本県,熊本市中央区,タンザニア,31：留学,08_35～39歳,2:女,1 
43：熊本県,熊本市中央区,タンザニア,33：家族滞在,01_０～４歳,2:女,4 
43：熊本県,熊本市中央区,タンザニア,33：家族滞在,02_５～９歳,1:男,1 
43：熊本県,熊本市中央区,タンザニア,33：家族滞在,07_30～34歳,2:女,2 
43：熊本県,熊本市中央区,タンザニア,36：日本人の配偶者等,09_40～44歳,1:男,1 
43：熊本県,熊本市中央区,ナイジェリア,16：技術・人文知識・国際業務,09_40～44歳,2:女,1 
43：熊本県,熊本市中央区,ナイジェリア,31：留学,04_15～19歳,2:女,1 
43：熊本県,熊本市中央区,ナイジェリア,31：留学,06_25～29歳,1:男,2 
43：熊本県,熊本市中央区,ナイジェリア,31：留学,08_35～39歳,1:男,2 
43：熊本県,熊本市中央区,ナイジェリア,33：家族滞在,01_０～４歳,2:女,1 
43：熊本県,熊本市中央区,ナイジェリア,33：家族滞在,02_５～９歳,2:女,1 
43：熊本県,熊本市中央区,ナイジェリア,33：家族滞在,08_35～39歳,2:女,1 
43：熊本県,熊本市中央区,ナイジェリア,35：永住者,12_55～59歳,1:男,1 
43：熊本県,熊本市中央区,ナイジェリア,36：日本人の配偶者等,11_50～54歳,1:男,1 
43：熊本県,熊本市中央区,マラウイ,31：留学,05_20～24歳,2:女,1 
43：熊本県,熊本市中央区,南アフリカ共和国,15：教育,07_30～34歳,2:女,1 
43：熊本県,熊本市中央区,南アフリカ共和国,16：技術・人文知識・国際業務,06_25～29歳,2:女,1 
43：熊本県,熊本市中央区,南アフリカ共和国,16：技術・人文知識・国際業務,07_30～34歳,2:女,2 
43：熊本県,熊本市中央区,モーリタニア,31：留学,07_30～34歳,1:男,2 
43：熊本県,熊本市中央区,モーリタニア,33：家族滞在,06_25～29歳,2:女,1 
43：熊本県,熊本市中央区,モザンビーク,31：留学,06_25～29歳,1:男,1 
43：熊本県,熊本市中央区,ルワンダ,31：留学,08_35～39歳,1:男,1 
43：熊本県,熊本市中央区,カナダ,03：教授,08_35～39歳,1:男,1 
43：熊本県,熊本市中央区,カナダ,15：教育,05_20～24歳,1:男,1 
43：熊本県,熊本市中央区,カナダ,15：教育,05_20～24歳,2:女,1 
43：熊本県,熊本市中央区,カナダ,15：教育,07_30～34歳,2:女,1 
43：熊本県,熊本市中央区,カナダ,16：技術・人文知識・国際業務,05_20～24歳,1:男,1 
43：熊本県,熊本市中央区,カナダ,16：技術・人文知識・国際業務,07_30～34歳,1:男,1 
43：熊本県,熊本市中央区,カナダ,16：技術・人文知識・国際業務,07_30～34歳,2:女,1 
43：熊本県,熊本市中央区,カナダ,16：技術・人文知識・国際業務,09_40～44歳,2:女,1 
43：熊本県,熊本市中央区,カナダ,19：興行,07_30～34歳,1:男,1 
43：熊本県,熊本市中央区,カナダ,34：特定活動,06_25～29歳,1:男,1 
43：熊本県,熊本市中央区,カナダ,35：永住者,10_45～49歳,1:男,1 
43：熊本県,熊本市中央区,カナダ,35：永住者,11_50～54歳,1:男,1 
43：熊本県,熊本市中央区,カナダ,35：永住者,12_55～59歳,1:男,1 
43：熊本県,熊本市中央区,カナダ,35：永住者,13_60～64歳,1:男,2 
43：熊本県,熊本市中央区,カナダ,35：永住者,15_70～74歳,2:女,1 
43：熊本県,熊本市中央区,カナダ,36：日本人の配偶者等,07_30～34歳,1:男,1 
43：熊本県,熊本市中央区,カナダ,36：日本人の配偶者等,14_65～69歳,1:男,1 
43：熊本県,熊本市中央区,カナダ,36：日本人の配偶者等,17_80歳以上,2:女,1 
43：熊本県,熊本市中央区,ジャマイカ,16：技術・人文知識・国際業務,09_40～44歳,2:女,1 
43：熊本県,熊本市中央区,ドミニカ共和国,08：高度専門職１号ロ,07_30～34歳,1:男,1 
43：熊本県,熊本市中央区,ドミニカ共和国,19：興行,06_25～29歳,1:男,2 
43：熊本県,熊本市中央区,米国,03：教授,14_65～69歳,1:男,2 
43：熊本県,熊本市中央区,米国,05：宗教,05_20～24歳,1:男,1 
43：熊本県,熊本市中央区,米国,05：宗教,07_30～34歳,2:女,1 
43：熊本県,熊本市中央区,米国,15：教育,05_20～24歳,1:男,1 
43：熊本県,熊本市中央区,米国,15：教育,05_20～24歳,2:女,1 
43：熊本県,熊本市中央区,米国,15：教育,06_25～29歳,1:男,3 
43：熊本県,熊本市中央区,米国,15：教育,06_25～29歳,2:女,3 
43：熊本県,熊本市中央区,米国,15：教育,07_30～34歳,1:男,1 
43：熊本県,熊本市中央区,米国,15：教育,07_30～34歳,2:女,1 
43：熊本県,熊本市中央区,米国,15：教育,08_35～39歳,2:女,1 
43：熊本県,熊本市中央区,米国,15：教育,14_65～69歳,2:女,1 
43：熊本県,熊本市中央区,米国,16：技術・人文知識・国際業務,06_25～29歳,2:女,2 
43：熊本県,熊本市中央区,米国,16：技術・人文知識・国際業務,07_30～34歳,1:男,4 
43：熊本県,熊本市中央区,米国,16：技術・人文知識・国際業務,07_30～34歳,2:女,1 
43：熊本県,熊本市中央区,米国,16：技術・人文知識・国際業務,08_35～39歳,1:男,3 
43：熊本県,熊本市中央区,米国,16：技術・人文知識・国際業務,12_55～59歳,1:男,1 
43：熊本県,熊本市中央区,米国,19：興行,06_25～29歳,1:男,3 
43：熊本県,熊本市中央区,米国,19：興行,08_35～39歳,1:男,1 
43：熊本県,熊本市中央区,米国,19：興行,08_35～39歳,2:女,1 
43：熊本県,熊本市中央区,米国,19：興行,12_55～59歳,1:男,1 
43：熊本県,熊本市中央区,米国,19：興行,14_65～69歳,1:男,1 
43：熊本県,熊本市中央区,米国,20：技能,08_35～39歳,1:男,1 
43：熊本県,熊本市中央区,米国,29：文化活動,06_25～29歳,1:男,1 
43：熊本県,熊本市中央区,米国,31：留学,05_20～24歳,1:男,1 
43：熊本県,熊本市中央区,米国,33：家族滞在,01_０～４歳,1:男,2 
43：熊本県,熊本市中央区,米国,33：家族滞在,01_０～４歳,2:女,2 
43：熊本県,熊本市中央区,米国,33：家族滞在,04_15～19歳,2:女,1 
43：熊本県,熊本市中央区,米国,33：家族滞在,06_25～29歳,2:女,1 
43：熊本県,熊本市中央区,米国,33：家族滞在,07_30～34歳,2:女,1 
43：熊本県,熊本市中央区,米国,34：特定活動,14_65～69歳,2:女,1 
43：熊本県,熊本市中央区,米国,35：永住者,03_10～14歳,2:女,2 
43：熊本県,熊本市中央区,米国,35：永住者,04_15～19歳,2:女,1 
43：熊本県,熊本市中央区,米国,35：永住者,05_20～24歳,1:男,1 
43：熊本県,熊本市中央区,米国,35：永住者,08_35～39歳,2:女,2 
43：熊本県,熊本市中央区,米国,35：永住者,09_40～44歳,1:男,2 
43：熊本県,熊本市中央区,米国,35：永住者,09_40～44歳,2:女,1 
43：熊本県,熊本市中央区,米国,35：永住者,10_45～49歳,1:男,1 
43：熊本県,熊本市中央区,米国,35：永住者,10_45～49歳,2:女,1 
43：熊本県,熊本市中央区,米国,35：永住者,11_50～54歳,1:男,2 
43：熊本県,熊本市中央区,米国,35：永住者,11_50～54歳,2:女,2 
43：熊本県,熊本市中央区,米国,35：永住者,12_55～59歳,1:男,5 
43：熊本県,熊本市中央区,米国,35：永住者,12_55～59歳,2:女,1 
43：熊本県,熊本市中央区,米国,35：永住者,13_60～64歳,1:男,5 
43：熊本県,熊本市中央区,米国,35：永住者,13_60～64歳,2:女,3 
43：熊本県,熊本市中央区,米国,35：永住者,14_65～69歳,2:女,1 
43：熊本県,熊本市中央区,米国,35：永住者,15_70～74歳,1:男,1 
43：熊本県,熊本市中央区,米国,35：永住者,16_75～79歳,1:男,1 
43：熊本県,熊本市中央区,米国,35：永住者,16_75～79歳,2:女,1 
43：熊本県,熊本市中央区,米国,35：永住者,17_80歳以上,2:女,1 
43：熊本県,熊本市中央区,米国,36：日本人の配偶者等,04_15～19歳,2:女,1 
43：熊本県,熊本市中央区,米国,36：日本人の配偶者等,06_25～29歳,2:女,2 
43：熊本県,熊本市中央区,米国,36：日本人の配偶者等,07_30～34歳,1:男,2 
43：熊本県,熊本市中央区,米国,36：日本人の配偶者等,08_35～39歳,1:男,2 
43：熊本県,熊本市中央区,米国,36：日本人の配偶者等,08_35～39歳,2:女,1 
43：熊本県,熊本市中央区,米国,36：日本人の配偶者等,09_40～44歳,1:男,6 
43：熊本県,熊本市中央区,米国,36：日本人の配偶者等,10_45～49歳,1:男,4 
43：熊本県,熊本市中央区,米国,36：日本人の配偶者等,10_45～49歳,2:女,1 
43：熊本県,熊本市中央区,米国,36：日本人の配偶者等,11_50～54歳,1:男,2 
43：熊本県,熊本市中央区,米国,36：日本人の配偶者等,13_60～64歳,1:男,1 
43：熊本県,熊本市中央区,米国,36：日本人の配偶者等,14_65～69歳,1:男,1 
43：熊本県,熊本市中央区,米国,36：日本人の配偶者等,15_70～74歳,1:男,2 
43：熊本県,熊本市中央区,米国,36：日本人の配偶者等,16_75～79歳,2:女,1 
43：熊本県,熊本市中央区,米国,36：日本人の配偶者等,17_80歳以上,2:女,3 
43：熊本県,熊本市中央区,米国,37：永住者の配偶者等,07_30～34歳,1:男,1 
43：熊本県,熊本市中央区,米国,37：永住者の配偶者等,11_50～54歳,2:女,1 
43：熊本県,熊本市中央区,メキシコ,35：永住者,11_50～54歳,2:女,1 
43：熊本県,熊本市中央区,メキシコ,36：日本人の配偶者等,06_25～29歳,2:女,1 
43：熊本県,熊本市中央区,メキシコ,36：日本人の配偶者等,12_55～59歳,1:男,1 
43：熊本県,熊本市中央区,アルゼンチン,32：研修,06_25～29歳,1:男,1 
43：熊本県,熊本市中央区,アルゼンチン,35：永住者,10_45～49歳,1:男,1 
43：熊本県,熊本市中央区,コロンビア,35：永住者,10_45～49歳,1:男,1 
43：熊本県,熊本市中央区,ブラジル,31：留学,05_20～24歳,1:男,1 
43：熊本県,熊本市中央区,ブラジル,31：留学,06_25～29歳,1:男,1 
43：熊本県,熊本市中央区,ブラジル,31：留学,06_25～29歳,2:女,1 
43：熊本県,熊本市中央区,ブラジル,33：家族滞在,06_25～29歳,2:女,1 
43：熊本県,熊本市中央区,ブラジル,35：永住者,06_25～29歳,1:男,1 
43：熊本県,熊本市中央区,ブラジル,35：永住者,06_25～29歳,2:女,1 
43：熊本県,熊本市中央区,ブラジル,35：永住者,07_30～34歳,1:男,1 
43：熊本県,熊本市中央区,ブラジル,35：永住者,08_35～39歳,1:男,1 
43：熊本県,熊本市中央区,ブラジル,35：永住者,12_55～59歳,2:女,1 
43：熊本県,熊本市中央区,ブラジル,35：永住者,15_70～74歳,2:女,2 
43：熊本県,熊本市中央区,ブラジル,36：日本人の配偶者等,15_70～74歳,2:女,1 
43：熊本県,熊本市中央区,ブラジル,37：永住者の配偶者等,02_５～９歳,2:女,1 
43：熊本県,熊本市中央区,ベネズエラ,19：興行,07_30～34歳,1:男,1 
43：熊本県,熊本市中央区,ベネズエラ,33：家族滞在,07_30～34歳,2:女,1 
43：熊本県,熊本市中央区,ペルー,16：技術・人文知識・国際業務,07_30～34歳,2:女,1 
43：熊本県,熊本市中央区,ペルー,35：永住者,14_65～69歳,1:男,1 
43：熊本県,熊本市中央区,ボリビア,36：日本人の配偶者等,07_30～34歳,1:男,1 
43：熊本県,熊本市中央区,オーストラリア,15：教育,05_20～24歳,1:男,1 
43：熊本県,熊本市中央区,オーストラリア,15：教育,06_25～29歳,1:男,1 
43：熊本県,熊本市中央区,オーストラリア,16：技術・人文知識・国際業務,08_35～39歳,1:男,1 
43：熊本県,熊本市中央区,オーストラリア,31：留学,04_15～19歳,1:男,1 
43：熊本県,熊本市中央区,オーストラリア,31：留学,05_20～24歳,2:女,3 
43：熊本県,熊本市中央区,オーストラリア,31：留学,10_45～49歳,1:男,1 
43：熊本県,熊本市中央区,オーストラリア,34：特定活動,04_15～19歳,1:男,1 
43：熊本県,熊本市中央区,オーストラリア,34：特定活動,17_80歳以上,1:男,1 
43：熊本県,熊本市中央区,オーストラリア,35：永住者,07_30～34歳,1:男,1 
43：熊本県,熊本市中央区,オーストラリア,35：永住者,08_35～39歳,1:男,1 
43：熊本県,熊本市中央区,オーストラリア,35：永住者,09_40～44歳,1:男,1 
43：熊本県,熊本市中央区,オーストラリア,35：永住者,10_45～49歳,2:女,1 
43：熊本県,熊本市中央区,オーストラリア,35：永住者,14_65～69歳,2:女,2 
43：熊本県,熊本市中央区,オーストラリア,36：日本人の配偶者等,08_35～39歳,1:男,1 
43：熊本県,熊本市中央区,サモア,31：留学,08_35～39歳,1:男,1 
43：熊本県,熊本市中央区,トンガ,35：永住者,03_10～14歳,1:男,1 
43：熊本県,熊本市中央区,トンガ,35：永住者,03_10～14歳,2:女,1 
43：熊本県,熊本市中央区,トンガ,35：永住者,04_15～19歳,1:男,2 
43：熊本県,熊本市中央区,トンガ,35：永住者,09_40～44歳,1:男,1 
43：熊本県,熊本市中央区,トンガ,35：永住者,09_40～44歳,2:女,1 
43：熊本県,熊本市中央区,ニュージーランド,15：教育,06_25～29歳,1:男,1 
43：熊本県,熊本市中央区,ニュージーランド,15：教育,06_25～29歳,2:女,1 
43：熊本県,熊本市中央区,ニュージーランド,31：留学,05_20～24歳,1:男,1 
43：熊本県,熊本市中央区,ニュージーランド,36：日本人の配偶者等,11_50～54歳,1:男,1 
43：熊本県,熊本市中央区,フィジー,36：日本人の配偶者等,08_35～39歳,1:男,1 
43：熊本県,熊本市中央区,無国籍,35：永住者,17_80歳以上,2:女,1 
43：熊本県,熊本市中央区,無国籍,36：日本人の配偶者等,13_60～64歳,1:男,1 
43：熊本県,熊本市東区,アフガニスタン,34：特定活動,01_０～４歳,1:男,1 
43：熊本県,熊本市東区,アフガニスタン,34：特定活動,06_25～29歳,1:男,1 
43：熊本県,熊本市東区,アフガニスタン,34：特定活動,07_30～34歳,2:女,1 
43：熊本県,熊本市東区,イスラエル,35：永住者,14_65～69歳,1:男,1 
43：熊本県,熊本市東区,イラン,15：教育,09_40～44歳,2:女,1 
43：熊本県,熊本市東区,インド,24：技能実習１号ロ,05_20～24歳,1:男,10 
43：熊本県,熊本市東区,インド,24：技能実習１号ロ,06_25～29歳,1:男,2 
43：熊本県,熊本市東区,インド,24：技能実習１号ロ,07_30～34歳,1:男,3 
43：熊本県,熊本市東区,インド,24：技能実習１号ロ,08_35～39歳,1:男,1 
43：熊本県,熊本市東区,インド,26：技能実習２号ロ,06_25～29歳,1:男,3 
43：熊本県,熊本市東区,インド,26：技能実習２号ロ,07_30～34歳,1:男,3 
43：熊本県,熊本市東区,インドネシア,15：教育,06_25～29歳,2:女,1 
43：熊本県,熊本市東区,インドネシア,16：技術・人文知識・国際業務,05_20～24歳,1:男,1 
43：熊本県,熊本市東区,インドネシア,16：技術・人文知識・国際業務,07_30～34歳,1:男,1 
43：熊本県,熊本市東区,インドネシア,21：特定技能１号,04_15～19歳,1:男,1 
43：熊本県,熊本市東区,インドネシア,21：特定技能１号,04_15～19歳,2:女,1 
43：熊本県,熊本市東区,インドネシア,21：特定技能１号,05_20～24歳,1:男,7 
43：熊本県,熊本市東区,インドネシア,21：特定技能１号,05_20～24歳,2:女,18 
43：熊本県,熊本市東区,インドネシア,21：特定技能１号,06_25～29歳,1:男,12 
43：熊本県,熊本市東区,インドネシア,21：特定技能１号,06_25～29歳,2:女,4 
43：熊本県,熊本市東区,インドネシア,21：特定技能１号,07_30～34歳,1:男,7 
43：熊本県,熊本市東区,インドネシア,21：特定技能１号,07_30～34歳,2:女,2 
43：熊本県,熊本市東区,インドネシア,21：特定技能１号,08_35～39歳,2:女,1 
43：熊本県,熊本市東区,インドネシア,23：技能実習１号イ,06_25～29歳,1:男,1 
43：熊本県,熊本市東区,インドネシア,23：技能実習１号イ,07_30～34歳,1:男,1 
43：熊本県,熊本市東区,インドネシア,24：技能実習１号ロ,04_15～19歳,1:男,11 
43：熊本県,熊本市東区,インドネシア,24：技能実習１号ロ,04_15～19歳,2:女,1 
43：熊本県,熊本市東区,インドネシア,24：技能実習１号ロ,05_20～24歳,1:男,22 
43：熊本県,熊本市東区,インドネシア,24：技能実習１号ロ,05_20～24歳,2:女,7 
43：熊本県,熊本市東区,インドネシア,24：技能実習１号ロ,06_25～29歳,1:男,7 
43：熊本県,熊本市東区,インドネシア,24：技能実習１号ロ,07_30～34歳,1:男,3 
43：熊本県,熊本市東区,インドネシア,25：技能実習２号イ,05_20～24歳,2:女,7 
43：熊本県,熊本市東区,インドネシア,25：技能実習２号イ,06_25～29歳,2:女,3 
43：熊本県,熊本市東区,インドネシア,26：技能実習２号ロ,05_20～24歳,1:男,32 
43：熊本県,熊本市東区,インドネシア,26：技能実習２号ロ,05_20～24歳,2:女,2 
43：熊本県,熊本市東区,インドネシア,26：技能実習２号ロ,06_25～29歳,1:男,23 
43：熊本県,熊本市東区,インドネシア,26：技能実習２号ロ,06_25～29歳,2:女,2 
43：熊本県,熊本市東区,インドネシア,26：技能実習２号ロ,07_30～34歳,1:男,4 
43：熊本県,熊本市東区,インドネシア,28：技能実習３号ロ,06_25～29歳,1:男,2 
43：熊本県,熊本市東区,インドネシア,28：技能実習３号ロ,07_30～34歳,1:男,1 
43：熊本県,熊本市東区,インドネシア,28：技能実習３号ロ,07_30～34歳,2:女,1 
43：熊本県,熊本市東区,インドネシア,31：留学,05_20～24歳,1:男,1 
43：熊本県,熊本市東区,インドネシア,31：留学,05_20～24歳,2:女,1 
43：熊本県,熊本市東区,インドネシア,31：留学,07_30～34歳,2:女,1 
43：熊本県,熊本市東区,インドネシア,31：留学,08_35～39歳,1:男,1 
43：熊本県,熊本市東区,インドネシア,31：留学,09_40～44歳,2:女,2 
43：熊本県,熊本市東区,インドネシア,33：家族滞在,01_０～４歳,1:男,2 
43：熊本県,熊本市東区,インドネシア,33：家族滞在,02_５～９歳,2:女,1 
43：熊本県,熊本市東区,インドネシア,33：家族滞在,03_10～14歳,1:男,1 
43：熊本県,熊本市東区,インドネシア,33：家族滞在,09_40～44歳,1:男,1 
43：熊本県,熊本市東区,インドネシア,33：家族滞在,10_45～49歳,1:男,1 
43：熊本県,熊本市東区,インドネシア,34：特定活動,05_20～24歳,1:男,1 
43：熊本県,熊本市東区,インドネシア,34：特定活動,06_25～29歳,1:男,2 
43：熊本県,熊本市東区,インドネシア,35：永住者,06_25～29歳,2:女,1 
43：熊本県,熊本市東区,インドネシア,35：永住者,09_40～44歳,1:男,1 
43：熊本県,熊本市東区,インドネシア,35：永住者,11_50～54歳,2:女,1 
43：熊本県,熊本市東区,インドネシア,36：日本人の配偶者等,11_50～54歳,2:女,2 
43：熊本県,熊本市東区,韓国,03：教授,09_40～44歳,2:女,1 
43：熊本県,熊本市東区,韓国,16：技術・人文知識・国際業務,05_20～24歳,1:男,1 
43：熊本県,熊本市東区,韓国,16：技術・人文知識・国際業務,06_25～29歳,1:男,2 
43：熊本県,熊本市東区,韓国,16：技術・人文知識・国際業務,07_30～34歳,1:男,2 
43：熊本県,熊本市東区,韓国,16：技術・人文知識・国際業務,08_35～39歳,1:男,2 
43：熊本県,熊本市東区,韓国,17：企業内転勤,10_45～49歳,1:男,1 
43：熊本県,熊本市東区,韓国,19：興行,05_20～24歳,1:男,1 
43：熊本県,熊本市東区,韓国,21：特定技能１号,07_30～34歳,1:男,1 
43：熊本県,熊本市東区,韓国,31：留学,05_20～24歳,1:男,1 
43：熊本県,熊本市東区,韓国,31：留学,05_20～24歳,2:女,4 
43：熊本県,熊本市東区,韓国,31：留学,06_25～29歳,1:男,1 
43：熊本県,熊本市東区,韓国,33：家族滞在,03_10～14歳,2:女,2 
43：熊本県,熊本市東区,韓国,33：家族滞在,09_40～44歳,2:女,1 
43：熊本県,熊本市東区,韓国,35：永住者,06_25～29歳,1:男,1 
43：熊本県,熊本市東区,韓国,35：永住者,06_25～29歳,2:女,1 
43：熊本県,熊本市東区,韓国,35：永住者,07_30～34歳,2:女,1 
43：熊本県,熊本市東区,韓国,35：永住者,08_35～39歳,1:男,1 
43：熊本県,熊本市東区,韓国,35：永住者,08_35～39歳,2:女,2 
43：熊本県,熊本市東区,韓国,35：永住者,09_40～44歳,1:男,3 
43：熊本県,熊本市東区,韓国,35：永住者,09_40～44歳,2:女,2 
43：熊本県,熊本市東区,韓国,35：永住者,10_45～49歳,2:女,1 
43：熊本県,熊本市東区,韓国,35：永住者,11_50～54歳,1:男,5 
43：熊本県,熊本市東区,韓国,35：永住者,11_50～54歳,2:女,4 
43：熊本県,熊本市東区,韓国,35：永住者,12_55～59歳,1:男,1 
43：熊本県,熊本市東区,韓国,35：永住者,12_55～59歳,2:女,5 
43：熊本県,熊本市東区,韓国,35：永住者,13_60～64歳,1:男,1 
43：熊本県,熊本市東区,韓国,35：永住者,13_60～64歳,2:女,3 
43：熊本県,熊本市東区,韓国,35：永住者,14_65～69歳,2:女,1 
43：熊本県,熊本市東区,韓国,35：永住者,15_70～74歳,2:女,1 
43：熊本県,熊本市東区,韓国,35：永住者,16_75～79歳,2:女,1 
43：熊本県,熊本市東区,韓国,36：日本人の配偶者等,07_30～34歳,1:男,1 
43：熊本県,熊本市東区,韓国,36：日本人の配偶者等,08_35～39歳,1:男,1 
43：熊本県,熊本市東区,韓国,36：日本人の配偶者等,08_35～39歳,2:女,1 
43：熊本県,熊本市東区,韓国,36：日本人の配偶者等,09_40～44歳,1:男,2 
43：熊本県,熊本市東区,韓国,36：日本人の配偶者等,10_45～49歳,2:女,1 
43：熊本県,熊本市東区,韓国,36：日本人の配偶者等,11_50～54歳,1:男,1 
43：熊本県,熊本市東区,韓国,36：日本人の配偶者等,11_50～54歳,2:女,1 
43：熊本県,熊本市東区,韓国,36：日本人の配偶者等,12_55～59歳,2:女,1 
43：熊本県,熊本市東区,韓国,38：定住者,02_５～９歳,1:男,1 
43：熊本県,熊本市東区,韓国,38：定住者,17_80歳以上,2:女,1 
43：熊本県,熊本市東区,韓国,39：特別永住者,08_35～39歳,1:男,2 
43：熊本県,熊本市東区,韓国,39：特別永住者,09_40～44歳,1:男,1 
43：熊本県,熊本市東区,韓国,39：特別永住者,09_40～44歳,2:女,4 
43：熊本県,熊本市東区,韓国,39：特別永住者,10_45～49歳,1:男,1 
43：熊本県,熊本市東区,韓国,39：特別永住者,11_50～54歳,1:男,1 
43：熊本県,熊本市東区,韓国,39：特別永住者,11_50～54歳,2:女,3 
43：熊本県,熊本市東区,韓国,39：特別永住者,12_55～59歳,1:男,3 
43：熊本県,熊本市東区,韓国,39：特別永住者,12_55～59歳,2:女,2 
43：熊本県,熊本市東区,韓国,39：特別永住者,13_60～64歳,1:男,4 
43：熊本県,熊本市東区,韓国,39：特別永住者,13_60～64歳,2:女,1 
43：熊本県,熊本市東区,韓国,39：特別永住者,14_65～69歳,1:男,1 
43：熊本県,熊本市東区,韓国,39：特別永住者,14_65～69歳,2:女,3 
43：熊本県,熊本市東区,韓国,39：特別永住者,15_70～74歳,1:男,2 
43：熊本県,熊本市東区,韓国,39：特別永住者,15_70～74歳,2:女,2 
43：熊本県,熊本市東区,韓国,39：特別永住者,17_80歳以上,1:男,1 
43：熊本県,熊本市東区,韓国,39：特別永住者,17_80歳以上,2:女,2 
43：熊本県,熊本市東区,朝鮮,39：特別永住者,11_50～54歳,2:女,2 
43：熊本県,熊本市東区,朝鮮,39：特別永住者,14_65～69歳,1:男,3 
43：熊本県,熊本市東区,朝鮮,39：特別永住者,16_75～79歳,1:男,2 
43：熊本県,熊本市東区,朝鮮,39：特別永住者,16_75～79歳,2:女,1 
43：熊本県,熊本市東区,朝鮮,39：特別永住者,17_80歳以上,2:女,1 
43：熊本県,熊本市東区,カンボジア,21：特定技能１号,05_20～24歳,1:男,1 
43：熊本県,熊本市東区,カンボジア,21：特定技能１号,05_20～24歳,2:女,1 
43：熊本県,熊本市東区,カンボジア,21：特定技能１号,06_25～29歳,2:女,5 
43：熊本県,熊本市東区,カンボジア,21：特定技能１号,07_30～34歳,1:男,3 
43：熊本県,熊本市東区,カンボジア,21：特定技能１号,07_30～34歳,2:女,4 
43：熊本県,熊本市東区,カンボジア,21：特定技能１号,08_35～39歳,2:女,2 
43：熊本県,熊本市東区,カンボジア,24：技能実習１号ロ,04_15～19歳,1:男,1 
43：熊本県,熊本市東区,カンボジア,24：技能実習１号ロ,05_20～24歳,1:男,2 
43：熊本県,熊本市東区,カンボジア,24：技能実習１号ロ,06_25～29歳,1:男,3 
43：熊本県,熊本市東区,カンボジア,24：技能実習１号ロ,07_30～34歳,1:男,2 
43：熊本県,熊本市東区,カンボジア,24：技能実習１号ロ,08_35～39歳,1:男,4 
43：熊本県,熊本市東区,カンボジア,24：技能実習１号ロ,08_35～39歳,2:女,1 
43：熊本県,熊本市東区,カンボジア,24：技能実習１号ロ,09_40～44歳,1:男,1 
43：熊本県,熊本市東区,カンボジア,26：技能実習２号ロ,05_20～24歳,1:男,4 
43：熊本県,熊本市東区,カンボジア,26：技能実習２号ロ,05_20～24歳,2:女,2 
43：熊本県,熊本市東区,カンボジア,26：技能実習２号ロ,06_25～29歳,1:男,3 
43：熊本県,熊本市東区,カンボジア,26：技能実習２号ロ,06_25～29歳,2:女,3 
43：熊本県,熊本市東区,カンボジア,26：技能実習２号ロ,07_30～34歳,1:男,5 
43：熊本県,熊本市東区,カンボジア,26：技能実習２号ロ,07_30～34歳,2:女,3 
43：熊本県,熊本市東区,カンボジア,26：技能実習２号ロ,09_40～44歳,2:女,1 
43：熊本県,熊本市東区,カンボジア,28：技能実習３号ロ,06_25～29歳,1:男,1 
43：熊本県,熊本市東区,カンボジア,28：技能実習３号ロ,08_35～39歳,2:女,1 
43：熊本県,熊本市東区,カンボジア,34：特定活動,07_30～34歳,2:女,1 
43：熊本県,熊本市東区,カンボジア,34：特定活動,08_35～39歳,1:男,1 
43：熊本県,熊本市東区,カンボジア,34：特定活動,08_35～39歳,2:女,1 
43：熊本県,熊本市東区,カンボジア,36：日本人の配偶者等,09_40～44歳,2:女,1 
43：熊本県,熊本市東区,カンボジア,38：定住者,04_15～19歳,2:女,1 
43：熊本県,熊本市東区,シンガポール,15：教育,05_20～24歳,2:女,1 
43：熊本県,熊本市東区,シンガポール,15：教育,06_25～29歳,2:女,1 
43：熊本県,熊本市東区,シンガポール,15：教育,07_30～34歳,2:女,1 
43：熊本県,熊本市東区,シンガポール,35：永住者,05_20～24歳,1:男,3 
43：熊本県,熊本市東区,シンガポール,35：永住者,09_40～44歳,1:男,1 
43：熊本県,熊本市東区,シンガポール,35：永住者,10_45～49歳,2:女,1 
43：熊本県,熊本市東区,シンガポール,36：日本人の配偶者等,09_40～44歳,2:女,1 
43：熊本県,熊本市東区,スリランカ,16：技術・人文知識・国際業務,06_25～29歳,1:男,2 
43：熊本県,熊本市東区,スリランカ,16：技術・人文知識・国際業務,07_30～34歳,1:男,4 
43：熊本県,熊本市東区,スリランカ,16：技術・人文知識・国際業務,08_35～39歳,1:男,1 
43：熊本県,熊本市東区,スリランカ,16：技術・人文知識・国際業務,09_40～44歳,1:男,1 
43：熊本県,熊本市東区,スリランカ,20：技能,06_25～29歳,1:男,1 
43：熊本県,熊本市東区,スリランカ,21：特定技能１号,09_40～44歳,1:男,1 
43：熊本県,熊本市東区,スリランカ,31：留学,05_20～24歳,1:男,1 
43：熊本県,熊本市東区,スリランカ,33：家族滞在,01_０～４歳,2:女,3 
43：熊本県,熊本市東区,スリランカ,33：家族滞在,02_５～９歳,1:男,1 
43：熊本県,熊本市東区,スリランカ,33：家族滞在,03_10～14歳,1:男,1 
43：熊本県,熊本市東区,スリランカ,33：家族滞在,06_25～29歳,2:女,1 
43：熊本県,熊本市東区,スリランカ,33：家族滞在,08_35～39歳,2:女,1 
43：熊本県,熊本市東区,スリランカ,33：家族滞在,09_40～44歳,2:女,1 
43：熊本県,熊本市東区,スリランカ,35：永住者,02_５～９歳,2:女,1 
43：熊本県,熊本市東区,スリランカ,35：永住者,08_35～39歳,2:女,1 
43：熊本県,熊本市東区,スリランカ,35：永住者,09_40～44歳,1:男,1 
43：熊本県,熊本市東区,スリランカ,35：永住者,11_50～54歳,1:男,1 
43：熊本県,熊本市東区,スリランカ,36：日本人の配偶者等,06_25～29歳,1:男,1 
43：熊本県,熊本市東区,スリランカ,36：日本人の配偶者等,07_30～34歳,1:男,2 
43：熊本県,熊本市東区,スリランカ,36：日本人の配偶者等,08_35～39歳,1:男,1 
43：熊本県,熊本市東区,タイ,16：技術・人文知識・国際業務,06_25～29歳,2:女,1 
43：熊本県,熊本市東区,タイ,16：技術・人文知識・国際業務,07_30～34歳,2:女,1 
43：熊本県,熊本市東区,タイ,21：特定技能１号,06_25～29歳,2:女,2 
43：熊本県,熊本市東区,タイ,21：特定技能１号,07_30～34歳,2:女,1 
43：熊本県,熊本市東区,タイ,26：技能実習２号ロ,05_20～24歳,1:男,3 
43：熊本県,熊本市東区,タイ,26：技能実習２号ロ,05_20～24歳,2:女,1 
43：熊本県,熊本市東区,タイ,26：技能実習２号ロ,06_25～29歳,1:男,2 
43：熊本県,熊本市東区,タイ,26：技能実習２号ロ,06_25～29歳,2:女,1 
43：熊本県,熊本市東区,タイ,35：永住者,07_30～34歳,2:女,1 
43：熊本県,熊本市東区,タイ,35：永住者,11_50～54歳,2:女,1 
43：熊本県,熊本市東区,タイ,35：永住者,12_55～59歳,2:女,2 
43：熊本県,熊本市東区,タイ,35：永住者,13_60～64歳,2:女,1 
43：熊本県,熊本市東区,タイ,35：永住者,14_65～69歳,2:女,1 
43：熊本県,熊本市東区,タイ,36：日本人の配偶者等,02_５～９歳,2:女,1 
43：熊本県,熊本市東区,タイ,36：日本人の配偶者等,07_30～34歳,2:女,2 
43：熊本県,熊本市東区,タイ,36：日本人の配偶者等,08_35～39歳,2:女,1 
43：熊本県,熊本市東区,タイ,36：日本人の配偶者等,10_45～49歳,2:女,1 
43：熊本県,熊本市東区,タイ,37：永住者の配偶者等,07_30～34歳,1:男,1 
43：熊本県,熊本市東区,台湾,08：高度専門職１号ロ,06_25～29歳,1:男,1 
43：熊本県,熊本市東区,台湾,08：高度専門職１号ロ,06_25～29歳,2:女,1 
43：熊本県,熊本市東区,台湾,08：高度専門職１号ロ,07_30～34歳,1:男,8 
43：熊本県,熊本市東区,台湾,08：高度専門職１号ロ,08_35～39歳,1:男,5 
43：熊本県,熊本市東区,台湾,08：高度専門職１号ロ,08_35～39歳,2:女,1 
43：熊本県,熊本市東区,台湾,08：高度専門職１号ロ,09_40～44歳,1:男,11 
43：熊本県,熊本市東区,台湾,08：高度専門職１号ロ,09_40～44歳,2:女,1 
43：熊本県,熊本市東区,台湾,08：高度専門職１号ロ,10_45～49歳,1:男,7 
43：熊本県,熊本市東区,台湾,08：高度専門職１号ロ,11_50～54歳,1:男,1 
43：熊本県,熊本市東区,台湾,08：高度専門職１号ロ,11_50～54歳,2:女,1 
43：熊本県,熊本市東区,台湾,08：高度専門職１号ロ,12_55～59歳,1:男,1 
43：熊本県,熊本市東区,台湾,11：経営・管理,09_40～44歳,1:男,1 
43：熊本県,熊本市東区,台湾,11：経営・管理,10_45～49歳,1:男,1 
43：熊本県,熊本市東区,台湾,11：経営・管理,11_50～54歳,1:男,1 
43：熊本県,熊本市東区,台湾,11：経営・管理,11_50～54歳,2:女,1 
43：熊本県,熊本市東区,台湾,15：教育,06_25～29歳,1:男,1 
43：熊本県,熊本市東区,台湾,15：教育,06_25～29歳,2:女,3 
43：熊本県,熊本市東区,台湾,15：教育,07_30～34歳,1:男,1 
43：熊本県,熊本市東区,台湾,16：技術・人文知識・国際業務,05_20～24歳,1:男,2 
43：熊本県,熊本市東区,台湾,16：技術・人文知識・国際業務,06_25～29歳,1:男,6 
43：熊本県,熊本市東区,台湾,16：技術・人文知識・国際業務,06_25～29歳,2:女,4 
43：熊本県,熊本市東区,台湾,16：技術・人文知識・国際業務,07_30～34歳,1:男,8 
43：熊本県,熊本市東区,台湾,16：技術・人文知識・国際業務,07_30～34歳,2:女,4 
43：熊本県,熊本市東区,台湾,16：技術・人文知識・国際業務,08_35～39歳,1:男,4 
43：熊本県,熊本市東区,台湾,16：技術・人文知識・国際業務,08_35～39歳,2:女,3 
43：熊本県,熊本市東区,台湾,16：技術・人文知識・国際業務,09_40～44歳,1:男,6 
43：熊本県,熊本市東区,台湾,16：技術・人文知識・国際業務,09_40～44歳,2:女,2 
43：熊本県,熊本市東区,台湾,16：技術・人文知識・国際業務,10_45～49歳,1:男,6 
43：熊本県,熊本市東区,台湾,16：技術・人文知識・国際業務,10_45～49歳,2:女,1 
43：熊本県,熊本市東区,台湾,16：技術・人文知識・国際業務,11_50～54歳,1:男,1 
43：熊本県,熊本市東区,台湾,16：技術・人文知識・国際業務,11_50～54歳,2:女,1 
43：熊本県,熊本市東区,台湾,17：企業内転勤,06_25～29歳,1:男,3 
43：熊本県,熊本市東区,台湾,17：企業内転勤,06_25～29歳,2:女,1 
43：熊本県,熊本市東区,台湾,17：企業内転勤,07_30～34歳,1:男,1 
43：熊本県,熊本市東区,台湾,17：企業内転勤,07_30～34歳,2:女,2 
43：熊本県,熊本市東区,台湾,17：企業内転勤,08_35～39歳,1:男,3 
43：熊本県,熊本市東区,台湾,17：企業内転勤,08_35～39歳,2:女,1 
43：熊本県,熊本市東区,台湾,17：企業内転勤,09_40～44歳,1:男,3 
43：熊本県,熊本市東区,台湾,17：企業内転勤,09_40～44歳,2:女,4 
43：熊本県,熊本市東区,台湾,17：企業内転勤,10_45～49歳,1:男,2 
43：熊本県,熊本市東区,台湾,17：企業内転勤,10_45～49歳,2:女,1 
43：熊本県,熊本市東区,台湾,17：企業内転勤,11_50～54歳,1:男,1 
43：熊本県,熊本市東区,台湾,17：企業内転勤,11_50～54歳,2:女,1 
43：熊本県,熊本市東区,台湾,31：留学,05_20～24歳,1:男,1 
43：熊本県,熊本市東区,台湾,33：家族滞在,01_０～４歳,1:男,2 
43：熊本県,熊本市東区,台湾,33：家族滞在,01_０～４歳,2:女,2 
43：熊本県,熊本市東区,台湾,33：家族滞在,02_５～９歳,1:男,9 
43：熊本県,熊本市東区,台湾,33：家族滞在,02_５～９歳,2:女,8 
43：熊本県,熊本市東区,台湾,33：家族滞在,03_10～14歳,1:男,12 
43：熊本県,熊本市東区,台湾,33：家族滞在,03_10～14歳,2:女,6 
43：熊本県,熊本市東区,台湾,33：家族滞在,04_15～19歳,1:男,2 
43：熊本県,熊本市東区,台湾,33：家族滞在,04_15～19歳,2:女,6 
43：熊本県,熊本市東区,台湾,33：家族滞在,06_25～29歳,1:男,1 
43：熊本県,熊本市東区,台湾,33：家族滞在,06_25～29歳,2:女,3 
43：熊本県,熊本市東区,台湾,33：家族滞在,07_30～34歳,2:女,5 
43：熊本県,熊本市東区,台湾,33：家族滞在,08_35～39歳,2:女,4 
43：熊本県,熊本市東区,台湾,33：家族滞在,09_40～44歳,2:女,13 
43：熊本県,熊本市東区,台湾,33：家族滞在,10_45～49歳,2:女,6 
43：熊本県,熊本市東区,台湾,33：家族滞在,11_50～54歳,1:男,2 
43：熊本県,熊本市東区,台湾,33：家族滞在,11_50～54歳,2:女,2 
43：熊本県,熊本市東区,台湾,34：特定活動,06_25～29歳,2:女,1 
43：熊本県,熊本市東区,台湾,35：永住者,07_30～34歳,1:男,1 
43：熊本県,熊本市東区,台湾,35：永住者,08_35～39歳,1:男,2 
43：熊本県,熊本市東区,台湾,35：永住者,08_35～39歳,2:女,1 
43：熊本県,熊本市東区,台湾,35：永住者,09_40～44歳,1:男,2 
43：熊本県,熊本市東区,台湾,35：永住者,09_40～44歳,2:女,4 
43：熊本県,熊本市東区,台湾,35：永住者,10_45～49歳,2:女,1 
43：熊本県,熊本市東区,台湾,35：永住者,12_55～59歳,2:女,2 
43：熊本県,熊本市東区,台湾,35：永住者,13_60～64歳,1:男,1 
43：熊本県,熊本市東区,台湾,35：永住者,13_60～64歳,2:女,1 
43：熊本県,熊本市東区,台湾,35：永住者,17_80歳以上,2:女,1 
43：熊本県,熊本市東区,台湾,36：日本人の配偶者等,06_25～29歳,1:男,1 
43：熊本県,熊本市東区,台湾,36：日本人の配偶者等,08_35～39歳,1:男,1 
43：熊本県,熊本市東区,台湾,36：日本人の配偶者等,09_40～44歳,1:男,1 
43：熊本県,熊本市東区,台湾,36：日本人の配偶者等,09_40～44歳,2:女,2 
43：熊本県,熊本市東区,台湾,36：日本人の配偶者等,10_45～49歳,1:男,1 
43：熊本県,熊本市東区,台湾,37：永住者の配偶者等,08_35～39歳,2:女,1 
43：熊本県,熊本市東区,台湾,38：定住者,01_０～４歳,2:女,1 
43：熊本県,熊本市東区,台湾,39：特別永住者,16_75～79歳,1:男,1 
43：熊本県,熊本市東区,中国,07：高度専門職１号イ,07_30～34歳,2:女,1 
43：熊本県,熊本市東区,中国,08：高度専門職１号ロ,06_25～29歳,1:男,1 
43：熊本県,熊本市東区,中国,08：高度専門職１号ロ,07_30～34歳,1:男,2 
43：熊本県,熊本市東区,中国,08：高度専門職１号ロ,07_30～34歳,2:女,1 
43：熊本県,熊本市東区,中国,10：高度専門職２号,09_40～44歳,1:男,1 
43：熊本県,熊本市東区,中国,11：経営・管理,08_35～39歳,2:女,1 
43：熊本県,熊本市東区,中国,15：教育,08_35～39歳,2:女,1 
43：熊本県,熊本市東区,中国,16：技術・人文知識・国際業務,05_20～24歳,1:男,1 
43：熊本県,熊本市東区,中国,16：技術・人文知識・国際業務,05_20～24歳,2:女,1 
43：熊本県,熊本市東区,中国,16：技術・人文知識・国際業務,06_25～29歳,2:女,1 
43：熊本県,熊本市東区,中国,16：技術・人文知識・国際業務,07_30～34歳,1:男,7 
43：熊本県,熊本市東区,中国,16：技術・人文知識・国際業務,07_30～34歳,2:女,1 
43：熊本県,熊本市東区,中国,16：技術・人文知識・国際業務,08_35～39歳,1:男,4 
43：熊本県,熊本市東区,中国,16：技術・人文知識・国際業務,08_35～39歳,2:女,3 
43：熊本県,熊本市東区,中国,16：技術・人文知識・国際業務,09_40～44歳,1:男,1 
43：熊本県,熊本市東区,中国,16：技術・人文知識・国際業務,09_40～44歳,2:女,1 
43：熊本県,熊本市東区,中国,16：技術・人文知識・国際業務,10_45～49歳,1:男,5 
43：熊本県,熊本市東区,中国,16：技術・人文知識・国際業務,10_45～49歳,2:女,1 
43：熊本県,熊本市東区,中国,16：技術・人文知識・国際業務,11_50～54歳,1:男,1 
43：熊本県,熊本市東区,中国,16：技術・人文知識・国際業務,11_50～54歳,2:女,1 
43：熊本県,熊本市東区,中国,16：技術・人文知識・国際業務,13_60～64歳,1:男,1 
43：熊本県,熊本市東区,中国,17：企業内転勤,08_35～39歳,1:男,1 
43：熊本県,熊本市東区,中国,17：企業内転勤,09_40～44歳,1:男,1 
43：熊本県,熊本市東区,中国,21：特定技能１号,05_20～24歳,1:男,1 
43：熊本県,熊本市東区,中国,21：特定技能１号,06_25～29歳,1:男,1 
43：熊本県,熊本市東区,中国,21：特定技能１号,07_30～34歳,1:男,3 
43：熊本県,熊本市東区,中国,21：特定技能１号,08_35～39歳,2:女,1 
43：熊本県,熊本市東区,中国,21：特定技能１号,10_45～49歳,1:男,1 
43：熊本県,熊本市東区,中国,21：特定技能１号,10_45～49歳,2:女,1 
43：熊本県,熊本市東区,中国,26：技能実習２号ロ,05_20～24歳,1:男,1 
43：熊本県,熊本市東区,中国,26：技能実習２号ロ,07_30～34歳,1:男,1 
43：熊本県,熊本市東区,中国,26：技能実習２号ロ,08_35～39歳,1:男,1 
43：熊本県,熊本市東区,中国,26：技能実習２号ロ,09_40～44歳,1:男,1 
43：熊本県,熊本市東区,中国,29：文化活動,07_30～34歳,2:女,1 
43：熊本県,熊本市東区,中国,31：留学,04_15～19歳,1:男,7 
43：熊本県,熊本市東区,中国,31：留学,05_20～24歳,1:男,27 
43：熊本県,熊本市東区,中国,31：留学,05_20～24歳,2:女,10 
43：熊本県,熊本市東区,中国,31：留学,06_25～29歳,1:男,9 
43：熊本県,熊本市東区,中国,31：留学,06_25～29歳,2:女,3 
43：熊本県,熊本市東区,中国,31：留学,07_30～34歳,1:男,2 
43：熊本県,熊本市東区,中国,33：家族滞在,01_０～４歳,2:女,2 
43：熊本県,熊本市東区,中国,33：家族滞在,02_５～９歳,1:男,2 
43：熊本県,熊本市東区,中国,33：家族滞在,02_５～９歳,2:女,2 
43：熊本県,熊本市東区,中国,33：家族滞在,03_10～14歳,1:男,1 
43：熊本県,熊本市東区,中国,33：家族滞在,04_15～19歳,1:男,1 
43：熊本県,熊本市東区,中国,33：家族滞在,06_25～29歳,2:女,3 
43：熊本県,熊本市東区,中国,33：家族滞在,07_30～34歳,2:女,1 
43：熊本県,熊本市東区,中国,33：家族滞在,08_35～39歳,1:男,1 
43：熊本県,熊本市東区,中国,33：家族滞在,08_35～39歳,2:女,2 
43：熊本県,熊本市東区,中国,33：家族滞在,09_40～44歳,1:男,1 
43：熊本県,熊本市東区,中国,33：家族滞在,10_45～49歳,1:男,1 
43：熊本県,熊本市東区,中国,33：家族滞在,10_45～49歳,2:女,2 
43：熊本県,熊本市東区,中国,34：特定活動,06_25～29歳,1:男,1 
43：熊本県,熊本市東区,中国,35：永住者,01_０～４歳,1:男,2 
43：熊本県,熊本市東区,中国,35：永住者,01_０～４歳,2:女,2 
43：熊本県,熊本市東区,中国,35：永住者,02_５～９歳,1:男,10 
43：熊本県,熊本市東区,中国,35：永住者,02_５～９歳,2:女,5 
43：熊本県,熊本市東区,中国,35：永住者,03_10～14歳,1:男,7 
43：熊本県,熊本市東区,中国,35：永住者,03_10～14歳,2:女,11 
43：熊本県,熊本市東区,中国,35：永住者,04_15～19歳,1:男,7 
43：熊本県,熊本市東区,中国,35：永住者,04_15～19歳,2:女,1 
43：熊本県,熊本市東区,中国,35：永住者,05_20～24歳,1:男,3 
43：熊本県,熊本市東区,中国,35：永住者,05_20～24歳,2:女,3 
43：熊本県,熊本市東区,中国,35：永住者,06_25～29歳,1:男,3 
43：熊本県,熊本市東区,中国,35：永住者,07_30～34歳,1:男,5 
43：熊本県,熊本市東区,中国,35：永住者,07_30～34歳,2:女,6 
43：熊本県,熊本市東区,中国,35：永住者,08_35～39歳,1:男,9 
43：熊本県,熊本市東区,中国,35：永住者,08_35～39歳,2:女,19 
43：熊本県,熊本市東区,中国,35：永住者,09_40～44歳,1:男,11 
43：熊本県,熊本市東区,中国,35：永住者,09_40～44歳,2:女,17 
43：熊本県,熊本市東区,中国,35：永住者,10_45～49歳,1:男,11 
43：熊本県,熊本市東区,中国,35：永住者,10_45～49歳,2:女,13 
43：熊本県,熊本市東区,中国,35：永住者,11_50～54歳,1:男,4 
43：熊本県,熊本市東区,中国,35：永住者,11_50～54歳,2:女,10 
43：熊本県,熊本市東区,中国,35：永住者,12_55～59歳,1:男,7 
43：熊本県,熊本市東区,中国,35：永住者,12_55～59歳,2:女,15 
43：熊本県,熊本市東区,中国,35：永住者,13_60～64歳,1:男,4 
43：熊本県,熊本市東区,中国,35：永住者,13_60～64歳,2:女,10 
43：熊本県,熊本市東区,中国,35：永住者,14_65～69歳,1:男,9 
43：熊本県,熊本市東区,中国,35：永住者,14_65～69歳,2:女,7 
43：熊本県,熊本市東区,中国,35：永住者,15_70～74歳,1:男,8 
43：熊本県,熊本市東区,中国,35：永住者,15_70～74歳,2:女,4 
43：熊本県,熊本市東区,中国,35：永住者,16_75～79歳,1:男,2 
43：熊本県,熊本市東区,中国,35：永住者,16_75～79歳,2:女,6 
43：熊本県,熊本市東区,中国,35：永住者,17_80歳以上,1:男,2 
43：熊本県,熊本市東区,中国,35：永住者,17_80歳以上,2:女,3 
43：熊本県,熊本市東区,中国,36：日本人の配偶者等,07_30～34歳,1:男,1 
43：熊本県,熊本市東区,中国,36：日本人の配偶者等,07_30～34歳,2:女,3 
43：熊本県,熊本市東区,中国,36：日本人の配偶者等,08_35～39歳,1:男,1 
43：熊本県,熊本市東区,中国,36：日本人の配偶者等,08_35～39歳,2:女,4 
43：熊本県,熊本市東区,中国,36：日本人の配偶者等,09_40～44歳,2:女,7 
43：熊本県,熊本市東区,中国,36：日本人の配偶者等,10_45～49歳,2:女,3 
43：熊本県,熊本市東区,中国,36：日本人の配偶者等,11_50～54歳,1:男,1 
43：熊本県,熊本市東区,中国,36：日本人の配偶者等,12_55～59歳,2:女,3 
43：熊本県,熊本市東区,中国,36：日本人の配偶者等,13_60～64歳,1:男,1 
43：熊本県,熊本市東区,中国,36：日本人の配偶者等,13_60～64歳,2:女,1 
43：熊本県,熊本市東区,中国,37：永住者の配偶者等,02_５～９歳,2:女,1 
43：熊本県,熊本市東区,中国,37：永住者の配偶者等,08_35～39歳,2:女,1 
43：熊本県,熊本市東区,中国,37：永住者の配偶者等,09_40～44歳,2:女,1 
43：熊本県,熊本市東区,中国,38：定住者,02_５～９歳,1:男,1 
43：熊本県,熊本市東区,中国,38：定住者,02_５～９歳,2:女,1 
43：熊本県,熊本市東区,中国,38：定住者,04_15～19歳,2:女,2 
43：熊本県,熊本市東区,中国,38：定住者,05_20～24歳,2:女,1 
43：熊本県,熊本市東区,中国,38：定住者,07_30～34歳,2:女,1 
43：熊本県,熊本市東区,中国,38：定住者,11_50～54歳,2:女,1 
43：熊本県,熊本市東区,中国,38：定住者,15_70～74歳,1:男,1 
43：熊本県,熊本市東区,トルコ,15：教育,07_30～34歳,2:女,1 
43：熊本県,熊本市東区,トルコ,38：定住者,06_25～29歳,1:男,1 
43：熊本県,熊本市東区,ネパール,16：技術・人文知識・国際業務,05_20～24歳,1:男,2 
43：熊本県,熊本市東区,ネパール,16：技術・人文知識・国際業務,05_20～24歳,2:女,1 
43：熊本県,熊本市東区,ネパール,16：技術・人文知識・国際業務,06_25～29歳,1:男,12 
43：熊本県,熊本市東区,ネパール,16：技術・人文知識・国際業務,06_25～29歳,2:女,4 
43：熊本県,熊本市東区,ネパール,16：技術・人文知識・国際業務,07_30～34歳,1:男,8 
43：熊本県,熊本市東区,ネパール,16：技術・人文知識・国際業務,07_30～34歳,2:女,2 
43：熊本県,熊本市東区,ネパール,16：技術・人文知識・国際業務,08_35～39歳,1:男,1 
43：熊本県,熊本市東区,ネパール,20：技能,08_35～39歳,1:男,3 
43：熊本県,熊本市東区,ネパール,21：特定技能１号,05_20～24歳,1:男,2 
43：熊本県,熊本市東区,ネパール,21：特定技能１号,05_20～24歳,2:女,1 
43：熊本県,熊本市東区,ネパール,21：特定技能１号,06_25～29歳,1:男,2 
43：熊本県,熊本市東区,ネパール,21：特定技能１号,08_35～39歳,2:女,1 
43：熊本県,熊本市東区,ネパール,24：技能実習１号ロ,05_20～24歳,1:男,2 
43：熊本県,熊本市東区,ネパール,24：技能実習１号ロ,06_25～29歳,1:男,1 
43：熊本県,熊本市東区,ネパール,26：技能実習２号ロ,05_20～24歳,2:女,2 
43：熊本県,熊本市東区,ネパール,26：技能実習２号ロ,06_25～29歳,2:女,2 
43：熊本県,熊本市東区,ネパール,31：留学,04_15～19歳,1:男,5 
43：熊本県,熊本市東区,ネパール,31：留学,04_15～19歳,2:女,1 
43：熊本県,熊本市東区,ネパール,31：留学,05_20～24歳,1:男,95 
43：熊本県,熊本市東区,ネパール,31：留学,05_20～24歳,2:女,33 
43：熊本県,熊本市東区,ネパール,31：留学,06_25～29歳,1:男,36 
43：熊本県,熊本市東区,ネパール,31：留学,06_25～29歳,2:女,10 
43：熊本県,熊本市東区,ネパール,31：留学,07_30～34歳,1:男,5 
43：熊本県,熊本市東区,ネパール,31：留学,07_30～34歳,2:女,1 
43：熊本県,熊本市東区,ネパール,33：家族滞在,01_０～４歳,1:男,4 
43：熊本県,熊本市東区,ネパール,33：家族滞在,01_０～４歳,2:女,5 
43：熊本県,熊本市東区,ネパール,33：家族滞在,02_５～９歳,1:男,2 
43：熊本県,熊本市東区,ネパール,33：家族滞在,04_15～19歳,2:女,1 
43：熊本県,熊本市東区,ネパール,33：家族滞在,05_20～24歳,2:女,3 
43：熊本県,熊本市東区,ネパール,33：家族滞在,06_25～29歳,2:女,12 
43：熊本県,熊本市東区,ネパール,33：家族滞在,07_30～34歳,2:女,1 
43：熊本県,熊本市東区,ネパール,33：家族滞在,08_35～39歳,1:男,1 
43：熊本県,熊本市東区,ネパール,33：家族滞在,09_40～44歳,1:男,1 
43：熊本県,熊本市東区,ネパール,35：永住者,02_５～９歳,1:男,2 
43：熊本県,熊本市東区,ネパール,35：永住者,03_10～14歳,1:男,2 
43：熊本県,熊本市東区,ネパール,35：永住者,04_15～19歳,1:男,2 
43：熊本県,熊本市東区,ネパール,35：永住者,04_15～19歳,2:女,1 
43：熊本県,熊本市東区,ネパール,35：永住者,05_20～24歳,1:男,1 
43：熊本県,熊本市東区,ネパール,35：永住者,06_25～29歳,1:男,1 
43：熊本県,熊本市東区,ネパール,35：永住者,08_35～39歳,1:男,1 
43：熊本県,熊本市東区,ネパール,35：永住者,08_35～39歳,2:女,2 
43：熊本県,熊本市東区,ネパール,35：永住者,09_40～44歳,1:男,3 
43：熊本県,熊本市東区,ネパール,35：永住者,09_40～44歳,2:女,2 
43：熊本県,熊本市東区,ネパール,35：永住者,10_45～49歳,2:女,1 
43：熊本県,熊本市東区,ネパール,35：永住者,11_50～54歳,1:男,1 
43：熊本県,熊本市東区,ネパール,36：日本人の配偶者等,08_35～39歳,1:男,1 
43：熊本県,熊本市東区,パキスタン,11：経営・管理,07_30～34歳,1:男,1 
43：熊本県,熊本市東区,パキスタン,11：経営・管理,11_50～54歳,1:男,1 
43：熊本県,熊本市東区,パキスタン,16：技術・人文知識・国際業務,05_20～24歳,1:男,1 
43：熊本県,熊本市東区,パキスタン,16：技術・人文知識・国際業務,06_25～29歳,1:男,2 
43：熊本県,熊本市東区,パキスタン,16：技術・人文知識・国際業務,08_35～39歳,1:男,2 
43：熊本県,熊本市東区,パキスタン,16：技術・人文知識・国際業務,09_40～44歳,1:男,1 
43：熊本県,熊本市東区,パキスタン,33：家族滞在,01_０～４歳,2:女,1 
43：熊本県,熊本市東区,パキスタン,33：家族滞在,02_５～９歳,1:男,2 
43：熊本県,熊本市東区,パキスタン,33：家族滞在,03_10～14歳,1:男,1 
43：熊本県,熊本市東区,パキスタン,33：家族滞在,04_15～19歳,1:男,1 
43：熊本県,熊本市東区,パキスタン,33：家族滞在,05_20～24歳,2:女,1 
43：熊本県,熊本市東区,パキスタン,33：家族滞在,06_25～29歳,2:女,1 
43：熊本県,熊本市東区,パキスタン,33：家族滞在,10_45～49歳,2:女,1 
43：熊本県,熊本市東区,パキスタン,36：日本人の配偶者等,06_25～29歳,1:男,1 
43：熊本県,熊本市東区,パキスタン,38：定住者,05_20～24歳,1:男,1 
43：熊本県,熊本市東区,バングラデシュ,16：技術・人文知識・国際業務,06_25～29歳,1:男,1 
43：熊本県,熊本市東区,バングラデシュ,16：技術・人文知識・国際業務,07_30～34歳,1:男,1 
43：熊本県,熊本市東区,バングラデシュ,16：技術・人文知識・国際業務,07_30～34歳,2:女,1 
43：熊本県,熊本市東区,バングラデシュ,24：技能実習１号ロ,05_20～24歳,1:男,1 
43：熊本県,熊本市東区,バングラデシュ,24：技能実習１号ロ,07_30～34歳,1:男,1 
43：熊本県,熊本市東区,バングラデシュ,33：家族滞在,01_０～４歳,1:男,1 
43：熊本県,熊本市東区,バングラデシュ,33：家族滞在,01_０～４歳,2:女,2 
43：熊本県,熊本市東区,バングラデシュ,33：家族滞在,05_20～24歳,2:女,1 
43：熊本県,熊本市東区,バングラデシュ,33：家族滞在,07_30～34歳,1:男,1 
43：熊本県,熊本市東区,フィリピン,15：教育,06_25～29歳,1:男,1 
43：熊本県,熊本市東区,フィリピン,15：教育,07_30～34歳,1:男,1 
43：熊本県,熊本市東区,フィリピン,15：教育,08_35～39歳,2:女,1 
43：熊本県,熊本市東区,フィリピン,15：教育,10_45～49歳,2:女,1 
43：熊本県,熊本市東区,フィリピン,16：技術・人文知識・国際業務,06_25～29歳,1:男,1 
43：熊本県,熊本市東区,フィリピン,16：技術・人文知識・国際業務,07_30～34歳,1:男,3 
43：熊本県,熊本市東区,フィリピン,16：技術・人文知識・国際業務,07_30～34歳,2:女,1 
43：熊本県,熊本市東区,フィリピン,16：技術・人文知識・国際業務,08_35～39歳,1:男,1 
43：熊本県,熊本市東区,フィリピン,16：技術・人文知識・国際業務,08_35～39歳,2:女,1 
43：熊本県,熊本市東区,フィリピン,17：企業内転勤,08_35～39歳,1:男,2 
43：熊本県,熊本市東区,フィリピン,21：特定技能１号,06_25～29歳,1:男,1 
43：熊本県,熊本市東区,フィリピン,21：特定技能１号,06_25～29歳,2:女,2 
43：熊本県,熊本市東区,フィリピン,21：特定技能１号,07_30～34歳,1:男,3 
43：熊本県,熊本市東区,フィリピン,21：特定技能１号,07_30～34歳,2:女,5 
43：熊本県,熊本市東区,フィリピン,21：特定技能１号,08_35～39歳,1:男,3 
43：熊本県,熊本市東区,フィリピン,21：特定技能１号,08_35～39歳,2:女,2 
43：熊本県,熊本市東区,フィリピン,21：特定技能１号,09_40～44歳,1:男,2 
43：熊本県,熊本市東区,フィリピン,24：技能実習１号ロ,05_20～24歳,1:男,2 
43：熊本県,熊本市東区,フィリピン,24：技能実習１号ロ,06_25～29歳,1:男,7 
43：熊本県,熊本市東区,フィリピン,24：技能実習１号ロ,07_30～34歳,1:男,5 
43：熊本県,熊本市東区,フィリピン,26：技能実習２号ロ,05_20～24歳,2:女,2 
43：熊本県,熊本市東区,フィリピン,26：技能実習２号ロ,06_25～29歳,1:男,1 
43：熊本県,熊本市東区,フィリピン,26：技能実習２号ロ,06_25～29歳,2:女,1 
43：熊本県,熊本市東区,フィリピン,26：技能実習２号ロ,07_30～34歳,1:男,4 
43：熊本県,熊本市東区,フィリピン,26：技能実習２号ロ,08_35～39歳,1:男,2 
43：熊本県,熊本市東区,フィリピン,26：技能実習２号ロ,09_40～44歳,2:女,1 
43：熊本県,熊本市東区,フィリピン,26：技能実習２号ロ,10_45～49歳,2:女,1 
43：熊本県,熊本市東区,フィリピン,28：技能実習３号ロ,11_50～54歳,2:女,1 
43：熊本県,熊本市東区,フィリピン,33：家族滞在,04_15～19歳,2:女,1 
43：熊本県,熊本市東区,フィリピン,33：家族滞在,10_45～49歳,1:男,1 
43：熊本県,熊本市東区,フィリピン,34：特定活動,07_30～34歳,1:男,1 
43：熊本県,熊本市東区,フィリピン,35：永住者,01_０～４歳,2:女,1 
43：熊本県,熊本市東区,フィリピン,35：永住者,03_10～14歳,2:女,1 
43：熊本県,熊本市東区,フィリピン,35：永住者,04_15～19歳,1:男,1 
43：熊本県,熊本市東区,フィリピン,35：永住者,04_15～19歳,2:女,3 
43：熊本県,熊本市東区,フィリピン,35：永住者,05_20～24歳,2:女,1 
43：熊本県,熊本市東区,フィリピン,35：永住者,06_25～29歳,1:男,2 
43：熊本県,熊本市東区,フィリピン,35：永住者,07_30～34歳,1:男,2 
43：熊本県,熊本市東区,フィリピン,35：永住者,07_30～34歳,2:女,1 
43：熊本県,熊本市東区,フィリピン,35：永住者,08_35～39歳,1:男,1 
43：熊本県,熊本市東区,フィリピン,35：永住者,08_35～39歳,2:女,3 
43：熊本県,熊本市東区,フィリピン,35：永住者,09_40～44歳,1:男,1 
43：熊本県,熊本市東区,フィリピン,35：永住者,09_40～44歳,2:女,7 
43：熊本県,熊本市東区,フィリピン,35：永住者,10_45～49歳,1:男,1 
43：熊本県,熊本市東区,フィリピン,35：永住者,10_45～49歳,2:女,18 
43：熊本県,熊本市東区,フィリピン,35：永住者,11_50～54歳,1:男,1 
43：熊本県,熊本市東区,フィリピン,35：永住者,11_50～54歳,2:女,21 
43：熊本県,熊本市東区,フィリピン,35：永住者,12_55～59歳,2:女,19 
43：熊本県,熊本市東区,フィリピン,35：永住者,13_60～64歳,2:女,8 
43：熊本県,熊本市東区,フィリピン,35：永住者,14_65～69歳,2:女,3 
43：熊本県,熊本市東区,フィリピン,35：永住者,15_70～74歳,2:女,1 
43：熊本県,熊本市東区,フィリピン,36：日本人の配偶者等,06_25～29歳,2:女,1 
43：熊本県,熊本市東区,フィリピン,36：日本人の配偶者等,07_30～34歳,2:女,1 
43：熊本県,熊本市東区,フィリピン,36：日本人の配偶者等,09_40～44歳,2:女,3 
43：熊本県,熊本市東区,フィリピン,36：日本人の配偶者等,11_50～54歳,2:女,2 
43：熊本県,熊本市東区,フィリピン,36：日本人の配偶者等,12_55～59歳,2:女,1 
43：熊本県,熊本市東区,フィリピン,37：永住者の配偶者等,09_40～44歳,2:女,1 
43：熊本県,熊本市東区,フィリピン,37：永住者の配偶者等,10_45～49歳,2:女,1 
43：熊本県,熊本市東区,フィリピン,38：定住者,03_10～14歳,1:男,1 
43：熊本県,熊本市東区,フィリピン,38：定住者,03_10～14歳,2:女,1 
43：熊本県,熊本市東区,フィリピン,38：定住者,05_20～24歳,1:男,1 
43：熊本県,熊本市東区,フィリピン,38：定住者,06_25～29歳,1:男,1 
43：熊本県,熊本市東区,フィリピン,38：定住者,07_30～34歳,2:女,1 
43：熊本県,熊本市東区,フィリピン,38：定住者,08_35～39歳,1:男,1 
43：熊本県,熊本市東区,フィリピン,38：定住者,08_35～39歳,2:女,2 
43：熊本県,熊本市東区,フィリピン,38：定住者,10_45～49歳,2:女,1 
43：熊本県,熊本市東区,フィリピン,38：定住者,11_50～54歳,2:女,2 
43：熊本県,熊本市東区,フィリピン,38：定住者,14_65～69歳,2:女,1 
43：熊本県,熊本市東区,ベトナム,11：経営・管理,07_30～34歳,1:男,1 
43：熊本県,熊本市東区,ベトナム,16：技術・人文知識・国際業務,05_20～24歳,1:男,2 
43：熊本県,熊本市東区,ベトナム,16：技術・人文知識・国際業務,05_20～24歳,2:女,1 
43：熊本県,熊本市東区,ベトナム,16：技術・人文知識・国際業務,06_25～29歳,1:男,7 
43：熊本県,熊本市東区,ベトナム,16：技術・人文知識・国際業務,06_25～29歳,2:女,4 
43：熊本県,熊本市東区,ベトナム,16：技術・人文知識・国際業務,07_30～34歳,1:男,19 
43：熊本県,熊本市東区,ベトナム,16：技術・人文知識・国際業務,07_30～34歳,2:女,7 
43：熊本県,熊本市東区,ベトナム,16：技術・人文知識・国際業務,08_35～39歳,1:男,3 
43：熊本県,熊本市東区,ベトナム,16：技術・人文知識・国際業務,08_35～39歳,2:女,1 
43：熊本県,熊本市東区,ベトナム,16：技術・人文知識・国際業務,09_40～44歳,1:男,1 
43：熊本県,熊本市東区,ベトナム,16：技術・人文知識・国際業務,09_40～44歳,2:女,1 
43：熊本県,熊本市東区,ベトナム,18：介護,06_25～29歳,2:女,1 
43：熊本県,熊本市東区,ベトナム,18：介護,07_30～34歳,2:女,1 
43：熊本県,熊本市東区,ベトナム,21：特定技能１号,05_20～24歳,1:男,12 
43：熊本県,熊本市東区,ベトナム,21：特定技能１号,05_20～24歳,2:女,8 
43：熊本県,熊本市東区,ベトナム,21：特定技能１号,06_25～29歳,1:男,22 
43：熊本県,熊本市東区,ベトナム,21：特定技能１号,06_25～29歳,2:女,12 
43：熊本県,熊本市東区,ベトナム,21：特定技能１号,07_30～34歳,1:男,16 
43：熊本県,熊本市東区,ベトナム,21：特定技能１号,07_30～34歳,2:女,11 
43：熊本県,熊本市東区,ベトナム,21：特定技能１号,08_35～39歳,1:男,5 
43：熊本県,熊本市東区,ベトナム,21：特定技能１号,08_35～39歳,2:女,8 
43：熊本県,熊本市東区,ベトナム,24：技能実習１号ロ,04_15～19歳,1:男,8 
43：熊本県,熊本市東区,ベトナム,24：技能実習１号ロ,04_15～19歳,2:女,7 
43：熊本県,熊本市東区,ベトナム,24：技能実習１号ロ,05_20～24歳,1:男,15 
43：熊本県,熊本市東区,ベトナム,24：技能実習１号ロ,05_20～24歳,2:女,11 
43：熊本県,熊本市東区,ベトナム,24：技能実習１号ロ,06_25～29歳,1:男,3 
43：熊本県,熊本市東区,ベトナム,24：技能実習１号ロ,06_25～29歳,2:女,1 
43：熊本県,熊本市東区,ベトナム,24：技能実習１号ロ,07_30～34歳,1:男,2 
43：熊本県,熊本市東区,ベトナム,24：技能実習１号ロ,07_30～34歳,2:女,2 
43：熊本県,熊本市東区,ベトナム,26：技能実習２号ロ,04_15～19歳,1:男,2 
43：熊本県,熊本市東区,ベトナム,26：技能実習２号ロ,04_15～19歳,2:女,1 
43：熊本県,熊本市東区,ベトナム,26：技能実習２号ロ,05_20～24歳,1:男,20 
43：熊本県,熊本市東区,ベトナム,26：技能実習２号ロ,05_20～24歳,2:女,17 
43：熊本県,熊本市東区,ベトナム,26：技能実習２号ロ,06_25～29歳,1:男,13 
43：熊本県,熊本市東区,ベトナム,26：技能実習２号ロ,06_25～29歳,2:女,4 
43：熊本県,熊本市東区,ベトナム,26：技能実習２号ロ,07_30～34歳,1:男,8 
43：熊本県,熊本市東区,ベトナム,26：技能実習２号ロ,08_35～39歳,1:男,4 
43：熊本県,熊本市東区,ベトナム,26：技能実習２号ロ,08_35～39歳,2:女,2 
43：熊本県,熊本市東区,ベトナム,26：技能実習２号ロ,09_40～44歳,1:男,1 
43：熊本県,熊本市東区,ベトナム,28：技能実習３号ロ,05_20～24歳,2:女,1 
43：熊本県,熊本市東区,ベトナム,28：技能実習３号ロ,06_25～29歳,1:男,1 
43：熊本県,熊本市東区,ベトナム,31：留学,04_15～19歳,1:男,1 
43：熊本県,熊本市東区,ベトナム,31：留学,04_15～19歳,2:女,1 
43：熊本県,熊本市東区,ベトナム,31：留学,05_20～24歳,1:男,11 
43：熊本県,熊本市東区,ベトナム,31：留学,05_20～24歳,2:女,7 
43：熊本県,熊本市東区,ベトナム,31：留学,06_25～29歳,1:男,2 
43：熊本県,熊本市東区,ベトナム,31：留学,06_25～29歳,2:女,1 
43：熊本県,熊本市東区,ベトナム,31：留学,07_30～34歳,1:男,2 
43：熊本県,熊本市東区,ベトナム,33：家族滞在,01_０～４歳,1:男,15 
43：熊本県,熊本市東区,ベトナム,33：家族滞在,01_０～４歳,2:女,4 
43：熊本県,熊本市東区,ベトナム,33：家族滞在,02_５～９歳,1:男,2 
43：熊本県,熊本市東区,ベトナム,33：家族滞在,02_５～９歳,2:女,6 
43：熊本県,熊本市東区,ベトナム,33：家族滞在,03_10～14歳,1:男,2 
43：熊本県,熊本市東区,ベトナム,33：家族滞在,03_10～14歳,2:女,1 
43：熊本県,熊本市東区,ベトナム,33：家族滞在,05_20～24歳,2:女,1 
43：熊本県,熊本市東区,ベトナム,33：家族滞在,06_25～29歳,2:女,8 
43：熊本県,熊本市東区,ベトナム,33：家族滞在,07_30～34歳,1:男,1 
43：熊本県,熊本市東区,ベトナム,33：家族滞在,07_30～34歳,2:女,9 
43：熊本県,熊本市東区,ベトナム,33：家族滞在,08_35～39歳,2:女,1 
43：熊本県,熊本市東区,ベトナム,33：家族滞在,09_40～44歳,1:男,1 
43：熊本県,熊本市東区,ベトナム,34：特定活動,08_35～39歳,1:男,1 
43：熊本県,熊本市東区,ベトナム,35：永住者,01_０～４歳,1:男,1 
43：熊本県,熊本市東区,ベトナム,35：永住者,02_５～９歳,2:女,1 
43：熊本県,熊本市東区,ベトナム,35：永住者,06_25～29歳,1:男,1 
43：熊本県,熊本市東区,ベトナム,35：永住者,07_30～34歳,2:女,2 
43：熊本県,熊本市東区,ベトナム,35：永住者,08_35～39歳,1:男,1 
43：熊本県,熊本市東区,ベトナム,35：永住者,08_35～39歳,2:女,3 
43：熊本県,熊本市東区,ベトナム,35：永住者,09_40～44歳,2:女,2 
43：熊本県,熊本市東区,ベトナム,36：日本人の配偶者等,06_25～29歳,2:女,2 
43：熊本県,熊本市東区,ベトナム,36：日本人の配偶者等,07_30～34歳,1:男,1 
43：熊本県,熊本市東区,ベトナム,36：日本人の配偶者等,07_30～34歳,2:女,1 
43：熊本県,熊本市東区,ベトナム,36：日本人の配偶者等,09_40～44歳,2:女,3 
43：熊本県,熊本市東区,ベトナム,38：定住者,03_10～14歳,2:女,1 
43：熊本県,熊本市東区,ベトナム,38：定住者,04_15～19歳,2:女,1 
43：熊本県,熊本市東区,マレーシア,16：技術・人文知識・国際業務,06_25～29歳,1:男,1 
43：熊本県,熊本市東区,マレーシア,16：技術・人文知識・国際業務,06_25～29歳,2:女,1 
43：熊本県,熊本市東区,マレーシア,33：家族滞在,06_25～29歳,2:女,1 
43：熊本県,熊本市東区,マレーシア,35：永住者,10_45～49歳,2:女,1 
43：熊本県,熊本市東区,マレーシア,35：永住者,13_60～64歳,2:女,2 
43：熊本県,熊本市東区,ミャンマー,03：教授,08_35～39歳,1:男,1 
43：熊本県,熊本市東区,ミャンマー,16：技術・人文知識・国際業務,06_25～29歳,1:男,2 
43：熊本県,熊本市東区,ミャンマー,16：技術・人文知識・国際業務,06_25～29歳,2:女,3 
43：熊本県,熊本市東区,ミャンマー,16：技術・人文知識・国際業務,07_30～34歳,1:男,1 
43：熊本県,熊本市東区,ミャンマー,16：技術・人文知識・国際業務,07_30～34歳,2:女,3 
43：熊本県,熊本市東区,ミャンマー,16：技術・人文知識・国際業務,08_35～39歳,2:女,1 
43：熊本県,熊本市東区,ミャンマー,21：特定技能１号,04_15～19歳,1:男,2 
43：熊本県,熊本市東区,ミャンマー,21：特定技能１号,04_15～19歳,2:女,2 
43：熊本県,熊本市東区,ミャンマー,21：特定技能１号,05_20～24歳,1:男,3 
43：熊本県,熊本市東区,ミャンマー,21：特定技能１号,05_20～24歳,2:女,49 
43：熊本県,熊本市東区,ミャンマー,21：特定技能１号,06_25～29歳,1:男,6 
43：熊本県,熊本市東区,ミャンマー,21：特定技能１号,06_25～29歳,2:女,19 
43：熊本県,熊本市東区,ミャンマー,21：特定技能１号,07_30～34歳,1:男,1 
43：熊本県,熊本市東区,ミャンマー,21：特定技能１号,07_30～34歳,2:女,4 
43：熊本県,熊本市東区,ミャンマー,24：技能実習１号ロ,04_15～19歳,1:男,2 
43：熊本県,熊本市東区,ミャンマー,24：技能実習１号ロ,04_15～19歳,2:女,1 
43：熊本県,熊本市東区,ミャンマー,24：技能実習１号ロ,05_20～24歳,1:男,4 
43：熊本県,熊本市東区,ミャンマー,24：技能実習１号ロ,05_20～24歳,2:女,15 
43：熊本県,熊本市東区,ミャンマー,24：技能実習１号ロ,06_25～29歳,1:男,2 
43：熊本県,熊本市東区,ミャンマー,24：技能実習１号ロ,06_25～29歳,2:女,7 
43：熊本県,熊本市東区,ミャンマー,24：技能実習１号ロ,07_30～34歳,1:男,2 
43：熊本県,熊本市東区,ミャンマー,24：技能実習１号ロ,07_30～34歳,2:女,2 
43：熊本県,熊本市東区,ミャンマー,24：技能実習１号ロ,08_35～39歳,2:女,1 
43：熊本県,熊本市東区,ミャンマー,26：技能実習２号ロ,05_20～24歳,1:男,8 
43：熊本県,熊本市東区,ミャンマー,26：技能実習２号ロ,05_20～24歳,2:女,5 
43：熊本県,熊本市東区,ミャンマー,26：技能実習２号ロ,06_25～29歳,1:男,7 
43：熊本県,熊本市東区,ミャンマー,26：技能実習２号ロ,06_25～29歳,2:女,4 
43：熊本県,熊本市東区,ミャンマー,26：技能実習２号ロ,07_30～34歳,1:男,2 
43：熊本県,熊本市東区,ミャンマー,26：技能実習２号ロ,07_30～34歳,2:女,3 
43：熊本県,熊本市東区,ミャンマー,26：技能実習２号ロ,08_35～39歳,1:男,1 
43：熊本県,熊本市東区,ミャンマー,33：家族滞在,07_30～34歳,2:女,1 
43：熊本県,熊本市東区,ミャンマー,34：特定活動,06_25～29歳,1:男,2 
43：熊本県,熊本市東区,ミャンマー,34：特定活動,07_30～34歳,1:男,1 
43：熊本県,熊本市東区,ミャンマー,34：特定活動,07_30～34歳,2:女,1 
43：熊本県,熊本市東区,ミャンマー,36：日本人の配偶者等,06_25～29歳,2:女,1 
43：熊本県,熊本市東区,モルディブ,35：永住者,10_45～49歳,1:男,1 
43：熊本県,熊本市東区,モンゴル,16：技術・人文知識・国際業務,06_25～29歳,1:男,1 
43：熊本県,熊本市東区,モンゴル,26：技能実習２号ロ,06_25～29歳,1:男,1 
43：熊本県,熊本市東区,アイルランド,15：教育,05_20～24歳,1:男,1 
43：熊本県,熊本市東区,アイルランド,15：教育,06_25～29歳,1:男,1 
43：熊本県,熊本市東区,アイルランド,35：永住者,09_40～44歳,2:女,1 
43：熊本県,熊本市東区,イタリア,35：永住者,11_50～54歳,1:男,1 
43：熊本県,熊本市東区,イタリア,36：日本人の配偶者等,09_40～44歳,1:男,2 
43：熊本県,熊本市東区,英国,15：教育,05_20～24歳,2:女,1 
43：熊本県,熊本市東区,英国,15：教育,10_45～49歳,1:男,1 
43：熊本県,熊本市東区,英国,15：教育,11_50～54歳,2:女,1 
43：熊本県,熊本市東区,英国,16：技術・人文知識・国際業務,07_30～34歳,1:男,1 
43：熊本県,熊本市東区,英国,16：技術・人文知識・国際業務,07_30～34歳,2:女,1 
43：熊本県,熊本市東区,英国,16：技術・人文知識・国際業務,08_35～39歳,1:男,2 
43：熊本県,熊本市東区,英国,33：家族滞在,01_０～４歳,1:男,1 
43：熊本県,熊本市東区,英国,33：家族滞在,01_０～４歳,2:女,1 
43：熊本県,熊本市東区,英国,33：家族滞在,07_30～34歳,2:女,1 
43：熊本県,熊本市東区,英国,35：永住者,10_45～49歳,1:男,1 
43：熊本県,熊本市東区,英国,35：永住者,13_60～64歳,1:男,2 
43：熊本県,熊本市東区,英国,36：日本人の配偶者等,07_30～34歳,2:女,1 
43：熊本県,熊本市東区,英国,36：日本人の配偶者等,11_50～54歳,2:女,1 
43：熊本県,熊本市東区,コソボ共和国,35：永住者,09_40～44歳,1:男,1 
43：熊本県,熊本市東区,スウェーデン,35：永住者,09_40～44歳,1:男,1 
43：熊本県,熊本市東区,スペイン,35：永住者,11_50～54歳,1:男,1 
43：熊本県,熊本市東区,ドイツ,15：教育,07_30～34歳,1:男,1 
43：熊本県,熊本市東区,ドイツ,35：永住者,10_45～49歳,1:男,1 
43：熊本県,熊本市東区,ドイツ,35：永住者,12_55～59歳,1:男,1 
43：熊本県,熊本市東区,ドイツ,35：永住者,13_60～64歳,1:男,1 
43：熊本県,熊本市東区,ドイツ,36：日本人の配偶者等,08_35～39歳,1:男,2 
43：熊本県,熊本市東区,フィンランド,03：教授,07_30～34歳,1:男,1 
43：熊本県,熊本市東区,フランス,16：技術・人文知識・国際業務,07_30～34歳,1:男,1 
43：熊本県,熊本市東区,フランス,16：技術・人文知識・国際業務,08_35～39歳,1:男,1 
43：熊本県,熊本市東区,フランス,31：留学,04_15～19歳,2:女,1 
43：熊本県,熊本市東区,フランス,34：特定活動,06_25～29歳,1:男,1 
43：熊本県,熊本市東区,フランス,36：日本人の配偶者等,06_25～29歳,1:男,1 
43：熊本県,熊本市東区,フランス,36：日本人の配偶者等,10_45～49歳,1:男,1 
43：熊本県,熊本市東区,ブルガリア,35：永住者,11_50～54歳,2:女,1 
43：熊本県,熊本市東区,ベルギー,35：永住者,08_35～39歳,1:男,1 
43：熊本県,熊本市東区,リトアニア,16：技術・人文知識・国際業務,07_30～34歳,2:女,1 
43：熊本県,熊本市東区,ルーマニア,34：特定活動,16_75～79歳,2:女,1 
43：熊本県,熊本市東区,ルーマニア,35：永住者,09_40～44歳,1:男,1 
43：熊本県,熊本市東区,ルーマニア,35：永住者,09_40～44歳,2:女,2 
43：熊本県,熊本市東区,ルーマニア,35：永住者,10_45～49歳,2:女,1 
43：熊本県,熊本市東区,ルーマニア,35：永住者,12_55～59歳,2:女,1 
43：熊本県,熊本市東区,ロシア,36：日本人の配偶者等,10_45～49歳,2:女,1 
43：熊本県,熊本市東区,ロシア,36：日本人の配偶者等,11_50～54歳,1:男,1 
43：熊本県,熊本市東区,エジプト,07：高度専門職１号イ,09_40～44歳,1:男,1 
43：熊本県,熊本市東区,エジプト,29：文化活動,08_35～39歳,1:男,1 
43：熊本県,熊本市東区,エジプト,33：家族滞在,01_０～４歳,2:女,1 
43：熊本県,熊本市東区,エジプト,33：家族滞在,07_30～34歳,2:女,1 
43：熊本県,熊本市東区,ガーナ,31：留学,08_35～39歳,1:男,1 
43：熊本県,熊本市東区,ガーナ,31：留学,08_35～39歳,2:女,1 
43：熊本県,熊本市東区,ガーナ,31：留学,09_40～44歳,1:男,1 
43：熊本県,熊本市東区,ガーナ,33：家族滞在,08_35～39歳,2:女,1 
43：熊本県,熊本市東区,コートジボワール,31：留学,09_40～44歳,1:男,1 
43：熊本県,熊本市東区,コートジボワール,33：家族滞在,09_40～44歳,2:女,1 
43：熊本県,熊本市東区,ジブチ,31：留学,07_30～34歳,1:男,1 
43：熊本県,熊本市東区,ナイジェリア,35：永住者,09_40～44歳,1:男,1 
43：熊本県,熊本市東区,ナイジェリア,35：永住者,10_45～49歳,1:男,1 
43：熊本県,熊本市東区,南アフリカ共和国,15：教育,05_20～24歳,2:女,1 
43：熊本県,熊本市東区,南アフリカ共和国,15：教育,06_25～29歳,2:女,1 
43：熊本県,熊本市東区,南アフリカ共和国,15：教育,07_30～34歳,1:男,2 
43：熊本県,熊本市東区,南アフリカ共和国,35：永住者,08_35～39歳,1:男,1 
43：熊本県,熊本市東区,モロッコ,35：永住者,09_40～44歳,1:男,1 
43：熊本県,熊本市東区,モロッコ,36：日本人の配偶者等,08_35～39歳,2:女,1 
43：熊本県,熊本市東区,カナダ,15：教育,06_25～29歳,1:男,1 
43：熊本県,熊本市東区,カナダ,15：教育,06_25～29歳,2:女,2 
43：熊本県,熊本市東区,カナダ,15：教育,07_30～34歳,2:女,1 
43：熊本県,熊本市東区,カナダ,16：技術・人文知識・国際業務,06_25～29歳,1:男,1 
43：熊本県,熊本市東区,カナダ,31：留学,04_15～19歳,2:女,1 
43：熊本県,熊本市東区,カナダ,35：永住者,08_35～39歳,1:男,1 
43：熊本県,熊本市東区,カナダ,35：永住者,10_45～49歳,1:男,1 
43：熊本県,熊本市東区,カナダ,35：永住者,13_60～64歳,1:男,1 
43：熊本県,熊本市東区,カナダ,35：永住者,17_80歳以上,2:女,1 
43：熊本県,熊本市東区,カナダ,36：日本人の配偶者等,08_35～39歳,1:男,1 
43：熊本県,熊本市東区,ジャマイカ,15：教育,08_35～39歳,2:女,1 
43：熊本県,熊本市東区,トリニダード・トバゴ,15：教育,06_25～29歳,2:女,1 
43：熊本県,熊本市東区,トリニダード・トバゴ,16：技術・人文知識・国際業務,08_35～39歳,1:男,1 
43：熊本県,熊本市東区,米国,11：経営・管理,08_35～39歳,1:男,1 
43：熊本県,熊本市東区,米国,15：教育,05_20～24歳,1:男,2 
43：熊本県,熊本市東区,米国,15：教育,05_20～24歳,2:女,2 
43：熊本県,熊本市東区,米国,15：教育,06_25～29歳,1:男,4 
43：熊本県,熊本市東区,米国,15：教育,06_25～29歳,2:女,5 
43：熊本県,熊本市東区,米国,15：教育,07_30～34歳,1:男,1 
43：熊本県,熊本市東区,米国,15：教育,07_30～34歳,2:女,4 
43：熊本県,熊本市東区,米国,15：教育,08_35～39歳,1:男,1 
43：熊本県,熊本市東区,米国,15：教育,10_45～49歳,2:女,1 
43：熊本県,熊本市東区,米国,16：技術・人文知識・国際業務,06_25～29歳,1:男,2 
43：熊本県,熊本市東区,米国,16：技術・人文知識・国際業務,06_25～29歳,2:女,1 
43：熊本県,熊本市東区,米国,16：技術・人文知識・国際業務,07_30～34歳,1:男,1 
43：熊本県,熊本市東区,米国,16：技術・人文知識・国際業務,08_35～39歳,1:男,2 
43：熊本県,熊本市東区,米国,31：留学,04_15～19歳,2:女,1 
43：熊本県,熊本市東区,米国,31：留学,05_20～24歳,1:男,1 
43：熊本県,熊本市東区,米国,31：留学,06_25～29歳,1:男,1 
43：熊本県,熊本市東区,米国,34：特定活動,03_10～14歳,1:男,1 
43：熊本県,熊本市東区,米国,35：永住者,09_40～44歳,1:男,2 
43：熊本県,熊本市東区,米国,35：永住者,10_45～49歳,1:男,1 
43：熊本県,熊本市東区,米国,35：永住者,10_45～49歳,2:女,1 
43：熊本県,熊本市東区,米国,35：永住者,11_50～54歳,1:男,2 
43：熊本県,熊本市東区,米国,35：永住者,12_55～59歳,1:男,4 
43：熊本県,熊本市東区,米国,35：永住者,13_60～64歳,1:男,1 
43：熊本県,熊本市東区,米国,35：永住者,13_60～64歳,2:女,1 
43：熊本県,熊本市東区,米国,35：永住者,14_65～69歳,1:男,5 
43：熊本県,熊本市東区,米国,35：永住者,14_65～69歳,2:女,1 
43：熊本県,熊本市東区,米国,35：永住者,16_75～79歳,1:男,1 
43：熊本県,熊本市東区,米国,35：永住者,17_80歳以上,2:女,1 
43：熊本県,熊本市東区,米国,36：日本人の配偶者等,02_５～９歳,1:男,1 
43：熊本県,熊本市東区,米国,36：日本人の配偶者等,03_10～14歳,1:男,1 
43：熊本県,熊本市東区,米国,36：日本人の配偶者等,06_25～29歳,1:男,1 
43：熊本県,熊本市東区,米国,36：日本人の配偶者等,06_25～29歳,2:女,1 
43：熊本県,熊本市東区,米国,36：日本人の配偶者等,07_30～34歳,2:女,1 
43：熊本県,熊本市東区,米国,36：日本人の配偶者等,08_35～39歳,1:男,4 
43：熊本県,熊本市東区,米国,36：日本人の配偶者等,09_40～44歳,1:男,1 
43：熊本県,熊本市東区,米国,36：日本人の配偶者等,09_40～44歳,2:女,2 
43：熊本県,熊本市東区,米国,36：日本人の配偶者等,10_45～49歳,1:男,1 
43：熊本県,熊本市東区,米国,36：日本人の配偶者等,14_65～69歳,1:男,1 
43：熊本県,熊本市東区,米国,36：日本人の配偶者等,15_70～74歳,1:男,2 
43：熊本県,熊本市東区,米国,36：日本人の配偶者等,17_80歳以上,1:男,1 
43：熊本県,熊本市東区,米国,38：定住者,11_50～54歳,2:女,1 
43：熊本県,熊本市東区,米国,38：定住者,13_60～64歳,1:男,1 
43：熊本県,熊本市東区,メキシコ,33：家族滞在,08_35～39歳,1:男,1 
43：熊本県,熊本市東区,メキシコ,35：永住者,08_35～39歳,2:女,1 
43：熊本県,熊本市東区,メキシコ,36：日本人の配偶者等,07_30～34歳,2:女,1 
43：熊本県,熊本市東区,アルゼンチン,15：教育,08_35～39歳,2:女,1 
43：熊本県,熊本市東区,コロンビア,36：日本人の配偶者等,07_30～34歳,1:男,1 
43：熊本県,熊本市東区,ブラジル,35：永住者,07_30～34歳,2:女,1 
43：熊本県,熊本市東区,ブラジル,35：永住者,10_45～49歳,2:女,1 
43：熊本県,熊本市東区,ブラジル,35：永住者,11_50～54歳,1:男,1 
43：熊本県,熊本市東区,ブラジル,35：永住者,12_55～59歳,1:男,1 
43：熊本県,熊本市東区,ブラジル,35：永住者,12_55～59歳,2:女,1 
43：熊本県,熊本市東区,ブラジル,35：永住者,15_70～74歳,2:女,1 
43：熊本県,熊本市東区,ブラジル,36：日本人の配偶者等,11_50～54歳,1:男,1 
43：熊本県,熊本市東区,ブラジル,38：定住者,12_55～59歳,1:男,1 
43：熊本県,熊本市東区,ベネズエラ,36：日本人の配偶者等,09_40～44歳,1:男,1 
43：熊本県,熊本市東区,ボリビア,38：定住者,04_15～19歳,2:女,1 
43：熊本県,熊本市東区,オーストラリア,15：教育,06_25～29歳,2:女,1 
43：熊本県,熊本市東区,オーストラリア,36：日本人の配偶者等,09_40～44歳,1:男,1 
43：熊本県,熊本市東区,オーストラリア,36：日本人の配偶者等,14_65～69歳,1:男,1 
43：熊本県,熊本市東区,ニュージーランド,15：教育,06_25～29歳,1:男,1 
43：熊本県,熊本市東区,ニュージーランド,16：技術・人文知識・国際業務,06_25～29歳,1:男,1 
43：熊本県,熊本市東区,ニュージーランド,35：永住者,10_45～49歳,1:男,1 
43：熊本県,熊本市東区,ニュージーランド,36：日本人の配偶者等,09_40～44歳,1:男,1 
43：熊本県,熊本市西区,イラン,16：技術・人文知識・国際業務,06_25～29歳,2:女,1 
43：熊本県,熊本市西区,インド,16：技術・人文知識・国際業務,06_25～29歳,1:男,2 
43：熊本県,熊本市西区,インド,20：技能,07_30～34歳,1:男,1 
43：熊本県,熊本市西区,インド,20：技能,08_35～39歳,1:男,1 
43：熊本県,熊本市西区,インド,20：技能,09_40～44歳,1:男,1 
43：熊本県,熊本市西区,インドネシア,16：技術・人文知識・国際業務,06_25～29歳,1:男,1 
43：熊本県,熊本市西区,インドネシア,16：技術・人文知識・国際業務,08_35～39歳,1:男,1 
43：熊本県,熊本市西区,インドネシア,21：特定技能１号,04_15～19歳,1:男,3 
43：熊本県,熊本市西区,インドネシア,21：特定技能１号,04_15～19歳,2:女,5 
43：熊本県,熊本市西区,インドネシア,21：特定技能１号,05_20～24歳,1:男,5 
43：熊本県,熊本市西区,インドネシア,21：特定技能１号,05_20～24歳,2:女,18 
43：熊本県,熊本市西区,インドネシア,21：特定技能１号,06_25～29歳,1:男,5 
43：熊本県,熊本市西区,インドネシア,21：特定技能１号,06_25～29歳,2:女,4 
43：熊本県,熊本市西区,インドネシア,21：特定技能１号,07_30～34歳,1:男,3 
43：熊本県,熊本市西区,インドネシア,21：特定技能１号,08_35～39歳,1:男,1 
43：熊本県,熊本市西区,インドネシア,21：特定技能１号,09_40～44歳,1:男,1 
43：熊本県,熊本市西区,インドネシア,24：技能実習１号ロ,05_20～24歳,1:男,2 
43：熊本県,熊本市西区,インドネシア,24：技能実習１号ロ,05_20～24歳,2:女,6 
43：熊本県,熊本市西区,インドネシア,26：技能実習２号ロ,04_15～19歳,1:男,1 
43：熊本県,熊本市西区,インドネシア,26：技能実習２号ロ,05_20～24歳,1:男,7 
43：熊本県,熊本市西区,インドネシア,26：技能実習２号ロ,05_20～24歳,2:女,8 
43：熊本県,熊本市西区,インドネシア,26：技能実習２号ロ,06_25～29歳,1:男,3 
43：熊本県,熊本市西区,インドネシア,26：技能実習２号ロ,06_25～29歳,2:女,1 
43：熊本県,熊本市西区,インドネシア,26：技能実習２号ロ,07_30～34歳,1:男,2 
43：熊本県,熊本市西区,インドネシア,34：特定活動,06_25～29歳,1:男,2 
43：熊本県,熊本市西区,インドネシア,34：特定活動,06_25～29歳,2:女,1 
43：熊本県,熊本市西区,インドネシア,34：特定活動,07_30～34歳,1:男,1 
43：熊本県,熊本市西区,韓国,03：教授,08_35～39歳,1:男,1 
43：熊本県,熊本市西区,韓国,16：技術・人文知識・国際業務,06_25～29歳,1:男,6 
43：熊本県,熊本市西区,韓国,16：技術・人文知識・国際業務,07_30～34歳,1:男,1 
43：熊本県,熊本市西区,韓国,31：留学,05_20～24歳,2:女,1 
43：熊本県,熊本市西区,韓国,31：留学,07_30～34歳,2:女,1 
43：熊本県,熊本市西区,韓国,35：永住者,04_15～19歳,1:男,1 
43：熊本県,熊本市西区,韓国,35：永住者,04_15～19歳,2:女,1 
43：熊本県,熊本市西区,韓国,35：永住者,06_25～29歳,1:男,1 
43：熊本県,熊本市西区,韓国,35：永住者,08_35～39歳,2:女,1 
43：熊本県,熊本市西区,韓国,35：永住者,09_40～44歳,1:男,2 
43：熊本県,熊本市西区,韓国,35：永住者,10_45～49歳,1:男,2 
43：熊本県,熊本市西区,韓国,35：永住者,10_45～49歳,2:女,1 
43：熊本県,熊本市西区,韓国,35：永住者,11_50～54歳,2:女,2 
43：熊本県,熊本市西区,韓国,35：永住者,12_55～59歳,1:男,1 
43：熊本県,熊本市西区,韓国,35：永住者,12_55～59歳,2:女,1 
43：熊本県,熊本市西区,韓国,35：永住者,13_60～64歳,2:女,2 
43：熊本県,熊本市西区,韓国,35：永住者,14_65～69歳,2:女,2 
43：熊本県,熊本市西区,韓国,35：永住者,15_70～74歳,2:女,1 
43：熊本県,熊本市西区,韓国,35：永住者,16_75～79歳,2:女,2 
43：熊本県,熊本市西区,韓国,36：日本人の配偶者等,07_30～34歳,1:男,2 
43：熊本県,熊本市西区,韓国,36：日本人の配偶者等,09_40～44歳,1:男,1 
43：熊本県,熊本市西区,韓国,36：日本人の配偶者等,09_40～44歳,2:女,1 
43：熊本県,熊本市西区,韓国,36：日本人の配偶者等,10_45～49歳,1:男,1 
43：熊本県,熊本市西区,韓国,38：定住者,14_65～69歳,2:女,1 
43：熊本県,熊本市西区,韓国,39：特別永住者,07_30～34歳,2:女,1 
43：熊本県,熊本市西区,韓国,39：特別永住者,08_35～39歳,2:女,1 
43：熊本県,熊本市西区,韓国,39：特別永住者,10_45～49歳,2:女,2 
43：熊本県,熊本市西区,韓国,39：特別永住者,12_55～59歳,1:男,1 
43：熊本県,熊本市西区,韓国,39：特別永住者,13_60～64歳,2:女,2 
43：熊本県,熊本市西区,韓国,39：特別永住者,14_65～69歳,1:男,2 
43：熊本県,熊本市西区,韓国,39：特別永住者,14_65～69歳,2:女,2 
43：熊本県,熊本市西区,韓国,39：特別永住者,15_70～74歳,1:男,4 
43：熊本県,熊本市西区,韓国,39：特別永住者,15_70～74歳,2:女,1 
43：熊本県,熊本市西区,韓国,39：特別永住者,16_75～79歳,1:男,3 
43：熊本県,熊本市西区,韓国,39：特別永住者,17_80歳以上,1:男,2 
43：熊本県,熊本市西区,韓国,39：特別永住者,17_80歳以上,2:女,2 
43：熊本県,熊本市西区,朝鮮,39：特別永住者,16_75～79歳,2:女,1 
43：熊本県,熊本市西区,カンボジア,21：特定技能１号,05_20～24歳,1:男,1 
43：熊本県,熊本市西区,カンボジア,21：特定技能１号,06_25～29歳,1:男,1 
43：熊本県,熊本市西区,カンボジア,21：特定技能１号,06_25～29歳,2:女,3 
43：熊本県,熊本市西区,カンボジア,21：特定技能１号,07_30～34歳,1:男,3 
43：熊本県,熊本市西区,カンボジア,24：技能実習１号ロ,05_20～24歳,1:男,1 
43：熊本県,熊本市西区,カンボジア,26：技能実習２号ロ,05_20～24歳,1:男,5 
43：熊本県,熊本市西区,カンボジア,26：技能実習２号ロ,06_25～29歳,1:男,1 
43：熊本県,熊本市西区,カンボジア,26：技能実習２号ロ,06_25～29歳,2:女,1 
43：熊本県,熊本市西区,カンボジア,26：技能実習２号ロ,07_30～34歳,2:女,2 
43：熊本県,熊本市西区,カンボジア,26：技能実習２号ロ,08_35～39歳,1:男,1 
43：熊本県,熊本市西区,シンガポール,15：教育,06_25～29歳,1:男,1 
43：熊本県,熊本市西区,スリランカ,11：経営・管理,08_35～39歳,1:男,1 
43：熊本県,熊本市西区,スリランカ,11：経営・管理,11_50～54歳,1:男,1 
43：熊本県,熊本市西区,スリランカ,16：技術・人文知識・国際業務,07_30～34歳,1:男,1 
43：熊本県,熊本市西区,スリランカ,20：技能,07_30～34歳,1:男,1 
43：熊本県,熊本市西区,スリランカ,20：技能,09_40～44歳,1:男,2 
43：熊本県,熊本市西区,スリランカ,31：留学,06_25～29歳,1:男,1 
43：熊本県,熊本市西区,スリランカ,31：留学,06_25～29歳,2:女,1 
43：熊本県,熊本市西区,スリランカ,31：留学,07_30～34歳,1:男,1 
43：熊本県,熊本市西区,スリランカ,33：家族滞在,01_０～４歳,2:女,1 
43：熊本県,熊本市西区,スリランカ,33：家族滞在,02_５～９歳,2:女,2 
43：熊本県,熊本市西区,スリランカ,33：家族滞在,03_10～14歳,2:女,1 
43：熊本県,熊本市西区,スリランカ,33：家族滞在,06_25～29歳,2:女,1 
43：熊本県,熊本市西区,スリランカ,33：家族滞在,09_40～44歳,2:女,1 
43：熊本県,熊本市西区,スリランカ,35：永住者,09_40～44歳,1:男,1 
43：熊本県,熊本市西区,タイ,21：特定技能１号,06_25～29歳,2:女,2 
43：熊本県,熊本市西区,タイ,21：特定技能１号,07_30～34歳,2:女,1 
43：熊本県,熊本市西区,タイ,24：技能実習１号ロ,05_20～24歳,2:女,1 
43：熊本県,熊本市西区,タイ,24：技能実習１号ロ,06_25～29歳,2:女,1 
43：熊本県,熊本市西区,タイ,26：技能実習２号ロ,05_20～24歳,1:男,1 
43：熊本県,熊本市西区,タイ,26：技能実習２号ロ,05_20～24歳,2:女,5 
43：熊本県,熊本市西区,タイ,26：技能実習２号ロ,06_25～29歳,1:男,3 
43：熊本県,熊本市西区,タイ,26：技能実習２号ロ,06_25～29歳,2:女,2 
43：熊本県,熊本市西区,タイ,28：技能実習３号ロ,07_30～34歳,2:女,2 
43：熊本県,熊本市西区,タイ,36：日本人の配偶者等,08_35～39歳,2:女,1 
43：熊本県,熊本市西区,台湾,08：高度専門職１号ロ,07_30～34歳,1:男,4 
43：熊本県,熊本市西区,台湾,08：高度専門職１号ロ,07_30～34歳,2:女,1 
43：熊本県,熊本市西区,台湾,08：高度専門職１号ロ,08_35～39歳,1:男,1 
43：熊本県,熊本市西区,台湾,08：高度専門職１号ロ,08_35～39歳,2:女,1 
43：熊本県,熊本市西区,台湾,08：高度専門職１号ロ,09_40～44歳,1:男,2 
43：熊本県,熊本市西区,台湾,08：高度専門職１号ロ,10_45～49歳,1:男,1 
43：熊本県,熊本市西区,台湾,08：高度専門職１号ロ,12_55～59歳,1:男,1 
43：熊本県,熊本市西区,台湾,16：技術・人文知識・国際業務,05_20～24歳,1:男,2 
43：熊本県,熊本市西区,台湾,16：技術・人文知識・国際業務,06_25～29歳,1:男,5 
43：熊本県,熊本市西区,台湾,16：技術・人文知識・国際業務,06_25～29歳,2:女,2 
43：熊本県,熊本市西区,台湾,16：技術・人文知識・国際業務,07_30～34歳,1:男,2 
43：熊本県,熊本市西区,台湾,16：技術・人文知識・国際業務,07_30～34歳,2:女,2 
43：熊本県,熊本市西区,台湾,16：技術・人文知識・国際業務,08_35～39歳,1:男,1 
43：熊本県,熊本市西区,台湾,16：技術・人文知識・国際業務,08_35～39歳,2:女,3 
43：熊本県,熊本市西区,台湾,16：技術・人文知識・国際業務,09_40～44歳,1:男,1 
43：熊本県,熊本市西区,台湾,16：技術・人文知識・国際業務,10_45～49歳,2:女,1 
43：熊本県,熊本市西区,台湾,17：企業内転勤,06_25～29歳,1:男,1 
43：熊本県,熊本市西区,台湾,17：企業内転勤,07_30～34歳,1:男,1 
43：熊本県,熊本市西区,台湾,17：企業内転勤,08_35～39歳,1:男,2 
43：熊本県,熊本市西区,台湾,17：企業内転勤,09_40～44歳,1:男,1 
43：熊本県,熊本市西区,台湾,17：企業内転勤,10_45～49歳,1:男,2 
43：熊本県,熊本市西区,台湾,31：留学,09_40～44歳,1:男,1 
43：熊本県,熊本市西区,台湾,33：家族滞在,01_０～４歳,2:女,1 
43：熊本県,熊本市西区,台湾,33：家族滞在,08_35～39歳,2:女,1 
43：熊本県,熊本市西区,台湾,33：家族滞在,09_40～44歳,2:女,1 
43：熊本県,熊本市西区,台湾,35：永住者,07_30～34歳,2:女,2 
43：熊本県,熊本市西区,台湾,35：永住者,09_40～44歳,2:女,1 
43：熊本県,熊本市西区,台湾,35：永住者,10_45～49歳,1:男,1 
43：熊本県,熊本市西区,台湾,35：永住者,13_60～64歳,2:女,2 
43：熊本県,熊本市西区,台湾,36：日本人の配偶者等,09_40～44歳,1:男,1 
43：熊本県,熊本市西区,台湾,36：日本人の配偶者等,09_40～44歳,2:女,1 
43：熊本県,熊本市西区,中国,11：経営・管理,08_35～39歳,1:男,1 
43：熊本県,熊本市西区,中国,11：経営・管理,09_40～44歳,1:男,1 
43：熊本県,熊本市西区,中国,11：経営・管理,13_60～64歳,1:男,1 
43：熊本県,熊本市西区,中国,13：医療,07_30～34歳,1:男,1 
43：熊本県,熊本市西区,中国,16：技術・人文知識・国際業務,06_25～29歳,1:男,1 
43：熊本県,熊本市西区,中国,16：技術・人文知識・国際業務,06_25～29歳,2:女,2 
43：熊本県,熊本市西区,中国,16：技術・人文知識・国際業務,07_30～34歳,1:男,4 
43：熊本県,熊本市西区,中国,16：技術・人文知識・国際業務,07_30～34歳,2:女,1 
43：熊本県,熊本市西区,中国,16：技術・人文知識・国際業務,08_35～39歳,1:男,1 
43：熊本県,熊本市西区,中国,16：技術・人文知識・国際業務,08_35～39歳,2:女,1 
43：熊本県,熊本市西区,中国,16：技術・人文知識・国際業務,09_40～44歳,2:女,1 
43：熊本県,熊本市西区,中国,16：技術・人文知識・国際業務,10_45～49歳,2:女,2 
43：熊本県,熊本市西区,中国,16：技術・人文知識・国際業務,11_50～54歳,1:男,1 
43：熊本県,熊本市西区,中国,16：技術・人文知識・国際業務,12_55～59歳,1:男,1 
43：熊本県,熊本市西区,中国,18：介護,07_30～34歳,2:女,1 
43：熊本県,熊本市西区,中国,20：技能,09_40～44歳,1:男,1 
43：熊本県,熊本市西区,中国,20：技能,10_45～49歳,1:男,1 
43：熊本県,熊本市西区,中国,21：特定技能１号,10_45～49歳,2:女,1 
43：熊本県,熊本市西区,中国,24：技能実習１号ロ,08_35～39歳,1:男,1 
43：熊本県,熊本市西区,中国,24：技能実習１号ロ,09_40～44歳,1:男,1 
43：熊本県,熊本市西区,中国,28：技能実習３号ロ,07_30～34歳,1:男,1 
43：熊本県,熊本市西区,中国,31：留学,04_15～19歳,1:男,4 
43：熊本県,熊本市西区,中国,31：留学,04_15～19歳,2:女,2 
43：熊本県,熊本市西区,中国,31：留学,05_20～24歳,1:男,19 
43：熊本県,熊本市西区,中国,31：留学,05_20～24歳,2:女,3 
43：熊本県,熊本市西区,中国,31：留学,06_25～29歳,1:男,9 
43：熊本県,熊本市西区,中国,31：留学,06_25～29歳,2:女,4 
43：熊本県,熊本市西区,中国,31：留学,07_30～34歳,1:男,2 
43：熊本県,熊本市西区,中国,31：留学,07_30～34歳,2:女,1 
43：熊本県,熊本市西区,中国,33：家族滞在,01_０～４歳,1:男,1 
43：熊本県,熊本市西区,中国,33：家族滞在,01_０～４歳,2:女,1 
43：熊本県,熊本市西区,中国,33：家族滞在,02_５～９歳,1:男,2 
43：熊本県,熊本市西区,中国,33：家族滞在,02_５～９歳,2:女,1 
43：熊本県,熊本市西区,中国,33：家族滞在,03_10～14歳,1:男,1 
43：熊本県,熊本市西区,中国,33：家族滞在,05_20～24歳,2:女,1 
43：熊本県,熊本市西区,中国,33：家族滞在,08_35～39歳,2:女,1 
43：熊本県,熊本市西区,中国,33：家族滞在,09_40～44歳,2:女,1 
43：熊本県,熊本市西区,中国,33：家族滞在,10_45～49歳,2:女,1 
43：熊本県,熊本市西区,中国,33：家族滞在,13_60～64歳,2:女,1 
43：熊本県,熊本市西区,中国,35：永住者,01_０～４歳,2:女,2 
43：熊本県,熊本市西区,中国,35：永住者,02_５～９歳,1:男,1 
43：熊本県,熊本市西区,中国,35：永住者,02_５～９歳,2:女,6 
43：熊本県,熊本市西区,中国,35：永住者,03_10～14歳,1:男,5 
43：熊本県,熊本市西区,中国,35：永住者,03_10～14歳,2:女,4 
43：熊本県,熊本市西区,中国,35：永住者,04_15～19歳,1:男,5 
43：熊本県,熊本市西区,中国,35：永住者,04_15～19歳,2:女,1 
43：熊本県,熊本市西区,中国,35：永住者,05_20～24歳,1:男,2 
43：熊本県,熊本市西区,中国,35：永住者,05_20～24歳,2:女,6 
43：熊本県,熊本市西区,中国,35：永住者,06_25～29歳,1:男,2 
43：熊本県,熊本市西区,中国,35：永住者,06_25～29歳,2:女,4 
43：熊本県,熊本市西区,中国,35：永住者,07_30～34歳,1:男,3 
43：熊本県,熊本市西区,中国,35：永住者,07_30～34歳,2:女,3 
43：熊本県,熊本市西区,中国,35：永住者,08_35～39歳,1:男,8 
43：熊本県,熊本市西区,中国,35：永住者,08_35～39歳,2:女,8 
43：熊本県,熊本市西区,中国,35：永住者,09_40～44歳,1:男,2 
43：熊本県,熊本市西区,中国,35：永住者,09_40～44歳,2:女,8 
43：熊本県,熊本市西区,中国,35：永住者,10_45～49歳,1:男,5 
43：熊本県,熊本市西区,中国,35：永住者,10_45～49歳,2:女,12 
43：熊本県,熊本市西区,中国,35：永住者,11_50～54歳,1:男,5 
43：熊本県,熊本市西区,中国,35：永住者,11_50～54歳,2:女,14 
43：熊本県,熊本市西区,中国,35：永住者,12_55～59歳,1:男,10 
43：熊本県,熊本市西区,中国,35：永住者,12_55～59歳,2:女,8 
43：熊本県,熊本市西区,中国,35：永住者,13_60～64歳,1:男,2 
43：熊本県,熊本市西区,中国,35：永住者,13_60～64歳,2:女,4 
43：熊本県,熊本市西区,中国,35：永住者,14_65～69歳,2:女,1 
43：熊本県,熊本市西区,中国,35：永住者,15_70～74歳,1:男,2 
43：熊本県,熊本市西区,中国,35：永住者,16_75～79歳,1:男,2 
43：熊本県,熊本市西区,中国,35：永住者,16_75～79歳,2:女,2 
43：熊本県,熊本市西区,中国,35：永住者,17_80歳以上,2:女,1 
43：熊本県,熊本市西区,中国,36：日本人の配偶者等,07_30～34歳,1:男,1 
43：熊本県,熊本市西区,中国,36：日本人の配偶者等,07_30～34歳,2:女,1 
43：熊本県,熊本市西区,中国,36：日本人の配偶者等,08_35～39歳,2:女,1 
43：熊本県,熊本市西区,中国,36：日本人の配偶者等,09_40～44歳,2:女,2 
43：熊本県,熊本市西区,中国,36：日本人の配偶者等,10_45～49歳,2:女,1 
43：熊本県,熊本市西区,中国,36：日本人の配偶者等,11_50～54歳,2:女,2 
43：熊本県,熊本市西区,中国,36：日本人の配偶者等,13_60～64歳,2:女,1 
43：熊本県,熊本市西区,中国,37：永住者の配偶者等,01_０～４歳,1:男,2 
43：熊本県,熊本市西区,中国,37：永住者の配偶者等,02_５～９歳,1:男,2 
43：熊本県,熊本市西区,中国,37：永住者の配偶者等,02_５～９歳,2:女,1 
43：熊本県,熊本市西区,中国,37：永住者の配偶者等,06_25～29歳,1:男,1 
43：熊本県,熊本市西区,中国,37：永住者の配偶者等,06_25～29歳,2:女,1 
43：熊本県,熊本市西区,中国,37：永住者の配偶者等,07_30～34歳,2:女,2 
43：熊本県,熊本市西区,中国,37：永住者の配偶者等,08_35～39歳,1:男,1 
43：熊本県,熊本市西区,中国,37：永住者の配偶者等,08_35～39歳,2:女,2 
43：熊本県,熊本市西区,中国,37：永住者の配偶者等,09_40～44歳,1:男,2 
43：熊本県,熊本市西区,中国,37：永住者の配偶者等,10_45～49歳,1:男,1 
43：熊本県,熊本市西区,中国,37：永住者の配偶者等,10_45～49歳,2:女,1 
43：熊本県,熊本市西区,中国,37：永住者の配偶者等,11_50～54歳,2:女,1 
43：熊本県,熊本市西区,中国,37：永住者の配偶者等,12_55～59歳,2:女,1 
43：熊本県,熊本市西区,中国,38：定住者,04_15～19歳,1:男,1 
43：熊本県,熊本市西区,ネパール,16：技術・人文知識・国際業務,06_25～29歳,1:男,2 
43：熊本県,熊本市西区,ネパール,16：技術・人文知識・国際業務,06_25～29歳,2:女,1 
43：熊本県,熊本市西区,ネパール,16：技術・人文知識・国際業務,07_30～34歳,1:男,6 
43：熊本県,熊本市西区,ネパール,16：技術・人文知識・国際業務,07_30～34歳,2:女,2 
43：熊本県,熊本市西区,ネパール,16：技術・人文知識・国際業務,08_35～39歳,1:男,1 
43：熊本県,熊本市西区,ネパール,16：技術・人文知識・国際業務,09_40～44歳,1:男,1 
43：熊本県,熊本市西区,ネパール,18：介護,07_30～34歳,2:女,1 
43：熊本県,熊本市西区,ネパール,20：技能,08_35～39歳,1:男,1 
43：熊本県,熊本市西区,ネパール,21：特定技能１号,05_20～24歳,2:女,3 
43：熊本県,熊本市西区,ネパール,21：特定技能１号,07_30～34歳,2:女,1 
43：熊本県,熊本市西区,ネパール,31：留学,04_15～19歳,1:男,2 
43：熊本県,熊本市西区,ネパール,31：留学,05_20～24歳,1:男,19 
43：熊本県,熊本市西区,ネパール,31：留学,05_20～24歳,2:女,1 
43：熊本県,熊本市西区,ネパール,31：留学,06_25～29歳,1:男,4 
43：熊本県,熊本市西区,ネパール,33：家族滞在,01_０～４歳,1:男,2 
43：熊本県,熊本市西区,ネパール,33：家族滞在,01_０～４歳,2:女,2 
43：熊本県,熊本市西区,ネパール,33：家族滞在,02_５～９歳,1:男,2 
43：熊本県,熊本市西区,ネパール,33：家族滞在,05_20～24歳,2:女,1 
43：熊本県,熊本市西区,ネパール,33：家族滞在,06_25～29歳,2:女,4 
43：熊本県,熊本市西区,ネパール,33：家族滞在,07_30～34歳,1:男,3 
43：熊本県,熊本市西区,ネパール,33：家族滞在,07_30～34歳,2:女,4 
43：熊本県,熊本市西区,ネパール,35：永住者,07_30～34歳,1:男,1 
43：熊本県,熊本市西区,パキスタン,31：留学,06_25～29歳,2:女,1 
43：熊本県,熊本市西区,バングラデシュ,18：介護,06_25～29歳,1:男,1 
43：熊本県,熊本市西区,バングラデシュ,24：技能実習１号ロ,05_20～24歳,1:男,1 
43：熊本県,熊本市西区,バングラデシュ,24：技能実習１号ロ,06_25～29歳,1:男,2 
43：熊本県,熊本市西区,バングラデシュ,26：技能実習２号ロ,05_20～24歳,1:男,1 
43：熊本県,熊本市西区,バングラデシュ,26：技能実習２号ロ,06_25～29歳,1:男,1 
43：熊本県,熊本市西区,バングラデシュ,31：留学,08_35～39歳,2:女,1 
43：熊本県,熊本市西区,バングラデシュ,33：家族滞在,02_５～９歳,2:女,1 
43：熊本県,熊本市西区,バングラデシュ,33：家族滞在,05_20～24歳,2:女,1 
43：熊本県,熊本市西区,フィリピン,21：特定技能１号,05_20～24歳,2:女,2 
43：熊本県,熊本市西区,フィリピン,21：特定技能１号,06_25～29歳,1:男,2 
43：熊本県,熊本市西区,フィリピン,21：特定技能１号,06_25～29歳,2:女,2 
43：熊本県,熊本市西区,フィリピン,21：特定技能１号,07_30～34歳,1:男,3 
43：熊本県,熊本市西区,フィリピン,21：特定技能１号,08_35～39歳,2:女,1 
43：熊本県,熊本市西区,フィリピン,24：技能実習１号ロ,05_20～24歳,1:男,2 
43：熊本県,熊本市西区,フィリピン,24：技能実習１号ロ,06_25～29歳,1:男,3 
43：熊本県,熊本市西区,フィリピン,26：技能実習２号ロ,05_20～24歳,1:男,1 
43：熊本県,熊本市西区,フィリピン,26：技能実習２号ロ,06_25～29歳,1:男,7 
43：熊本県,熊本市西区,フィリピン,26：技能実習２号ロ,07_30～34歳,1:男,4 
43：熊本県,熊本市西区,フィリピン,31：留学,05_20～24歳,2:女,1 
43：熊本県,熊本市西区,フィリピン,31：留学,06_25～29歳,2:女,1 
43：熊本県,熊本市西区,フィリピン,31：留学,07_30～34歳,1:男,1 
43：熊本県,熊本市西区,フィリピン,31：留学,07_30～34歳,2:女,1 
43：熊本県,熊本市西区,フィリピン,33：家族滞在,07_30～34歳,2:女,1 
43：熊本県,熊本市西区,フィリピン,35：永住者,05_20～24歳,1:男,1 
43：熊本県,熊本市西区,フィリピン,35：永住者,07_30～34歳,1:男,1 
43：熊本県,熊本市西区,フィリピン,35：永住者,07_30～34歳,2:女,1 
43：熊本県,熊本市西区,フィリピン,35：永住者,09_40～44歳,2:女,4 
43：熊本県,熊本市西区,フィリピン,35：永住者,10_45～49歳,2:女,5 
43：熊本県,熊本市西区,フィリピン,35：永住者,11_50～54歳,2:女,9 
43：熊本県,熊本市西区,フィリピン,35：永住者,12_55～59歳,2:女,6 
43：熊本県,熊本市西区,フィリピン,35：永住者,13_60～64歳,2:女,5 
43：熊本県,熊本市西区,フィリピン,35：永住者,16_75～79歳,1:男,1 
43：熊本県,熊本市西区,フィリピン,35：永住者,16_75～79歳,2:女,1 
43：熊本県,熊本市西区,フィリピン,36：日本人の配偶者等,05_20～24歳,1:男,1 
43：熊本県,熊本市西区,フィリピン,36：日本人の配偶者等,06_25～29歳,2:女,1 
43：熊本県,熊本市西区,フィリピン,36：日本人の配偶者等,08_35～39歳,2:女,2 
43：熊本県,熊本市西区,フィリピン,36：日本人の配偶者等,09_40～44歳,2:女,1 
43：熊本県,熊本市西区,フィリピン,36：日本人の配偶者等,10_45～49歳,2:女,3 
43：熊本県,熊本市西区,フィリピン,36：日本人の配偶者等,13_60～64歳,2:女,1 
43：熊本県,熊本市西区,フィリピン,37：永住者の配偶者等,01_０～４歳,1:男,1 
43：熊本県,熊本市西区,フィリピン,38：定住者,04_15～19歳,1:男,1 
43：熊本県,熊本市西区,フィリピン,38：定住者,05_20～24歳,2:女,1 
43：熊本県,熊本市西区,フィリピン,38：定住者,08_35～39歳,1:男,1 
43：熊本県,熊本市西区,ベトナム,05：宗教,10_45～49歳,2:女,1 
43：熊本県,熊本市西区,ベトナム,16：技術・人文知識・国際業務,05_20～24歳,1:男,1 
43：熊本県,熊本市西区,ベトナム,16：技術・人文知識・国際業務,06_25～29歳,1:男,3 
43：熊本県,熊本市西区,ベトナム,16：技術・人文知識・国際業務,06_25～29歳,2:女,1 
43：熊本県,熊本市西区,ベトナム,16：技術・人文知識・国際業務,07_30～34歳,1:男,3 
43：熊本県,熊本市西区,ベトナム,16：技術・人文知識・国際業務,07_30～34歳,2:女,1 
43：熊本県,熊本市西区,ベトナム,16：技術・人文知識・国際業務,08_35～39歳,2:女,2 
43：熊本県,熊本市西区,ベトナム,17：企業内転勤,07_30～34歳,2:女,1 
43：熊本県,熊本市西区,ベトナム,17：企業内転勤,09_40～44歳,2:女,1 
43：熊本県,熊本市西区,ベトナム,18：介護,08_35～39歳,2:女,1 
43：熊本県,熊本市西区,ベトナム,18：介護,09_40～44歳,2:女,1 
43：熊本県,熊本市西区,ベトナム,21：特定技能１号,05_20～24歳,1:男,10 
43：熊本県,熊本市西区,ベトナム,21：特定技能１号,05_20～24歳,2:女,11 
43：熊本県,熊本市西区,ベトナム,21：特定技能１号,06_25～29歳,1:男,27 
43：熊本県,熊本市西区,ベトナム,21：特定技能１号,06_25～29歳,2:女,22 
43：熊本県,熊本市西区,ベトナム,21：特定技能１号,07_30～34歳,1:男,17 
43：熊本県,熊本市西区,ベトナム,21：特定技能１号,07_30～34歳,2:女,18 
43：熊本県,熊本市西区,ベトナム,21：特定技能１号,08_35～39歳,1:男,5 
43：熊本県,熊本市西区,ベトナム,21：特定技能１号,08_35～39歳,2:女,11 
43：熊本県,熊本市西区,ベトナム,21：特定技能１号,09_40～44歳,1:男,3 
43：熊本県,熊本市西区,ベトナム,21：特定技能１号,09_40～44歳,2:女,5 
43：熊本県,熊本市西区,ベトナム,22：特定技能２号,07_30～34歳,2:女,1 
43：熊本県,熊本市西区,ベトナム,24：技能実習１号ロ,04_15～19歳,2:女,7 
43：熊本県,熊本市西区,ベトナム,24：技能実習１号ロ,05_20～24歳,1:男,3 
43：熊本県,熊本市西区,ベトナム,24：技能実習１号ロ,05_20～24歳,2:女,2 
43：熊本県,熊本市西区,ベトナム,24：技能実習１号ロ,06_25～29歳,1:男,1 
43：熊本県,熊本市西区,ベトナム,24：技能実習１号ロ,07_30～34歳,1:男,1 
43：熊本県,熊本市西区,ベトナム,24：技能実習１号ロ,07_30～34歳,2:女,2 
43：熊本県,熊本市西区,ベトナム,24：技能実習１号ロ,08_35～39歳,1:男,1 
43：熊本県,熊本市西区,ベトナム,24：技能実習１号ロ,08_35～39歳,2:女,1 
43：熊本県,熊本市西区,ベトナム,26：技能実習２号ロ,05_20～24歳,1:男,26 
43：熊本県,熊本市西区,ベトナム,26：技能実習２号ロ,05_20～24歳,2:女,34 
43：熊本県,熊本市西区,ベトナム,26：技能実習２号ロ,06_25～29歳,1:男,8 
43：熊本県,熊本市西区,ベトナム,26：技能実習２号ロ,06_25～29歳,2:女,10 
43：熊本県,熊本市西区,ベトナム,26：技能実習２号ロ,07_30～34歳,1:男,3 
43：熊本県,熊本市西区,ベトナム,26：技能実習２号ロ,07_30～34歳,2:女,6 
43：熊本県,熊本市西区,ベトナム,26：技能実習２号ロ,08_35～39歳,1:男,2 
43：熊本県,熊本市西区,ベトナム,26：技能実習２号ロ,08_35～39歳,2:女,4 
43：熊本県,熊本市西区,ベトナム,28：技能実習３号ロ,07_30～34歳,2:女,1 
43：熊本県,熊本市西区,ベトナム,31：留学,05_20～24歳,1:男,3 
43：熊本県,熊本市西区,ベトナム,31：留学,05_20～24歳,2:女,1 
43：熊本県,熊本市西区,ベトナム,33：家族滞在,01_０～４歳,2:女,1 
43：熊本県,熊本市西区,ベトナム,33：家族滞在,05_20～24歳,2:女,1 
43：熊本県,熊本市西区,ベトナム,33：家族滞在,09_40～44歳,1:男,1 
43：熊本県,熊本市西区,ベトナム,34：特定活動,05_20～24歳,1:男,1 
43：熊本県,熊本市西区,ベトナム,34：特定活動,06_25～29歳,1:男,2 
43：熊本県,熊本市西区,ベトナム,34：特定活動,07_30～34歳,1:男,2 
43：熊本県,熊本市西区,ベトナム,34：特定活動,07_30～34歳,2:女,2 
43：熊本県,熊本市西区,ベトナム,34：特定活動,08_35～39歳,1:男,1 
43：熊本県,熊本市西区,ベトナム,35：永住者,06_25～29歳,1:男,1 
43：熊本県,熊本市西区,ベトナム,35：永住者,07_30～34歳,2:女,1 
43：熊本県,熊本市西区,ベトナム,36：日本人の配偶者等,08_35～39歳,1:男,1 
43：熊本県,熊本市西区,マレーシア,14：研究,07_30～34歳,1:男,1 
43：熊本県,熊本市西区,マレーシア,31：留学,05_20～24歳,1:男,2 
43：熊本県,熊本市西区,マレーシア,35：永住者,11_50～54歳,1:男,1 
43：熊本県,熊本市西区,ミャンマー,16：技術・人文知識・国際業務,07_30～34歳,1:男,1 
43：熊本県,熊本市西区,ミャンマー,21：特定技能１号,05_20～24歳,1:男,9 
43：熊本県,熊本市西区,ミャンマー,21：特定技能１号,05_20～24歳,2:女,13 
43：熊本県,熊本市西区,ミャンマー,21：特定技能１号,06_25～29歳,2:女,14 
43：熊本県,熊本市西区,ミャンマー,21：特定技能１号,07_30～34歳,2:女,2 
43：熊本県,熊本市西区,ミャンマー,21：特定技能１号,09_40～44歳,2:女,1 
43：熊本県,熊本市西区,ミャンマー,24：技能実習１号ロ,04_15～19歳,2:女,1 
43：熊本県,熊本市西区,ミャンマー,24：技能実習１号ロ,05_20～24歳,1:男,1 
43：熊本県,熊本市西区,ミャンマー,24：技能実習１号ロ,05_20～24歳,2:女,13 
43：熊本県,熊本市西区,ミャンマー,24：技能実習１号ロ,06_25～29歳,2:女,2 
43：熊本県,熊本市西区,ミャンマー,26：技能実習２号ロ,05_20～24歳,1:男,1 
43：熊本県,熊本市西区,ミャンマー,26：技能実習２号ロ,05_20～24歳,2:女,3 
43：熊本県,熊本市西区,ミャンマー,26：技能実習２号ロ,06_25～29歳,2:女,6 
43：熊本県,熊本市西区,ミャンマー,26：技能実習２号ロ,07_30～34歳,1:男,1 
43：熊本県,熊本市西区,ミャンマー,26：技能実習２号ロ,07_30～34歳,2:女,3 
43：熊本県,熊本市西区,ミャンマー,31：留学,05_20～24歳,2:女,1 
43：熊本県,熊本市西区,ミャンマー,34：特定活動,05_20～24歳,1:男,1 
43：熊本県,熊本市西区,ミャンマー,36：日本人の配偶者等,14_65～69歳,2:女,1 
43：熊本県,熊本市西区,アイルランド,35：永住者,16_75～79歳,1:男,1 
43：熊本県,熊本市西区,アイルランド,36：日本人の配偶者等,07_30～34歳,1:男,1 
43：熊本県,熊本市西区,イタリア,05：宗教,14_65～69歳,1:男,1 
43：熊本県,熊本市西区,イタリア,16：技術・人文知識・国際業務,07_30～34歳,1:男,1 
43：熊本県,熊本市西区,ウズベキスタン,16：技術・人文知識・国際業務,08_35～39歳,1:男,1 
43：熊本県,熊本市西区,ウズベキスタン,33：家族滞在,01_０～４歳,2:女,1 
43：熊本県,熊本市西区,ウズベキスタン,33：家族滞在,02_５～９歳,1:男,1 
43：熊本県,熊本市西区,ウズベキスタン,33：家族滞在,02_５～９歳,2:女,1 
43：熊本県,熊本市西区,ウズベキスタン,33：家族滞在,06_25～29歳,2:女,1 
43：熊本県,熊本市西区,英国,15：教育,06_25～29歳,1:男,1 
43：熊本県,熊本市西区,英国,16：技術・人文知識・国際業務,06_25～29歳,1:男,2 
43：熊本県,熊本市西区,英国,16：技術・人文知識・国際業務,07_30～34歳,1:男,1 
43：熊本県,熊本市西区,英国,35：永住者,08_35～39歳,1:男,1 
43：熊本県,熊本市西区,英国,35：永住者,10_45～49歳,1:男,2 
43：熊本県,熊本市西区,英国,35：永住者,11_50～54歳,1:男,2 
43：熊本県,熊本市西区,英国,35：永住者,12_55～59歳,1:男,1 
43：熊本県,熊本市西区,オランダ,35：永住者,11_50～54歳,1:男,1 
43：熊本県,熊本市西区,スペイン,36：日本人の配偶者等,08_35～39歳,1:男,1 
43：熊本県,熊本市西区,ドイツ,31：留学,09_40～44歳,1:男,1 
43：熊本県,熊本市西区,フィンランド,35：永住者,13_60～64歳,2:女,1 
43：熊本県,熊本市西区,フィンランド,36：日本人の配偶者等,10_45～49歳,1:男,1 
43：熊本県,熊本市西区,フランス,34：特定活動,08_35～39歳,1:男,1 
43：熊本県,熊本市西区,フランス,35：永住者,08_35～39歳,1:男,1 
43：熊本県,熊本市西区,フランス,35：永住者,09_40～44歳,1:男,3 
43：熊本県,熊本市西区,フランス,36：日本人の配偶者等,06_25～29歳,2:女,1 
43：熊本県,熊本市西区,フランス,36：日本人の配偶者等,10_45～49歳,1:男,1 
43：熊本県,熊本市西区,ルーマニア,35：永住者,08_35～39歳,2:女,1 
43：熊本県,熊本市西区,ロシア,16：技術・人文知識・国際業務,07_30～34歳,1:男,1 
43：熊本県,熊本市西区,ロシア,31：留学,06_25～29歳,2:女,1 
43：熊本県,熊本市西区,エジプト,07：高度専門職１号イ,10_45～49歳,1:男,1 
43：熊本県,熊本市西区,エジプト,33：家族滞在,01_０～４歳,1:男,1 
43：熊本県,熊本市西区,エジプト,33：家族滞在,01_０～４歳,2:女,1 
43：熊本県,熊本市西区,エジプト,33：家族滞在,09_40～44歳,2:女,1 
43：熊本県,熊本市西区,ガーナ,03：教授,08_35～39歳,1:男,1 
43：熊本県,熊本市西区,ガーナ,31：留学,07_30～34歳,1:男,2 
43：熊本県,熊本市西区,ガーナ,31：留学,08_35～39歳,1:男,2 
43：熊本県,熊本市西区,ガーナ,33：家族滞在,01_０～４歳,1:男,2 
43：熊本県,熊本市西区,ガーナ,33：家族滞在,05_20～24歳,2:女,1 
43：熊本県,熊本市西区,ガーナ,33：家族滞在,06_25～29歳,2:女,2 
43：熊本県,熊本市西区,カメルーン,31：留学,05_20～24歳,1:男,1 
43：熊本県,熊本市西区,カメルーン,31：留学,05_20～24歳,2:女,1 
43：熊本県,熊本市西区,ケニア,38：定住者,11_50～54歳,1:男,1 
43：熊本県,熊本市西区,セネガル,36：日本人の配偶者等,07_30～34歳,1:男,1 
43：熊本県,熊本市西区,ナイジェリア,35：永住者,12_55～59歳,1:男,1 
43：熊本県,熊本市西区,南アフリカ共和国,16：技術・人文知識・国際業務,07_30～34歳,1:男,1 
43：熊本県,熊本市西区,カナダ,15：教育,06_25～29歳,1:男,1 
43：熊本県,熊本市西区,カナダ,16：技術・人文知識・国際業務,07_30～34歳,1:男,2 
43：熊本県,熊本市西区,カナダ,35：永住者,09_40～44歳,2:女,1 
43：熊本県,熊本市西区,カナダ,35：永住者,10_45～49歳,1:男,1 
43：熊本県,熊本市西区,カナダ,35：永住者,11_50～54歳,1:男,1 
43：熊本県,熊本市西区,カナダ,35：永住者,12_55～59歳,1:男,1 
43：熊本県,熊本市西区,カナダ,35：永住者,14_65～69歳,1:男,1 
43：熊本県,熊本市西区,カナダ,36：日本人の配偶者等,09_40～44歳,1:男,1 
43：熊本県,熊本市西区,カナダ,36：日本人の配偶者等,12_55～59歳,1:男,1 
43：熊本県,熊本市西区,ジャマイカ,15：教育,06_25～29歳,2:女,1 
43：熊本県,熊本市西区,米国,03：教授,07_30～34歳,2:女,1 
43：熊本県,熊本市西区,米国,03：教授,10_45～49歳,1:男,1 
43：熊本県,熊本市西区,米国,15：教育,06_25～29歳,2:女,2 
43：熊本県,熊本市西区,米国,15：教育,08_35～39歳,1:男,1 
43：熊本県,熊本市西区,米国,15：教育,09_40～44歳,2:女,1 
43：熊本県,熊本市西区,米国,16：技術・人文知識・国際業務,06_25～29歳,1:男,1 
43：熊本県,熊本市西区,米国,16：技術・人文知識・国際業務,06_25～29歳,2:女,1 
43：熊本県,熊本市西区,米国,16：技術・人文知識・国際業務,09_40～44歳,1:男,1 
43：熊本県,熊本市西区,米国,33：家族滞在,02_５～９歳,2:女,1 
43：熊本県,熊本市西区,米国,35：永住者,09_40～44歳,1:男,1 
43：熊本県,熊本市西区,米国,35：永住者,10_45～49歳,1:男,2 
43：熊本県,熊本市西区,米国,35：永住者,12_55～59歳,1:男,2 
43：熊本県,熊本市西区,米国,35：永住者,12_55～59歳,2:女,1 
43：熊本県,熊本市西区,米国,35：永住者,13_60～64歳,1:男,2 
43：熊本県,熊本市西区,米国,35：永住者,14_65～69歳,1:男,1 
43：熊本県,熊本市西区,米国,35：永住者,15_70～74歳,1:男,1 
43：熊本県,熊本市西区,米国,35：永住者,15_70～74歳,2:女,1 
43：熊本県,熊本市西区,米国,35：永住者,17_80歳以上,1:男,1 
43：熊本県,熊本市西区,米国,36：日本人の配偶者等,04_15～19歳,2:女,1 
43：熊本県,熊本市西区,米国,36：日本人の配偶者等,07_30～34歳,1:男,2 
43：熊本県,熊本市西区,米国,36：日本人の配偶者等,07_30～34歳,2:女,1 
43：熊本県,熊本市西区,米国,36：日本人の配偶者等,09_40～44歳,2:女,1 
43：熊本県,熊本市西区,米国,36：日本人の配偶者等,10_45～49歳,1:男,1 
43：熊本県,熊本市西区,米国,36：日本人の配偶者等,12_55～59歳,1:男,1 
43：熊本県,熊本市西区,米国,36：日本人の配偶者等,17_80歳以上,2:女,1 
43：熊本県,熊本市西区,メキシコ,38：定住者,12_55～59歳,2:女,1 
43：熊本県,熊本市西区,ブラジル,35：永住者,04_15～19歳,1:男,1 
43：熊本県,熊本市西区,ブラジル,35：永住者,07_30～34歳,1:男,1 
43：熊本県,熊本市西区,ブラジル,38：定住者,01_０～４歳,1:男,1 
43：熊本県,熊本市西区,ベネズエラ,36：日本人の配偶者等,07_30～34歳,1:男,1 
43：熊本県,熊本市西区,ベネズエラ,38：定住者,07_30～34歳,2:女,1 
43：熊本県,熊本市西区,オーストラリア,16：技術・人文知識・国際業務,07_30～34歳,2:女,1 
43：熊本県,熊本市西区,オーストラリア,35：永住者,11_50～54歳,1:男,1 
43：熊本県,熊本市西区,ニュージーランド,15：教育,06_25～29歳,2:女,1 
43：熊本県,熊本市西区,ニュージーランド,16：技術・人文知識・国際業務,07_30～34歳,1:男,1 
43：熊本県,熊本市西区,無国籍,35：永住者,16_75～79歳,1:男,1 
43：熊本県,熊本市南区,イスラエル,36：日本人の配偶者等,07_30～34歳,1:男,1 
43：熊本県,熊本市南区,インド,16：技術・人文知識・国際業務,05_20～24歳,1:男,2 
43：熊本県,熊本市南区,インドネシア,16：技術・人文知識・国際業務,06_25～29歳,2:女,1 
43：熊本県,熊本市南区,インドネシア,16：技術・人文知識・国際業務,07_30～34歳,2:女,1 
43：熊本県,熊本市南区,インドネシア,16：技術・人文知識・国際業務,08_35～39歳,1:男,1 
43：熊本県,熊本市南区,インドネシア,21：特定技能１号,04_15～19歳,1:男,1 
43：熊本県,熊本市南区,インドネシア,21：特定技能１号,05_20～24歳,1:男,3 
43：熊本県,熊本市南区,インドネシア,21：特定技能１号,05_20～24歳,2:女,12 
43：熊本県,熊本市南区,インドネシア,21：特定技能１号,06_25～29歳,1:男,20 
43：熊本県,熊本市南区,インドネシア,21：特定技能１号,06_25～29歳,2:女,12 
43：熊本県,熊本市南区,インドネシア,21：特定技能１号,07_30～34歳,1:男,6 
43：熊本県,熊本市南区,インドネシア,21：特定技能１号,07_30～34歳,2:女,1 
43：熊本県,熊本市南区,インドネシア,21：特定技能１号,08_35～39歳,2:女,1 
43：熊本県,熊本市南区,インドネシア,24：技能実習１号ロ,04_15～19歳,1:男,7 
43：熊本県,熊本市南区,インドネシア,24：技能実習１号ロ,04_15～19歳,2:女,4 
43：熊本県,熊本市南区,インドネシア,24：技能実習１号ロ,05_20～24歳,1:男,33 
43：熊本県,熊本市南区,インドネシア,24：技能実習１号ロ,05_20～24歳,2:女,14 
43：熊本県,熊本市南区,インドネシア,24：技能実習１号ロ,06_25～29歳,1:男,9 
43：熊本県,熊本市南区,インドネシア,24：技能実習１号ロ,06_25～29歳,2:女,11 
43：熊本県,熊本市南区,インドネシア,24：技能実習１号ロ,07_30～34歳,1:男,1 
43：熊本県,熊本市南区,インドネシア,24：技能実習１号ロ,07_30～34歳,2:女,1 
43：熊本県,熊本市南区,インドネシア,26：技能実習２号ロ,04_15～19歳,1:男,1 
43：熊本県,熊本市南区,インドネシア,26：技能実習２号ロ,05_20～24歳,1:男,49 
43：熊本県,熊本市南区,インドネシア,26：技能実習２号ロ,05_20～24歳,2:女,19 
43：熊本県,熊本市南区,インドネシア,26：技能実習２号ロ,06_25～29歳,1:男,23 
43：熊本県,熊本市南区,インドネシア,26：技能実習２号ロ,06_25～29歳,2:女,20 
43：熊本県,熊本市南区,インドネシア,26：技能実習２号ロ,07_30～34歳,1:男,5 
43：熊本県,熊本市南区,インドネシア,26：技能実習２号ロ,07_30～34歳,2:女,2 
43：熊本県,熊本市南区,インドネシア,26：技能実習２号ロ,08_35～39歳,1:男,1 
43：熊本県,熊本市南区,インドネシア,28：技能実習３号ロ,05_20～24歳,1:男,2 
43：熊本県,熊本市南区,インドネシア,28：技能実習３号ロ,06_25～29歳,1:男,5 
43：熊本県,熊本市南区,インドネシア,28：技能実習３号ロ,07_30～34歳,1:男,2 
43：熊本県,熊本市南区,インドネシア,28：技能実習３号ロ,08_35～39歳,1:男,1 
43：熊本県,熊本市南区,インドネシア,33：家族滞在,01_０～４歳,2:女,1 
43：熊本県,熊本市南区,インドネシア,33：家族滞在,07_30～34歳,2:女,1 
43：熊本県,熊本市南区,インドネシア,34：特定活動,05_20～24歳,1:男,1 
43：熊本県,熊本市南区,インドネシア,34：特定活動,05_20～24歳,2:女,2 
43：熊本県,熊本市南区,インドネシア,34：特定活動,06_25～29歳,1:男,3 
43：熊本県,熊本市南区,インドネシア,35：永住者,09_40～44歳,2:女,1 
43：熊本県,熊本市南区,インドネシア,35：永住者,11_50～54歳,2:女,1 
43：熊本県,熊本市南区,インドネシア,35：永住者,14_65～69歳,2:女,1 
43：熊本県,熊本市南区,インドネシア,36：日本人の配偶者等,06_25～29歳,1:男,1 
43：熊本県,熊本市南区,インドネシア,36：日本人の配偶者等,06_25～29歳,2:女,1 
43：熊本県,熊本市南区,インドネシア,36：日本人の配偶者等,07_30～34歳,2:女,1 
43：熊本県,熊本市南区,インドネシア,36：日本人の配偶者等,08_35～39歳,2:女,1 
43：熊本県,熊本市南区,インドネシア,36：日本人の配偶者等,13_60～64歳,1:男,1 
43：熊本県,熊本市南区,韓国,16：技術・人文知識・国際業務,07_30～34歳,1:男,1 
43：熊本県,熊本市南区,韓国,35：永住者,07_30～34歳,1:男,1 
43：熊本県,熊本市南区,韓国,35：永住者,08_35～39歳,1:男,2 
43：熊本県,熊本市南区,韓国,35：永住者,11_50～54歳,1:男,1 
43：熊本県,熊本市南区,韓国,35：永住者,11_50～54歳,2:女,1 
43：熊本県,熊本市南区,韓国,35：永住者,12_55～59歳,1:男,1 
43：熊本県,熊本市南区,韓国,35：永住者,13_60～64歳,2:女,1 
43：熊本県,熊本市南区,韓国,35：永住者,14_65～69歳,1:男,1 
43：熊本県,熊本市南区,韓国,35：永住者,14_65～69歳,2:女,1 
43：熊本県,熊本市南区,韓国,36：日本人の配偶者等,06_25～29歳,1:男,1 
43：熊本県,熊本市南区,韓国,36：日本人の配偶者等,06_25～29歳,2:女,1 
43：熊本県,熊本市南区,韓国,36：日本人の配偶者等,08_35～39歳,1:男,1 
43：熊本県,熊本市南区,韓国,36：日本人の配偶者等,09_40～44歳,2:女,1 
43：熊本県,熊本市南区,韓国,36：日本人の配偶者等,11_50～54歳,1:男,1 
43：熊本県,熊本市南区,韓国,36：日本人の配偶者等,13_60～64歳,1:男,1 
43：熊本県,熊本市南区,韓国,39：特別永住者,01_０～４歳,2:女,1 
43：熊本県,熊本市南区,韓国,39：特別永住者,02_５～９歳,1:男,1 
43：熊本県,熊本市南区,韓国,39：特別永住者,02_５～９歳,2:女,1 
43：熊本県,熊本市南区,韓国,39：特別永住者,06_25～29歳,2:女,1 
43：熊本県,熊本市南区,韓国,39：特別永住者,08_35～39歳,2:女,1 
43：熊本県,熊本市南区,韓国,39：特別永住者,09_40～44歳,1:男,1 
43：熊本県,熊本市南区,韓国,39：特別永住者,09_40～44歳,2:女,1 
43：熊本県,熊本市南区,韓国,39：特別永住者,10_45～49歳,1:男,3 
43：熊本県,熊本市南区,韓国,39：特別永住者,10_45～49歳,2:女,1 
43：熊本県,熊本市南区,韓国,39：特別永住者,11_50～54歳,2:女,1 
43：熊本県,熊本市南区,韓国,39：特別永住者,12_55～59歳,1:男,1 
43：熊本県,熊本市南区,韓国,39：特別永住者,12_55～59歳,2:女,2 
43：熊本県,熊本市南区,韓国,39：特別永住者,13_60～64歳,1:男,1 
43：熊本県,熊本市南区,韓国,39：特別永住者,14_65～69歳,2:女,1 
43：熊本県,熊本市南区,韓国,39：特別永住者,15_70～74歳,1:男,2 
43：熊本県,熊本市南区,韓国,39：特別永住者,15_70～74歳,2:女,2 
43：熊本県,熊本市南区,韓国,39：特別永住者,16_75～79歳,1:男,4 
43：熊本県,熊本市南区,韓国,39：特別永住者,17_80歳以上,1:男,2 
43：熊本県,熊本市南区,韓国,39：特別永住者,17_80歳以上,2:女,2 
43：熊本県,熊本市南区,朝鮮,39：特別永住者,14_65～69歳,2:女,1 
43：熊本県,熊本市南区,カンボジア,21：特定技能１号,05_20～24歳,1:男,1 
43：熊本県,熊本市南区,カンボジア,21：特定技能１号,05_20～24歳,2:女,2 
43：熊本県,熊本市南区,カンボジア,21：特定技能１号,06_25～29歳,1:男,5 
43：熊本県,熊本市南区,カンボジア,21：特定技能１号,06_25～29歳,2:女,4 
43：熊本県,熊本市南区,カンボジア,21：特定技能１号,07_30～34歳,1:男,1 
43：熊本県,熊本市南区,カンボジア,21：特定技能１号,07_30～34歳,2:女,2 
43：熊本県,熊本市南区,カンボジア,21：特定技能１号,09_40～44歳,1:男,1 
43：熊本県,熊本市南区,カンボジア,21：特定技能１号,09_40～44歳,2:女,4 
43：熊本県,熊本市南区,カンボジア,24：技能実習１号ロ,04_15～19歳,1:男,2 
43：熊本県,熊本市南区,カンボジア,24：技能実習１号ロ,05_20～24歳,1:男,3 
43：熊本県,熊本市南区,カンボジア,24：技能実習１号ロ,06_25～29歳,1:男,2 
43：熊本県,熊本市南区,カンボジア,24：技能実習１号ロ,06_25～29歳,2:女,1 
43：熊本県,熊本市南区,カンボジア,24：技能実習１号ロ,07_30～34歳,2:女,3 
43：熊本県,熊本市南区,カンボジア,26：技能実習２号ロ,05_20～24歳,1:男,5 
43：熊本県,熊本市南区,カンボジア,26：技能実習２号ロ,05_20～24歳,2:女,10 
43：熊本県,熊本市南区,カンボジア,26：技能実習２号ロ,06_25～29歳,1:男,10 
43：熊本県,熊本市南区,カンボジア,26：技能実習２号ロ,06_25～29歳,2:女,3 
43：熊本県,熊本市南区,カンボジア,26：技能実習２号ロ,07_30～34歳,1:男,4 
43：熊本県,熊本市南区,カンボジア,26：技能実習２号ロ,07_30～34歳,2:女,6 
43：熊本県,熊本市南区,カンボジア,26：技能実習２号ロ,09_40～44歳,2:女,1 
43：熊本県,熊本市南区,カンボジア,28：技能実習３号ロ,05_20～24歳,2:女,1 
43：熊本県,熊本市南区,カンボジア,28：技能実習３号ロ,07_30～34歳,2:女,1 
43：熊本県,熊本市南区,カンボジア,36：日本人の配偶者等,10_45～49歳,2:女,1 
43：熊本県,熊本市南区,シンガポール,35：永住者,14_65～69歳,1:男,1 
43：熊本県,熊本市南区,スリランカ,16：技術・人文知識・国際業務,06_25～29歳,1:男,2 
43：熊本県,熊本市南区,スリランカ,16：技術・人文知識・国際業務,07_30～34歳,1:男,2 
43：熊本県,熊本市南区,スリランカ,21：特定技能１号,05_20～24歳,2:女,2 
43：熊本県,熊本市南区,スリランカ,21：特定技能１号,06_25～29歳,1:男,3 
43：熊本県,熊本市南区,スリランカ,21：特定技能１号,06_25～29歳,2:女,1 
43：熊本県,熊本市南区,スリランカ,24：技能実習１号ロ,05_20～24歳,1:男,2 
43：熊本県,熊本市南区,スリランカ,26：技能実習２号ロ,06_25～29歳,1:男,1 
43：熊本県,熊本市南区,スリランカ,33：家族滞在,06_25～29歳,2:女,3 
43：熊本県,熊本市南区,スリランカ,36：日本人の配偶者等,08_35～39歳,1:男,1 
43：熊本県,熊本市南区,タイ,21：特定技能１号,06_25～29歳,1:男,1 
43：熊本県,熊本市南区,タイ,24：技能実習１号ロ,05_20～24歳,2:女,1 
43：熊本県,熊本市南区,タイ,24：技能実習１号ロ,06_25～29歳,2:女,2 
43：熊本県,熊本市南区,タイ,26：技能実習２号ロ,05_20～24歳,1:男,4 
43：熊本県,熊本市南区,タイ,26：技能実習２号ロ,06_25～29歳,1:男,1 
43：熊本県,熊本市南区,タイ,28：技能実習３号ロ,06_25～29歳,1:男,1 
43：熊本県,熊本市南区,タイ,35：永住者,10_45～49歳,2:女,1 
43：熊本県,熊本市南区,タイ,35：永住者,11_50～54歳,2:女,1 
43：熊本県,熊本市南区,タイ,35：永住者,13_60～64歳,2:女,1 
43：熊本県,熊本市南区,タイ,36：日本人の配偶者等,10_45～49歳,2:女,1 
43：熊本県,熊本市南区,台湾,16：技術・人文知識・国際業務,05_20～24歳,2:女,1 
43：熊本県,熊本市南区,台湾,16：技術・人文知識・国際業務,09_40～44歳,1:男,1 
43：熊本県,熊本市南区,台湾,33：家族滞在,07_30～34歳,1:男,1 
43：熊本県,熊本市南区,台湾,35：永住者,08_35～39歳,2:女,1 
43：熊本県,熊本市南区,台湾,35：永住者,16_75～79歳,2:女,1 
43：熊本県,熊本市南区,中国,11：経営・管理,07_30～34歳,1:男,1 
43：熊本県,熊本市南区,中国,11：経営・管理,07_30～34歳,2:女,1 
43：熊本県,熊本市南区,中国,11：経営・管理,11_50～54歳,1:男,1 
43：熊本県,熊本市南区,中国,16：技術・人文知識・国際業務,05_20～24歳,1:男,1 
43：熊本県,熊本市南区,中国,16：技術・人文知識・国際業務,06_25～29歳,1:男,2 
43：熊本県,熊本市南区,中国,16：技術・人文知識・国際業務,06_25～29歳,2:女,1 
43：熊本県,熊本市南区,中国,16：技術・人文知識・国際業務,07_30～34歳,1:男,1 
43：熊本県,熊本市南区,中国,20：技能,09_40～44歳,1:男,1 
43：熊本県,熊本市南区,中国,20：技能,10_45～49歳,2:女,1 
43：熊本県,熊本市南区,中国,20：技能,12_55～59歳,1:男,2 
43：熊本県,熊本市南区,中国,21：特定技能１号,06_25～29歳,1:男,1 
43：熊本県,熊本市南区,中国,21：特定技能１号,07_30～34歳,2:女,1 
43：熊本県,熊本市南区,中国,21：特定技能１号,08_35～39歳,2:女,1 
43：熊本県,熊本市南区,中国,21：特定技能１号,09_40～44歳,2:女,3 
43：熊本県,熊本市南区,中国,21：特定技能１号,10_45～49歳,2:女,1 
43：熊本県,熊本市南区,中国,21：特定技能１号,11_50～54歳,2:女,1 
43：熊本県,熊本市南区,中国,24：技能実習１号ロ,07_30～34歳,2:女,1 
43：熊本県,熊本市南区,中国,24：技能実習１号ロ,08_35～39歳,1:男,1 
43：熊本県,熊本市南区,中国,24：技能実習１号ロ,08_35～39歳,2:女,1 
43：熊本県,熊本市南区,中国,24：技能実習１号ロ,09_40～44歳,1:男,1 
43：熊本県,熊本市南区,中国,24：技能実習１号ロ,09_40～44歳,2:女,1 
43：熊本県,熊本市南区,中国,26：技能実習２号ロ,05_20～24歳,1:男,1 
43：熊本県,熊本市南区,中国,26：技能実習２号ロ,07_30～34歳,1:男,1 
43：熊本県,熊本市南区,中国,26：技能実習２号ロ,08_35～39歳,1:男,2 
43：熊本県,熊本市南区,中国,26：技能実習２号ロ,10_45～49歳,1:男,1 
43：熊本県,熊本市南区,中国,28：技能実習３号ロ,06_25～29歳,1:男,1 
43：熊本県,熊本市南区,中国,28：技能実習３号ロ,09_40～44歳,1:男,1 
43：熊本県,熊本市南区,中国,28：技能実習３号ロ,09_40～44歳,2:女,1 
43：熊本県,熊本市南区,中国,31：留学,05_20～24歳,1:男,3 
43：熊本県,熊本市南区,中国,31：留学,05_20～24歳,2:女,1 
43：熊本県,熊本市南区,中国,31：留学,06_25～29歳,2:女,1 
43：熊本県,熊本市南区,中国,31：留学,07_30～34歳,1:男,1 
43：熊本県,熊本市南区,中国,33：家族滞在,01_０～４歳,1:男,1 
43：熊本県,熊本市南区,中国,33：家族滞在,01_０～４歳,2:女,2 
43：熊本県,熊本市南区,中国,33：家族滞在,02_５～９歳,1:男,1 
43：熊本県,熊本市南区,中国,33：家族滞在,03_10～14歳,1:男,1 
43：熊本県,熊本市南区,中国,33：家族滞在,06_25～29歳,1:男,1 
43：熊本県,熊本市南区,中国,33：家族滞在,07_30～34歳,2:女,1 
43：熊本県,熊本市南区,中国,33：家族滞在,10_45～49歳,2:女,1 
43：熊本県,熊本市南区,中国,33：家族滞在,11_50～54歳,2:女,1 
43：熊本県,熊本市南区,中国,33：家族滞在,12_55～59歳,2:女,1 
43：熊本県,熊本市南区,中国,33：家族滞在,13_60～64歳,1:男,1 
43：熊本県,熊本市南区,中国,35：永住者,01_０～４歳,1:男,1 
43：熊本県,熊本市南区,中国,35：永住者,02_５～９歳,1:男,2 
43：熊本県,熊本市南区,中国,35：永住者,03_10～14歳,1:男,3 
43：熊本県,熊本市南区,中国,35：永住者,03_10～14歳,2:女,4 
43：熊本県,熊本市南区,中国,35：永住者,04_15～19歳,1:男,3 
43：熊本県,熊本市南区,中国,35：永住者,04_15～19歳,2:女,1 
43：熊本県,熊本市南区,中国,35：永住者,05_20～24歳,1:男,2 
43：熊本県,熊本市南区,中国,35：永住者,05_20～24歳,2:女,4 
43：熊本県,熊本市南区,中国,35：永住者,06_25～29歳,1:男,2 
43：熊本県,熊本市南区,中国,35：永住者,06_25～29歳,2:女,1 
43：熊本県,熊本市南区,中国,35：永住者,07_30～34歳,1:男,1 
43：熊本県,熊本市南区,中国,35：永住者,08_35～39歳,1:男,6 
43：熊本県,熊本市南区,中国,35：永住者,08_35～39歳,2:女,5 
43：熊本県,熊本市南区,中国,35：永住者,09_40～44歳,1:男,3 
43：熊本県,熊本市南区,中国,35：永住者,09_40～44歳,2:女,9 
43：熊本県,熊本市南区,中国,35：永住者,10_45～49歳,1:男,6 
43：熊本県,熊本市南区,中国,35：永住者,10_45～49歳,2:女,9 
43：熊本県,熊本市南区,中国,35：永住者,11_50～54歳,1:男,3 
43：熊本県,熊本市南区,中国,35：永住者,11_50～54歳,2:女,8 
43：熊本県,熊本市南区,中国,35：永住者,12_55～59歳,1:男,1 
43：熊本県,熊本市南区,中国,35：永住者,12_55～59歳,2:女,6 
43：熊本県,熊本市南区,中国,35：永住者,13_60～64歳,2:女,5 
43：熊本県,熊本市南区,中国,35：永住者,14_65～69歳,2:女,1 
43：熊本県,熊本市南区,中国,35：永住者,15_70～74歳,2:女,2 
43：熊本県,熊本市南区,中国,35：永住者,16_75～79歳,2:女,2 
43：熊本県,熊本市南区,中国,35：永住者,17_80歳以上,1:男,1 
43：熊本県,熊本市南区,中国,36：日本人の配偶者等,07_30～34歳,2:女,1 
43：熊本県,熊本市南区,中国,36：日本人の配偶者等,09_40～44歳,2:女,1 
43：熊本県,熊本市南区,中国,36：日本人の配偶者等,10_45～49歳,2:女,3 
43：熊本県,熊本市南区,中国,36：日本人の配偶者等,11_50～54歳,1:男,2 
43：熊本県,熊本市南区,中国,36：日本人の配偶者等,11_50～54歳,2:女,2 
43：熊本県,熊本市南区,中国,37：永住者の配偶者等,01_０～４歳,2:女,1 
43：熊本県,熊本市南区,中国,37：永住者の配偶者等,08_35～39歳,2:女,2 
43：熊本県,熊本市南区,中国,37：永住者の配偶者等,14_65～69歳,1:男,1 
43：熊本県,熊本市南区,中国,38：定住者,02_５～９歳,1:男,2 
43：熊本県,熊本市南区,中国,38：定住者,03_10～14歳,1:男,1 
43：熊本県,熊本市南区,中国,38：定住者,04_15～19歳,1:男,1 
43：熊本県,熊本市南区,中国,38：定住者,05_20～24歳,1:男,1 
43：熊本県,熊本市南区,中国,38：定住者,05_20～24歳,2:女,1 
43：熊本県,熊本市南区,中国,38：定住者,06_25～29歳,1:男,1 
43：熊本県,熊本市南区,中国,38：定住者,06_25～29歳,2:女,1 
43：熊本県,熊本市南区,トルコ,35：永住者,10_45～49歳,1:男,1 
43：熊本県,熊本市南区,ネパール,11：経営・管理,09_40～44歳,1:男,1 
43：熊本県,熊本市南区,ネパール,16：技術・人文知識・国際業務,05_20～24歳,1:男,1 
43：熊本県,熊本市南区,ネパール,16：技術・人文知識・国際業務,06_25～29歳,1:男,3 
43：熊本県,熊本市南区,ネパール,16：技術・人文知識・国際業務,06_25～29歳,2:女,2 
43：熊本県,熊本市南区,ネパール,16：技術・人文知識・国際業務,07_30～34歳,1:男,2 
43：熊本県,熊本市南区,ネパール,16：技術・人文知識・国際業務,07_30～34歳,2:女,1 
43：熊本県,熊本市南区,ネパール,18：介護,06_25～29歳,1:男,1 
43：熊本県,熊本市南区,ネパール,20：技能,06_25～29歳,1:男,1 
43：熊本県,熊本市南区,ネパール,20：技能,07_30～34歳,1:男,2 
43：熊本県,熊本市南区,ネパール,20：技能,08_35～39歳,1:男,1 
43：熊本県,熊本市南区,ネパール,20：技能,09_40～44歳,1:男,2 
43：熊本県,熊本市南区,ネパール,20：技能,10_45～49歳,1:男,2 
43：熊本県,熊本市南区,ネパール,20：技能,11_50～54歳,1:男,1 
43：熊本県,熊本市南区,ネパール,20：技能,12_55～59歳,1:男,1 
43：熊本県,熊本市南区,ネパール,21：特定技能１号,06_25～29歳,2:女,2 
43：熊本県,熊本市南区,ネパール,21：特定技能１号,07_30～34歳,1:男,1 
43：熊本県,熊本市南区,ネパール,21：特定技能１号,07_30～34歳,2:女,1 
43：熊本県,熊本市南区,ネパール,33：家族滞在,01_０～４歳,2:女,1 
43：熊本県,熊本市南区,ネパール,33：家族滞在,03_10～14歳,1:男,1 
43：熊本県,熊本市南区,ネパール,33：家族滞在,04_15～19歳,2:女,1 
43：熊本県,熊本市南区,ネパール,33：家族滞在,05_20～24歳,1:男,1 
43：熊本県,熊本市南区,ネパール,33：家族滞在,06_25～29歳,2:女,3 
43：熊本県,熊本市南区,ネパール,33：家族滞在,07_30～34歳,2:女,3 
43：熊本県,熊本市南区,ネパール,33：家族滞在,09_40～44歳,2:女,1 
43：熊本県,熊本市南区,パキスタン,11：経営・管理,06_25～29歳,1:男,2 
43：熊本県,熊本市南区,パキスタン,11：経営・管理,07_30～34歳,1:男,1 
43：熊本県,熊本市南区,パキスタン,16：技術・人文知識・国際業務,05_20～24歳,1:男,2 
43：熊本県,熊本市南区,パキスタン,16：技術・人文知識・国際業務,06_25～29歳,1:男,2 
43：熊本県,熊本市南区,パキスタン,16：技術・人文知識・国際業務,07_30～34歳,1:男,6 
43：熊本県,熊本市南区,パキスタン,16：技術・人文知識・国際業務,08_35～39歳,1:男,3 
43：熊本県,熊本市南区,パキスタン,16：技術・人文知識・国際業務,09_40～44歳,1:男,1 
43：熊本県,熊本市南区,パキスタン,16：技術・人文知識・国際業務,10_45～49歳,1:男,1 
43：熊本県,熊本市南区,パキスタン,16：技術・人文知識・国際業務,12_55～59歳,1:男,1 
43：熊本県,熊本市南区,パキスタン,31：留学,06_25～29歳,1:男,3 
43：熊本県,熊本市南区,パキスタン,33：家族滞在,01_０～４歳,1:男,1 
43：熊本県,熊本市南区,パキスタン,33：家族滞在,01_０～４歳,2:女,2 
43：熊本県,熊本市南区,パキスタン,33：家族滞在,02_５～９歳,1:男,1 
43：熊本県,熊本市南区,パキスタン,33：家族滞在,02_５～９歳,2:女,2 
43：熊本県,熊本市南区,パキスタン,33：家族滞在,03_10～14歳,2:女,1 
43：熊本県,熊本市南区,パキスタン,33：家族滞在,04_15～19歳,1:男,4 
43：熊本県,熊本市南区,パキスタン,33：家族滞在,05_20～24歳,1:男,2 
43：熊本県,熊本市南区,パキスタン,33：家族滞在,05_20～24歳,2:女,2 
43：熊本県,熊本市南区,パキスタン,33：家族滞在,06_25～29歳,2:女,1 
43：熊本県,熊本市南区,パキスタン,33：家族滞在,07_30～34歳,2:女,1 
43：熊本県,熊本市南区,パキスタン,33：家族滞在,09_40～44歳,2:女,1 
43：熊本県,熊本市南区,パキスタン,33：家族滞在,10_45～49歳,2:女,1 
43：熊本県,熊本市南区,パキスタン,36：日本人の配偶者等,06_25～29歳,1:男,1 
43：熊本県,熊本市南区,バングラデシュ,16：技術・人文知識・国際業務,06_25～29歳,1:男,2 
43：熊本県,熊本市南区,バングラデシュ,16：技術・人文知識・国際業務,06_25～29歳,2:女,1 
43：熊本県,熊本市南区,バングラデシュ,16：技術・人文知識・国際業務,07_30～34歳,1:男,2 
43：熊本県,熊本市南区,バングラデシュ,24：技能実習１号ロ,05_20～24歳,1:男,1 
43：熊本県,熊本市南区,バングラデシュ,24：技能実習１号ロ,06_25～29歳,1:男,1 
43：熊本県,熊本市南区,バングラデシュ,26：技能実習２号ロ,06_25～29歳,1:男,2 
43：熊本県,熊本市南区,バングラデシュ,33：家族滞在,01_０～４歳,2:女,1 
43：熊本県,熊本市南区,バングラデシュ,33：家族滞在,05_20～24歳,2:女,2 
43：熊本県,熊本市南区,フィリピン,16：技術・人文知識・国際業務,09_40～44歳,1:男,1 
43：熊本県,熊本市南区,フィリピン,21：特定技能１号,06_25～29歳,1:男,1 
43：熊本県,熊本市南区,フィリピン,21：特定技能１号,06_25～29歳,2:女,1 
43：熊本県,熊本市南区,フィリピン,21：特定技能１号,07_30～34歳,1:男,6 
43：熊本県,熊本市南区,フィリピン,21：特定技能１号,07_30～34歳,2:女,4 
43：熊本県,熊本市南区,フィリピン,21：特定技能１号,08_35～39歳,1:男,4 
43：熊本県,熊本市南区,フィリピン,21：特定技能１号,08_35～39歳,2:女,4 
43：熊本県,熊本市南区,フィリピン,21：特定技能１号,09_40～44歳,2:女,1 
43：熊本県,熊本市南区,フィリピン,21：特定技能１号,10_45～49歳,2:女,1 
43：熊本県,熊本市南区,フィリピン,23：技能実習１号イ,06_25～29歳,1:男,1 
43：熊本県,熊本市南区,フィリピン,24：技能実習１号ロ,05_20～24歳,1:男,3 
43：熊本県,熊本市南区,フィリピン,24：技能実習１号ロ,05_20～24歳,2:女,2 
43：熊本県,熊本市南区,フィリピン,24：技能実習１号ロ,06_25～29歳,1:男,4 
43：熊本県,熊本市南区,フィリピン,24：技能実習１号ロ,06_25～29歳,2:女,7 
43：熊本県,熊本市南区,フィリピン,24：技能実習１号ロ,07_30～34歳,1:男,5 
43：熊本県,熊本市南区,フィリピン,24：技能実習１号ロ,07_30～34歳,2:女,1 
43：熊本県,熊本市南区,フィリピン,24：技能実習１号ロ,08_35～39歳,2:女,2 
43：熊本県,熊本市南区,フィリピン,26：技能実習２号ロ,05_20～24歳,1:男,3 
43：熊本県,熊本市南区,フィリピン,26：技能実習２号ロ,05_20～24歳,2:女,3 
43：熊本県,熊本市南区,フィリピン,26：技能実習２号ロ,06_25～29歳,1:男,3 
43：熊本県,熊本市南区,フィリピン,26：技能実習２号ロ,06_25～29歳,2:女,9 
43：熊本県,熊本市南区,フィリピン,26：技能実習２号ロ,07_30～34歳,1:男,13 
43：熊本県,熊本市南区,フィリピン,26：技能実習２号ロ,07_30～34歳,2:女,6 
43：熊本県,熊本市南区,フィリピン,26：技能実習２号ロ,08_35～39歳,1:男,2 
43：熊本県,熊本市南区,フィリピン,26：技能実習２号ロ,08_35～39歳,2:女,2 
43：熊本県,熊本市南区,フィリピン,26：技能実習２号ロ,09_40～44歳,2:女,4 
43：熊本県,熊本市南区,フィリピン,26：技能実習２号ロ,10_45～49歳,2:女,2 
43：熊本県,熊本市南区,フィリピン,27：技能実習３号イ,06_25～29歳,1:男,1 
43：熊本県,熊本市南区,フィリピン,28：技能実習３号ロ,06_25～29歳,1:男,1 
43：熊本県,熊本市南区,フィリピン,28：技能実習３号ロ,07_30～34歳,1:男,2 
43：熊本県,熊本市南区,フィリピン,28：技能実習３号ロ,08_35～39歳,1:男,1 
43：熊本県,熊本市南区,フィリピン,31：留学,04_15～19歳,2:女,1 
43：熊本県,熊本市南区,フィリピン,33：家族滞在,02_５～９歳,1:男,1 
43：熊本県,熊本市南区,フィリピン,33：家族滞在,04_15～19歳,1:男,1 
43：熊本県,熊本市南区,フィリピン,33：家族滞在,04_15～19歳,2:女,1 
43：熊本県,熊本市南区,フィリピン,33：家族滞在,09_40～44歳,2:女,1 
43：熊本県,熊本市南区,フィリピン,34：特定活動,07_30～34歳,2:女,1 
43：熊本県,熊本市南区,フィリピン,34：特定活動,08_35～39歳,1:男,1 
43：熊本県,熊本市南区,フィリピン,35：永住者,06_25～29歳,1:男,1 
43：熊本県,熊本市南区,フィリピン,35：永住者,07_30～34歳,2:女,1 
43：熊本県,熊本市南区,フィリピン,35：永住者,09_40～44歳,1:男,1 
43：熊本県,熊本市南区,フィリピン,35：永住者,09_40～44歳,2:女,2 
43：熊本県,熊本市南区,フィリピン,35：永住者,10_45～49歳,2:女,7 
43：熊本県,熊本市南区,フィリピン,35：永住者,11_50～54歳,2:女,8 
43：熊本県,熊本市南区,フィリピン,35：永住者,12_55～59歳,1:男,1 
43：熊本県,熊本市南区,フィリピン,35：永住者,12_55～59歳,2:女,5 
43：熊本県,熊本市南区,フィリピン,35：永住者,13_60～64歳,2:女,1 
43：熊本県,熊本市南区,フィリピン,35：永住者,14_65～69歳,2:女,1 
43：熊本県,熊本市南区,フィリピン,36：日本人の配偶者等,04_15～19歳,1:男,1 
43：熊本県,熊本市南区,フィリピン,36：日本人の配偶者等,07_30～34歳,1:男,1 
43：熊本県,熊本市南区,フィリピン,36：日本人の配偶者等,07_30～34歳,2:女,3 
43：熊本県,熊本市南区,フィリピン,36：日本人の配偶者等,08_35～39歳,2:女,1 
43：熊本県,熊本市南区,フィリピン,36：日本人の配偶者等,09_40～44歳,2:女,4 
43：熊本県,熊本市南区,フィリピン,36：日本人の配偶者等,11_50～54歳,2:女,1 
43：熊本県,熊本市南区,フィリピン,38：定住者,01_０～４歳,1:男,1 
43：熊本県,熊本市南区,フィリピン,38：定住者,02_５～９歳,1:男,1 
43：熊本県,熊本市南区,フィリピン,38：定住者,03_10～14歳,2:女,1 
43：熊本県,熊本市南区,フィリピン,38：定住者,04_15～19歳,2:女,3 
43：熊本県,熊本市南区,フィリピン,38：定住者,05_20～24歳,2:女,1 
43：熊本県,熊本市南区,フィリピン,38：定住者,06_25～29歳,1:男,2 
43：熊本県,熊本市南区,フィリピン,38：定住者,07_30～34歳,2:女,1 
43：熊本県,熊本市南区,フィリピン,38：定住者,09_40～44歳,2:女,2 
43：熊本県,熊本市南区,フィリピン,38：定住者,11_50～54歳,2:女,1 
43：熊本県,熊本市南区,フィリピン,38：定住者,13_60～64歳,2:女,1 
43：熊本県,熊本市南区,ベトナム,16：技術・人文知識・国際業務,05_20～24歳,1:男,5 
43：熊本県,熊本市南区,ベトナム,16：技術・人文知識・国際業務,06_25～29歳,1:男,17 
43：熊本県,熊本市南区,ベトナム,16：技術・人文知識・国際業務,06_25～29歳,2:女,3 
43：熊本県,熊本市南区,ベトナム,16：技術・人文知識・国際業務,07_30～34歳,1:男,3 
43：熊本県,熊本市南区,ベトナム,16：技術・人文知識・国際業務,07_30～34歳,2:女,1 
43：熊本県,熊本市南区,ベトナム,16：技術・人文知識・国際業務,09_40～44歳,1:男,1 
43：熊本県,熊本市南区,ベトナム,18：介護,06_25～29歳,2:女,2 
43：熊本県,熊本市南区,ベトナム,21：特定技能１号,05_20～24歳,1:男,5 
43：熊本県,熊本市南区,ベトナム,21：特定技能１号,05_20～24歳,2:女,6 
43：熊本県,熊本市南区,ベトナム,21：特定技能１号,06_25～29歳,1:男,33 
43：熊本県,熊本市南区,ベトナム,21：特定技能１号,06_25～29歳,2:女,18 
43：熊本県,熊本市南区,ベトナム,21：特定技能１号,07_30～34歳,1:男,15 
43：熊本県,熊本市南区,ベトナム,21：特定技能１号,07_30～34歳,2:女,19 
43：熊本県,熊本市南区,ベトナム,21：特定技能１号,08_35～39歳,1:男,6 
43：熊本県,熊本市南区,ベトナム,21：特定技能１号,08_35～39歳,2:女,7 
43：熊本県,熊本市南区,ベトナム,22：特定技能２号,06_25～29歳,2:女,1 
43：熊本県,熊本市南区,ベトナム,22：特定技能２号,07_30～34歳,2:女,1 
43：熊本県,熊本市南区,ベトナム,22：特定技能２号,08_35～39歳,2:女,1 
43：熊本県,熊本市南区,ベトナム,24：技能実習１号ロ,04_15～19歳,1:男,3 
43：熊本県,熊本市南区,ベトナム,24：技能実習１号ロ,04_15～19歳,2:女,2 
43：熊本県,熊本市南区,ベトナム,24：技能実習１号ロ,05_20～24歳,1:男,13 
43：熊本県,熊本市南区,ベトナム,24：技能実習１号ロ,05_20～24歳,2:女,4 
43：熊本県,熊本市南区,ベトナム,24：技能実習１号ロ,06_25～29歳,1:男,3 
43：熊本県,熊本市南区,ベトナム,24：技能実習１号ロ,06_25～29歳,2:女,2 
43：熊本県,熊本市南区,ベトナム,24：技能実習１号ロ,07_30～34歳,1:男,1 
43：熊本県,熊本市南区,ベトナム,24：技能実習１号ロ,07_30～34歳,2:女,1 
43：熊本県,熊本市南区,ベトナム,24：技能実習１号ロ,09_40～44歳,2:女,1 
43：熊本県,熊本市南区,ベトナム,24：技能実習１号ロ,10_45～49歳,2:女,1 
43：熊本県,熊本市南区,ベトナム,26：技能実習２号ロ,05_20～24歳,1:男,11 
43：熊本県,熊本市南区,ベトナム,26：技能実習２号ロ,05_20～24歳,2:女,17 
43：熊本県,熊本市南区,ベトナム,26：技能実習２号ロ,06_25～29歳,1:男,14 
43：熊本県,熊本市南区,ベトナム,26：技能実習２号ロ,06_25～29歳,2:女,1 
43：熊本県,熊本市南区,ベトナム,26：技能実習２号ロ,07_30～34歳,1:男,8 
43：熊本県,熊本市南区,ベトナム,26：技能実習２号ロ,07_30～34歳,2:女,12 
43：熊本県,熊本市南区,ベトナム,26：技能実習２号ロ,08_35～39歳,1:男,2 
43：熊本県,熊本市南区,ベトナム,26：技能実習２号ロ,08_35～39歳,2:女,3 
43：熊本県,熊本市南区,ベトナム,26：技能実習２号ロ,09_40～44歳,1:男,1 
43：熊本県,熊本市南区,ベトナム,26：技能実習２号ロ,09_40～44歳,2:女,6 
43：熊本県,熊本市南区,ベトナム,28：技能実習３号ロ,05_20～24歳,1:男,3 
43：熊本県,熊本市南区,ベトナム,28：技能実習３号ロ,05_20～24歳,2:女,1 
43：熊本県,熊本市南区,ベトナム,28：技能実習３号ロ,06_25～29歳,1:男,3 
43：熊本県,熊本市南区,ベトナム,28：技能実習３号ロ,07_30～34歳,1:男,4 
43：熊本県,熊本市南区,ベトナム,28：技能実習３号ロ,08_35～39歳,2:女,1 
43：熊本県,熊本市南区,ベトナム,28：技能実習３号ロ,09_40～44歳,2:女,1 
43：熊本県,熊本市南区,ベトナム,31：留学,05_20～24歳,2:女,1 
43：熊本県,熊本市南区,ベトナム,33：家族滞在,01_０～４歳,2:女,3 
43：熊本県,熊本市南区,ベトナム,33：家族滞在,04_15～19歳,2:女,1 
43：熊本県,熊本市南区,ベトナム,33：家族滞在,05_20～24歳,2:女,1 
43：熊本県,熊本市南区,ベトナム,33：家族滞在,06_25～29歳,2:女,3 
43：熊本県,熊本市南区,ベトナム,33：家族滞在,07_30～34歳,2:女,1 
43：熊本県,熊本市南区,ベトナム,34：特定活動,01_０～４歳,1:男,1 
43：熊本県,熊本市南区,ベトナム,34：特定活動,05_20～24歳,1:男,2 
43：熊本県,熊本市南区,ベトナム,34：特定活動,06_25～29歳,1:男,2 
43：熊本県,熊本市南区,ベトナム,34：特定活動,07_30～34歳,1:男,2 
43：熊本県,熊本市南区,ベトナム,34：特定活動,08_35～39歳,2:女,1 
43：熊本県,熊本市南区,ベトナム,35：永住者,09_40～44歳,2:女,1 
43：熊本県,熊本市南区,ベトナム,36：日本人の配偶者等,07_30～34歳,2:女,1 
43：熊本県,熊本市南区,ベトナム,36：日本人の配偶者等,08_35～39歳,2:女,1 
43：熊本県,熊本市南区,ベトナム,38：定住者,02_５～９歳,1:男,1 
43：熊本県,熊本市南区,ミャンマー,16：技術・人文知識・国際業務,06_25～29歳,1:男,2 
43：熊本県,熊本市南区,ミャンマー,16：技術・人文知識・国際業務,06_25～29歳,2:女,1 
43：熊本県,熊本市南区,ミャンマー,18：介護,07_30～34歳,1:男,1 
43：熊本県,熊本市南区,ミャンマー,21：特定技能１号,04_15～19歳,1:男,1 
43：熊本県,熊本市南区,ミャンマー,21：特定技能１号,05_20～24歳,1:男,6 
43：熊本県,熊本市南区,ミャンマー,21：特定技能１号,05_20～24歳,2:女,11 
43：熊本県,熊本市南区,ミャンマー,21：特定技能１号,06_25～29歳,1:男,1 
43：熊本県,熊本市南区,ミャンマー,21：特定技能１号,06_25～29歳,2:女,5 
43：熊本県,熊本市南区,ミャンマー,21：特定技能１号,07_30～34歳,1:男,1 
43：熊本県,熊本市南区,ミャンマー,21：特定技能１号,07_30～34歳,2:女,2 
43：熊本県,熊本市南区,ミャンマー,24：技能実習１号ロ,04_15～19歳,1:男,1 
43：熊本県,熊本市南区,ミャンマー,24：技能実習１号ロ,04_15～19歳,2:女,2 
43：熊本県,熊本市南区,ミャンマー,24：技能実習１号ロ,05_20～24歳,1:男,6 
43：熊本県,熊本市南区,ミャンマー,24：技能実習１号ロ,05_20～24歳,2:女,19 
43：熊本県,熊本市南区,ミャンマー,24：技能実習１号ロ,06_25～29歳,1:男,3 
43：熊本県,熊本市南区,ミャンマー,24：技能実習１号ロ,06_25～29歳,2:女,11 
43：熊本県,熊本市南区,ミャンマー,24：技能実習１号ロ,07_30～34歳,2:女,2 
43：熊本県,熊本市南区,ミャンマー,26：技能実習２号ロ,05_20～24歳,1:男,5 
43：熊本県,熊本市南区,ミャンマー,26：技能実習２号ロ,05_20～24歳,2:女,21 
43：熊本県,熊本市南区,ミャンマー,26：技能実習２号ロ,06_25～29歳,1:男,3 
43：熊本県,熊本市南区,ミャンマー,26：技能実習２号ロ,06_25～29歳,2:女,19 
43：熊本県,熊本市南区,ミャンマー,26：技能実習２号ロ,07_30～34歳,1:男,3 
43：熊本県,熊本市南区,ミャンマー,26：技能実習２号ロ,07_30～34歳,2:女,3 
43：熊本県,熊本市南区,ミャンマー,26：技能実習２号ロ,08_35～39歳,2:女,1 
43：熊本県,熊本市南区,ミャンマー,34：特定活動,05_20～24歳,1:男,5 
43：熊本県,熊本市南区,ミャンマー,34：特定活動,05_20～24歳,2:女,1 
43：熊本県,熊本市南区,ミャンマー,34：特定活動,06_25～29歳,1:男,4 
43：熊本県,熊本市南区,ミャンマー,34：特定活動,06_25～29歳,2:女,4 
43：熊本県,熊本市南区,ミャンマー,34：特定活動,07_30～34歳,1:男,1 
43：熊本県,熊本市南区,ミャンマー,34：特定活動,07_30～34歳,2:女,1 
43：熊本県,熊本市南区,ミャンマー,34：特定活動,08_35～39歳,2:女,1 
43：熊本県,熊本市南区,モンゴル,16：技術・人文知識・国際業務,06_25～29歳,1:男,1 
43：熊本県,熊本市南区,モンゴル,21：特定技能１号,07_30～34歳,1:男,1 
43：熊本県,熊本市南区,モンゴル,24：技能実習１号ロ,06_25～29歳,1:男,1 
43：熊本県,熊本市南区,モンゴル,24：技能実習１号ロ,07_30～34歳,1:男,1 
43：熊本県,熊本市南区,ラオス,26：技能実習２号ロ,05_20～24歳,1:男,1 
43：熊本県,熊本市南区,ラオス,26：技能実習２号ロ,06_25～29歳,1:男,4 
43：熊本県,熊本市南区,ラオス,26：技能実習２号ロ,07_30～34歳,1:男,2 
43：熊本県,熊本市南区,英国,16：技術・人文知識・国際業務,06_25～29歳,1:男,1 
43：熊本県,熊本市南区,英国,35：永住者,08_35～39歳,1:男,1 
43：熊本県,熊本市南区,チェコ,36：日本人の配偶者等,09_40～44歳,1:男,1 
43：熊本県,熊本市南区,ドイツ,36：日本人の配偶者等,08_35～39歳,2:女,1 
43：熊本県,熊本市南区,ドイツ,36：日本人の配偶者等,09_40～44歳,1:男,1 
43：熊本県,熊本市南区,ルーマニア,35：永住者,10_45～49歳,2:女,1 
43：熊本県,熊本市南区,ルーマニア,35：永住者,11_50～54歳,2:女,1 
43：熊本県,熊本市南区,ロシア,36：日本人の配偶者等,11_50～54歳,2:女,1 
43：熊本県,熊本市南区,カメルーン,16：技術・人文知識・国際業務,09_40～44歳,1:男,1 
43：熊本県,熊本市南区,スーダン,35：永住者,02_５～９歳,1:男,1 
43：熊本県,熊本市南区,スーダン,35：永住者,03_10～14歳,1:男,1 
43：熊本県,熊本市南区,スーダン,35：永住者,08_35～39歳,1:男,1 
43：熊本県,熊本市南区,スーダン,35：永住者,08_35～39歳,2:女,1 
43：熊本県,熊本市南区,スーダン,38：定住者,01_０～４歳,1:男,1 
43：熊本県,熊本市南区,ナイジェリア,35：永住者,12_55～59歳,1:男,1 
43：熊本県,熊本市南区,南アフリカ共和国,16：技術・人文知識・国際業務,07_30～34歳,2:女,1 
43：熊本県,熊本市南区,南アフリカ共和国,16：技術・人文知識・国際業務,08_35～39歳,1:男,1 
43：熊本県,熊本市南区,カナダ,15：教育,07_30～34歳,1:男,1 
43：熊本県,熊本市南区,カナダ,36：日本人の配偶者等,09_40～44歳,1:男,1 
43：熊本県,熊本市南区,コスタリカ,36：日本人の配偶者等,06_25～29歳,1:男,1 
43：熊本県,熊本市南区,バルバドス,15：教育,07_30～34歳,2:女,1 
43：熊本県,熊本市南区,米国,15：教育,05_20～24歳,1:男,1 
43：熊本県,熊本市南区,米国,15：教育,05_20～24歳,2:女,1 
43：熊本県,熊本市南区,米国,15：教育,06_25～29歳,1:男,1 
43：熊本県,熊本市南区,米国,15：教育,07_30～34歳,2:女,1 
43：熊本県,熊本市南区,米国,15：教育,08_35～39歳,1:男,1 
43：熊本県,熊本市南区,米国,34：特定活動,07_30～34歳,1:男,1 
43：熊本県,熊本市南区,米国,35：永住者,10_45～49歳,1:男,2 
43：熊本県,熊本市南区,米国,35：永住者,12_55～59歳,1:男,1 
43：熊本県,熊本市南区,米国,35：永住者,14_65～69歳,2:女,1 
43：熊本県,熊本市南区,米国,35：永住者,15_70～74歳,1:男,1 
43：熊本県,熊本市南区,米国,35：永住者,16_75～79歳,1:男,1 
43：熊本県,熊本市南区,米国,35：永住者,17_80歳以上,2:女,1 
43：熊本県,熊本市南区,米国,36：日本人の配偶者等,07_30～34歳,1:男,2 
43：熊本県,熊本市南区,米国,36：日本人の配偶者等,08_35～39歳,1:男,1 
43：熊本県,熊本市南区,米国,36：日本人の配偶者等,09_40～44歳,1:男,2 
43：熊本県,熊本市南区,ベリーズ,35：永住者,09_40～44歳,1:男,1 
43：熊本県,熊本市南区,メキシコ,35：永住者,09_40～44歳,1:男,2 
43：熊本県,熊本市南区,メキシコ,35：永住者,12_55～59歳,1:男,1 
43：熊本県,熊本市南区,ブラジル,35：永住者,10_45～49歳,1:男,1 
43：熊本県,熊本市南区,ブラジル,35：永住者,12_55～59歳,2:女,1 
43：熊本県,熊本市南区,ブラジル,38：定住者,03_10～14歳,2:女,2 
43：熊本県,熊本市南区,ブラジル,38：定住者,10_45～49歳,2:女,1 
43：熊本県,熊本市南区,オーストラリア,03：教授,11_50～54歳,1:男,1 
43：熊本県,熊本市南区,オーストラリア,35：永住者,09_40～44歳,1:男,1 
43：熊本県,熊本市南区,オーストラリア,35：永住者,15_70～74歳,1:男,1 
43：熊本県,熊本市南区,オーストラリア,35：永住者,16_75～79歳,1:男,1 
43：熊本県,熊本市南区,ニュージーランド,15：教育,05_20～24歳,2:女,1 
43：熊本県,熊本市南区,ニュージーランド,15：教育,06_25～29歳,1:男,1 
43：熊本県,熊本市南区,ニュージーランド,35：永住者,08_35～39歳,1:男,1 
43：熊本県,熊本市南区,ニュージーランド,35：永住者,11_50～54歳,1:男,1 
43：熊本県,熊本市北区,アフガニスタン,34：特定活動,02_５～９歳,1:男,2 
43：熊本県,熊本市北区,アフガニスタン,34：特定活動,03_10～14歳,2:女,2 
43：熊本県,熊本市北区,アフガニスタン,34：特定活動,07_30～34歳,2:女,1 
43：熊本県,熊本市北区,アフガニスタン,34：特定活動,08_35～39歳,1:男,1 
43：熊本県,熊本市北区,インド,20：技能,07_30～34歳,1:男,2 
43：熊本県,熊本市北区,インド,20：技能,09_40～44歳,1:男,1 
43：熊本県,熊本市北区,インド,20：技能,12_55～59歳,1:男,1 
43：熊本県,熊本市北区,インドネシア,16：技術・人文知識・国際業務,05_20～24歳,1:男,1 
43：熊本県,熊本市北区,インドネシア,16：技術・人文知識・国際業務,07_30～34歳,1:男,1 
43：熊本県,熊本市北区,インドネシア,21：特定技能１号,04_15～19歳,1:男,1 
43：熊本県,熊本市北区,インドネシア,21：特定技能１号,04_15～19歳,2:女,4 
43：熊本県,熊本市北区,インドネシア,21：特定技能１号,05_20～24歳,1:男,7 
43：熊本県,熊本市北区,インドネシア,21：特定技能１号,05_20～24歳,2:女,22 
43：熊本県,熊本市北区,インドネシア,21：特定技能１号,06_25～29歳,1:男,13 
43：熊本県,熊本市北区,インドネシア,21：特定技能１号,06_25～29歳,2:女,10 
43：熊本県,熊本市北区,インドネシア,21：特定技能１号,07_30～34歳,1:男,7 
43：熊本県,熊本市北区,インドネシア,21：特定技能１号,07_30～34歳,2:女,1 
43：熊本県,熊本市北区,インドネシア,21：特定技能１号,08_35～39歳,1:男,1 
43：熊本県,熊本市北区,インドネシア,21：特定技能１号,09_40～44歳,1:男,1 
43：熊本県,熊本市北区,インドネシア,24：技能実習１号ロ,04_15～19歳,1:男,3 
43：熊本県,熊本市北区,インドネシア,24：技能実習１号ロ,04_15～19歳,2:女,2 
43：熊本県,熊本市北区,インドネシア,24：技能実習１号ロ,05_20～24歳,1:男,18 
43：熊本県,熊本市北区,インドネシア,24：技能実習１号ロ,05_20～24歳,2:女,13 
43：熊本県,熊本市北区,インドネシア,24：技能実習１号ロ,06_25～29歳,1:男,4 
43：熊本県,熊本市北区,インドネシア,24：技能実習１号ロ,06_25～29歳,2:女,4 
43：熊本県,熊本市北区,インドネシア,26：技能実習２号ロ,04_15～19歳,1:男,1 
43：熊本県,熊本市北区,インドネシア,26：技能実習２号ロ,04_15～19歳,2:女,1 
43：熊本県,熊本市北区,インドネシア,26：技能実習２号ロ,05_20～24歳,1:男,24 
43：熊本県,熊本市北区,インドネシア,26：技能実習２号ロ,05_20～24歳,2:女,15 
43：熊本県,熊本市北区,インドネシア,26：技能実習２号ロ,06_25～29歳,1:男,21 
43：熊本県,熊本市北区,インドネシア,26：技能実習２号ロ,06_25～29歳,2:女,3 
43：熊本県,熊本市北区,インドネシア,26：技能実習２号ロ,08_35～39歳,1:男,1 
43：熊本県,熊本市北区,インドネシア,28：技能実習３号ロ,05_20～24歳,1:男,1 
43：熊本県,熊本市北区,インドネシア,34：特定活動,05_20～24歳,2:女,1 
43：熊本県,熊本市北区,インドネシア,34：特定活動,07_30～34歳,2:女,1 
43：熊本県,熊本市北区,インドネシア,35：永住者,09_40～44歳,2:女,1 
43：熊本県,熊本市北区,インドネシア,35：永住者,10_45～49歳,1:男,1 
43：熊本県,熊本市北区,インドネシア,35：永住者,11_50～54歳,1:男,1 
43：熊本県,熊本市北区,インドネシア,36：日本人の配偶者等,09_40～44歳,1:男,1 
43：熊本県,熊本市北区,インドネシア,36：日本人の配偶者等,09_40～44歳,2:女,2 
43：熊本県,熊本市北区,インドネシア,36：日本人の配偶者等,10_45～49歳,1:男,1 
43：熊本県,熊本市北区,インドネシア,37：永住者の配偶者等,10_45～49歳,2:女,1 
43：熊本県,熊本市北区,インドネシア,38：定住者,04_15～19歳,2:女,1 
43：熊本県,熊本市北区,インドネシア,38：定住者,10_45～49歳,2:女,1 
43：熊本県,熊本市北区,韓国,03：教授,11_50～54歳,2:女,1 
43：熊本県,熊本市北区,韓国,05：宗教,16_75～79歳,2:女,1 
43：熊本県,熊本市北区,韓国,08：高度専門職１号ロ,07_30～34歳,1:男,1 
43：熊本県,熊本市北区,韓国,16：技術・人文知識・国際業務,06_25～29歳,1:男,1 
43：熊本県,熊本市北区,韓国,16：技術・人文知識・国際業務,07_30～34歳,1:男,3 
43：熊本県,熊本市北区,韓国,16：技術・人文知識・国際業務,10_45～49歳,1:男,1 
43：熊本県,熊本市北区,韓国,17：企業内転勤,07_30～34歳,1:男,1 
43：熊本県,熊本市北区,韓国,17：企業内転勤,11_50～54歳,1:男,1 
43：熊本県,熊本市北区,韓国,31：留学,05_20～24歳,2:女,1 
43：熊本県,熊本市北区,韓国,33：家族滞在,01_０～４歳,2:女,1 
43：熊本県,熊本市北区,韓国,33：家族滞在,08_35～39歳,2:女,1 
43：熊本県,熊本市北区,韓国,35：永住者,04_15～19歳,1:男,1 
43：熊本県,熊本市北区,韓国,35：永住者,07_30～34歳,1:男,2 
43：熊本県,熊本市北区,韓国,35：永住者,09_40～44歳,2:女,1 
43：熊本県,熊本市北区,韓国,35：永住者,10_45～49歳,1:男,1 
43：熊本県,熊本市北区,韓国,35：永住者,10_45～49歳,2:女,2 
43：熊本県,熊本市北区,韓国,35：永住者,11_50～54歳,1:男,2 
43：熊本県,熊本市北区,韓国,35：永住者,11_50～54歳,2:女,2 
43：熊本県,熊本市北区,韓国,35：永住者,12_55～59歳,2:女,4 
43：熊本県,熊本市北区,韓国,35：永住者,13_60～64歳,1:男,1 
43：熊本県,熊本市北区,韓国,35：永住者,13_60～64歳,2:女,2 
43：熊本県,熊本市北区,韓国,35：永住者,14_65～69歳,2:女,4 
43：熊本県,熊本市北区,韓国,36：日本人の配偶者等,08_35～39歳,1:男,1 
43：熊本県,熊本市北区,韓国,36：日本人の配偶者等,08_35～39歳,2:女,1 
43：熊本県,熊本市北区,韓国,36：日本人の配偶者等,09_40～44歳,1:男,1 
43：熊本県,熊本市北区,韓国,36：日本人の配偶者等,10_45～49歳,1:男,2 
43：熊本県,熊本市北区,韓国,36：日本人の配偶者等,11_50～54歳,1:男,1 
43：熊本県,熊本市北区,韓国,36：日本人の配偶者等,13_60～64歳,2:女,1 
43：熊本県,熊本市北区,韓国,36：日本人の配偶者等,14_65～69歳,2:女,1 
43：熊本県,熊本市北区,韓国,37：永住者の配偶者等,10_45～49歳,2:女,1 
43：熊本県,熊本市北区,韓国,39：特別永住者,07_30～34歳,1:男,2 
43：熊本県,熊本市北区,韓国,39：特別永住者,09_40～44歳,1:男,2 
43：熊本県,熊本市北区,韓国,39：特別永住者,10_45～49歳,2:女,2 
43：熊本県,熊本市北区,韓国,39：特別永住者,11_50～54歳,1:男,2 
43：熊本県,熊本市北区,韓国,39：特別永住者,11_50～54歳,2:女,2 
43：熊本県,熊本市北区,韓国,39：特別永住者,13_60～64歳,2:女,2 
43：熊本県,熊本市北区,韓国,39：特別永住者,14_65～69歳,1:男,4 
43：熊本県,熊本市北区,韓国,39：特別永住者,14_65～69歳,2:女,1 
43：熊本県,熊本市北区,韓国,39：特別永住者,15_70～74歳,1:男,1 
43：熊本県,熊本市北区,韓国,39：特別永住者,15_70～74歳,2:女,2 
43：熊本県,熊本市北区,韓国,39：特別永住者,16_75～79歳,1:男,1 
43：熊本県,熊本市北区,韓国,39：特別永住者,16_75～79歳,2:女,5 
43：熊本県,熊本市北区,韓国,39：特別永住者,17_80歳以上,1:男,2 
43：熊本県,熊本市北区,韓国,39：特別永住者,17_80歳以上,2:女,4 
43：熊本県,熊本市北区,朝鮮,39：特別永住者,05_20～24歳,1:男,1 
43：熊本県,熊本市北区,朝鮮,39：特別永住者,15_70～74歳,2:女,2 
43：熊本県,熊本市北区,カンボジア,21：特定技能１号,06_25～29歳,2:女,6 
43：熊本県,熊本市北区,カンボジア,21：特定技能１号,07_30～34歳,2:女,3 
43：熊本県,熊本市北区,カンボジア,21：特定技能１号,08_35～39歳,2:女,4 
43：熊本県,熊本市北区,カンボジア,26：技能実習２号ロ,05_20～24歳,1:男,4 
43：熊本県,熊本市北区,カンボジア,26：技能実習２号ロ,05_20～24歳,2:女,12 
43：熊本県,熊本市北区,カンボジア,26：技能実習２号ロ,06_25～29歳,2:女,7 
43：熊本県,熊本市北区,カンボジア,26：技能実習２号ロ,07_30～34歳,1:男,3 
43：熊本県,熊本市北区,カンボジア,26：技能実習２号ロ,07_30～34歳,2:女,1 
43：熊本県,熊本市北区,カンボジア,36：日本人の配偶者等,07_30～34歳,2:女,1 
43：熊本県,熊本市北区,シンガポール,16：技術・人文知識・国際業務,06_25～29歳,2:女,1 
43：熊本県,熊本市北区,スリランカ,16：技術・人文知識・国際業務,06_25～29歳,1:男,1 
43：熊本県,熊本市北区,スリランカ,16：技術・人文知識・国際業務,06_25～29歳,2:女,1 
43：熊本県,熊本市北区,スリランカ,16：技術・人文知識・国際業務,08_35～39歳,1:男,1 
43：熊本県,熊本市北区,スリランカ,16：技術・人文知識・国際業務,10_45～49歳,1:男,1 
43：熊本県,熊本市北区,スリランカ,21：特定技能１号,05_20～24歳,2:女,3 
43：熊本県,熊本市北区,スリランカ,33：家族滞在,01_０～４歳,2:女,1 
43：熊本県,熊本市北区,スリランカ,33：家族滞在,02_５～９歳,1:男,1 
43：熊本県,熊本市北区,スリランカ,33：家族滞在,03_10～14歳,2:女,1 
43：熊本県,熊本市北区,スリランカ,33：家族滞在,04_15～19歳,2:女,1 
43：熊本県,熊本市北区,スリランカ,33：家族滞在,07_30～34歳,2:女,1 
43：熊本県,熊本市北区,スリランカ,33：家族滞在,08_35～39歳,2:女,1 
43：熊本県,熊本市北区,タイ,16：技術・人文知識・国際業務,07_30～34歳,2:女,1 
43：熊本県,熊本市北区,タイ,21：特定技能１号,06_25～29歳,1:男,3 
43：熊本県,熊本市北区,タイ,21：特定技能１号,06_25～29歳,2:女,2 
43：熊本県,熊本市北区,タイ,21：特定技能１号,07_30～34歳,1:男,1 
43：熊本県,熊本市北区,タイ,21：特定技能１号,07_30～34歳,2:女,2 
43：熊本県,熊本市北区,タイ,21：特定技能１号,08_35～39歳,1:男,2 
43：熊本県,熊本市北区,タイ,21：特定技能１号,08_35～39歳,2:女,1 
43：熊本県,熊本市北区,タイ,24：技能実習１号ロ,05_20～24歳,1:男,1 
43：熊本県,熊本市北区,タイ,24：技能実習１号ロ,05_20～24歳,2:女,2 
43：熊本県,熊本市北区,タイ,24：技能実習１号ロ,06_25～29歳,2:女,2 
43：熊本県,熊本市北区,タイ,26：技能実習２号ロ,05_20～24歳,1:男,2 
43：熊本県,熊本市北区,タイ,26：技能実習２号ロ,06_25～29歳,1:男,3 
43：熊本県,熊本市北区,タイ,26：技能実習２号ロ,07_30～34歳,1:男,1 
43：熊本県,熊本市北区,タイ,26：技能実習２号ロ,08_35～39歳,1:男,1 
43：熊本県,熊本市北区,タイ,26：技能実習２号ロ,08_35～39歳,2:女,1 
43：熊本県,熊本市北区,タイ,28：技能実習３号ロ,06_25～29歳,1:男,1 
43：熊本県,熊本市北区,タイ,35：永住者,06_25～29歳,2:女,1 
43：熊本県,熊本市北区,タイ,35：永住者,10_45～49歳,2:女,2 
43：熊本県,熊本市北区,タイ,35：永住者,13_60～64歳,2:女,1 
43：熊本県,熊本市北区,タイ,35：永住者,15_70～74歳,2:女,1 
43：熊本県,熊本市北区,タイ,36：日本人の配偶者等,11_50～54歳,2:女,1 
43：熊本県,熊本市北区,タイ,38：定住者,05_20～24歳,1:男,1 
43：熊本県,熊本市北区,タイ,38：定住者,07_30～34歳,2:女,1 
43：熊本県,熊本市北区,台湾,08：高度専門職１号ロ,06_25～29歳,1:男,4 
43：熊本県,熊本市北区,台湾,08：高度専門職１号ロ,06_25～29歳,2:女,3 
43：熊本県,熊本市北区,台湾,08：高度専門職１号ロ,07_30～34歳,1:男,7 
43：熊本県,熊本市北区,台湾,08：高度専門職１号ロ,07_30～34歳,2:女,3 
43：熊本県,熊本市北区,台湾,08：高度専門職１号ロ,08_35～39歳,1:男,15 
43：熊本県,熊本市北区,台湾,08：高度専門職１号ロ,08_35～39歳,2:女,4 
43：熊本県,熊本市北区,台湾,08：高度専門職１号ロ,09_40～44歳,1:男,14 
43：熊本県,熊本市北区,台湾,08：高度専門職１号ロ,09_40～44歳,2:女,2 
43：熊本県,熊本市北区,台湾,08：高度専門職１号ロ,10_45～49歳,1:男,5 
43：熊本県,熊本市北区,台湾,08：高度専門職１号ロ,11_50～54歳,1:男,1 
43：熊本県,熊本市北区,台湾,08：高度専門職１号ロ,12_55～59歳,1:男,1 
43：熊本県,熊本市北区,台湾,08：高度専門職１号ロ,13_60～64歳,1:男,1 
43：熊本県,熊本市北区,台湾,16：技術・人文知識・国際業務,05_20～24歳,1:男,2 
43：熊本県,熊本市北区,台湾,16：技術・人文知識・国際業務,06_25～29歳,1:男,11 
43：熊本県,熊本市北区,台湾,16：技術・人文知識・国際業務,06_25～29歳,2:女,5 
43：熊本県,熊本市北区,台湾,16：技術・人文知識・国際業務,07_30～34歳,1:男,14 
43：熊本県,熊本市北区,台湾,16：技術・人文知識・国際業務,07_30～34歳,2:女,4 
43：熊本県,熊本市北区,台湾,16：技術・人文知識・国際業務,08_35～39歳,1:男,10 
43：熊本県,熊本市北区,台湾,16：技術・人文知識・国際業務,08_35～39歳,2:女,2 
43：熊本県,熊本市北区,台湾,16：技術・人文知識・国際業務,09_40～44歳,1:男,3 
43：熊本県,熊本市北区,台湾,16：技術・人文知識・国際業務,10_45～49歳,1:男,1 
43：熊本県,熊本市北区,台湾,16：技術・人文知識・国際業務,11_50～54歳,2:女,1 
43：熊本県,熊本市北区,台湾,16：技術・人文知識・国際業務,12_55～59歳,1:男,1 
43：熊本県,熊本市北区,台湾,17：企業内転勤,05_20～24歳,2:女,3 
43：熊本県,熊本市北区,台湾,17：企業内転勤,06_25～29歳,1:男,2 
43：熊本県,熊本市北区,台湾,17：企業内転勤,06_25～29歳,2:女,1 
43：熊本県,熊本市北区,台湾,17：企業内転勤,07_30～34歳,1:男,9 
43：熊本県,熊本市北区,台湾,17：企業内転勤,07_30～34歳,2:女,8 
43：熊本県,熊本市北区,台湾,17：企業内転勤,08_35～39歳,1:男,7 
43：熊本県,熊本市北区,台湾,17：企業内転勤,08_35～39歳,2:女,5 
43：熊本県,熊本市北区,台湾,17：企業内転勤,09_40～44歳,1:男,12 
43：熊本県,熊本市北区,台湾,17：企業内転勤,09_40～44歳,2:女,4 
43：熊本県,熊本市北区,台湾,17：企業内転勤,10_45～49歳,1:男,5 
43：熊本県,熊本市北区,台湾,17：企業内転勤,10_45～49歳,2:女,2 
43：熊本県,熊本市北区,台湾,17：企業内転勤,11_50～54歳,1:男,1 
43：熊本県,熊本市北区,台湾,17：企業内転勤,12_55～59歳,1:男,1 
43：熊本県,熊本市北区,台湾,31：留学,08_35～39歳,1:男,1 
43：熊本県,熊本市北区,台湾,33：家族滞在,01_０～４歳,1:男,11 
43：熊本県,熊本市北区,台湾,33：家族滞在,01_０～４歳,2:女,21 
43：熊本県,熊本市北区,台湾,33：家族滞在,02_５～９歳,1:男,17 
43：熊本県,熊本市北区,台湾,33：家族滞在,02_５～９歳,2:女,12 
43：熊本県,熊本市北区,台湾,33：家族滞在,03_10～14歳,1:男,3 
43：熊本県,熊本市北区,台湾,33：家族滞在,03_10～14歳,2:女,9 
43：熊本県,熊本市北区,台湾,33：家族滞在,04_15～19歳,1:男,3 
43：熊本県,熊本市北区,台湾,33：家族滞在,07_30～34歳,1:男,1 
43：熊本県,熊本市北区,台湾,33：家族滞在,07_30～34歳,2:女,10 
43：熊本県,熊本市北区,台湾,33：家族滞在,08_35～39歳,1:男,1 
43：熊本県,熊本市北区,台湾,33：家族滞在,08_35～39歳,2:女,20 
43：熊本県,熊本市北区,台湾,33：家族滞在,09_40～44歳,1:男,2 
43：熊本県,熊本市北区,台湾,33：家族滞在,09_40～44歳,2:女,11 
43：熊本県,熊本市北区,台湾,33：家族滞在,10_45～49歳,1:男,2 
43：熊本県,熊本市北区,台湾,33：家族滞在,10_45～49歳,2:女,3 
43：熊本県,熊本市北区,台湾,33：家族滞在,13_60～64歳,2:女,1 
43：熊本県,熊本市北区,台湾,34：特定活動,12_55～59歳,2:女,1 
43：熊本県,熊本市北区,台湾,34：特定活動,13_60～64歳,2:女,1 
43：熊本県,熊本市北区,台湾,35：永住者,06_25～29歳,1:男,1 
43：熊本県,熊本市北区,台湾,35：永住者,07_30～34歳,1:男,4 
43：熊本県,熊本市北区,台湾,35：永住者,08_35～39歳,2:女,1 
43：熊本県,熊本市北区,台湾,35：永住者,09_40～44歳,2:女,2 
43：熊本県,熊本市北区,台湾,35：永住者,10_45～49歳,2:女,1 
43：熊本県,熊本市北区,台湾,35：永住者,11_50～54歳,2:女,2 
43：熊本県,熊本市北区,台湾,35：永住者,12_55～59歳,2:女,1 
43：熊本県,熊本市北区,台湾,35：永住者,13_60～64歳,2:女,3 
43：熊本県,熊本市北区,台湾,35：永住者,14_65～69歳,2:女,1 
43：熊本県,熊本市北区,台湾,36：日本人の配偶者等,07_30～34歳,1:男,1 
43：熊本県,熊本市北区,中国,07：高度専門職１号イ,08_35～39歳,1:男,1 
43：熊本県,熊本市北区,中国,08：高度専門職１号ロ,07_30～34歳,2:女,1 
43：熊本県,熊本市北区,中国,11：経営・管理,12_55～59歳,1:男,1 
43：熊本県,熊本市北区,中国,11：経営・管理,12_55～59歳,2:女,1 
43：熊本県,熊本市北区,中国,11：経営・管理,14_65～69歳,1:男,1 
43：熊本県,熊本市北区,中国,13：医療,08_35～39歳,2:女,1 
43：熊本県,熊本市北区,中国,16：技術・人文知識・国際業務,05_20～24歳,1:男,1 
43：熊本県,熊本市北区,中国,16：技術・人文知識・国際業務,06_25～29歳,1:男,8 
43：熊本県,熊本市北区,中国,16：技術・人文知識・国際業務,06_25～29歳,2:女,3 
43：熊本県,熊本市北区,中国,16：技術・人文知識・国際業務,07_30～34歳,1:男,2 
43：熊本県,熊本市北区,中国,16：技術・人文知識・国際業務,07_30～34歳,2:女,4 
43：熊本県,熊本市北区,中国,16：技術・人文知識・国際業務,08_35～39歳,1:男,6 
43：熊本県,熊本市北区,中国,16：技術・人文知識・国際業務,09_40～44歳,1:男,2 
43：熊本県,熊本市北区,中国,16：技術・人文知識・国際業務,10_45～49歳,2:女,1 
43：熊本県,熊本市北区,中国,17：企業内転勤,06_25～29歳,1:男,1 
43：熊本県,熊本市北区,中国,17：企業内転勤,08_35～39歳,1:男,2 
43：熊本県,熊本市北区,中国,20：技能,11_50～54歳,2:女,1 
43：熊本県,熊本市北区,中国,21：特定技能１号,06_25～29歳,2:女,1 
43：熊本県,熊本市北区,中国,21：特定技能１号,08_35～39歳,2:女,1 
43：熊本県,熊本市北区,中国,21：特定技能１号,09_40～44歳,2:女,2 
43：熊本県,熊本市北区,中国,21：特定技能１号,10_45～49歳,2:女,6 
43：熊本県,熊本市北区,中国,26：技能実習２号ロ,06_25～29歳,1:男,1 
43：熊本県,熊本市北区,中国,26：技能実習２号ロ,07_30～34歳,1:男,1 
43：熊本県,熊本市北区,中国,31：留学,05_20～24歳,2:女,1 
43：熊本県,熊本市北区,中国,31：留学,06_25～29歳,1:男,4 
43：熊本県,熊本市北区,中国,31：留学,07_30～34歳,1:男,2 
43：熊本県,熊本市北区,中国,33：家族滞在,01_０～４歳,2:女,2 
43：熊本県,熊本市北区,中国,33：家族滞在,02_５～９歳,1:男,2 
43：熊本県,熊本市北区,中国,33：家族滞在,06_25～29歳,2:女,3 
43：熊本県,熊本市北区,中国,33：家族滞在,07_30～34歳,1:男,1 
43：熊本県,熊本市北区,中国,33：家族滞在,11_50～54歳,1:男,1 
43：熊本県,熊本市北区,中国,33：家族滞在,11_50～54歳,2:女,1 
43：熊本県,熊本市北区,中国,33：家族滞在,12_55～59歳,1:男,1 
43：熊本県,熊本市北区,中国,33：家族滞在,13_60～64歳,2:女,1 
43：熊本県,熊本市北区,中国,34：特定活動,07_30～34歳,1:男,1 
43：熊本県,熊本市北区,中国,34：特定活動,17_80歳以上,2:女,1 
43：熊本県,熊本市北区,中国,35：永住者,01_０～４歳,1:男,1 
43：熊本県,熊本市北区,中国,35：永住者,01_０～４歳,2:女,1 
43：熊本県,熊本市北区,中国,35：永住者,02_５～９歳,1:男,2 
43：熊本県,熊本市北区,中国,35：永住者,02_５～９歳,2:女,2 
43：熊本県,熊本市北区,中国,35：永住者,03_10～14歳,1:男,2 
43：熊本県,熊本市北区,中国,35：永住者,03_10～14歳,2:女,1 
43：熊本県,熊本市北区,中国,35：永住者,04_15～19歳,1:男,2 
43：熊本県,熊本市北区,中国,35：永住者,04_15～19歳,2:女,2 
43：熊本県,熊本市北区,中国,35：永住者,05_20～24歳,1:男,1 
43：熊本県,熊本市北区,中国,35：永住者,05_20～24歳,2:女,1 
43：熊本県,熊本市北区,中国,35：永住者,06_25～29歳,1:男,2 
43：熊本県,熊本市北区,中国,35：永住者,06_25～29歳,2:女,1 
43：熊本県,熊本市北区,中国,35：永住者,07_30～34歳,1:男,3 
43：熊本県,熊本市北区,中国,35：永住者,07_30～34歳,2:女,7 
43：熊本県,熊本市北区,中国,35：永住者,08_35～39歳,1:男,2 
43：熊本県,熊本市北区,中国,35：永住者,08_35～39歳,2:女,9 
43：熊本県,熊本市北区,中国,35：永住者,09_40～44歳,1:男,4 
43：熊本県,熊本市北区,中国,35：永住者,09_40～44歳,2:女,12 
43：熊本県,熊本市北区,中国,35：永住者,10_45～49歳,1:男,1 
43：熊本県,熊本市北区,中国,35：永住者,10_45～49歳,2:女,10 
43：熊本県,熊本市北区,中国,35：永住者,11_50～54歳,1:男,2 
43：熊本県,熊本市北区,中国,35：永住者,11_50～54歳,2:女,12 
43：熊本県,熊本市北区,中国,35：永住者,12_55～59歳,1:男,4 
43：熊本県,熊本市北区,中国,35：永住者,12_55～59歳,2:女,10 
43：熊本県,熊本市北区,中国,35：永住者,13_60～64歳,1:男,3 
43：熊本県,熊本市北区,中国,35：永住者,13_60～64歳,2:女,2 
43：熊本県,熊本市北区,中国,35：永住者,14_65～69歳,1:男,1 
43：熊本県,熊本市北区,中国,35：永住者,14_65～69歳,2:女,2 
43：熊本県,熊本市北区,中国,35：永住者,15_70～74歳,1:男,2 
43：熊本県,熊本市北区,中国,35：永住者,15_70～74歳,2:女,2 
43：熊本県,熊本市北区,中国,35：永住者,16_75～79歳,2:女,3 
43：熊本県,熊本市北区,中国,36：日本人の配偶者等,07_30～34歳,2:女,3 
43：熊本県,熊本市北区,中国,36：日本人の配偶者等,08_35～39歳,1:男,2 
43：熊本県,熊本市北区,中国,36：日本人の配偶者等,08_35～39歳,2:女,1 
43：熊本県,熊本市北区,中国,36：日本人の配偶者等,10_45～49歳,2:女,1 
43：熊本県,熊本市北区,中国,36：日本人の配偶者等,11_50～54歳,2:女,1 
43：熊本県,熊本市北区,中国,37：永住者の配偶者等,07_30～34歳,1:男,1 
43：熊本県,熊本市北区,中国,37：永住者の配偶者等,08_35～39歳,1:男,1 
43：熊本県,熊本市北区,中国,37：永住者の配偶者等,10_45～49歳,1:男,1 
43：熊本県,熊本市北区,中国,37：永住者の配偶者等,12_55～59歳,1:男,1 
43：熊本県,熊本市北区,中国,38：定住者,01_０～４歳,2:女,1 
43：熊本県,熊本市北区,中国,38：定住者,04_15～19歳,1:男,1 
43：熊本県,熊本市北区,中国,38：定住者,06_25～29歳,1:男,1 
43：熊本県,熊本市北区,中国,38：定住者,07_30～34歳,1:男,1 
43：熊本県,熊本市北区,中国,38：定住者,09_40～44歳,2:女,1 
43：熊本県,熊本市北区,中国,38：定住者,12_55～59歳,2:女,1 
43：熊本県,熊本市北区,中国,38：定住者,15_70～74歳,1:男,1 
43：熊本県,熊本市北区,ネパール,11：経営・管理,06_25～29歳,1:男,1 
43：熊本県,熊本市北区,ネパール,11：経営・管理,09_40～44歳,1:男,1 
43：熊本県,熊本市北区,ネパール,16：技術・人文知識・国際業務,06_25～29歳,1:男,5 
43：熊本県,熊本市北区,ネパール,16：技術・人文知識・国際業務,06_25～29歳,2:女,5 
43：熊本県,熊本市北区,ネパール,16：技術・人文知識・国際業務,07_30～34歳,1:男,7 
43：熊本県,熊本市北区,ネパール,16：技術・人文知識・国際業務,07_30～34歳,2:女,1 
43：熊本県,熊本市北区,ネパール,16：技術・人文知識・国際業務,08_35～39歳,1:男,1 
43：熊本県,熊本市北区,ネパール,16：技術・人文知識・国際業務,08_35～39歳,2:女,1 
43：熊本県,熊本市北区,ネパール,16：技術・人文知識・国際業務,09_40～44歳,1:男,2 
43：熊本県,熊本市北区,ネパール,20：技能,10_45～49歳,1:男,1 
43：熊本県,熊本市北区,ネパール,21：特定技能１号,04_15～19歳,1:男,1 
43：熊本県,熊本市北区,ネパール,21：特定技能１号,05_20～24歳,2:女,6 
43：熊本県,熊本市北区,ネパール,21：特定技能１号,06_25～29歳,1:男,4 
43：熊本県,熊本市北区,ネパール,21：特定技能１号,06_25～29歳,2:女,5 
43：熊本県,熊本市北区,ネパール,21：特定技能１号,07_30～34歳,1:男,7 
43：熊本県,熊本市北区,ネパール,21：特定技能１号,07_30～34歳,2:女,1 
43：熊本県,熊本市北区,ネパール,21：特定技能１号,08_35～39歳,1:男,1 
43：熊本県,熊本市北区,ネパール,21：特定技能１号,09_40～44歳,2:女,1 
43：熊本県,熊本市北区,ネパール,31：留学,04_15～19歳,1:男,5 
43：熊本県,熊本市北区,ネパール,31：留学,04_15～19歳,2:女,4 
43：熊本県,熊本市北区,ネパール,31：留学,05_20～24歳,1:男,20 
43：熊本県,熊本市北区,ネパール,31：留学,05_20～24歳,2:女,25 
43：熊本県,熊本市北区,ネパール,31：留学,06_25～29歳,1:男,5 
43：熊本県,熊本市北区,ネパール,31：留学,06_25～29歳,2:女,5 
43：熊本県,熊本市北区,ネパール,33：家族滞在,01_０～４歳,1:男,2 
43：熊本県,熊本市北区,ネパール,33：家族滞在,01_０～４歳,2:女,3 
43：熊本県,熊本市北区,ネパール,33：家族滞在,02_５～９歳,2:女,1 
43：熊本県,熊本市北区,ネパール,33：家族滞在,04_15～19歳,1:男,2 
43：熊本県,熊本市北区,ネパール,33：家族滞在,04_15～19歳,2:女,1 
43：熊本県,熊本市北区,ネパール,33：家族滞在,05_20～24歳,2:女,3 
43：熊本県,熊本市北区,ネパール,33：家族滞在,06_25～29歳,2:女,4 
43：熊本県,熊本市北区,ネパール,33：家族滞在,07_30～34歳,2:女,4 
43：熊本県,熊本市北区,ネパール,33：家族滞在,08_35～39歳,1:男,1 
43：熊本県,熊本市北区,ネパール,33：家族滞在,08_35～39歳,2:女,1 
43：熊本県,熊本市北区,ネパール,35：永住者,01_０～４歳,2:女,1 
43：熊本県,熊本市北区,ネパール,35：永住者,02_５～９歳,1:男,2 
43：熊本県,熊本市北区,ネパール,35：永住者,02_５～９歳,2:女,1 
43：熊本県,熊本市北区,ネパール,35：永住者,07_30～34歳,2:女,1 
43：熊本県,熊本市北区,ネパール,35：永住者,08_35～39歳,1:男,1 
43：熊本県,熊本市北区,ネパール,35：永住者,08_35～39歳,2:女,1 
43：熊本県,熊本市北区,ネパール,35：永住者,09_40～44歳,1:男,1 
43：熊本県,熊本市北区,ネパール,36：日本人の配偶者等,06_25～29歳,1:男,1 
43：熊本県,熊本市北区,パキスタン,11：経営・管理,06_25～29歳,1:男,1 
43：熊本県,熊本市北区,パキスタン,11：経営・管理,09_40～44歳,1:男,2 
43：熊本県,熊本市北区,パキスタン,16：技術・人文知識・国際業務,07_30～34歳,1:男,1 
43：熊本県,熊本市北区,パキスタン,16：技術・人文知識・国際業務,09_40～44歳,1:男,1 
43：熊本県,熊本市北区,パキスタン,16：技術・人文知識・国際業務,12_55～59歳,1:男,1 
43：熊本県,熊本市北区,パキスタン,20：技能,11_50～54歳,1:男,1 
43：熊本県,熊本市北区,パキスタン,33：家族滞在,08_35～39歳,2:女,1 
43：熊本県,熊本市北区,パキスタン,35：永住者,03_10～14歳,1:男,1 
43：熊本県,熊本市北区,パキスタン,35：永住者,12_55～59歳,1:男,1 
43：熊本県,熊本市北区,パキスタン,36：日本人の配偶者等,07_30～34歳,1:男,1 
43：熊本県,熊本市北区,パキスタン,37：永住者の配偶者等,01_０～４歳,2:女,1 
43：熊本県,熊本市北区,パキスタン,37：永住者の配偶者等,03_10～14歳,1:男,1 
43：熊本県,熊本市北区,パキスタン,37：永住者の配偶者等,10_45～49歳,2:女,1 
43：熊本県,熊本市北区,バングラデシュ,26：技能実習２号ロ,06_25～29歳,1:男,2 
43：熊本県,熊本市北区,フィリピン,15：教育,08_35～39歳,2:女,1 
43：熊本県,熊本市北区,フィリピン,15：教育,11_50～54歳,2:女,1 
43：熊本県,熊本市北区,フィリピン,16：技術・人文知識・国際業務,06_25～29歳,1:男,3 
43：熊本県,熊本市北区,フィリピン,16：技術・人文知識・国際業務,07_30～34歳,1:男,3 
43：熊本県,熊本市北区,フィリピン,16：技術・人文知識・国際業務,07_30～34歳,2:女,1 
43：熊本県,熊本市北区,フィリピン,16：技術・人文知識・国際業務,08_35～39歳,2:女,1 
43：熊本県,熊本市北区,フィリピン,17：企業内転勤,06_25～29歳,1:男,3 
43：熊本県,熊本市北区,フィリピン,17：企業内転勤,07_30～34歳,1:男,15 
43：熊本県,熊本市北区,フィリピン,17：企業内転勤,08_35～39歳,1:男,3 
43：熊本県,熊本市北区,フィリピン,17：企業内転勤,09_40～44歳,1:男,3 
43：熊本県,熊本市北区,フィリピン,21：特定技能１号,05_20～24歳,1:男,1 
43：熊本県,熊本市北区,フィリピン,21：特定技能１号,05_20～24歳,2:女,2 
43：熊本県,熊本市北区,フィリピン,21：特定技能１号,06_25～29歳,1:男,4 
43：熊本県,熊本市北区,フィリピン,21：特定技能１号,06_25～29歳,2:女,4 
43：熊本県,熊本市北区,フィリピン,21：特定技能１号,07_30～34歳,1:男,4 
43：熊本県,熊本市北区,フィリピン,21：特定技能１号,07_30～34歳,2:女,6 
43：熊本県,熊本市北区,フィリピン,21：特定技能１号,08_35～39歳,1:男,1 
43：熊本県,熊本市北区,フィリピン,21：特定技能１号,08_35～39歳,2:女,1 
43：熊本県,熊本市北区,フィリピン,21：特定技能１号,09_40～44歳,1:男,1 
43：熊本県,熊本市北区,フィリピン,21：特定技能１号,09_40～44歳,2:女,1 
43：熊本県,熊本市北区,フィリピン,23：技能実習１号イ,06_25～29歳,1:男,1 
43：熊本県,熊本市北区,フィリピン,23：技能実習１号イ,07_30～34歳,1:男,1 
43：熊本県,熊本市北区,フィリピン,24：技能実習１号ロ,05_20～24歳,2:女,1 
43：熊本県,熊本市北区,フィリピン,24：技能実習１号ロ,06_25～29歳,1:男,1 
43：熊本県,熊本市北区,フィリピン,24：技能実習１号ロ,06_25～29歳,2:女,1 
43：熊本県,熊本市北区,フィリピン,24：技能実習１号ロ,07_30～34歳,1:男,3 
43：熊本県,熊本市北区,フィリピン,24：技能実習１号ロ,07_30～34歳,2:女,1 
43：熊本県,熊本市北区,フィリピン,24：技能実習１号ロ,08_35～39歳,1:男,1 
43：熊本県,熊本市北区,フィリピン,25：技能実習２号イ,08_35～39歳,1:男,1 
43：熊本県,熊本市北区,フィリピン,26：技能実習２号ロ,05_20～24歳,1:男,1 
43：熊本県,熊本市北区,フィリピン,26：技能実習２号ロ,05_20～24歳,2:女,3 
43：熊本県,熊本市北区,フィリピン,26：技能実習２号ロ,06_25～29歳,1:男,4 
43：熊本県,熊本市北区,フィリピン,26：技能実習２号ロ,06_25～29歳,2:女,10 
43：熊本県,熊本市北区,フィリピン,26：技能実習２号ロ,07_30～34歳,1:男,7 
43：熊本県,熊本市北区,フィリピン,26：技能実習２号ロ,07_30～34歳,2:女,4 
43：熊本県,熊本市北区,フィリピン,26：技能実習２号ロ,08_35～39歳,1:男,2 
43：熊本県,熊本市北区,フィリピン,33：家族滞在,06_25～29歳,1:男,1 
43：熊本県,熊本市北区,フィリピン,33：家族滞在,11_50～54歳,1:男,1 
43：熊本県,熊本市北区,フィリピン,35：永住者,03_10～14歳,2:女,1 
43：熊本県,熊本市北区,フィリピン,35：永住者,04_15～19歳,2:女,1 
43：熊本県,熊本市北区,フィリピン,35：永住者,06_25～29歳,1:男,1 
43：熊本県,熊本市北区,フィリピン,35：永住者,07_30～34歳,1:男,1 
43：熊本県,熊本市北区,フィリピン,35：永住者,07_30～34歳,2:女,1 
43：熊本県,熊本市北区,フィリピン,35：永住者,08_35～39歳,1:男,1 
43：熊本県,熊本市北区,フィリピン,35：永住者,08_35～39歳,2:女,3 
43：熊本県,熊本市北区,フィリピン,35：永住者,09_40～44歳,2:女,6 
43：熊本県,熊本市北区,フィリピン,35：永住者,10_45～49歳,1:男,1 
43：熊本県,熊本市北区,フィリピン,35：永住者,10_45～49歳,2:女,10 
43：熊本県,熊本市北区,フィリピン,35：永住者,11_50～54歳,1:男,1 
43：熊本県,熊本市北区,フィリピン,35：永住者,11_50～54歳,2:女,16 
43：熊本県,熊本市北区,フィリピン,35：永住者,12_55～59歳,2:女,16 
43：熊本県,熊本市北区,フィリピン,35：永住者,13_60～64歳,2:女,6 
43：熊本県,熊本市北区,フィリピン,35：永住者,14_65～69歳,2:女,1 
43：熊本県,熊本市北区,フィリピン,35：永住者,15_70～74歳,2:女,1 
43：熊本県,熊本市北区,フィリピン,35：永住者,16_75～79歳,2:女,1 
43：熊本県,熊本市北区,フィリピン,36：日本人の配偶者等,06_25～29歳,1:男,1 
43：熊本県,熊本市北区,フィリピン,36：日本人の配偶者等,07_30～34歳,2:女,4 
43：熊本県,熊本市北区,フィリピン,36：日本人の配偶者等,08_35～39歳,2:女,3 
43：熊本県,熊本市北区,フィリピン,36：日本人の配偶者等,09_40～44歳,2:女,3 
43：熊本県,熊本市北区,フィリピン,36：日本人の配偶者等,10_45～49歳,2:女,2 
43：熊本県,熊本市北区,フィリピン,37：永住者の配偶者等,02_５～９歳,1:男,1 
43：熊本県,熊本市北区,フィリピン,37：永住者の配偶者等,02_５～９歳,2:女,1 
43：熊本県,熊本市北区,フィリピン,37：永住者の配偶者等,07_30～34歳,2:女,1 
43：熊本県,熊本市北区,フィリピン,38：定住者,01_０～４歳,2:女,1 
43：熊本県,熊本市北区,フィリピン,38：定住者,02_５～９歳,1:男,1 
43：熊本県,熊本市北区,フィリピン,38：定住者,02_５～９歳,2:女,1 
43：熊本県,熊本市北区,フィリピン,38：定住者,03_10～14歳,1:男,1 
43：熊本県,熊本市北区,フィリピン,38：定住者,04_15～19歳,2:女,1 
43：熊本県,熊本市北区,フィリピン,38：定住者,05_20～24歳,2:女,1 
43：熊本県,熊本市北区,フィリピン,38：定住者,07_30～34歳,2:女,3 
43：熊本県,熊本市北区,フィリピン,38：定住者,08_35～39歳,1:男,1 
43：熊本県,熊本市北区,フィリピン,38：定住者,08_35～39歳,2:女,1 
43：熊本県,熊本市北区,フィリピン,38：定住者,09_40～44歳,2:女,2 
43：熊本県,熊本市北区,フィリピン,38：定住者,10_45～49歳,2:女,1 
43：熊本県,熊本市北区,ベトナム,16：技術・人文知識・国際業務,05_20～24歳,1:男,14 
43：熊本県,熊本市北区,ベトナム,16：技術・人文知識・国際業務,05_20～24歳,2:女,3 
43：熊本県,熊本市北区,ベトナム,16：技術・人文知識・国際業務,06_25～29歳,1:男,44 
43：熊本県,熊本市北区,ベトナム,16：技術・人文知識・国際業務,06_25～29歳,2:女,4 
43：熊本県,熊本市北区,ベトナム,16：技術・人文知識・国際業務,07_30～34歳,1:男,36 
43：熊本県,熊本市北区,ベトナム,16：技術・人文知識・国際業務,07_30～34歳,2:女,3 
43：熊本県,熊本市北区,ベトナム,16：技術・人文知識・国際業務,08_35～39歳,1:男,15 
43：熊本県,熊本市北区,ベトナム,16：技術・人文知識・国際業務,08_35～39歳,2:女,2 
43：熊本県,熊本市北区,ベトナム,16：技術・人文知識・国際業務,09_40～44歳,1:男,3 
43：熊本県,熊本市北区,ベトナム,16：技術・人文知識・国際業務,10_45～49歳,1:男,1 
43：熊本県,熊本市北区,ベトナム,18：介護,06_25～29歳,2:女,5 
43：熊本県,熊本市北区,ベトナム,18：介護,07_30～34歳,2:女,1 
43：熊本県,熊本市北区,ベトナム,18：介護,08_35～39歳,2:女,2 
43：熊本県,熊本市北区,ベトナム,21：特定技能１号,05_20～24歳,1:男,9 
43：熊本県,熊本市北区,ベトナム,21：特定技能１号,05_20～24歳,2:女,13 
43：熊本県,熊本市北区,ベトナム,21：特定技能１号,06_25～29歳,1:男,25 
43：熊本県,熊本市北区,ベトナム,21：特定技能１号,06_25～29歳,2:女,36 
43：熊本県,熊本市北区,ベトナム,21：特定技能１号,07_30～34歳,1:男,15 
43：熊本県,熊本市北区,ベトナム,21：特定技能１号,07_30～34歳,2:女,28 
43：熊本県,熊本市北区,ベトナム,21：特定技能１号,08_35～39歳,1:男,6 
43：熊本県,熊本市北区,ベトナム,21：特定技能１号,08_35～39歳,2:女,21 
43：熊本県,熊本市北区,ベトナム,21：特定技能１号,09_40～44歳,2:女,2 
43：熊本県,熊本市北区,ベトナム,24：技能実習１号ロ,04_15～19歳,1:男,3 
43：熊本県,熊本市北区,ベトナム,24：技能実習１号ロ,04_15～19歳,2:女,6 
43：熊本県,熊本市北区,ベトナム,24：技能実習１号ロ,05_20～24歳,1:男,11 
43：熊本県,熊本市北区,ベトナム,24：技能実習１号ロ,05_20～24歳,2:女,9 
43：熊本県,熊本市北区,ベトナム,24：技能実習１号ロ,06_25～29歳,1:男,4 
43：熊本県,熊本市北区,ベトナム,24：技能実習１号ロ,06_25～29歳,2:女,3 
43：熊本県,熊本市北区,ベトナム,24：技能実習１号ロ,07_30～34歳,1:男,4 
43：熊本県,熊本市北区,ベトナム,24：技能実習１号ロ,07_30～34歳,2:女,5 
43：熊本県,熊本市北区,ベトナム,24：技能実習１号ロ,08_35～39歳,1:男,1 
43：熊本県,熊本市北区,ベトナム,24：技能実習１号ロ,08_35～39歳,2:女,3 
43：熊本県,熊本市北区,ベトナム,26：技能実習２号ロ,04_15～19歳,1:男,1 
43：熊本県,熊本市北区,ベトナム,26：技能実習２号ロ,04_15～19歳,2:女,4 
43：熊本県,熊本市北区,ベトナム,26：技能実習２号ロ,05_20～24歳,1:男,23 
43：熊本県,熊本市北区,ベトナム,26：技能実習２号ロ,05_20～24歳,2:女,55 
43：熊本県,熊本市北区,ベトナム,26：技能実習２号ロ,06_25～29歳,1:男,14 
43：熊本県,熊本市北区,ベトナム,26：技能実習２号ロ,06_25～29歳,2:女,18 
43：熊本県,熊本市北区,ベトナム,26：技能実習２号ロ,07_30～34歳,1:男,7 
43：熊本県,熊本市北区,ベトナム,26：技能実習２号ロ,07_30～34歳,2:女,6 
43：熊本県,熊本市北区,ベトナム,26：技能実習２号ロ,08_35～39歳,1:男,3 
43：熊本県,熊本市北区,ベトナム,26：技能実習２号ロ,08_35～39歳,2:女,3 
43：熊本県,熊本市北区,ベトナム,26：技能実習２号ロ,09_40～44歳,2:女,5 
43：熊本県,熊本市北区,ベトナム,26：技能実習２号ロ,10_45～49歳,2:女,1 
43：熊本県,熊本市北区,ベトナム,28：技能実習３号ロ,05_20～24歳,1:男,1 
43：熊本県,熊本市北区,ベトナム,28：技能実習３号ロ,05_20～24歳,2:女,2 
43：熊本県,熊本市北区,ベトナム,28：技能実習３号ロ,06_25～29歳,1:男,1 
43：熊本県,熊本市北区,ベトナム,28：技能実習３号ロ,06_25～29歳,2:女,1 
43：熊本県,熊本市北区,ベトナム,28：技能実習３号ロ,07_30～34歳,1:男,1 
43：熊本県,熊本市北区,ベトナム,28：技能実習３号ロ,08_35～39歳,2:女,1 
43：熊本県,熊本市北区,ベトナム,31：留学,06_25～29歳,1:男,1 
43：熊本県,熊本市北区,ベトナム,33：家族滞在,01_０～４歳,1:男,8 
43：熊本県,熊本市北区,ベトナム,33：家族滞在,01_０～４歳,2:女,4 
43：熊本県,熊本市北区,ベトナム,33：家族滞在,02_５～９歳,1:男,4 
43：熊本県,熊本市北区,ベトナム,33：家族滞在,03_10～14歳,1:男,2 
43：熊本県,熊本市北区,ベトナム,33：家族滞在,03_10～14歳,2:女,2 
43：熊本県,熊本市北区,ベトナム,33：家族滞在,05_20～24歳,2:女,2 
43：熊本県,熊本市北区,ベトナム,33：家族滞在,06_25～29歳,2:女,12 
43：熊本県,熊本市北区,ベトナム,33：家族滞在,07_30～34歳,2:女,3 
43：熊本県,熊本市北区,ベトナム,33：家族滞在,08_35～39歳,2:女,2 
43：熊本県,熊本市北区,ベトナム,33：家族滞在,09_40～44歳,1:男,1 
43：熊本県,熊本市北区,ベトナム,33：家族滞在,09_40～44歳,2:女,3 
43：熊本県,熊本市北区,ベトナム,34：特定活動,01_０～４歳,2:女,1 
43：熊本県,熊本市北区,ベトナム,34：特定活動,06_25～29歳,1:男,2 
43：熊本県,熊本市北区,ベトナム,34：特定活動,06_25～29歳,2:女,2 
43：熊本県,熊本市北区,ベトナム,34：特定活動,07_30～34歳,1:男,3 
43：熊本県,熊本市北区,ベトナム,34：特定活動,07_30～34歳,2:女,3 
43：熊本県,熊本市北区,ベトナム,35：永住者,01_０～４歳,1:男,1 
43：熊本県,熊本市北区,ベトナム,35：永住者,06_25～29歳,2:女,1 
43：熊本県,熊本市北区,ベトナム,35：永住者,07_30～34歳,1:男,2 
43：熊本県,熊本市北区,ベトナム,36：日本人の配偶者等,06_25～29歳,2:女,5 
43：熊本県,熊本市北区,ベトナム,36：日本人の配偶者等,07_30～34歳,1:男,1 
43：熊本県,熊本市北区,ベトナム,36：日本人の配偶者等,07_30～34歳,2:女,1 
43：熊本県,熊本市北区,ベトナム,36：日本人の配偶者等,08_35～39歳,1:男,1 
43：熊本県,熊本市北区,ベトナム,36：日本人の配偶者等,08_35～39歳,2:女,2 
43：熊本県,熊本市北区,ベトナム,36：日本人の配偶者等,09_40～44歳,2:女,3 
43：熊本県,熊本市北区,ベトナム,37：永住者の配偶者等,07_30～34歳,2:女,1 
43：熊本県,熊本市北区,マレーシア,08：高度専門職１号ロ,06_25～29歳,1:男,1 
43：熊本県,熊本市北区,マレーシア,16：技術・人文知識・国際業務,06_25～29歳,1:男,1 
43：熊本県,熊本市北区,マレーシア,16：技術・人文知識・国際業務,07_30～34歳,1:男,1 
43：熊本県,熊本市北区,マレーシア,33：家族滞在,01_０～４歳,2:女,1 
43：熊本県,熊本市北区,マレーシア,33：家族滞在,07_30～34歳,2:女,1 
43：熊本県,熊本市北区,マレーシア,35：永住者,15_70～74歳,2:女,1 
43：熊本県,熊本市北区,マレーシア,36：日本人の配偶者等,10_45～49歳,2:女,1 
43：熊本県,熊本市北区,ミャンマー,16：技術・人文知識・国際業務,06_25～29歳,1:男,2 
43：熊本県,熊本市北区,ミャンマー,16：技術・人文知識・国際業務,06_25～29歳,2:女,2 
43：熊本県,熊本市北区,ミャンマー,16：技術・人文知識・国際業務,07_30～34歳,1:男,2 
43：熊本県,熊本市北区,ミャンマー,16：技術・人文知識・国際業務,08_35～39歳,2:女,1 
43：熊本県,熊本市北区,ミャンマー,21：特定技能１号,04_15～19歳,2:女,1 
43：熊本県,熊本市北区,ミャンマー,21：特定技能１号,05_20～24歳,1:男,6 
43：熊本県,熊本市北区,ミャンマー,21：特定技能１号,05_20～24歳,2:女,32 
43：熊本県,熊本市北区,ミャンマー,21：特定技能１号,06_25～29歳,1:男,2 
43：熊本県,熊本市北区,ミャンマー,21：特定技能１号,06_25～29歳,2:女,12 
43：熊本県,熊本市北区,ミャンマー,21：特定技能１号,07_30～34歳,2:女,2 
43：熊本県,熊本市北区,ミャンマー,21：特定技能１号,08_35～39歳,2:女,1 
43：熊本県,熊本市北区,ミャンマー,24：技能実習１号ロ,04_15～19歳,1:男,1 
43：熊本県,熊本市北区,ミャンマー,24：技能実習１号ロ,05_20～24歳,1:男,4 
43：熊本県,熊本市北区,ミャンマー,24：技能実習１号ロ,05_20～24歳,2:女,9 
43：熊本県,熊本市北区,ミャンマー,24：技能実習１号ロ,06_25～29歳,1:男,3 
43：熊本県,熊本市北区,ミャンマー,24：技能実習１号ロ,06_25～29歳,2:女,2 
43：熊本県,熊本市北区,ミャンマー,24：技能実習１号ロ,07_30～34歳,1:男,3 
43：熊本県,熊本市北区,ミャンマー,24：技能実習１号ロ,07_30～34歳,2:女,2 
43：熊本県,熊本市北区,ミャンマー,26：技能実習２号ロ,05_20～24歳,1:男,3 
43：熊本県,熊本市北区,ミャンマー,26：技能実習２号ロ,05_20～24歳,2:女,1 
43：熊本県,熊本市北区,ミャンマー,26：技能実習２号ロ,06_25～29歳,1:男,3 
43：熊本県,熊本市北区,ミャンマー,26：技能実習２号ロ,06_25～29歳,2:女,4 
43：熊本県,熊本市北区,ミャンマー,26：技能実習２号ロ,07_30～34歳,1:男,1 
43：熊本県,熊本市北区,ミャンマー,26：技能実習２号ロ,07_30～34歳,2:女,2 
43：熊本県,熊本市北区,ミャンマー,26：技能実習２号ロ,08_35～39歳,1:男,1 
43：熊本県,熊本市北区,ミャンマー,33：家族滞在,01_０～４歳,2:女,1 
43：熊本県,熊本市北区,ミャンマー,33：家族滞在,03_10～14歳,1:男,1 
43：熊本県,熊本市北区,ミャンマー,34：特定活動,05_20～24歳,1:男,9 
43：熊本県,熊本市北区,ミャンマー,34：特定活動,05_20～24歳,2:女,1 
43：熊本県,熊本市北区,ミャンマー,34：特定活動,06_25～29歳,1:男,3 
43：熊本県,熊本市北区,ミャンマー,35：永住者,09_40～44歳,1:男,1 
43：熊本県,熊本市北区,ミャンマー,35：永住者,16_75～79歳,2:女,1 
43：熊本県,熊本市北区,ミャンマー,36：日本人の配偶者等,05_20～24歳,2:女,1 
43：熊本県,熊本市北区,イタリア,31：留学,04_15～19歳,2:女,1 
43：熊本県,熊本市北区,ウズベキスタン,16：技術・人文知識・国際業務,06_25～29歳,1:男,1 
43：熊本県,熊本市北区,ウズベキスタン,33：家族滞在,01_０～４歳,1:男,1 
43：熊本県,熊本市北区,ウズベキスタン,33：家族滞在,05_20～24歳,2:女,1 
43：熊本県,熊本市北区,ウズベキスタン,35：永住者,09_40～44歳,1:男,1 
43：熊本県,熊本市北区,英国,03：教授,08_35～39歳,1:男,1 
43：熊本県,熊本市北区,英国,15：教育,06_25～29歳,2:女,1 
43：熊本県,熊本市北区,英国,15：教育,07_30～34歳,2:女,1 
43：熊本県,熊本市北区,英国,16：技術・人文知識・国際業務,07_30～34歳,1:男,1 
43：熊本県,熊本市北区,英国,35：永住者,07_30～34歳,1:男,1 
43：熊本県,熊本市北区,英国,35：永住者,08_35～39歳,1:男,1 
43：熊本県,熊本市北区,英国,35：永住者,10_45～49歳,1:男,1 
43：熊本県,熊本市北区,英国,35：永住者,10_45～49歳,2:女,1 
43：熊本県,熊本市北区,英国,35：永住者,11_50～54歳,2:女,1 
43：熊本県,熊本市北区,英国,35：永住者,15_70～74歳,1:男,1 
43：熊本県,熊本市北区,英国,36：日本人の配偶者等,12_55～59歳,1:男,1 
43：熊本県,熊本市北区,オランダ,35：永住者,13_60～64歳,1:男,1 
43：熊本県,熊本市北区,スペイン,34：特定活動,06_25～29歳,1:男,1 
43：熊本県,熊本市北区,スペイン,36：日本人の配偶者等,11_50～54歳,2:女,1 
43：熊本県,熊本市北区,ドイツ,35：永住者,09_40～44歳,1:男,1 
43：熊本県,熊本市北区,ドイツ,35：永住者,11_50～54歳,2:女,1 
43：熊本県,熊本市北区,ハンガリー,17：企業内転勤,06_25～29歳,1:男,1 
43：熊本県,熊本市北区,モルドバ,35：永住者,09_40～44歳,2:女,1 
43：熊本県,熊本市北区,ルーマニア,36：日本人の配偶者等,09_40～44歳,2:女,1 
43：熊本県,熊本市北区,ロシア,16：技術・人文知識・国際業務,06_25～29歳,2:女,1 
43：熊本県,熊本市北区,ロシア,16：技術・人文知識・国際業務,08_35～39歳,1:男,1 
43：熊本県,熊本市北区,ロシア,33：家族滞在,07_30～34歳,2:女,1 
43：熊本県,熊本市北区,ロシア,35：永住者,13_60～64歳,2:女,1 
43：熊本県,熊本市北区,ロシア,36：日本人の配偶者等,09_40～44歳,2:女,1 
43：熊本県,熊本市北区,ギニア,36：日本人の配偶者等,08_35～39歳,1:男,1 
43：熊本県,熊本市北区,ギニア,38：定住者,04_15～19歳,1:男,1 
43：熊本県,熊本市北区,セネガル,36：日本人の配偶者等,11_50～54歳,1:男,1 
43：熊本県,熊本市北区,チャド,31：留学,08_35～39歳,1:男,1 
43：熊本県,熊本市北区,ナイジェリア,15：教育,07_30～34歳,2:女,1 
43：熊本県,熊本市北区,南アフリカ共和国,15：教育,07_30～34歳,2:女,1 
43：熊本県,熊本市北区,南アフリカ共和国,16：技術・人文知識・国際業務,05_20～24歳,2:女,1 
43：熊本県,熊本市北区,南アフリカ共和国,33：家族滞在,07_30～34歳,1:男,1 
43：熊本県,熊本市北区,カナダ,15：教育,05_20～24歳,2:女,1 
43：熊本県,熊本市北区,カナダ,35：永住者,10_45～49歳,1:男,1 
43：熊本県,熊本市北区,カナダ,35：永住者,12_55～59歳,1:男,1 
43：熊本県,熊本市北区,ジャマイカ,16：技術・人文知識・国際業務,07_30～34歳,2:女,1 
43：熊本県,熊本市北区,米国,03：教授,07_30～34歳,2:女,1 
43：熊本県,熊本市北区,米国,15：教育,05_20～24歳,1:男,1 
43：熊本県,熊本市北区,米国,15：教育,06_25～29歳,1:男,1 
43：熊本県,熊本市北区,米国,15：教育,06_25～29歳,2:女,1 
43：熊本県,熊本市北区,米国,17：企業内転勤,14_65～69歳,1:男,1 
43：熊本県,熊本市北区,米国,33：家族滞在,13_60～64歳,2:女,1 
43：熊本県,熊本市北区,米国,35：永住者,04_15～19歳,2:女,1 
43：熊本県,熊本市北区,米国,35：永住者,05_20～24歳,2:女,1 
43：熊本県,熊本市北区,米国,35：永住者,10_45～49歳,1:男,1 
43：熊本県,熊本市北区,米国,35：永住者,11_50～54歳,1:男,2 
43：熊本県,熊本市北区,米国,35：永住者,11_50～54歳,2:女,1 
43：熊本県,熊本市北区,米国,35：永住者,12_55～59歳,1:男,1 
43：熊本県,熊本市北区,米国,35：永住者,13_60～64歳,1:男,2 
43：熊本県,熊本市北区,米国,35：永住者,14_65～69歳,1:男,1 
43：熊本県,熊本市北区,米国,35：永住者,14_65～69歳,2:女,1 
43：熊本県,熊本市北区,米国,35：永住者,16_75～79歳,1:男,1 
43：熊本県,熊本市北区,米国,35：永住者,16_75～79歳,2:女,2 
43：熊本県,熊本市北区,米国,36：日本人の配偶者等,02_５～９歳,2:女,1 
43：熊本県,熊本市北区,米国,36：日本人の配偶者等,06_25～29歳,2:女,1 
43：熊本県,熊本市北区,米国,36：日本人の配偶者等,07_30～34歳,1:男,1 
43：熊本県,熊本市北区,米国,36：日本人の配偶者等,08_35～39歳,1:男,1 
43：熊本県,熊本市北区,米国,36：日本人の配偶者等,09_40～44歳,1:男,3 
43：熊本県,熊本市北区,米国,36：日本人の配偶者等,09_40～44歳,2:女,1 
43：熊本県,熊本市北区,米国,36：日本人の配偶者等,10_45～49歳,1:男,1 
43：熊本県,熊本市北区,米国,36：日本人の配偶者等,10_45～49歳,2:女,1 
43：熊本県,熊本市北区,米国,36：日本人の配偶者等,12_55～59歳,1:男,2 
43：熊本県,熊本市北区,米国,36：日本人の配偶者等,14_65～69歳,1:男,1 
43：熊本県,熊本市北区,メキシコ,36：日本人の配偶者等,05_20～24歳,2:女,1 
43：熊本県,熊本市北区,メキシコ,36：日本人の配偶者等,08_35～39歳,1:男,1 
43：熊本県,熊本市北区,メキシコ,38：定住者,13_60～64歳,1:男,1 
43：熊本県,熊本市北区,ブラジル,35：永住者,10_45～49歳,1:男,1 
43：熊本県,熊本市北区,ブラジル,35：永住者,14_65～69歳,2:女,1 
43：熊本県,熊本市北区,ブラジル,36：日本人の配偶者等,10_45～49歳,1:男,1 
43：熊本県,熊本市北区,ブラジル,38：定住者,06_25～29歳,1:男,1 
43：熊本県,熊本市北区,オーストラリア,15：教育,07_30～34歳,1:男,1 
43：熊本県,熊本市北区,オーストラリア,35：永住者,09_40～44歳,1:男,1 
43：熊本県,熊本市北区,オーストラリア,35：永住者,10_45～49歳,1:男,1 
43：熊本県,熊本市北区,オーストラリア,35：永住者,11_50～54歳,1:男,2 
43：熊本県,熊本市北区,オーストラリア,35：永住者,12_55～59歳,1:男,1 
43：熊本県,熊本市北区,オーストラリア,36：日本人の配偶者等,08_35～39歳,1:男,1 
43：熊本県,熊本市北区,オーストラリア,36：日本人の配偶者等,08_35～39歳,2:女,1 
43：熊本県,熊本市北区,オーストラリア,36：日本人の配偶者等,13_60～64歳,2:女,1 
43：熊本県,熊本市北区,ニュージーランド,35：永住者,09_40～44歳,1:男,1 
43：熊本県,熊本市北区,無国籍,35：永住者,09_40～44歳,2:女,1 
43：熊本県,八代市,インド,20：技能,-,-,2 
43：熊本県,八代市,インド,26：技能実習２号ロ,-,-,2 
43：熊本県,八代市,インドネシア,16：技術・人文知識・国際業務,-,-,8 
43：熊本県,八代市,インドネシア,17：企業内転勤,-,-,3 
43：熊本県,八代市,インドネシア,19：興行,-,-,4 
43：熊本県,八代市,インドネシア,21：特定技能１号,-,-,193 
43：熊本県,八代市,インドネシア,24：技能実習１号ロ,-,-,118 
43：熊本県,八代市,インドネシア,26：技能実習２号ロ,-,-,277 
43：熊本県,八代市,インドネシア,28：技能実習３号ロ,-,-,2 
43：熊本県,八代市,インドネシア,31：留学,-,-,3 
43：熊本県,八代市,インドネシア,34：特定活動,-,-,1 
43：熊本県,八代市,インドネシア,36：日本人の配偶者等,-,-,5 
43：熊本県,八代市,韓国,16：技術・人文知識・国際業務,-,-,7 
43：熊本県,八代市,韓国,35：永住者,-,-,3 
43：熊本県,八代市,韓国,36：日本人の配偶者等,-,-,4 
43：熊本県,八代市,韓国,39：特別永住者,-,-,20 
43：熊本県,八代市,朝鮮,39：特別永住者,-,-,10 
43：熊本県,八代市,カンボジア,16：技術・人文知識・国際業務,-,-,3 
43：熊本県,八代市,カンボジア,18：介護,-,-,12 
43：熊本県,八代市,カンボジア,21：特定技能１号,-,-,158 
43：熊本県,八代市,カンボジア,24：技能実習１号ロ,-,-,74 
43：熊本県,八代市,カンボジア,26：技能実習２号ロ,-,-,277 
43：熊本県,八代市,カンボジア,28：技能実習３号ロ,-,-,12 
43：熊本県,八代市,カンボジア,31：留学,-,-,7 
43：熊本県,八代市,カンボジア,34：特定活動,-,-,10 
43：熊本県,八代市,シンガポール,35：永住者,-,-,2 
43：熊本県,八代市,スリランカ,21：特定技能１号,-,-,3 
43：熊本県,八代市,スリランカ,26：技能実習２号ロ,-,-,6 
43：熊本県,八代市,タイ,16：技術・人文知識・国際業務,-,-,2 
43：熊本県,八代市,タイ,18：介護,-,-,4 
43：熊本県,八代市,タイ,19：興行,-,-,2 
43：熊本県,八代市,タイ,21：特定技能１号,-,-,12 
43：熊本県,八代市,タイ,24：技能実習１号ロ,-,-,11 
43：熊本県,八代市,タイ,26：技能実習２号ロ,-,-,28 
43：熊本県,八代市,タイ,31：留学,-,-,5 
43：熊本県,八代市,タイ,33：家族滞在,-,-,1 
43：熊本県,八代市,タイ,35：永住者,-,-,4 
43：熊本県,八代市,タイ,36：日本人の配偶者等,-,-,4 
43：熊本県,八代市,タイ,38：定住者,-,-,1 
43：熊本県,八代市,台湾,16：技術・人文知識・国際業務,-,-,1 
43：熊本県,八代市,台湾,34：特定活動,-,-,1 
43：熊本県,八代市,台湾,35：永住者,-,-,4 
43：熊本県,八代市,台湾,37：永住者の配偶者等,-,-,1 
43：熊本県,八代市,中国,08：高度専門職１号ロ,-,-,2 
43：熊本県,八代市,中国,11：経営・管理,-,-,2 
43：熊本県,八代市,中国,16：技術・人文知識・国際業務,-,-,17 
43：熊本県,八代市,中国,20：技能,-,-,2 
43：熊本県,八代市,中国,21：特定技能１号,-,-,34 
43：熊本県,八代市,中国,22：特定技能２号,-,-,2 
43：熊本県,八代市,中国,24：技能実習１号ロ,-,-,16 
43：熊本県,八代市,中国,26：技能実習２号ロ,-,-,34 
43：熊本県,八代市,中国,28：技能実習３号ロ,-,-,7 
43：熊本県,八代市,中国,31：留学,-,-,6 
43：熊本県,八代市,中国,33：家族滞在,-,-,2 
43：熊本県,八代市,中国,34：特定活動,-,-,3 
43：熊本県,八代市,中国,35：永住者,-,-,92 
43：熊本県,八代市,中国,36：日本人の配偶者等,-,-,17 
43：熊本県,八代市,中国,37：永住者の配偶者等,-,-,5 
43：熊本県,八代市,中国,38：定住者,-,-,15 
43：熊本県,八代市,ネパール,16：技術・人文知識・国際業務,-,-,10 
43：熊本県,八代市,ネパール,20：技能,-,-,2 
43：熊本県,八代市,ネパール,21：特定技能１号,-,-,3 
43：熊本県,八代市,ネパール,26：技能実習２号ロ,-,-,1 
43：熊本県,八代市,ネパール,33：家族滞在,-,-,7 
43：熊本県,八代市,ネパール,35：永住者,-,-,1 
43：熊本県,八代市,パキスタン,11：経営・管理,-,-,1 
43：熊本県,八代市,バングラデシュ,24：技能実習１号ロ,-,-,1 
43：熊本県,八代市,バングラデシュ,26：技能実習２号ロ,-,-,9 
43：熊本県,八代市,フィリピン,15：教育,-,-,1 
43：熊本県,八代市,フィリピン,16：技術・人文知識・国際業務,-,-,27 
43：熊本県,八代市,フィリピン,21：特定技能１号,-,-,337 
43：熊本県,八代市,フィリピン,24：技能実習１号ロ,-,-,208 
43：熊本県,八代市,フィリピン,26：技能実習２号ロ,-,-,474 
43：熊本県,八代市,フィリピン,28：技能実習３号ロ,-,-,32 
43：熊本県,八代市,フィリピン,33：家族滞在,-,-,8 
43：熊本県,八代市,フィリピン,34：特定活動,-,-,4 
43：熊本県,八代市,フィリピン,35：永住者,-,-,90 
43：熊本県,八代市,フィリピン,36：日本人の配偶者等,-,-,37 
43：熊本県,八代市,フィリピン,37：永住者の配偶者等,-,-,1 
43：熊本県,八代市,フィリピン,38：定住者,-,-,32 
43：熊本県,八代市,ベトナム,08：高度専門職１号ロ,-,-,1 
43：熊本県,八代市,ベトナム,11：経営・管理,-,-,1 
43：熊本県,八代市,ベトナム,16：技術・人文知識・国際業務,-,-,70 
43：熊本県,八代市,ベトナム,21：特定技能１号,-,-,388 
43：熊本県,八代市,ベトナム,24：技能実習１号ロ,-,-,119 
43：熊本県,八代市,ベトナム,26：技能実習２号ロ,-,-,355 
43：熊本県,八代市,ベトナム,28：技能実習３号ロ,-,-,29 
43：熊本県,八代市,ベトナム,33：家族滞在,-,-,21 
43：熊本県,八代市,ベトナム,34：特定活動,-,-,16 
43：熊本県,八代市,ベトナム,35：永住者,-,-,6 
43：熊本県,八代市,ベトナム,36：日本人の配偶者等,-,-,7 
43：熊本県,八代市,ベトナム,38：定住者,-,-,1 
43：熊本県,八代市,マレーシア,16：技術・人文知識・国際業務,-,-,2 
43：熊本県,八代市,マレーシア,31：留学,-,-,3 
43：熊本県,八代市,ミャンマー,16：技術・人文知識・国際業務,-,-,3 
43：熊本県,八代市,ミャンマー,21：特定技能１号,-,-,47 
43：熊本県,八代市,ミャンマー,24：技能実習１号ロ,-,-,34 
43：熊本県,八代市,ミャンマー,26：技能実習２号ロ,-,-,37 
43：熊本県,八代市,モンゴル,31：留学,-,-,1 
43：熊本県,八代市,モンゴル,35：永住者,-,-,2 
43：熊本県,八代市,ラオス,31：留学,-,-,1 
43：熊本県,八代市,アイルランド,35：永住者,-,-,1 
43：熊本県,八代市,英国,35：永住者,-,-,2 
43：熊本県,八代市,キルギス,34：特定活動,-,-,1 
43：熊本県,八代市,チェコ,36：日本人の配偶者等,-,-,1 
43：熊本県,八代市,フランス,16：技術・人文知識・国際業務,-,-,1 
43：熊本県,八代市,フランス,36：日本人の配偶者等,-,-,1 
43：熊本県,八代市,ロシア,36：日本人の配偶者等,-,-,1 
43：熊本県,八代市,ナイジェリア,16：技術・人文知識・国際業務,-,-,1 
43：熊本県,八代市,南アフリカ共和国,35：永住者,-,-,1 
43：熊本県,八代市,カナダ,35：永住者,-,-,1 
43：熊本県,八代市,米国,15：教育,-,-,16 
43：熊本県,八代市,米国,16：技術・人文知識・国際業務,-,-,1 
43：熊本県,八代市,米国,35：永住者,-,-,1 
43：熊本県,八代市,米国,36：日本人の配偶者等,-,-,3 
43：熊本県,八代市,ブラジル,16：技術・人文知識・国際業務,-,-,1 
43：熊本県,八代市,ブラジル,35：永住者,-,-,5 
43：熊本県,八代市,ブラジル,36：日本人の配偶者等,-,-,2 
43：熊本県,八代市,ブラジル,38：定住者,-,-,6 
43：熊本県,八代市,ボリビア,35：永住者,-,-,1 
43：熊本県,八代市,オーストラリア,35：永住者,-,-,2 
43：熊本県,人吉市,インド,21：特定技能１号,-,-,2 
43：熊本県,人吉市,インドネシア,16：技術・人文知識・国際業務,-,-,1 
43：熊本県,人吉市,インドネシア,21：特定技能１号,-,-,21 
43：熊本県,人吉市,インドネシア,24：技能実習１号ロ,-,-,7 
43：熊本県,人吉市,インドネシア,26：技能実習２号ロ,-,-,27 
43：熊本県,人吉市,インドネシア,28：技能実習３号ロ,-,-,1 
43：熊本県,人吉市,インドネシア,34：特定活動,-,-,9 
43：熊本県,人吉市,インドネシア,36：日本人の配偶者等,-,-,2 
43：熊本県,人吉市,韓国,16：技術・人文知識・国際業務,-,-,2 
43：熊本県,人吉市,韓国,35：永住者,-,-,1 
43：熊本県,人吉市,韓国,36：日本人の配偶者等,-,-,1 
43：熊本県,人吉市,韓国,39：特別永住者,-,-,7 
43：熊本県,人吉市,カンボジア,16：技術・人文知識・国際業務,-,-,2 
43：熊本県,人吉市,カンボジア,24：技能実習１号ロ,-,-,5 
43：熊本県,人吉市,カンボジア,26：技能実習２号ロ,-,-,6 
43：熊本県,人吉市,カンボジア,28：技能実習３号ロ,-,-,3 
43：熊本県,人吉市,スリランカ,16：技術・人文知識・国際業務,-,-,1 
43：熊本県,人吉市,スリランカ,21：特定技能１号,-,-,2 
43：熊本県,人吉市,タイ,35：永住者,-,-,1 
43：熊本県,人吉市,台湾,11：経営・管理,-,-,1 
43：熊本県,人吉市,台湾,16：技術・人文知識・国際業務,-,-,3 
43：熊本県,人吉市,台湾,21：特定技能１号,-,-,1 
43：熊本県,人吉市,台湾,33：家族滞在,-,-,1 
43：熊本県,人吉市,台湾,36：日本人の配偶者等,-,-,1 
43：熊本県,人吉市,中国,11：経営・管理,-,-,2 
43：熊本県,人吉市,中国,16：技術・人文知識・国際業務,-,-,2 
43：熊本県,人吉市,中国,20：技能,-,-,1 
43：熊本県,人吉市,中国,21：特定技能１号,-,-,1 
43：熊本県,人吉市,中国,31：留学,-,-,1 
43：熊本県,人吉市,中国,33：家族滞在,-,-,7 
43：熊本県,人吉市,中国,35：永住者,-,-,2 
43：熊本県,人吉市,中国,36：日本人の配偶者等,-,-,2 
43：熊本県,人吉市,ネパール,16：技術・人文知識・国際業務,-,-,18 
43：熊本県,人吉市,ネパール,20：技能,-,-,1 
43：熊本県,人吉市,ネパール,33：家族滞在,-,-,7 
43：熊本県,人吉市,フィリピン,15：教育,-,-,2 
43：熊本県,人吉市,フィリピン,21：特定技能１号,-,-,1 
43：熊本県,人吉市,フィリピン,24：技能実習１号ロ,-,-,1 
43：熊本県,人吉市,フィリピン,26：技能実習２号ロ,-,-,7 
43：熊本県,人吉市,フィリピン,33：家族滞在,-,-,3 
43：熊本県,人吉市,フィリピン,35：永住者,-,-,25 
43：熊本県,人吉市,フィリピン,36：日本人の配偶者等,-,-,5 
43：熊本県,人吉市,フィリピン,38：定住者,-,-,5 
43：熊本県,人吉市,ベトナム,16：技術・人文知識・国際業務,-,-,8 
43：熊本県,人吉市,ベトナム,21：特定技能１号,-,-,11 
43：熊本県,人吉市,ベトナム,24：技能実習１号ロ,-,-,24 
43：熊本県,人吉市,ベトナム,26：技能実習２号ロ,-,-,50 
43：熊本県,人吉市,ベトナム,28：技能実習３号ロ,-,-,6 
43：熊本県,人吉市,ベトナム,33：家族滞在,-,-,8 
43：熊本県,人吉市,ベトナム,36：日本人の配偶者等,-,-,3 
43：熊本県,人吉市,ミャンマー,16：技術・人文知識・国際業務,-,-,1 
43：熊本県,人吉市,ミャンマー,21：特定技能１号,-,-,17 
43：熊本県,人吉市,ミャンマー,24：技能実習１号ロ,-,-,18 
43：熊本県,人吉市,ミャンマー,26：技能実習２号ロ,-,-,21 
43：熊本県,人吉市,ミャンマー,36：日本人の配偶者等,-,-,1 
43：熊本県,人吉市,モンゴル,24：技能実習１号ロ,-,-,1 
43：熊本県,人吉市,英国,35：永住者,-,-,1 
43：熊本県,人吉市,フランス,16：技術・人文知識・国際業務,-,-,1 
43：熊本県,人吉市,ルーマニア,35：永住者,-,-,1 
43：熊本県,人吉市,ロシア,16：技術・人文知識・国際業務,-,-,1 
43：熊本県,人吉市,カナダ,36：日本人の配偶者等,-,-,1 
43：熊本県,人吉市,米国,15：教育,-,-,3 
43：熊本県,人吉市,米国,16：技術・人文知識・国際業務,-,-,1 
43：熊本県,人吉市,米国,36：日本人の配偶者等,-,-,3 
43：熊本県,人吉市,ブラジル,35：永住者,-,-,2 
43：熊本県,人吉市,オーストラリア,15：教育,-,-,1 
43：熊本県,人吉市,オーストラリア,35：永住者,-,-,1 
43：熊本県,人吉市,オーストラリア,36：日本人の配偶者等,-,-,1 
43：熊本県,荒尾市,アフガニスタン,16：技術・人文知識・国際業務,-,-,1 
43：熊本県,荒尾市,インド,26：技能実習２号ロ,-,-,1 
43：熊本県,荒尾市,インドネシア,16：技術・人文知識・国際業務,-,-,2 
43：熊本県,荒尾市,インドネシア,21：特定技能１号,-,-,26 
43：熊本県,荒尾市,インドネシア,24：技能実習１号ロ,-,-,4 
43：熊本県,荒尾市,インドネシア,26：技能実習２号ロ,-,-,11 
43：熊本県,荒尾市,インドネシア,28：技能実習３号ロ,-,-,4 
43：熊本県,荒尾市,インドネシア,34：特定活動,-,-,1 
43：熊本県,荒尾市,インドネシア,35：永住者,-,-,2 
43：熊本県,荒尾市,韓国,05：宗教,-,-,2 
43：熊本県,荒尾市,韓国,16：技術・人文知識・国際業務,-,-,3 
43：熊本県,荒尾市,韓国,35：永住者,-,-,11 
43：熊本県,荒尾市,韓国,36：日本人の配偶者等,-,-,1 
43：熊本県,荒尾市,韓国,39：特別永住者,-,-,20 
43：熊本県,荒尾市,朝鮮,39：特別永住者,-,-,1 
43：熊本県,荒尾市,カンボジア,16：技術・人文知識・国際業務,-,-,1 
43：熊本県,荒尾市,カンボジア,21：特定技能１号,-,-,3 
43：熊本県,荒尾市,カンボジア,24：技能実習１号ロ,-,-,3 
43：熊本県,荒尾市,タイ,21：特定技能１号,-,-,8 
43：熊本県,荒尾市,タイ,26：技能実習２号ロ,-,-,4 
43：熊本県,荒尾市,タイ,31：留学,-,-,1 
43：熊本県,荒尾市,タイ,36：日本人の配偶者等,-,-,1 
43：熊本県,荒尾市,台湾,38：定住者,-,-,1 
43：熊本県,荒尾市,中国,11：経営・管理,-,-,3 
43：熊本県,荒尾市,中国,16：技術・人文知識・国際業務,-,-,4 
43：熊本県,荒尾市,中国,20：技能,-,-,4 
43：熊本県,荒尾市,中国,21：特定技能１号,-,-,1 
43：熊本県,荒尾市,中国,24：技能実習１号ロ,-,-,1 
43：熊本県,荒尾市,中国,26：技能実習２号ロ,-,-,2 
43：熊本県,荒尾市,中国,28：技能実習３号ロ,-,-,7 
43：熊本県,荒尾市,中国,33：家族滞在,-,-,5 
43：熊本県,荒尾市,中国,35：永住者,-,-,21 
43：熊本県,荒尾市,中国,36：日本人の配偶者等,-,-,5 
43：熊本県,荒尾市,中国,37：永住者の配偶者等,-,-,1 
43：熊本県,荒尾市,中国,38：定住者,-,-,3 
43：熊本県,荒尾市,ネパール,16：技術・人文知識・国際業務,-,-,1 
43：熊本県,荒尾市,ネパール,35：永住者,-,-,1 
43：熊本県,荒尾市,パキスタン,11：経営・管理,-,-,1 
43：熊本県,荒尾市,パキスタン,16：技術・人文知識・国際業務,-,-,7 
43：熊本県,荒尾市,パキスタン,20：技能,-,-,1 
43：熊本県,荒尾市,パキスタン,33：家族滞在,-,-,1 
43：熊本県,荒尾市,フィリピン,16：技術・人文知識・国際業務,-,-,2 
43：熊本県,荒尾市,フィリピン,21：特定技能１号,-,-,27 
43：熊本県,荒尾市,フィリピン,24：技能実習１号ロ,-,-,10 
43：熊本県,荒尾市,フィリピン,26：技能実習２号ロ,-,-,19 
43：熊本県,荒尾市,フィリピン,33：家族滞在,-,-,3 
43：熊本県,荒尾市,フィリピン,35：永住者,-,-,24 
43：熊本県,荒尾市,フィリピン,36：日本人の配偶者等,-,-,8 
43：熊本県,荒尾市,フィリピン,37：永住者の配偶者等,-,-,1 
43：熊本県,荒尾市,フィリピン,38：定住者,-,-,9 
43：熊本県,荒尾市,ベトナム,11：経営・管理,-,-,1 
43：熊本県,荒尾市,ベトナム,16：技術・人文知識・国際業務,-,-,6 
43：熊本県,荒尾市,ベトナム,21：特定技能１号,-,-,27 
43：熊本県,荒尾市,ベトナム,24：技能実習１号ロ,-,-,7 
43：熊本県,荒尾市,ベトナム,26：技能実習２号ロ,-,-,30 
43：熊本県,荒尾市,ベトナム,28：技能実習３号ロ,-,-,4 
43：熊本県,荒尾市,ベトナム,36：日本人の配偶者等,-,-,2 
43：熊本県,荒尾市,マレーシア,35：永住者,-,-,1 
43：熊本県,荒尾市,マレーシア,36：日本人の配偶者等,-,-,1 
43：熊本県,荒尾市,ミャンマー,16：技術・人文知識・国際業務,-,-,8 
43：熊本県,荒尾市,ミャンマー,17：企業内転勤,-,-,2 
43：熊本県,荒尾市,ミャンマー,21：特定技能１号,-,-,10 
43：熊本県,荒尾市,ミャンマー,24：技能実習１号ロ,-,-,12 
43：熊本県,荒尾市,ミャンマー,26：技能実習２号ロ,-,-,39 
43：熊本県,荒尾市,ミャンマー,28：技能実習３号ロ,-,-,1 
43：熊本県,荒尾市,ミャンマー,33：家族滞在,-,-,1 
43：熊本県,荒尾市,ミャンマー,34：特定活動,-,-,3 
43：熊本県,荒尾市,モンゴル,31：留学,-,-,1 
43：熊本県,荒尾市,アイルランド,16：技術・人文知識・国際業務,-,-,1 
43：熊本県,荒尾市,ウズベキスタン,21：特定技能１号,-,-,1 
43：熊本県,荒尾市,ウズベキスタン,26：技能実習２号ロ,-,-,1 
43：熊本県,荒尾市,英国,35：永住者,-,-,1 
43：熊本県,荒尾市,英国,36：日本人の配偶者等,-,-,1 
43：熊本県,荒尾市,ギリシャ,16：技術・人文知識・国際業務,-,-,1 
43：熊本県,荒尾市,スウェーデン,38：定住者,-,-,1 
43：熊本県,荒尾市,ドイツ,36：日本人の配偶者等,-,-,1 
43：熊本県,荒尾市,ポーランド,36：日本人の配偶者等,-,-,1 
43：熊本県,荒尾市,ロシア,35：永住者,-,-,2 
43：熊本県,荒尾市,ケニア,31：留学,-,-,1 
43：熊本県,荒尾市,モーリシャス,35：永住者,-,-,1 
43：熊本県,荒尾市,カナダ,15：教育,-,-,3 
43：熊本県,荒尾市,カナダ,36：日本人の配偶者等,-,-,2 
43：熊本県,荒尾市,米国,15：教育,-,-,2 
43：熊本県,荒尾市,米国,33：家族滞在,-,-,1 
43：熊本県,荒尾市,米国,36：日本人の配偶者等,-,-,1 
43：熊本県,荒尾市,ブラジル,38：定住者,-,-,1 
43：熊本県,荒尾市,オーストラリア,15：教育,-,-,1 
43：熊本県,荒尾市,オーストラリア,36：日本人の配偶者等,-,-,1 
43：熊本県,水俣市,インドネシア,21：特定技能１号,-,-,19 
43：熊本県,水俣市,インドネシア,24：技能実習１号ロ,-,-,2 
43：熊本県,水俣市,インドネシア,26：技能実習２号ロ,-,-,5 
43：熊本県,水俣市,インドネシア,35：永住者,-,-,1 
43：熊本県,水俣市,韓国,35：永住者,-,-,4 
43：熊本県,水俣市,韓国,38：定住者,-,-,1 
43：熊本県,水俣市,韓国,39：特別永住者,-,-,6 
43：熊本県,水俣市,朝鮮,39：特別永住者,-,-,3 
43：熊本県,水俣市,カンボジア,21：特定技能１号,-,-,2 
43：熊本県,水俣市,スリランカ,21：特定技能１号,-,-,1 
43：熊本県,水俣市,スリランカ,24：技能実習１号ロ,-,-,8 
43：熊本県,水俣市,スリランカ,26：技能実習２号ロ,-,-,11 
43：熊本県,水俣市,タイ,26：技能実習２号ロ,-,-,1 
43：熊本県,水俣市,タイ,36：日本人の配偶者等,-,-,2 
43：熊本県,水俣市,中国,35：永住者,-,-,1 
43：熊本県,水俣市,中国,36：日本人の配偶者等,-,-,1 
43：熊本県,水俣市,パキスタン,11：経営・管理,-,-,1 
43：熊本県,水俣市,フィリピン,15：教育,-,-,1 
43：熊本県,水俣市,フィリピン,16：技術・人文知識・国際業務,-,-,1 
43：熊本県,水俣市,フィリピン,26：技能実習２号ロ,-,-,9 
43：熊本県,水俣市,フィリピン,35：永住者,-,-,26 
43：熊本県,水俣市,フィリピン,36：日本人の配偶者等,-,-,2 
43：熊本県,水俣市,ベトナム,21：特定技能１号,-,-,1 
43：熊本県,水俣市,ベトナム,26：技能実習２号ロ,-,-,15 
43：熊本県,水俣市,ベトナム,34：特定活動,-,-,5 
43：熊本県,水俣市,ミャンマー,16：技術・人文知識・国際業務,-,-,2 
43：熊本県,水俣市,ミャンマー,21：特定技能１号,-,-,22 
43：熊本県,水俣市,ミャンマー,24：技能実習１号ロ,-,-,2 
43：熊本県,水俣市,ミャンマー,26：技能実習２号ロ,-,-,2 
43：熊本県,水俣市,ミャンマー,35：永住者,-,-,1 
43：熊本県,水俣市,英国,15：教育,-,-,1 
43：熊本県,水俣市,カナダ,15：教育,-,-,1 
43：熊本県,水俣市,米国,15：教育,-,-,2 
43：熊本県,水俣市,米国,16：技術・人文知識・国際業務,-,-,1 
43：熊本県,水俣市,米国,33：家族滞在,-,-,2 
43：熊本県,水俣市,米国,36：日本人の配偶者等,-,-,2 
43：熊本県,水俣市,ブラジル,35：永住者,-,-,1 
43：熊本県,玉名市,アフガニスタン,16：技術・人文知識・国際業務,-,-,1 
43：熊本県,玉名市,インド,20：技能,-,-,3 
43：熊本県,玉名市,インド,21：特定技能１号,-,-,6 
43：熊本県,玉名市,インド,26：技能実習２号ロ,-,-,5 
43：熊本県,玉名市,インドネシア,16：技術・人文知識・国際業務,-,-,6 
43：熊本県,玉名市,インドネシア,21：特定技能１号,-,-,153 
43：熊本県,玉名市,インドネシア,24：技能実習１号ロ,-,-,44 
43：熊本県,玉名市,インドネシア,26：技能実習２号ロ,-,-,124 
43：熊本県,玉名市,インドネシア,28：技能実習３号ロ,-,-,1 
43：熊本県,玉名市,インドネシア,33：家族滞在,-,-,4 
43：熊本県,玉名市,インドネシア,34：特定活動,-,-,8 
43：熊本県,玉名市,インドネシア,35：永住者,-,-,3 
43：熊本県,玉名市,インドネシア,36：日本人の配偶者等,-,-,3 
43：熊本県,玉名市,インドネシア,38：定住者,-,-,1 
43：熊本県,玉名市,韓国,35：永住者,-,-,7 
43：熊本県,玉名市,韓国,36：日本人の配偶者等,-,-,1 
43：熊本県,玉名市,韓国,39：特別永住者,-,-,11 
43：熊本県,玉名市,朝鮮,39：特別永住者,-,-,2 
43：熊本県,玉名市,カンボジア,21：特定技能１号,-,-,21 
43：熊本県,玉名市,カンボジア,24：技能実習１号ロ,-,-,23 
43：熊本県,玉名市,カンボジア,26：技能実習２号ロ,-,-,85 
43：熊本県,玉名市,カンボジア,28：技能実習３号ロ,-,-,2 
43：熊本県,玉名市,カンボジア,34：特定活動,-,-,2 
43：熊本県,玉名市,スリランカ,16：技術・人文知識・国際業務,-,-,2 
43：熊本県,玉名市,スリランカ,21：特定技能１号,-,-,4 
43：熊本県,玉名市,スリランカ,33：家族滞在,-,-,1 
43：熊本県,玉名市,タイ,16：技術・人文知識・国際業務,-,-,2 
43：熊本県,玉名市,タイ,21：特定技能１号,-,-,21 
43：熊本県,玉名市,タイ,24：技能実習１号ロ,-,-,18 
43：熊本県,玉名市,タイ,26：技能実習２号ロ,-,-,20 
43：熊本県,玉名市,タイ,35：永住者,-,-,2 
43：熊本県,玉名市,タイ,36：日本人の配偶者等,-,-,1 
43：熊本県,玉名市,台湾,11：経営・管理,-,-,1 
43：熊本県,玉名市,台湾,16：技術・人文知識・国際業務,-,-,1 
43：熊本県,玉名市,台湾,20：技能,-,-,1 
43：熊本県,玉名市,台湾,36：日本人の配偶者等,-,-,1 
43：熊本県,玉名市,中国,11：経営・管理,-,-,1 
43：熊本県,玉名市,中国,16：技術・人文知識・国際業務,-,-,5 
43：熊本県,玉名市,中国,21：特定技能１号,-,-,3 
43：熊本県,玉名市,中国,26：技能実習２号ロ,-,-,2 
43：熊本県,玉名市,中国,28：技能実習３号ロ,-,-,1 
43：熊本県,玉名市,中国,31：留学,-,-,1 
43：熊本県,玉名市,中国,33：家族滞在,-,-,3 
43：熊本県,玉名市,中国,35：永住者,-,-,16 
43：熊本県,玉名市,中国,36：日本人の配偶者等,-,-,3 
43：熊本県,玉名市,中国,38：定住者,-,-,1 
43：熊本県,玉名市,ネパール,11：経営・管理,-,-,1 
43：熊本県,玉名市,ネパール,16：技術・人文知識・国際業務,-,-,20 
43：熊本県,玉名市,ネパール,18：介護,-,-,1 
43：熊本県,玉名市,ネパール,20：技能,-,-,1 
43：熊本県,玉名市,ネパール,21：特定技能１号,-,-,10 
43：熊本県,玉名市,ネパール,33：家族滞在,-,-,8 
43：熊本県,玉名市,パキスタン,11：経営・管理,-,-,2 
43：熊本県,玉名市,パキスタン,16：技術・人文知識・国際業務,-,-,3 
43：熊本県,玉名市,バングラデシュ,16：技術・人文知識・国際業務,-,-,2 
43：熊本県,玉名市,バングラデシュ,33：家族滞在,-,-,2 
43：熊本県,玉名市,フィリピン,21：特定技能１号,-,-,32 
43：熊本県,玉名市,フィリピン,24：技能実習１号ロ,-,-,12 
43：熊本県,玉名市,フィリピン,26：技能実習２号ロ,-,-,37 
43：熊本県,玉名市,フィリピン,28：技能実習３号ロ,-,-,4 
43：熊本県,玉名市,フィリピン,33：家族滞在,-,-,1 
43：熊本県,玉名市,フィリピン,34：特定活動,-,-,3 
43：熊本県,玉名市,フィリピン,35：永住者,-,-,24 
43：熊本県,玉名市,フィリピン,36：日本人の配偶者等,-,-,6 
43：熊本県,玉名市,フィリピン,38：定住者,-,-,3 
43：熊本県,玉名市,ベトナム,11：経営・管理,-,-,4 
43：熊本県,玉名市,ベトナム,16：技術・人文知識・国際業務,-,-,8 
43：熊本県,玉名市,ベトナム,21：特定技能１号,-,-,181 
43：熊本県,玉名市,ベトナム,24：技能実習１号ロ,-,-,43 
43：熊本県,玉名市,ベトナム,26：技能実習２号ロ,-,-,192 
43：熊本県,玉名市,ベトナム,28：技能実習３号ロ,-,-,20 
43：熊本県,玉名市,ベトナム,31：留学,-,-,3 
43：熊本県,玉名市,ベトナム,33：家族滞在,-,-,4 
43：熊本県,玉名市,ベトナム,34：特定活動,-,-,13 
43：熊本県,玉名市,ベトナム,35：永住者,-,-,3 
43：熊本県,玉名市,マレーシア,36：日本人の配偶者等,-,-,1 
43：熊本県,玉名市,ミャンマー,16：技術・人文知識・国際業務,-,-,6 
43：熊本県,玉名市,ミャンマー,18：介護,-,-,2 
43：熊本県,玉名市,ミャンマー,21：特定技能１号,-,-,18 
43：熊本県,玉名市,ミャンマー,24：技能実習１号ロ,-,-,27 
43：熊本県,玉名市,ミャンマー,26：技能実習２号ロ,-,-,64 
43：熊本県,玉名市,ミャンマー,33：家族滞在,-,-,1 
43：熊本県,玉名市,ミャンマー,34：特定活動,-,-,8 
43：熊本県,玉名市,ウズベキスタン,26：技能実習２号ロ,-,-,2 
43：熊本県,玉名市,英国,15：教育,-,-,3 
43：熊本県,玉名市,英国,35：永住者,-,-,3 
43：熊本県,玉名市,英国,36：日本人の配偶者等,-,-,2 
43：熊本県,玉名市,ポーランド,35：永住者,-,-,1 
43：熊本県,玉名市,カナダ,35：永住者,-,-,1 
43：熊本県,玉名市,カナダ,36：日本人の配偶者等,-,-,3 
43：熊本県,玉名市,米国,15：教育,-,-,8 
43：熊本県,玉名市,米国,33：家族滞在,-,-,1 
43：熊本県,玉名市,米国,35：永住者,-,-,2 
43：熊本県,玉名市,米国,36：日本人の配偶者等,-,-,2 
43：熊本県,玉名市,ブラジル,35：永住者,-,-,1 
43：熊本県,山鹿市,インドネシア,21：特定技能１号,-,-,13 
43：熊本県,山鹿市,インドネシア,24：技能実習１号ロ,-,-,20 
43：熊本県,山鹿市,インドネシア,26：技能実習２号ロ,-,-,28 
43：熊本県,山鹿市,インドネシア,28：技能実習３号ロ,-,-,3 
43：熊本県,山鹿市,インドネシア,34：特定活動,-,-,5 
43：熊本県,山鹿市,インドネシア,35：永住者,-,-,2 
43：熊本県,山鹿市,インドネシア,36：日本人の配偶者等,-,-,1 
43：熊本県,山鹿市,韓国,16：技術・人文知識・国際業務,-,-,2 
43：熊本県,山鹿市,韓国,20：技能,-,-,1 
43：熊本県,山鹿市,韓国,35：永住者,-,-,8 
43：熊本県,山鹿市,韓国,36：日本人の配偶者等,-,-,3 
43：熊本県,山鹿市,韓国,39：特別永住者,-,-,4 
43：熊本県,山鹿市,カンボジア,21：特定技能１号,-,-,5 
43：熊本県,山鹿市,カンボジア,24：技能実習１号ロ,-,-,6 
43：熊本県,山鹿市,カンボジア,26：技能実習２号ロ,-,-,19 
43：熊本県,山鹿市,シンガポール,35：永住者,-,-,1 
43：熊本県,山鹿市,スリランカ,21：特定技能１号,-,-,6 
43：熊本県,山鹿市,タイ,16：技術・人文知識・国際業務,-,-,1 
43：熊本県,山鹿市,タイ,24：技能実習１号ロ,-,-,4 
43：熊本県,山鹿市,タイ,26：技能実習２号ロ,-,-,7 
43：熊本県,山鹿市,タイ,35：永住者,-,-,1 
43：熊本県,山鹿市,台湾,16：技術・人文知識・国際業務,-,-,1 
43：熊本県,山鹿市,台湾,35：永住者,-,-,1 
43：熊本県,山鹿市,台湾,36：日本人の配偶者等,-,-,1 
43：熊本県,山鹿市,中国,11：経営・管理,-,-,2 
43：熊本県,山鹿市,中国,16：技術・人文知識・国際業務,-,-,2 
43：熊本県,山鹿市,中国,20：技能,-,-,2 
43：熊本県,山鹿市,中国,21：特定技能１号,-,-,2 
43：熊本県,山鹿市,中国,24：技能実習１号ロ,-,-,3 
43：熊本県,山鹿市,中国,26：技能実習２号ロ,-,-,3 
43：熊本県,山鹿市,中国,33：家族滞在,-,-,6 
43：熊本県,山鹿市,中国,35：永住者,-,-,26 
43：熊本県,山鹿市,中国,36：日本人の配偶者等,-,-,2 
43：熊本県,山鹿市,ネパール,11：経営・管理,-,-,1 
43：熊本県,山鹿市,ネパール,16：技術・人文知識・国際業務,-,-,3 
43：熊本県,山鹿市,ネパール,20：技能,-,-,5 
43：熊本県,山鹿市,ネパール,21：特定技能１号,-,-,7 
43：熊本県,山鹿市,ネパール,33：家族滞在,-,-,1 
43：熊本県,山鹿市,フィリピン,15：教育,-,-,2 
43：熊本県,山鹿市,フィリピン,21：特定技能１号,-,-,19 
43：熊本県,山鹿市,フィリピン,24：技能実習１号ロ,-,-,9 
43：熊本県,山鹿市,フィリピン,26：技能実習２号ロ,-,-,34 
43：熊本県,山鹿市,フィリピン,28：技能実習３号ロ,-,-,4 
43：熊本県,山鹿市,フィリピン,33：家族滞在,-,-,2 
43：熊本県,山鹿市,フィリピン,34：特定活動,-,-,1 
43：熊本県,山鹿市,フィリピン,35：永住者,-,-,43 
43：熊本県,山鹿市,フィリピン,36：日本人の配偶者等,-,-,11 
43：熊本県,山鹿市,フィリピン,37：永住者の配偶者等,-,-,2 
43：熊本県,山鹿市,フィリピン,38：定住者,-,-,10 
43：熊本県,山鹿市,ベトナム,16：技術・人文知識・国際業務,-,-,13 
43：熊本県,山鹿市,ベトナム,21：特定技能１号,-,-,35 
43：熊本県,山鹿市,ベトナム,24：技能実習１号ロ,-,-,16 
43：熊本県,山鹿市,ベトナム,26：技能実習２号ロ,-,-,54 
43：熊本県,山鹿市,ベトナム,28：技能実習３号ロ,-,-,12 
43：熊本県,山鹿市,ベトナム,31：留学,-,-,1 
43：熊本県,山鹿市,ベトナム,33：家族滞在,-,-,4 
43：熊本県,山鹿市,ベトナム,34：特定活動,-,-,1 
43：熊本県,山鹿市,ベトナム,36：日本人の配偶者等,-,-,2 
43：熊本県,山鹿市,ベトナム,38：定住者,-,-,2 
43：熊本県,山鹿市,マレーシア,35：永住者,-,-,1 
43：熊本県,山鹿市,ミャンマー,21：特定技能１号,-,-,17 
43：熊本県,山鹿市,ミャンマー,24：技能実習１号ロ,-,-,9 
43：熊本県,山鹿市,ミャンマー,26：技能実習２号ロ,-,-,15 
43：熊本県,山鹿市,ミャンマー,34：特定活動,-,-,5 
43：熊本県,山鹿市,ミャンマー,36：日本人の配偶者等,-,-,1 
43：熊本県,山鹿市,モンゴル,26：技能実習２号ロ,-,-,3 
43：熊本県,山鹿市,ラオス,24：技能実習１号ロ,-,-,3 
43：熊本県,山鹿市,ラオス,26：技能実習２号ロ,-,-,1 
43：熊本県,山鹿市,英国,15：教育,-,-,1 
43：熊本県,山鹿市,英国,35：永住者,-,-,3 
43：熊本県,山鹿市,フランス,36：日本人の配偶者等,-,-,1 
43：熊本県,山鹿市,エチオピア,36：日本人の配偶者等,-,-,1 
43：熊本県,山鹿市,カナダ,35：永住者,-,-,1 
43：熊本県,山鹿市,カナダ,36：日本人の配偶者等,-,-,1 
43：熊本県,山鹿市,米国,16：技術・人文知識・国際業務,-,-,1 
43：熊本県,山鹿市,米国,35：永住者,-,-,3 
43：熊本県,山鹿市,米国,36：日本人の配偶者等,-,-,2 
43：熊本県,山鹿市,ブラジル,35：永住者,-,-,4 
43：熊本県,山鹿市,ブラジル,36：日本人の配偶者等,-,-,1 
43：熊本県,山鹿市,ブラジル,38：定住者,-,-,3 
43：熊本県,山鹿市,オーストラリア,35：永住者,-,-,1 
43：熊本県,山鹿市,ニュージーランド,36：日本人の配偶者等,-,-,1 
43：熊本県,菊池市,インド,20：技能,-,-,3 
43：熊本県,菊池市,インドネシア,16：技術・人文知識・国際業務,-,-,8 
43：熊本県,菊池市,インドネシア,21：特定技能１号,-,-,26 
43：熊本県,菊池市,インドネシア,24：技能実習１号ロ,-,-,20 
43：熊本県,菊池市,インドネシア,26：技能実習２号ロ,-,-,89 
43：熊本県,菊池市,インドネシア,33：家族滞在,-,-,3 
43：熊本県,菊池市,インドネシア,34：特定活動,-,-,3 
43：熊本県,菊池市,韓国,16：技術・人文知識・国際業務,-,-,1 
43：熊本県,菊池市,韓国,35：永住者,-,-,5 
43：熊本県,菊池市,韓国,36：日本人の配偶者等,-,-,3 
43：熊本県,菊池市,韓国,39：特別永住者,-,-,12 
43：熊本県,菊池市,朝鮮,39：特別永住者,-,-,3 
43：熊本県,菊池市,カンボジア,21：特定技能１号,-,-,3 
43：熊本県,菊池市,カンボジア,24：技能実習１号ロ,-,-,4 
43：熊本県,菊池市,カンボジア,26：技能実習２号ロ,-,-,12 
43：熊本県,菊池市,カンボジア,36：日本人の配偶者等,-,-,1 
43：熊本県,菊池市,スリランカ,16：技術・人文知識・国際業務,-,-,1 
43：熊本県,菊池市,スリランカ,21：特定技能１号,-,-,2 
43：熊本県,菊池市,タイ,21：特定技能１号,-,-,5 
43：熊本県,菊池市,タイ,24：技能実習１号ロ,-,-,23 
43：熊本県,菊池市,タイ,26：技能実習２号ロ,-,-,23 
43：熊本県,菊池市,タイ,28：技能実習３号ロ,-,-,1 
43：熊本県,菊池市,タイ,34：特定活動,-,-,2 
43：熊本県,菊池市,タイ,35：永住者,-,-,1 
43：熊本県,菊池市,タイ,36：日本人の配偶者等,-,-,1 
43：熊本県,菊池市,台湾,08：高度専門職１号ロ,-,-,1 
43：熊本県,菊池市,台湾,11：経営・管理,-,-,2 
43：熊本県,菊池市,台湾,16：技術・人文知識・国際業務,-,-,6 
43：熊本県,菊池市,台湾,17：企業内転勤,-,-,14 
43：熊本県,菊池市,台湾,33：家族滞在,-,-,2 
43：熊本県,菊池市,台湾,34：特定活動,-,-,1 
43：熊本県,菊池市,台湾,35：永住者,-,-,1 
43：熊本県,菊池市,台湾,36：日本人の配偶者等,-,-,2 
43：熊本県,菊池市,中国,10：高度専門職２号,-,-,1 
43：熊本県,菊池市,中国,16：技術・人文知識・国際業務,-,-,5 
43：熊本県,菊池市,中国,20：技能,-,-,3 
43：熊本県,菊池市,中国,21：特定技能１号,-,-,2 
43：熊本県,菊池市,中国,26：技能実習２号ロ,-,-,3 
43：熊本県,菊池市,中国,33：家族滞在,-,-,3 
43：熊本県,菊池市,中国,35：永住者,-,-,30 
43：熊本県,菊池市,中国,36：日本人の配偶者等,-,-,3 
43：熊本県,菊池市,中国,37：永住者の配偶者等,-,-,5 
43：熊本県,菊池市,中国,38：定住者,-,-,2 
43：熊本県,菊池市,ネパール,16：技術・人文知識・国際業務,-,-,12 
43：熊本県,菊池市,ネパール,21：特定技能１号,-,-,8 
43：熊本県,菊池市,ネパール,24：技能実習１号ロ,-,-,3 
43：熊本県,菊池市,ネパール,26：技能実習２号ロ,-,-,5 
43：熊本県,菊池市,ネパール,33：家族滞在,-,-,4 
43：熊本県,菊池市,パキスタン,16：技術・人文知識・国際業務,-,-,1 
43：熊本県,菊池市,フィリピン,15：教育,-,-,2 
43：熊本県,菊池市,フィリピン,21：特定技能１号,-,-,30 
43：熊本県,菊池市,フィリピン,24：技能実習１号ロ,-,-,21 
43：熊本県,菊池市,フィリピン,26：技能実習２号ロ,-,-,75 
43：熊本県,菊池市,フィリピン,28：技能実習３号ロ,-,-,40 
43：熊本県,菊池市,フィリピン,34：特定活動,-,-,3 
43：熊本県,菊池市,フィリピン,35：永住者,-,-,55 
43：熊本県,菊池市,フィリピン,36：日本人の配偶者等,-,-,13 
43：熊本県,菊池市,フィリピン,37：永住者の配偶者等,-,-,2 
43：熊本県,菊池市,フィリピン,38：定住者,-,-,17 
43：熊本県,菊池市,ベトナム,11：経営・管理,-,-,1 
43：熊本県,菊池市,ベトナム,16：技術・人文知識・国際業務,-,-,75 
43：熊本県,菊池市,ベトナム,21：特定技能１号,-,-,149 
43：熊本県,菊池市,ベトナム,24：技能実習１号ロ,-,-,159 
43：熊本県,菊池市,ベトナム,26：技能実習２号ロ,-,-,326 
43：熊本県,菊池市,ベトナム,28：技能実習３号ロ,-,-,1 
43：熊本県,菊池市,ベトナム,33：家族滞在,-,-,27 
43：熊本県,菊池市,ベトナム,34：特定活動,-,-,8 
43：熊本県,菊池市,ベトナム,35：永住者,-,-,4 
43：熊本県,菊池市,ベトナム,36：日本人の配偶者等,-,-,7 
43：熊本県,菊池市,ミャンマー,16：技術・人文知識・国際業務,-,-,1 
43：熊本県,菊池市,ミャンマー,21：特定技能１号,-,-,12 
43：熊本県,菊池市,ミャンマー,24：技能実習１号ロ,-,-,10 
43：熊本県,菊池市,ミャンマー,26：技能実習２号ロ,-,-,18 
43：熊本県,菊池市,ミャンマー,36：日本人の配偶者等,-,-,1 
43：熊本県,菊池市,モンゴル,24：技能実習１号ロ,-,-,1 
43：熊本県,菊池市,イタリア,35：永住者,-,-,1 
43：熊本県,菊池市,イタリア,36：日本人の配偶者等,-,-,1 
43：熊本県,菊池市,英国,35：永住者,-,-,4 
43：熊本県,菊池市,英国,37：永住者の配偶者等,-,-,1 
43：熊本県,菊池市,英国,38：定住者,-,-,1 
43：熊本県,菊池市,フランス,35：永住者,-,-,1 
43：熊本県,菊池市,ジンバブエ,15：教育,-,-,1 
43：熊本県,菊池市,南アフリカ共和国,15：教育,-,-,1 
43：熊本県,菊池市,ルワンダ,15：教育,-,-,1 
43：熊本県,菊池市,カナダ,16：技術・人文知識・国際業務,-,-,1 
43：熊本県,菊池市,カナダ,36：日本人の配偶者等,-,-,1 
43：熊本県,菊池市,米国,05：宗教,-,-,1 
43：熊本県,菊池市,米国,33：家族滞在,-,-,2 
43：熊本県,菊池市,米国,35：永住者,-,-,9 
43：熊本県,菊池市,米国,36：日本人の配偶者等,-,-,1 
43：熊本県,菊池市,ブラジル,36：日本人の配偶者等,-,-,3 
43：熊本県,菊池市,ブラジル,38：定住者,-,-,1 
43：熊本県,菊池市,オーストラリア,35：永住者,-,-,1 
43：熊本県,菊池市,オーストラリア,36：日本人の配偶者等,-,-,1 
43：熊本県,菊池市,ニュージーランド,36：日本人の配偶者等,-,-,1 
43：熊本県,宇土市,インドネシア,16：技術・人文知識・国際業務,-,-,1 
43：熊本県,宇土市,インドネシア,21：特定技能１号,-,-,23 
43：熊本県,宇土市,インドネシア,24：技能実習１号ロ,-,-,6 
43：熊本県,宇土市,インドネシア,26：技能実習２号ロ,-,-,16 
43：熊本県,宇土市,インドネシア,28：技能実習３号ロ,-,-,1 
43：熊本県,宇土市,インドネシア,34：特定活動,-,-,1 
43：熊本県,宇土市,インドネシア,36：日本人の配偶者等,-,-,1 
43：熊本県,宇土市,インドネシア,38：定住者,-,-,3 
43：熊本県,宇土市,韓国,05：宗教,-,-,1 
43：熊本県,宇土市,韓国,33：家族滞在,-,-,4 
43：熊本県,宇土市,韓国,35：永住者,-,-,1 
43：熊本県,宇土市,韓国,36：日本人の配偶者等,-,-,1 
43：熊本県,宇土市,韓国,39：特別永住者,-,-,4 
43：熊本県,宇土市,カンボジア,16：技術・人文知識・国際業務,-,-,2 
43：熊本県,宇土市,カンボジア,21：特定技能１号,-,-,6 
43：熊本県,宇土市,カンボジア,26：技能実習２号ロ,-,-,11 
43：熊本県,宇土市,カンボジア,33：家族滞在,-,-,1 
43：熊本県,宇土市,シリア,16：技術・人文知識・国際業務,-,-,3 
43：熊本県,宇土市,シリア,33：家族滞在,-,-,3 
43：熊本県,宇土市,シリア,34：特定活動,-,-,7 
43：熊本県,宇土市,シリア,38：定住者,-,-,8 
43：熊本県,宇土市,スリランカ,16：技術・人文知識・国際業務,-,-,1 
43：熊本県,宇土市,スリランカ,21：特定技能１号,-,-,1 
43：熊本県,宇土市,スリランカ,24：技能実習１号ロ,-,-,3 
43：熊本県,宇土市,スリランカ,26：技能実習２号ロ,-,-,1 
43：熊本県,宇土市,タイ,26：技能実習２号ロ,-,-,2 
43：熊本県,宇土市,タイ,35：永住者,-,-,1 
43：熊本県,宇土市,台湾,17：企業内転勤,-,-,1 
43：熊本県,宇土市,台湾,35：永住者,-,-,1 
43：熊本県,宇土市,中国,11：経営・管理,-,-,2 
43：熊本県,宇土市,中国,16：技術・人文知識・国際業務,-,-,1 
43：熊本県,宇土市,中国,33：家族滞在,-,-,2 
43：熊本県,宇土市,中国,35：永住者,-,-,17 
43：熊本県,宇土市,中国,36：日本人の配偶者等,-,-,3 
43：熊本県,宇土市,中国,38：定住者,-,-,1 
43：熊本県,宇土市,ネパール,16：技術・人文知識・国際業務,-,-,2 
43：熊本県,宇土市,ネパール,20：技能,-,-,1 
43：熊本県,宇土市,ネパール,24：技能実習１号ロ,-,-,8 
43：熊本県,宇土市,ネパール,26：技能実習２号ロ,-,-,15 
43：熊本県,宇土市,ネパール,33：家族滞在,-,-,2 
43：熊本県,宇土市,パキスタン,11：経営・管理,-,-,2 
43：熊本県,宇土市,パキスタン,16：技術・人文知識・国際業務,-,-,1 
43：熊本県,宇土市,パキスタン,33：家族滞在,-,-,12 
43：熊本県,宇土市,フィリピン,15：教育,-,-,1 
43：熊本県,宇土市,フィリピン,21：特定技能１号,-,-,1 
43：熊本県,宇土市,フィリピン,24：技能実習１号ロ,-,-,1 
43：熊本県,宇土市,フィリピン,26：技能実習２号ロ,-,-,5 
43：熊本県,宇土市,フィリピン,34：特定活動,-,-,1 
43：熊本県,宇土市,フィリピン,35：永住者,-,-,8 
43：熊本県,宇土市,フィリピン,36：日本人の配偶者等,-,-,6 
43：熊本県,宇土市,フィリピン,38：定住者,-,-,8 
43：熊本県,宇土市,ベトナム,11：経営・管理,-,-,1 
43：熊本県,宇土市,ベトナム,16：技術・人文知識・国際業務,-,-,10 
43：熊本県,宇土市,ベトナム,21：特定技能１号,-,-,61 
43：熊本県,宇土市,ベトナム,22：特定技能２号,-,-,1 
43：熊本県,宇土市,ベトナム,24：技能実習１号ロ,-,-,18 
43：熊本県,宇土市,ベトナム,26：技能実習２号ロ,-,-,63 
43：熊本県,宇土市,ベトナム,28：技能実習３号ロ,-,-,2 
43：熊本県,宇土市,ベトナム,33：家族滞在,-,-,6 
43：熊本県,宇土市,ベトナム,34：特定活動,-,-,2 
43：熊本県,宇土市,ベトナム,35：永住者,-,-,6 
43：熊本県,宇土市,ベトナム,36：日本人の配偶者等,-,-,3 
43：熊本県,宇土市,ミャンマー,16：技術・人文知識・国際業務,-,-,1 
43：熊本県,宇土市,ミャンマー,21：特定技能１号,-,-,1 
43：熊本県,宇土市,ミャンマー,24：技能実習１号ロ,-,-,14 
43：熊本県,宇土市,ミャンマー,26：技能実習２号ロ,-,-,17 
43：熊本県,宇土市,ポーランド,35：永住者,-,-,2 
43：熊本県,宇土市,ロシア,36：日本人の配偶者等,-,-,1 
43：熊本県,宇土市,南アフリカ共和国,15：教育,-,-,1 
43：熊本県,宇土市,ジャマイカ,36：日本人の配偶者等,-,-,1 
43：熊本県,宇土市,米国,15：教育,-,-,6 
43：熊本県,宇土市,米国,35：永住者,-,-,1 
43：熊本県,宇土市,米国,36：日本人の配偶者等,-,-,2 
43：熊本県,宇土市,アルゼンチン,36：日本人の配偶者等,-,-,1 
43：熊本県,宇土市,ブラジル,35：永住者,-,-,1 
43：熊本県,宇土市,ブラジル,36：日本人の配偶者等,-,-,1 
43：熊本県,宇土市,ペルー,35：永住者,-,-,1 
43：熊本県,宇土市,ニュージーランド,35：永住者,-,-,1 
43：熊本県,上天草市,インドネシア,21：特定技能１号,-,-,23 
43：熊本県,上天草市,インドネシア,24：技能実習１号ロ,-,-,6 
43：熊本県,上天草市,インドネシア,26：技能実習２号ロ,-,-,13 
43：熊本県,上天草市,カンボジア,24：技能実習１号ロ,-,-,10 
43：熊本県,上天草市,カンボジア,26：技能実習２号ロ,-,-,5 
43：熊本県,上天草市,中国,16：技術・人文知識・国際業務,-,-,2 
43：熊本県,上天草市,中国,20：技能,-,-,2 
43：熊本県,上天草市,中国,33：家族滞在,-,-,2 
43：熊本県,上天草市,中国,35：永住者,-,-,7 
43：熊本県,上天草市,ネパール,04：芸術,-,-,6 
43：熊本県,上天草市,ネパール,21：特定技能１号,-,-,2 
43：熊本県,上天草市,フィリピン,19：興行,-,-,1 
43：熊本県,上天草市,フィリピン,21：特定技能１号,-,-,9 
43：熊本県,上天草市,フィリピン,24：技能実習１号ロ,-,-,3 
43：熊本県,上天草市,フィリピン,35：永住者,-,-,12 
43：熊本県,上天草市,フィリピン,36：日本人の配偶者等,-,-,3 
43：熊本県,上天草市,フィリピン,38：定住者,-,-,1 
43：熊本県,上天草市,ベトナム,21：特定技能１号,-,-,8 
43：熊本県,上天草市,ベトナム,24：技能実習１号ロ,-,-,9 
43：熊本県,上天草市,ベトナム,26：技能実習２号ロ,-,-,19 
43：熊本県,上天草市,ベトナム,28：技能実習３号ロ,-,-,2 
43：熊本県,上天草市,ベトナム,36：日本人の配偶者等,-,-,1 
43：熊本県,上天草市,ミャンマー,21：特定技能１号,-,-,7 
43：熊本県,上天草市,ミャンマー,24：技能実習１号ロ,-,-,11 
43：熊本県,上天草市,ミャンマー,26：技能実習２号ロ,-,-,5 
43：熊本県,上天草市,ミャンマー,34：特定活動,-,-,2 
43：熊本県,上天草市,ミャンマー,35：永住者,-,-,1 
43：熊本県,上天草市,ミャンマー,36：日本人の配偶者等,-,-,1 
43：熊本県,上天草市,イタリア,16：技術・人文知識・国際業務,-,-,1 
43：熊本県,上天草市,英国,35：永住者,-,-,1 
43：熊本県,上天草市,ベルギー,36：日本人の配偶者等,-,-,1 
43：熊本県,上天草市,カナダ,15：教育,-,-,1 
43：熊本県,上天草市,カナダ,35：永住者,-,-,1 
43：熊本県,上天草市,コスタリカ,36：日本人の配偶者等,-,-,1 
43：熊本県,上天草市,米国,15：教育,-,-,3 
43：熊本県,上天草市,米国,36：日本人の配偶者等,-,-,3 
43：熊本県,上天草市,ブラジル,35：永住者,-,-,1 
43：熊本県,上天草市,オーストラリア,15：教育,-,-,1 
43：熊本県,宇城市,アフガニスタン,11：経営・管理,-,-,2 
43：熊本県,宇城市,アフガニスタン,35：永住者,-,-,1 
43：熊本県,宇城市,インド,20：技能,-,-,3 
43：熊本県,宇城市,インドネシア,16：技術・人文知識・国際業務,-,-,4 
43：熊本県,宇城市,インドネシア,21：特定技能１号,-,-,37 
43：熊本県,宇城市,インドネシア,24：技能実習１号ロ,-,-,46 
43：熊本県,宇城市,インドネシア,26：技能実習２号ロ,-,-,68 
43：熊本県,宇城市,インドネシア,28：技能実習３号ロ,-,-,1 
43：熊本県,宇城市,インドネシア,31：留学,-,-,1 
43：熊本県,宇城市,インドネシア,34：特定活動,-,-,8 
43：熊本県,宇城市,インドネシア,36：日本人の配偶者等,-,-,1 
43：熊本県,宇城市,韓国,11：経営・管理,-,-,2 
43：熊本県,宇城市,韓国,34：特定活動,-,-,1 
43：熊本県,宇城市,韓国,35：永住者,-,-,4 
43：熊本県,宇城市,韓国,36：日本人の配偶者等,-,-,3 
43：熊本県,宇城市,韓国,39：特別永住者,-,-,2 
43：熊本県,宇城市,朝鮮,39：特別永住者,-,-,4 
43：熊本県,宇城市,カンボジア,16：技術・人文知識・国際業務,-,-,2 
43：熊本県,宇城市,カンボジア,21：特定技能１号,-,-,6 
43：熊本県,宇城市,カンボジア,24：技能実習１号ロ,-,-,4 
43：熊本県,宇城市,カンボジア,26：技能実習２号ロ,-,-,29 
43：熊本県,宇城市,カンボジア,34：特定活動,-,-,2 
43：熊本県,宇城市,スリランカ,16：技術・人文知識・国際業務,-,-,11 
43：熊本県,宇城市,スリランカ,21：特定技能１号,-,-,4 
43：熊本県,宇城市,スリランカ,31：留学,-,-,1 
43：熊本県,宇城市,スリランカ,33：家族滞在,-,-,3 
43：熊本県,宇城市,スリランカ,35：永住者,-,-,1 
43：熊本県,宇城市,タイ,21：特定技能１号,-,-,2 
43：熊本県,宇城市,台湾,35：永住者,-,-,1 
43：熊本県,宇城市,台湾,36：日本人の配偶者等,-,-,1 
43：熊本県,宇城市,中国,11：経営・管理,-,-,1 
43：熊本県,宇城市,中国,16：技術・人文知識・国際業務,-,-,4 
43：熊本県,宇城市,中国,20：技能,-,-,1 
43：熊本県,宇城市,中国,21：特定技能１号,-,-,7 
43：熊本県,宇城市,中国,24：技能実習１号ロ,-,-,2 
43：熊本県,宇城市,中国,26：技能実習２号ロ,-,-,12 
43：熊本県,宇城市,中国,28：技能実習３号ロ,-,-,2 
43：熊本県,宇城市,中国,33：家族滞在,-,-,6 
43：熊本県,宇城市,中国,35：永住者,-,-,22 
43：熊本県,宇城市,中国,36：日本人の配偶者等,-,-,6 
43：熊本県,宇城市,中国,37：永住者の配偶者等,-,-,2 
43：熊本県,宇城市,中国,38：定住者,-,-,2 
43：熊本県,宇城市,ネパール,16：技術・人文知識・国際業務,-,-,23 
43：熊本県,宇城市,ネパール,18：介護,-,-,1 
43：熊本県,宇城市,ネパール,21：特定技能１号,-,-,3 
43：熊本県,宇城市,ネパール,26：技能実習２号ロ,-,-,5 
43：熊本県,宇城市,ネパール,28：技能実習３号ロ,-,-,3 
43：熊本県,宇城市,ネパール,33：家族滞在,-,-,7 
43：熊本県,宇城市,パキスタン,11：経営・管理,-,-,3 
43：熊本県,宇城市,パキスタン,16：技術・人文知識・国際業務,-,-,8 
43：熊本県,宇城市,パキスタン,20：技能,-,-,1 
43：熊本県,宇城市,パキスタン,33：家族滞在,-,-,8 
43：熊本県,宇城市,パキスタン,35：永住者,-,-,1 
43：熊本県,宇城市,パキスタン,37：永住者の配偶者等,-,-,1 
43：熊本県,宇城市,パキスタン,38：定住者,-,-,5 
43：熊本県,宇城市,バングラデシュ,16：技術・人文知識・国際業務,-,-,3 
43：熊本県,宇城市,バングラデシュ,26：技能実習２号ロ,-,-,6 
43：熊本県,宇城市,バングラデシュ,33：家族滞在,-,-,5 
43：熊本県,宇城市,フィリピン,16：技術・人文知識・国際業務,-,-,1 
43：熊本県,宇城市,フィリピン,21：特定技能１号,-,-,40 
43：熊本県,宇城市,フィリピン,24：技能実習１号ロ,-,-,16 
43：熊本県,宇城市,フィリピン,26：技能実習２号ロ,-,-,33 
43：熊本県,宇城市,フィリピン,28：技能実習３号ロ,-,-,12 
43：熊本県,宇城市,フィリピン,34：特定活動,-,-,1 
43：熊本県,宇城市,フィリピン,35：永住者,-,-,18 
43：熊本県,宇城市,フィリピン,36：日本人の配偶者等,-,-,5 
43：熊本県,宇城市,ベトナム,11：経営・管理,-,-,1 
43：熊本県,宇城市,ベトナム,16：技術・人文知識・国際業務,-,-,46 
43：熊本県,宇城市,ベトナム,21：特定技能１号,-,-,65 
43：熊本県,宇城市,ベトナム,24：技能実習１号ロ,-,-,46 
43：熊本県,宇城市,ベトナム,26：技能実習２号ロ,-,-,177 
43：熊本県,宇城市,ベトナム,28：技能実習３号ロ,-,-,7 
43：熊本県,宇城市,ベトナム,33：家族滞在,-,-,8 
43：熊本県,宇城市,ベトナム,34：特定活動,-,-,7 
43：熊本県,宇城市,ベトナム,36：日本人の配偶者等,-,-,2 
43：熊本県,宇城市,ミャンマー,21：特定技能１号,-,-,22 
43：熊本県,宇城市,ミャンマー,24：技能実習１号ロ,-,-,18 
43：熊本県,宇城市,ミャンマー,26：技能実習２号ロ,-,-,26 
43：熊本県,宇城市,英国,35：永住者,-,-,1 
43：熊本県,宇城市,スロバキア,35：永住者,-,-,1 
43：熊本県,宇城市,ドイツ,36：日本人の配偶者等,-,-,1 
43：熊本県,宇城市,ルーマニア,35：永住者,-,-,1 
43：熊本県,宇城市,ロシア,36：日本人の配偶者等,-,-,1 
43：熊本県,宇城市,ウガンダ,35：永住者,-,-,1 
43：熊本県,宇城市,ナイジェリア,35：永住者,-,-,1 
43：熊本県,宇城市,カナダ,35：永住者,-,-,2 
43：熊本県,宇城市,カナダ,36：日本人の配偶者等,-,-,1 
43：熊本県,宇城市,米国,15：教育,-,-,4 
43：熊本県,宇城市,米国,35：永住者,-,-,4 
43：熊本県,宇城市,米国,36：日本人の配偶者等,-,-,1 
43：熊本県,宇城市,メキシコ,19：興行,-,-,1 
43：熊本県,宇城市,ブラジル,35：永住者,-,-,5 
43：熊本県,宇城市,ブラジル,36：日本人の配偶者等,-,-,1 
43：熊本県,宇城市,ブラジル,37：永住者の配偶者等,-,-,1 
43：熊本県,宇城市,ブラジル,38：定住者,-,-,4 
43：熊本県,宇城市,オーストラリア,35：永住者,-,-,1 
43：熊本県,宇城市,ニュージーランド,15：教育,-,-,1 
43：熊本県,阿蘇市,インド,20：技能,-,-,2 
43：熊本県,阿蘇市,インドネシア,16：技術・人文知識・国際業務,-,-,1 
43：熊本県,阿蘇市,インドネシア,21：特定技能１号,-,-,9 
43：熊本県,阿蘇市,インドネシア,24：技能実習１号ロ,-,-,34 
43：熊本県,阿蘇市,インドネシア,26：技能実習２号ロ,-,-,79 
43：熊本県,阿蘇市,インドネシア,28：技能実習３号ロ,-,-,2 
43：熊本県,阿蘇市,インドネシア,34：特定活動,-,-,7 
43：熊本県,阿蘇市,インドネシア,36：日本人の配偶者等,-,-,1 
43：熊本県,阿蘇市,韓国,34：特定活動,-,-,3 
43：熊本県,阿蘇市,韓国,35：永住者,-,-,1 
43：熊本県,阿蘇市,韓国,39：特別永住者,-,-,4 
43：熊本県,阿蘇市,朝鮮,39：特別永住者,-,-,1 
43：熊本県,阿蘇市,カンボジア,16：技術・人文知識・国際業務,-,-,2 
43：熊本県,阿蘇市,カンボジア,17：企業内転勤,-,-,1 
43：熊本県,阿蘇市,カンボジア,21：特定技能１号,-,-,65 
43：熊本県,阿蘇市,カンボジア,22：特定技能２号,-,-,1 
43：熊本県,阿蘇市,カンボジア,24：技能実習１号ロ,-,-,22 
43：熊本県,阿蘇市,カンボジア,26：技能実習２号ロ,-,-,70 
43：熊本県,阿蘇市,カンボジア,36：日本人の配偶者等,-,-,1 
43：熊本県,阿蘇市,シンガポール,36：日本人の配偶者等,-,-,1 
43：熊本県,阿蘇市,スリランカ,16：技術・人文知識・国際業務,-,-,3 
43：熊本県,阿蘇市,スリランカ,21：特定技能１号,-,-,9 
43：熊本県,阿蘇市,スリランカ,33：家族滞在,-,-,1 
43：熊本県,阿蘇市,タイ,17：企業内転勤,-,-,1 
43：熊本県,阿蘇市,タイ,21：特定技能１号,-,-,4 
43：熊本県,阿蘇市,台湾,16：技術・人文知識・国際業務,-,-,2 
43：熊本県,阿蘇市,台湾,34：特定活動,-,-,6 
43：熊本県,阿蘇市,台湾,36：日本人の配偶者等,-,-,1 
43：熊本県,阿蘇市,中国,16：技術・人文知識・国際業務,-,-,8 
43：熊本県,阿蘇市,中国,21：特定技能１号,-,-,6 
43：熊本県,阿蘇市,中国,33：家族滞在,-,-,2 
43：熊本県,阿蘇市,中国,34：特定活動,-,-,5 
43：熊本県,阿蘇市,中国,35：永住者,-,-,18 
43：熊本県,阿蘇市,中国,36：日本人の配偶者等,-,-,3 
43：熊本県,阿蘇市,中国,37：永住者の配偶者等,-,-,2 
43：熊本県,阿蘇市,中国,39：特別永住者,-,-,1 
43：熊本県,阿蘇市,ネパール,16：技術・人文知識・国際業務,-,-,28 
43：熊本県,阿蘇市,ネパール,18：介護,-,-,1 
43：熊本県,阿蘇市,ネパール,20：技能,-,-,5 
43：熊本県,阿蘇市,ネパール,21：特定技能１号,-,-,16 
43：熊本県,阿蘇市,ネパール,33：家族滞在,-,-,16 
43：熊本県,阿蘇市,ネパール,36：日本人の配偶者等,-,-,1 
43：熊本県,阿蘇市,パキスタン,11：経営・管理,-,-,2 
43：熊本県,阿蘇市,パキスタン,16：技術・人文知識・国際業務,-,-,1 
43：熊本県,阿蘇市,パキスタン,20：技能,-,-,1 
43：熊本県,阿蘇市,パキスタン,36：日本人の配偶者等,-,-,1 
43：熊本県,阿蘇市,フィリピン,16：技術・人文知識・国際業務,-,-,2 
43：熊本県,阿蘇市,フィリピン,21：特定技能１号,-,-,25 
43：熊本県,阿蘇市,フィリピン,24：技能実習１号ロ,-,-,8 
43：熊本県,阿蘇市,フィリピン,26：技能実習２号ロ,-,-,16 
43：熊本県,阿蘇市,フィリピン,32：研修,-,-,2 
43：熊本県,阿蘇市,フィリピン,33：家族滞在,-,-,1 
43：熊本県,阿蘇市,フィリピン,35：永住者,-,-,26 
43：熊本県,阿蘇市,フィリピン,36：日本人の配偶者等,-,-,10 
43：熊本県,阿蘇市,フィリピン,38：定住者,-,-,10 
43：熊本県,阿蘇市,ベトナム,16：技術・人文知識・国際業務,-,-,11 
43：熊本県,阿蘇市,ベトナム,17：企業内転勤,-,-,1 
43：熊本県,阿蘇市,ベトナム,18：介護,-,-,1 
43：熊本県,阿蘇市,ベトナム,20：技能,-,-,1 
43：熊本県,阿蘇市,ベトナム,21：特定技能１号,-,-,46 
43：熊本県,阿蘇市,ベトナム,24：技能実習１号ロ,-,-,24 
43：熊本県,阿蘇市,ベトナム,26：技能実習２号ロ,-,-,82 
43：熊本県,阿蘇市,ベトナム,28：技能実習３号ロ,-,-,1 
43：熊本県,阿蘇市,ベトナム,33：家族滞在,-,-,4 
43：熊本県,阿蘇市,ベトナム,34：特定活動,-,-,2 
43：熊本県,阿蘇市,ベトナム,36：日本人の配偶者等,-,-,2 
43：熊本県,阿蘇市,ミャンマー,16：技術・人文知識・国際業務,-,-,2 
43：熊本県,阿蘇市,ミャンマー,21：特定技能１号,-,-,50 
43：熊本県,阿蘇市,ミャンマー,24：技能実習１号ロ,-,-,8 
43：熊本県,阿蘇市,ミャンマー,26：技能実習２号ロ,-,-,7 
43：熊本県,阿蘇市,ミャンマー,34：特定活動,-,-,2 
43：熊本県,阿蘇市,ラオス,26：技能実習２号ロ,-,-,4 
43：熊本県,阿蘇市,英国,35：永住者,-,-,2 
43：熊本県,阿蘇市,英国,36：日本人の配偶者等,-,-,1 
43：熊本県,阿蘇市,フランス,16：技術・人文知識・国際業務,-,-,1 
43：熊本県,阿蘇市,フランス,35：永住者,-,-,1 
43：熊本県,阿蘇市,ポーランド,36：日本人の配偶者等,-,-,1 
43：熊本県,阿蘇市,ナイジェリア,35：永住者,-,-,1 
43：熊本県,阿蘇市,米国,15：教育,-,-,3 
43：熊本県,阿蘇市,米国,31：留学,-,-,1 
43：熊本県,阿蘇市,米国,33：家族滞在,-,-,1 
43：熊本県,阿蘇市,米国,35：永住者,-,-,2 
43：熊本県,阿蘇市,ブラジル,35：永住者,-,-,1 
43：熊本県,天草市,インド,21：特定技能１号,-,-,8 
43：熊本県,天草市,インド,24：技能実習１号ロ,-,-,3 
43：熊本県,天草市,インドネシア,16：技術・人文知識・国際業務,-,-,12 
43：熊本県,天草市,インドネシア,21：特定技能１号,-,-,68 
43：熊本県,天草市,インドネシア,24：技能実習１号ロ,-,-,9 
43：熊本県,天草市,インドネシア,26：技能実習２号ロ,-,-,24 
43：熊本県,天草市,インドネシア,34：特定活動,-,-,5 
43：熊本県,天草市,韓国,16：技術・人文知識・国際業務,-,-,1 
43：熊本県,天草市,韓国,35：永住者,-,-,5 
43：熊本県,天草市,韓国,36：日本人の配偶者等,-,-,3 
43：熊本県,天草市,韓国,39：特別永住者,-,-,9 
43：熊本県,天草市,カンボジア,21：特定技能１号,-,-,2 
43：熊本県,天草市,カンボジア,24：技能実習１号ロ,-,-,1 
43：熊本県,天草市,カンボジア,26：技能実習２号ロ,-,-,19 
43：熊本県,天草市,カンボジア,28：技能実習３号ロ,-,-,3 
43：熊本県,天草市,カンボジア,34：特定活動,-,-,1 
43：熊本県,天草市,タイ,26：技能実習２号ロ,-,-,2 
43：熊本県,天草市,タイ,35：永住者,-,-,1 
43：熊本県,天草市,台湾,34：特定活動,-,-,1 
43：熊本県,天草市,台湾,39：特別永住者,-,-,1 
43：熊本県,天草市,中国,20：技能,-,-,1 
43：熊本県,天草市,中国,21：特定技能１号,-,-,2 
43：熊本県,天草市,中国,24：技能実習１号ロ,-,-,1 
43：熊本県,天草市,中国,26：技能実習２号ロ,-,-,5 
43：熊本県,天草市,中国,28：技能実習３号ロ,-,-,2 
43：熊本県,天草市,中国,33：家族滞在,-,-,1 
43：熊本県,天草市,中国,35：永住者,-,-,16 
43：熊本県,天草市,中国,36：日本人の配偶者等,-,-,3 
43：熊本県,天草市,中国,37：永住者の配偶者等,-,-,1 
43：熊本県,天草市,中国,38：定住者,-,-,1 
43：熊本県,天草市,ネパール,21：特定技能１号,-,-,17 
43：熊本県,天草市,フィリピン,21：特定技能１号,-,-,6 
43：熊本県,天草市,フィリピン,24：技能実習１号ロ,-,-,4 
43：熊本県,天草市,フィリピン,26：技能実習２号ロ,-,-,3 
43：熊本県,天草市,フィリピン,34：特定活動,-,-,1 
43：熊本県,天草市,フィリピン,35：永住者,-,-,35 
43：熊本県,天草市,フィリピン,36：日本人の配偶者等,-,-,1 
43：熊本県,天草市,フィリピン,38：定住者,-,-,3 
43：熊本県,天草市,ベトナム,16：技術・人文知識・国際業務,-,-,6 
43：熊本県,天草市,ベトナム,21：特定技能１号,-,-,37 
43：熊本県,天草市,ベトナム,22：特定技能２号,-,-,1 
43：熊本県,天草市,ベトナム,24：技能実習１号ロ,-,-,30 
43：熊本県,天草市,ベトナム,26：技能実習２号ロ,-,-,72 
43：熊本県,天草市,ベトナム,28：技能実習３号ロ,-,-,11 
43：熊本県,天草市,ベトナム,33：家族滞在,-,-,1 
43：熊本県,天草市,ベトナム,34：特定活動,-,-,2 
43：熊本県,天草市,ベトナム,36：日本人の配偶者等,-,-,2 
43：熊本県,天草市,マレーシア,35：永住者,-,-,1 
43：熊本県,天草市,ミャンマー,16：技術・人文知識・国際業務,-,-,1 
43：熊本県,天草市,ミャンマー,21：特定技能１号,-,-,28 
43：熊本県,天草市,ミャンマー,24：技能実習１号ロ,-,-,53 
43：熊本県,天草市,ミャンマー,26：技能実習２号ロ,-,-,67 
43：熊本県,天草市,ミャンマー,28：技能実習３号ロ,-,-,11 
43：熊本県,天草市,ミャンマー,34：特定活動,-,-,1 
43：熊本県,天草市,モンゴル,26：技能実習２号ロ,-,-,2 
43：熊本県,天草市,英国,35：永住者,-,-,2 
43：熊本県,天草市,英国,36：日本人の配偶者等,-,-,1 
43：熊本県,天草市,ドイツ,35：永住者,-,-,1 
43：熊本県,天草市,ロシア,35：永住者,-,-,1 
43：熊本県,天草市,南アフリカ共和国,15：教育,-,-,1 
43：熊本県,天草市,カナダ,15：教育,-,-,1 
43：熊本県,天草市,カナダ,16：技術・人文知識・国際業務,-,-,2 
43：熊本県,天草市,カナダ,36：日本人の配偶者等,-,-,1 
43：熊本県,天草市,米国,15：教育,-,-,13 
43：熊本県,天草市,米国,34：特定活動,-,-,1 
43：熊本県,天草市,米国,35：永住者,-,-,1 
43：熊本県,天草市,米国,36：日本人の配偶者等,-,-,2 
43：熊本県,天草市,ブラジル,35：永住者,-,-,1 
43：熊本県,天草市,オーストラリア,35：永住者,-,-,2 
43：熊本県,天草市,ニュージーランド,15：教育,-,-,1 
43：熊本県,天草市,ニュージーランド,33：家族滞在,-,-,1 
43：熊本県,合志市,インド,20：技能,-,-,3 
43：熊本県,合志市,インド,35：永住者,-,-,6 
43：熊本県,合志市,インド,37：永住者の配偶者等,-,-,1 
43：熊本県,合志市,インドネシア,16：技術・人文知識・国際業務,-,-,1 
43：熊本県,合志市,インドネシア,17：企業内転勤,-,-,4 
43：熊本県,合志市,インドネシア,21：特定技能１号,-,-,28 
43：熊本県,合志市,インドネシア,24：技能実習１号ロ,-,-,23 
43：熊本県,合志市,インドネシア,26：技能実習２号ロ,-,-,37 
43：熊本県,合志市,インドネシア,28：技能実習３号ロ,-,-,9 
43：熊本県,合志市,インドネシア,31：留学,-,-,1 
43：熊本県,合志市,インドネシア,35：永住者,-,-,1 
43：熊本県,合志市,インドネシア,36：日本人の配偶者等,-,-,1 
43：熊本県,合志市,韓国,05：宗教,-,-,1 
43：熊本県,合志市,韓国,16：技術・人文知識・国際業務,-,-,5 
43：熊本県,合志市,韓国,31：留学,-,-,1 
43：熊本県,合志市,韓国,33：家族滞在,-,-,5 
43：熊本県,合志市,韓国,35：永住者,-,-,7 
43：熊本県,合志市,韓国,36：日本人の配偶者等,-,-,2 
43：熊本県,合志市,韓国,38：定住者,-,-,1 
43：熊本県,合志市,韓国,39：特別永住者,-,-,11 
43：熊本県,合志市,カンボジア,16：技術・人文知識・国際業務,-,-,1 
43：熊本県,合志市,カンボジア,21：特定技能１号,-,-,11 
43：熊本県,合志市,カンボジア,24：技能実習１号ロ,-,-,1 
43：熊本県,合志市,カンボジア,26：技能実習２号ロ,-,-,15 
43：熊本県,合志市,カンボジア,34：特定活動,-,-,3 
43：熊本県,合志市,シンガポール,31：留学,-,-,4 
43：熊本県,合志市,スリランカ,16：技術・人文知識・国際業務,-,-,1 
43：熊本県,合志市,スリランカ,24：技能実習１号ロ,-,-,5 
43：熊本県,合志市,スリランカ,26：技能実習２号ロ,-,-,3 
43：熊本県,合志市,スリランカ,35：永住者,-,-,1 
43：熊本県,合志市,タイ,21：特定技能１号,-,-,4 
43：熊本県,合志市,タイ,26：技能実習２号ロ,-,-,1 
43：熊本県,合志市,タイ,28：技能実習３号ロ,-,-,1 
43：熊本県,合志市,タイ,31：留学,-,-,2 
43：熊本県,合志市,タイ,35：永住者,-,-,1 
43：熊本県,合志市,台湾,08：高度専門職１号ロ,-,-,46 
43：熊本県,合志市,台湾,11：経営・管理,-,-,4 
43：熊本県,合志市,台湾,16：技術・人文知識・国際業務,-,-,21 
43：熊本県,合志市,台湾,17：企業内転勤,-,-,26 
43：熊本県,合志市,台湾,31：留学,-,-,2 
43：熊本県,合志市,台湾,33：家族滞在,-,-,66 
43：熊本県,合志市,台湾,34：特定活動,-,-,1 
43：熊本県,合志市,台湾,35：永住者,-,-,8 
43：熊本県,合志市,台湾,36：日本人の配偶者等,-,-,8 
43：熊本県,合志市,台湾,38：定住者,-,-,1 
43：熊本県,合志市,中国,08：高度専門職１号ロ,-,-,1 
43：熊本県,合志市,中国,16：技術・人文知識・国際業務,-,-,6 
43：熊本県,合志市,中国,20：技能,-,-,1 
43：熊本県,合志市,中国,21：特定技能１号,-,-,3 
43：熊本県,合志市,中国,35：永住者,-,-,60 
43：熊本県,合志市,中国,36：日本人の配偶者等,-,-,1 
43：熊本県,合志市,中国,37：永住者の配偶者等,-,-,2 
43：熊本県,合志市,ネパール,11：経営・管理,-,-,1 
43：熊本県,合志市,ネパール,16：技術・人文知識・国際業務,-,-,1 
43：熊本県,合志市,ネパール,18：介護,-,-,3 
43：熊本県,合志市,ネパール,20：技能,-,-,13 
43：熊本県,合志市,ネパール,21：特定技能１号,-,-,4 
43：熊本県,合志市,ネパール,33：家族滞在,-,-,7 
43：熊本県,合志市,フィリピン,21：特定技能１号,-,-,10 
43：熊本県,合志市,フィリピン,22：特定技能２号,-,-,1 
43：熊本県,合志市,フィリピン,24：技能実習１号ロ,-,-,5 
43：熊本県,合志市,フィリピン,26：技能実習２号ロ,-,-,20 
43：熊本県,合志市,フィリピン,28：技能実習３号ロ,-,-,2 
43：熊本県,合志市,フィリピン,35：永住者,-,-,23 
43：熊本県,合志市,フィリピン,36：日本人の配偶者等,-,-,7 
43：熊本県,合志市,ベトナム,10：高度専門職２号,-,-,1 
43：熊本県,合志市,ベトナム,16：技術・人文知識・国際業務,-,-,14 
43：熊本県,合志市,ベトナム,21：特定技能１号,-,-,21 
43：熊本県,合志市,ベトナム,24：技能実習１号ロ,-,-,23 
43：熊本県,合志市,ベトナム,26：技能実習２号ロ,-,-,35 
43：熊本県,合志市,ベトナム,28：技能実習３号ロ,-,-,1 
43：熊本県,合志市,ベトナム,33：家族滞在,-,-,2 
43：熊本県,合志市,ベトナム,34：特定活動,-,-,6 
43：熊本県,合志市,ベトナム,36：日本人の配偶者等,-,-,3 
43：熊本県,合志市,マレーシア,08：高度専門職１号ロ,-,-,1 
43：熊本県,合志市,マレーシア,16：技術・人文知識・国際業務,-,-,1 
43：熊本県,合志市,マレーシア,31：留学,-,-,2 
43：熊本県,合志市,ミャンマー,16：技術・人文知識・国際業務,-,-,4 
43：熊本県,合志市,ミャンマー,21：特定技能１号,-,-,5 
43：熊本県,合志市,ミャンマー,24：技能実習１号ロ,-,-,2 
43：熊本県,合志市,ミャンマー,26：技能実習２号ロ,-,-,16 
43：熊本県,合志市,ミャンマー,28：技能実習３号ロ,-,-,1 
43：熊本県,合志市,モンゴル,34：特定活動,-,-,3 
43：熊本県,合志市,アイルランド,36：日本人の配偶者等,-,-,1 
43：熊本県,合志市,イタリア,36：日本人の配偶者等,-,-,1 
43：熊本県,合志市,英国,03：教授,-,-,1 
43：熊本県,合志市,英国,35：永住者,-,-,2 
43：熊本県,合志市,英国,36：日本人の配偶者等,-,-,2 
43：熊本県,合志市,スイス,35：永住者,-,-,1 
43：熊本県,合志市,スウェーデン,36：日本人の配偶者等,-,-,1 
43：熊本県,合志市,ドイツ,35：永住者,-,-,2 
43：熊本県,合志市,ルーマニア,35：永住者,-,-,1 
43：熊本県,合志市,マダガスカル,07：高度専門職１号イ,-,-,1 
43：熊本県,合志市,マダガスカル,33：家族滞在,-,-,5 
43：熊本県,合志市,カナダ,36：日本人の配偶者等,-,-,1 
43：熊本県,合志市,米国,15：教育,-,-,1 
43：熊本県,合志市,米国,35：永住者,-,-,2 
43：熊本県,合志市,米国,36：日本人の配偶者等,-,-,2 
43：熊本県,合志市,ブラジル,35：永住者,-,-,1 
43：熊本県,合志市,ベネズエラ,35：永住者,-,-,1 
43：熊本県,合志市,オーストラリア,36：日本人の配偶者等,-,-,1 
43：熊本県,合志市,ニュージーランド,15：教育,-,-,1 
43：熊本県,美里町,インド,24：技能実習１号ロ,-,-,2 
43：熊本県,美里町,インドネシア,21：特定技能１号,-,-,4 
43：熊本県,美里町,インドネシア,24：技能実習１号ロ,-,-,3 
43：熊本県,美里町,インドネシア,26：技能実習２号ロ,-,-,7 
43：熊本県,美里町,インドネシア,28：技能実習３号ロ,-,-,2 
43：熊本県,美里町,インドネシア,35：永住者,-,-,1 
43：熊本県,美里町,韓国,35：永住者,-,-,1 
43：熊本県,美里町,カンボジア,24：技能実習１号ロ,-,-,4 
43：熊本県,美里町,カンボジア,26：技能実習２号ロ,-,-,3 
43：熊本県,美里町,カンボジア,28：技能実習３号ロ,-,-,2 
43：熊本県,美里町,中国,24：技能実習１号ロ,-,-,1 
43：熊本県,美里町,中国,28：技能実習３号ロ,-,-,5 
43：熊本県,美里町,中国,31：留学,-,-,1 
43：熊本県,美里町,中国,35：永住者,-,-,1 
43：熊本県,美里町,ネパール,21：特定技能１号,-,-,3 
43：熊本県,美里町,ネパール,26：技能実習２号ロ,-,-,3 
43：熊本県,美里町,フィリピン,15：教育,-,-,1 
43：熊本県,美里町,フィリピン,21：特定技能１号,-,-,4 
43：熊本県,美里町,フィリピン,24：技能実習１号ロ,-,-,4 
43：熊本県,美里町,フィリピン,26：技能実習２号ロ,-,-,5 
43：熊本県,美里町,フィリピン,33：家族滞在,-,-,2 
43：熊本県,美里町,フィリピン,35：永住者,-,-,4 
43：熊本県,美里町,フィリピン,38：定住者,-,-,3 
43：熊本県,美里町,ベトナム,21：特定技能１号,-,-,6 
43：熊本県,美里町,ベトナム,24：技能実習１号ロ,-,-,6 
43：熊本県,美里町,ベトナム,26：技能実習２号ロ,-,-,12 
43：熊本県,美里町,ベトナム,28：技能実習３号ロ,-,-,4 
43：熊本県,美里町,ベトナム,34：特定活動,-,-,3 
43：熊本県,美里町,ミャンマー,21：特定技能１号,-,-,1 
43：熊本県,美里町,ミャンマー,24：技能実習１号ロ,-,-,1 
43：熊本県,美里町,ミャンマー,26：技能実習２号ロ,-,-,15 
43：熊本県,美里町,オランダ,36：日本人の配偶者等,-,-,1 
43：熊本県,美里町,フランス,38：定住者,-,-,1 
43：熊本県,美里町,ルーマニア,36：日本人の配偶者等,-,-,1 
43：熊本県,美里町,米国,15：教育,-,-,1 
43：熊本県,美里町,米国,35：永住者,-,-,1 
43：熊本県,美里町,ペルー,38：定住者,-,-,1 
43：熊本県,玉東町,インドネシア,21：特定技能１号,-,-,14 
43：熊本県,玉東町,インドネシア,24：技能実習１号ロ,-,-,2 
43：熊本県,玉東町,インドネシア,26：技能実習２号ロ,-,-,6 
43：熊本県,玉東町,インドネシア,28：技能実習３号ロ,-,-,1 
43：熊本県,玉東町,インドネシア,35：永住者,-,-,1 
43：熊本県,玉東町,韓国,39：特別永住者,-,-,2 
43：熊本県,玉東町,スリランカ,11：経営・管理,-,-,1 
43：熊本県,玉東町,スリランカ,20：技能,-,-,1 
43：熊本県,玉東町,スリランカ,33：家族滞在,-,-,2 
43：熊本県,玉東町,タイ,21：特定技能１号,-,-,2 
43：熊本県,玉東町,タイ,24：技能実習１号ロ,-,-,1 
43：熊本県,玉東町,タイ,26：技能実習２号ロ,-,-,2 
43：熊本県,玉東町,タイ,35：永住者,-,-,1 
43：熊本県,玉東町,中国,16：技術・人文知識・国際業務,-,-,1 
43：熊本県,玉東町,中国,21：特定技能１号,-,-,3 
43：熊本県,玉東町,中国,35：永住者,-,-,1 
43：熊本県,玉東町,中国,37：永住者の配偶者等,-,-,1 
43：熊本県,玉東町,フィリピン,21：特定技能１号,-,-,1 
43：熊本県,玉東町,フィリピン,35：永住者,-,-,3 
43：熊本県,玉東町,フィリピン,36：日本人の配偶者等,-,-,1 
43：熊本県,玉東町,ベトナム,21：特定技能１号,-,-,1 
43：熊本県,玉東町,ベトナム,35：永住者,-,-,1 
43：熊本県,玉東町,ミャンマー,21：特定技能１号,-,-,1 
43：熊本県,玉東町,ミャンマー,26：技能実習２号ロ,-,-,2 
43：熊本県,玉東町,ウクライナ,36：日本人の配偶者等,-,-,1 
43：熊本県,玉東町,ウクライナ,38：定住者,-,-,10 
43：熊本県,南関町,インドネシア,21：特定技能１号,-,-,28 
43：熊本県,南関町,インドネシア,24：技能実習１号ロ,-,-,20 
43：熊本県,南関町,インドネシア,26：技能実習２号ロ,-,-,10 
43：熊本県,南関町,インドネシア,35：永住者,-,-,1 
43：熊本県,南関町,インドネシア,36：日本人の配偶者等,-,-,1 
43：熊本県,南関町,韓国,16：技術・人文知識・国際業務,-,-,1 
43：熊本県,南関町,韓国,39：特別永住者,-,-,2 
43：熊本県,南関町,カンボジア,21：特定技能１号,-,-,1 
43：熊本県,南関町,タイ,24：技能実習１号ロ,-,-,1 
43：熊本県,南関町,タイ,26：技能実習２号ロ,-,-,3 
43：熊本県,南関町,中国,16：技術・人文知識・国際業務,-,-,3 
43：熊本県,南関町,中国,20：技能,-,-,1 
43：熊本県,南関町,中国,21：特定技能１号,-,-,1 
43：熊本県,南関町,中国,33：家族滞在,-,-,1 
43：熊本県,南関町,中国,35：永住者,-,-,2 
43：熊本県,南関町,中国,36：日本人の配偶者等,-,-,1 
43：熊本県,南関町,ネパール,16：技術・人文知識・国際業務,-,-,6 
43：熊本県,南関町,ネパール,33：家族滞在,-,-,3 
43：熊本県,南関町,フィリピン,21：特定技能１号,-,-,24 
43：熊本県,南関町,フィリピン,22：特定技能２号,-,-,1 
43：熊本県,南関町,フィリピン,24：技能実習１号ロ,-,-,14 
43：熊本県,南関町,フィリピン,26：技能実習２号ロ,-,-,9 
43：熊本県,南関町,フィリピン,35：永住者,-,-,4 
43：熊本県,南関町,ベトナム,16：技術・人文知識・国際業務,-,-,2 
43：熊本県,南関町,ベトナム,21：特定技能１号,-,-,17 
43：熊本県,南関町,ベトナム,24：技能実習１号ロ,-,-,20 
43：熊本県,南関町,ベトナム,26：技能実習２号ロ,-,-,56 
43：熊本県,南関町,ベトナム,28：技能実習３号ロ,-,-,1 
43：熊本県,南関町,ベトナム,34：特定活動,-,-,1 
43：熊本県,南関町,ミャンマー,16：技術・人文知識・国際業務,-,-,3 
43：熊本県,南関町,ミャンマー,21：特定技能１号,-,-,4 
43：熊本県,南関町,ミャンマー,26：技能実習２号ロ,-,-,11 
43：熊本県,南関町,ウズベキスタン,26：技能実習２号ロ,-,-,2 
43：熊本県,南関町,英国,35：永住者,-,-,1 
43：熊本県,南関町,米国,16：技術・人文知識・国際業務,-,-,1 
43：熊本県,長洲町,インド,26：技能実習２号ロ,-,-,21 
43：熊本県,長洲町,インド,36：日本人の配偶者等,-,-,1 
43：熊本県,長洲町,インドネシア,21：特定技能１号,-,-,5 
43：熊本県,長洲町,インドネシア,24：技能実習１号ロ,-,-,22 
43：熊本県,長洲町,インドネシア,26：技能実習２号ロ,-,-,18 
43：熊本県,長洲町,インドネシア,35：永住者,-,-,1 
43：熊本県,長洲町,韓国,35：永住者,-,-,2 
43：熊本県,長洲町,韓国,37：永住者の配偶者等,-,-,2 
43：熊本県,長洲町,韓国,39：特別永住者,-,-,7 
43：熊本県,長洲町,台湾,33：家族滞在,-,-,1 
43：熊本県,長洲町,中国,16：技術・人文知識・国際業務,-,-,2 
43：熊本県,長洲町,中国,21：特定技能１号,-,-,3 
43：熊本県,長洲町,中国,26：技能実習２号ロ,-,-,2 
43：熊本県,長洲町,中国,28：技能実習３号ロ,-,-,2 
43：熊本県,長洲町,中国,35：永住者,-,-,2 
43：熊本県,長洲町,中国,36：日本人の配偶者等,-,-,3 
43：熊本県,長洲町,ネパール,16：技術・人文知識・国際業務,-,-,6 
43：熊本県,長洲町,ネパール,20：技能,-,-,2 
43：熊本県,長洲町,ネパール,26：技能実習２号ロ,-,-,4 
43：熊本県,長洲町,ネパール,33：家族滞在,-,-,9 
43：熊本県,長洲町,パキスタン,11：経営・管理,-,-,2 
43：熊本県,長洲町,パキスタン,33：家族滞在,-,-,2 
43：熊本県,長洲町,フィリピン,21：特定技能１号,-,-,169 
43：熊本県,長洲町,フィリピン,22：特定技能２号,-,-,6 
43：熊本県,長洲町,フィリピン,24：技能実習１号ロ,-,-,27 
43：熊本県,長洲町,フィリピン,26：技能実習２号ロ,-,-,59 
43：熊本県,長洲町,フィリピン,28：技能実習３号ロ,-,-,1 
43：熊本県,長洲町,フィリピン,34：特定活動,-,-,4 
43：熊本県,長洲町,フィリピン,35：永住者,-,-,7 
43：熊本県,長洲町,フィリピン,36：日本人の配偶者等,-,-,2 
43：熊本県,長洲町,フィリピン,38：定住者,-,-,2 
43：熊本県,長洲町,ベトナム,16：技術・人文知識・国際業務,-,-,18 
43：熊本県,長洲町,ベトナム,21：特定技能１号,-,-,154 
43：熊本県,長洲町,ベトナム,23：技能実習１号イ,-,-,33 
43：熊本県,長洲町,ベトナム,24：技能実習１号ロ,-,-,14 
43：熊本県,長洲町,ベトナム,25：技能実習２号イ,-,-,41 
43：熊本県,長洲町,ベトナム,26：技能実習２号ロ,-,-,91 
43：熊本県,長洲町,ベトナム,28：技能実習３号ロ,-,-,9 
43：熊本県,長洲町,ベトナム,33：家族滞在,-,-,4 
43：熊本県,長洲町,ベトナム,34：特定活動,-,-,1 
43：熊本県,長洲町,ベトナム,35：永住者,-,-,2 
43：熊本県,長洲町,ミャンマー,24：技能実習１号ロ,-,-,3 
43：熊本県,長洲町,ミャンマー,26：技能実習２号ロ,-,-,13 
43：熊本県,長洲町,ミャンマー,35：永住者,-,-,1 
43：熊本県,長洲町,モンゴル,31：留学,-,-,2 
43：熊本県,長洲町,スイス,35：永住者,-,-,1 
43：熊本県,長洲町,スロバキア,36：日本人の配偶者等,-,-,1 
43：熊本県,長洲町,セネガル,36：日本人の配偶者等,-,-,1 
43：熊本県,長洲町,米国,15：教育,-,-,1 
43：熊本県,長洲町,米国,16：技術・人文知識・国際業務,-,-,1 
43：熊本県,長洲町,米国,35：永住者,-,-,1 
43：熊本県,長洲町,米国,36：日本人の配偶者等,-,-,1 
43：熊本県,長洲町,オーストラリア,15：教育,-,-,1 
43：熊本県,長洲町,オーストラリア,33：家族滞在,-,-,1 
43：熊本県,和水町,インドネシア,21：特定技能１号,-,-,11 
43：熊本県,和水町,インドネシア,26：技能実習２号ロ,-,-,2 
43：熊本県,和水町,インドネシア,34：特定活動,-,-,1 
43：熊本県,和水町,韓国,35：永住者,-,-,1 
43：熊本県,和水町,韓国,39：特別永住者,-,-,1 
43：熊本県,和水町,カンボジア,21：特定技能１号,-,-,9 
43：熊本県,和水町,カンボジア,26：技能実習２号ロ,-,-,5 
43：熊本県,和水町,スリランカ,35：永住者,-,-,1 
43：熊本県,和水町,タイ,24：技能実習１号ロ,-,-,6 
43：熊本県,和水町,タイ,35：永住者,-,-,2 
43：熊本県,和水町,タイ,36：日本人の配偶者等,-,-,1 
43：熊本県,和水町,台湾,36：日本人の配偶者等,-,-,1 
43：熊本県,和水町,中国,11：経営・管理,-,-,1 
43：熊本県,和水町,中国,26：技能実習２号ロ,-,-,1 
43：熊本県,和水町,中国,35：永住者,-,-,5 
43：熊本県,和水町,中国,37：永住者の配偶者等,-,-,1 
43：熊本県,和水町,ネパール,16：技術・人文知識・国際業務,-,-,2 
43：熊本県,和水町,ネパール,21：特定技能１号,-,-,1 
43：熊本県,和水町,フィリピン,21：特定技能１号,-,-,4 
43：熊本県,和水町,フィリピン,24：技能実習１号ロ,-,-,3 
43：熊本県,和水町,フィリピン,26：技能実習２号ロ,-,-,4 
43：熊本県,和水町,フィリピン,35：永住者,-,-,1 
43：熊本県,和水町,フィリピン,36：日本人の配偶者等,-,-,2 
43：熊本県,和水町,ベトナム,21：特定技能１号,-,-,9 
43：熊本県,和水町,ベトナム,24：技能実習１号ロ,-,-,2 
43：熊本県,和水町,ベトナム,26：技能実習２号ロ,-,-,7 
43：熊本県,和水町,ベトナム,36：日本人の配偶者等,-,-,1 
43：熊本県,和水町,ミャンマー,21：特定技能１号,-,-,2 
43：熊本県,和水町,ミャンマー,24：技能実習１号ロ,-,-,6 
43：熊本県,和水町,ミャンマー,26：技能実習２号ロ,-,-,4 
43：熊本県,和水町,イタリア,05：宗教,-,-,2 
43：熊本県,和水町,イタリア,35：永住者,-,-,1 
43：熊本県,和水町,英国,36：日本人の配偶者等,-,-,1 
43：熊本県,和水町,フランス,35：永住者,-,-,1 
43：熊本県,和水町,フランス,36：日本人の配偶者等,-,-,1 
43：熊本県,大津町,インド,16：技術・人文知識・国際業務,-,-,2 
43：熊本県,大津町,インド,20：技能,-,-,3 
43：熊本県,大津町,インド,24：技能実習１号ロ,-,-,3 
43：熊本県,大津町,インドネシア,16：技術・人文知識・国際業務,-,-,1 
43：熊本県,大津町,インドネシア,21：特定技能１号,-,-,28 
43：熊本県,大津町,インドネシア,24：技能実習１号ロ,-,-,12 
43：熊本県,大津町,インドネシア,26：技能実習２号ロ,-,-,33 
43：熊本県,大津町,韓国,16：技術・人文知識・国際業務,-,-,7 
43：熊本県,大津町,韓国,17：企業内転勤,-,-,2 
43：熊本県,大津町,韓国,33：家族滞在,-,-,1 
43：熊本県,大津町,韓国,35：永住者,-,-,5 
43：熊本県,大津町,韓国,38：定住者,-,-,2 
43：熊本県,大津町,韓国,39：特別永住者,-,-,3 
43：熊本県,大津町,カンボジア,21：特定技能１号,-,-,27 
43：熊本県,大津町,カンボジア,24：技能実習１号ロ,-,-,1 
43：熊本県,大津町,カンボジア,26：技能実習２号ロ,-,-,8 
43：熊本県,大津町,カンボジア,34：特定活動,-,-,8 
43：熊本県,大津町,カンボジア,36：日本人の配偶者等,-,-,1 
43：熊本県,大津町,シンガポール,16：技術・人文知識・国際業務,-,-,1 
43：熊本県,大津町,スリランカ,16：技術・人文知識・国際業務,-,-,2 
43：熊本県,大津町,タイ,08：高度専門職１号ロ,-,-,1 
43：熊本県,大津町,タイ,16：技術・人文知識・国際業務,-,-,1 
43：熊本県,大津町,タイ,38：定住者,-,-,1 
43：熊本県,大津町,台湾,08：高度専門職１号ロ,-,-,11 
43：熊本県,大津町,台湾,09：高度専門職１号ハ,-,-,1 
43：熊本県,大津町,台湾,11：経営・管理,-,-,7 
43：熊本県,大津町,台湾,16：技術・人文知識・国際業務,-,-,98 
43：熊本県,大津町,台湾,17：企業内転勤,-,-,58 
43：熊本県,大津町,台湾,33：家族滞在,-,-,7 
43：熊本県,大津町,台湾,34：特定活動,-,-,1 
43：熊本県,大津町,台湾,35：永住者,-,-,13 
43：熊本県,大津町,台湾,36：日本人の配偶者等,-,-,3 
43：熊本県,大津町,台湾,38：定住者,-,-,1 
43：熊本県,大津町,中国,08：高度専門職１号ロ,-,-,1 
43：熊本県,大津町,中国,11：経営・管理,-,-,2 
43：熊本県,大津町,中国,16：技術・人文知識・国際業務,-,-,41 
43：熊本県,大津町,中国,17：企業内転勤,-,-,15 
43：熊本県,大津町,中国,20：技能,-,-,5 
43：熊本県,大津町,中国,21：特定技能１号,-,-,7 
43：熊本県,大津町,中国,24：技能実習１号ロ,-,-,3 
43：熊本県,大津町,中国,26：技能実習２号ロ,-,-,13 
43：熊本県,大津町,中国,31：留学,-,-,3 
43：熊本県,大津町,中国,33：家族滞在,-,-,6 
43：熊本県,大津町,中国,34：特定活動,-,-,1 
43：熊本県,大津町,中国,35：永住者,-,-,38 
43：熊本県,大津町,中国,36：日本人の配偶者等,-,-,7 
43：熊本県,大津町,中国,37：永住者の配偶者等,-,-,2 
43：熊本県,大津町,中国,38：定住者,-,-,10 
43：熊本県,大津町,ネパール,16：技術・人文知識・国際業務,-,-,34 
43：熊本県,大津町,ネパール,21：特定技能１号,-,-,5 
43：熊本県,大津町,ネパール,33：家族滞在,-,-,36 
43：熊本県,大津町,ネパール,34：特定活動,-,-,1 
43：熊本県,大津町,パキスタン,35：永住者,-,-,6 
43：熊本県,大津町,バングラデシュ,16：技術・人文知識・国際業務,-,-,1 
43：熊本県,大津町,バングラデシュ,33：家族滞在,-,-,1 
43：熊本県,大津町,フィリピン,21：特定技能１号,-,-,14 
43：熊本県,大津町,フィリピン,24：技能実習１号ロ,-,-,38 
43：熊本県,大津町,フィリピン,26：技能実習２号ロ,-,-,27 
43：熊本県,大津町,フィリピン,28：技能実習３号ロ,-,-,20 
43：熊本県,大津町,フィリピン,35：永住者,-,-,20 
43：熊本県,大津町,フィリピン,36：日本人の配偶者等,-,-,5 
43：熊本県,大津町,フィリピン,38：定住者,-,-,9 
43：熊本県,大津町,ベトナム,16：技術・人文知識・国際業務,-,-,45 
43：熊本県,大津町,ベトナム,21：特定技能１号,-,-,67 
43：熊本県,大津町,ベトナム,24：技能実習１号ロ,-,-,29 
43：熊本県,大津町,ベトナム,26：技能実習２号ロ,-,-,102 
43：熊本県,大津町,ベトナム,28：技能実習３号ロ,-,-,6 
43：熊本県,大津町,ベトナム,33：家族滞在,-,-,27 
43：熊本県,大津町,ベトナム,34：特定活動,-,-,4 
43：熊本県,大津町,ベトナム,36：日本人の配偶者等,-,-,1 
43：熊本県,大津町,マレーシア,08：高度専門職１号ロ,-,-,1 
43：熊本県,大津町,マレーシア,16：技術・人文知識・国際業務,-,-,2 
43：熊本県,大津町,マレーシア,35：永住者,-,-,1 
43：熊本県,大津町,マレーシア,37：永住者の配偶者等,-,-,1 
43：熊本県,大津町,マレーシア,38：定住者,-,-,1 
43：熊本県,大津町,ミャンマー,16：技術・人文知識・国際業務,-,-,9 
43：熊本県,大津町,ミャンマー,21：特定技能１号,-,-,10 
43：熊本県,大津町,ミャンマー,24：技能実習１号ロ,-,-,17 
43：熊本県,大津町,ミャンマー,26：技能実習２号ロ,-,-,11 
43：熊本県,大津町,ミャンマー,33：家族滞在,-,-,1 
43：熊本県,大津町,ミャンマー,34：特定活動,-,-,6 
43：熊本県,大津町,モンゴル,24：技能実習１号ロ,-,-,2 
43：熊本県,大津町,ロシア,35：永住者,-,-,1 
43：熊本県,大津町,カナダ,35：永住者,-,-,1 
43：熊本県,大津町,トリニダード・トバゴ,15：教育,-,-,1 
43：熊本県,大津町,米国,15：教育,-,-,1 
43：熊本県,大津町,米国,16：技術・人文知識・国際業務,-,-,2 
43：熊本県,大津町,米国,33：家族滞在,-,-,2 
43：熊本県,大津町,米国,35：永住者,-,-,3 
43：熊本県,大津町,コロンビア,16：技術・人文知識・国際業務,-,-,1 
43：熊本県,大津町,ブラジル,35：永住者,-,-,1 
43：熊本県,大津町,ブラジル,36：日本人の配偶者等,-,-,2 
43：熊本県,大津町,ブラジル,38：定住者,-,-,1 
43：熊本県,大津町,ペルー,35：永住者,-,-,2 
43：熊本県,大津町,オーストラリア,35：永住者,-,-,2 
43：熊本県,菊陽町,インド,20：技能,-,-,1 
43：熊本県,菊陽町,インドネシア,16：技術・人文知識・国際業務,-,-,1 
43：熊本県,菊陽町,インドネシア,21：特定技能１号,-,-,13 
43：熊本県,菊陽町,インドネシア,24：技能実習１号ロ,-,-,11 
43：熊本県,菊陽町,インドネシア,26：技能実習２号ロ,-,-,37 
43：熊本県,菊陽町,インドネシア,36：日本人の配偶者等,-,-,1 
43：熊本県,菊陽町,インドネシア,38：定住者,-,-,1 
43：熊本県,菊陽町,韓国,08：高度専門職１号ロ,-,-,1 
43：熊本県,菊陽町,韓国,16：技術・人文知識・国際業務,-,-,31 
43：熊本県,菊陽町,韓国,17：企業内転勤,-,-,4 
43：熊本県,菊陽町,韓国,31：留学,-,-,2 
43：熊本県,菊陽町,韓国,33：家族滞在,-,-,1 
43：熊本県,菊陽町,韓国,35：永住者,-,-,6 
43：熊本県,菊陽町,韓国,36：日本人の配偶者等,-,-,3 
43：熊本県,菊陽町,韓国,39：特別永住者,-,-,3 
43：熊本県,菊陽町,カンボジア,21：特定技能１号,-,-,6 
43：熊本県,菊陽町,カンボジア,24：技能実習１号ロ,-,-,1 
43：熊本県,菊陽町,カンボジア,26：技能実習２号ロ,-,-,12 
43：熊本県,菊陽町,カンボジア,28：技能実習３号ロ,-,-,6 
43：熊本県,菊陽町,カンボジア,34：特定活動,-,-,3 
43：熊本県,菊陽町,シンガポール,35：永住者,-,-,1 
43：熊本県,菊陽町,スリランカ,11：経営・管理,-,-,1 
43：熊本県,菊陽町,スリランカ,16：技術・人文知識・国際業務,-,-,1 
43：熊本県,菊陽町,タイ,21：特定技能１号,-,-,7 
43：熊本県,菊陽町,タイ,35：永住者,-,-,2 
43：熊本県,菊陽町,タイ,36：日本人の配偶者等,-,-,4 
43：熊本県,菊陽町,台湾,08：高度専門職１号ロ,-,-,82 
43：熊本県,菊陽町,台湾,11：経営・管理,-,-,5 
43：熊本県,菊陽町,台湾,16：技術・人文知識・国際業務,-,-,124 
43：熊本県,菊陽町,台湾,17：企業内転勤,-,-,91 
43：熊本県,菊陽町,台湾,31：留学,-,-,2 
43：熊本県,菊陽町,台湾,33：家族滞在,-,-,81 
43：熊本県,菊陽町,台湾,34：特定活動,-,-,10 
43：熊本県,菊陽町,台湾,35：永住者,-,-,18 
43：熊本県,菊陽町,台湾,36：日本人の配偶者等,-,-,4 
43：熊本県,菊陽町,台湾,37：永住者の配偶者等,-,-,1 
43：熊本県,菊陽町,台湾,38：定住者,-,-,2 
43：熊本県,菊陽町,中国,08：高度専門職１号ロ,-,-,20 
43：熊本県,菊陽町,中国,16：技術・人文知識・国際業務,-,-,26 
43：熊本県,菊陽町,中国,17：企業内転勤,-,-,6 
43：熊本県,菊陽町,中国,20：技能,-,-,3 
43：熊本県,菊陽町,中国,21：特定技能１号,-,-,2 
43：熊本県,菊陽町,中国,31：留学,-,-,2 
43：熊本県,菊陽町,中国,33：家族滞在,-,-,28 
43：熊本県,菊陽町,中国,34：特定活動,-,-,2 
43：熊本県,菊陽町,中国,35：永住者,-,-,100 
43：熊本県,菊陽町,中国,36：日本人の配偶者等,-,-,5 
43：熊本県,菊陽町,中国,37：永住者の配偶者等,-,-,3 
43：熊本県,菊陽町,中国,38：定住者,-,-,4 
43：熊本県,菊陽町,ネパール,16：技術・人文知識・国際業務,-,-,8 
43：熊本県,菊陽町,ネパール,20：技能,-,-,1 
43：熊本県,菊陽町,ネパール,33：家族滞在,-,-,6 
43：熊本県,菊陽町,ネパール,34：特定活動,-,-,1 
43：熊本県,菊陽町,ネパール,35：永住者,-,-,3 
43：熊本県,菊陽町,ネパール,36：日本人の配偶者等,-,-,1 
43：熊本県,菊陽町,ネパール,38：定住者,-,-,3 
43：熊本県,菊陽町,パキスタン,16：技術・人文知識・国際業務,-,-,2 
43：熊本県,菊陽町,パキスタン,33：家族滞在,-,-,2 
43：熊本県,菊陽町,パキスタン,35：永住者,-,-,6 
43：熊本県,菊陽町,パキスタン,36：日本人の配偶者等,-,-,1 
43：熊本県,菊陽町,バングラデシュ,24：技能実習１号ロ,-,-,2 
43：熊本県,菊陽町,フィリピン,16：技術・人文知識・国際業務,-,-,18 
43：熊本県,菊陽町,フィリピン,17：企業内転勤,-,-,4 
43：熊本県,菊陽町,フィリピン,21：特定技能１号,-,-,3 
43：熊本県,菊陽町,フィリピン,26：技能実習２号ロ,-,-,4 
43：熊本県,菊陽町,フィリピン,35：永住者,-,-,14 
43：熊本県,菊陽町,フィリピン,36：日本人の配偶者等,-,-,3 
43：熊本県,菊陽町,フィリピン,38：定住者,-,-,1 
43：熊本県,菊陽町,ベトナム,16：技術・人文知識・国際業務,-,-,30 
43：熊本県,菊陽町,ベトナム,17：企業内転勤,-,-,2 
43：熊本県,菊陽町,ベトナム,21：特定技能１号,-,-,30 
43：熊本県,菊陽町,ベトナム,24：技能実習１号ロ,-,-,12 
43：熊本県,菊陽町,ベトナム,26：技能実習２号ロ,-,-,40 
43：熊本県,菊陽町,ベトナム,28：技能実習３号ロ,-,-,3 
43：熊本県,菊陽町,ベトナム,33：家族滞在,-,-,6 
43：熊本県,菊陽町,ベトナム,34：特定活動,-,-,5 
43：熊本県,菊陽町,ベトナム,35：永住者,-,-,1 
43：熊本県,菊陽町,ベトナム,36：日本人の配偶者等,-,-,3 
43：熊本県,菊陽町,マレーシア,08：高度専門職１号ロ,-,-,1 
43：熊本県,菊陽町,マレーシア,16：技術・人文知識・国際業務,-,-,3 
43：熊本県,菊陽町,ミャンマー,16：技術・人文知識・国際業務,-,-,2 
43：熊本県,菊陽町,ミャンマー,21：特定技能１号,-,-,15 
43：熊本県,菊陽町,ミャンマー,24：技能実習１号ロ,-,-,8 
43：熊本県,菊陽町,ミャンマー,26：技能実習２号ロ,-,-,19 
43：熊本県,菊陽町,ミャンマー,28：技能実習３号ロ,-,-,1 
43：熊本県,菊陽町,ヨルダン,16：技術・人文知識・国際業務,-,-,1 
43：熊本県,菊陽町,ヨルダン,35：永住者,-,-,1 
43：熊本県,菊陽町,英国,35：永住者,-,-,2 
43：熊本県,菊陽町,スペイン,31：留学,-,-,1 
43：熊本県,菊陽町,フランス,16：技術・人文知識・国際業務,-,-,1 
43：熊本県,菊陽町,フランス,36：日本人の配偶者等,-,-,1 
43：熊本県,菊陽町,ルーマニア,35：永住者,-,-,2 
43：熊本県,菊陽町,カナダ,35：永住者,-,-,2 
43：熊本県,菊陽町,カナダ,36：日本人の配偶者等,-,-,1 
43：熊本県,菊陽町,米国,16：技術・人文知識・国際業務,-,-,1 
43：熊本県,菊陽町,米国,35：永住者,-,-,3 
43：熊本県,菊陽町,米国,36：日本人の配偶者等,-,-,1 
43：熊本県,菊陽町,メキシコ,35：永住者,-,-,1 
43：熊本県,菊陽町,ウルグアイ,35：永住者,-,-,1 
43：熊本県,菊陽町,ブラジル,35：永住者,-,-,1 
43：熊本県,菊陽町,ペルー,35：永住者,-,-,1 
43：熊本県,南小国町,インド,16：技術・人文知識・国際業務,-,-,1 
43：熊本県,南小国町,インドネシア,16：技術・人文知識・国際業務,-,-,2 
43：熊本県,南小国町,インドネシア,21：特定技能１号,-,-,1 
43：熊本県,南小国町,インドネシア,24：技能実習１号ロ,-,-,3 
43：熊本県,南小国町,インドネシア,26：技能実習２号ロ,-,-,2 
43：熊本県,南小国町,インドネシア,34：特定活動,-,-,3 
43：熊本県,南小国町,韓国,16：技術・人文知識・国際業務,-,-,8 
43：熊本県,南小国町,韓国,33：家族滞在,-,-,2 
43：熊本県,南小国町,韓国,34：特定活動,-,-,6 
43：熊本県,南小国町,韓国,35：永住者,-,-,3 
43：熊本県,南小国町,カンボジア,24：技能実習１号ロ,-,-,2 
43：熊本県,南小国町,カンボジア,26：技能実習２号ロ,-,-,2 
43：熊本県,南小国町,スリランカ,16：技術・人文知識・国際業務,-,-,1 
43：熊本県,南小国町,台湾,16：技術・人文知識・国際業務,-,-,7 
43：熊本県,南小国町,台湾,34：特定活動,-,-,5 
43：熊本県,南小国町,中国,16：技術・人文知識・国際業務,-,-,24 
43：熊本県,南小国町,中国,33：家族滞在,-,-,1 
43：熊本県,南小国町,中国,34：特定活動,-,-,3 
43：熊本県,南小国町,中国,35：永住者,-,-,3 
43：熊本県,南小国町,ネパール,16：技術・人文知識・国際業務,-,-,30 
43：熊本県,南小国町,ネパール,21：特定技能１号,-,-,7 
43：熊本県,南小国町,ネパール,33：家族滞在,-,-,8 
43：熊本県,南小国町,フィリピン,24：技能実習１号ロ,-,-,9 
43：熊本県,南小国町,フィリピン,26：技能実習２号ロ,-,-,11 
43：熊本県,南小国町,フィリピン,34：特定活動,-,-,4 
43：熊本県,南小国町,フィリピン,35：永住者,-,-,5 
43：熊本県,南小国町,フィリピン,36：日本人の配偶者等,-,-,1 
43：熊本県,南小国町,ベトナム,16：技術・人文知識・国際業務,-,-,14 
43：熊本県,南小国町,ベトナム,21：特定技能１号,-,-,3 
43：熊本県,南小国町,ベトナム,24：技能実習１号ロ,-,-,4 
43：熊本県,南小国町,ベトナム,26：技能実習２号ロ,-,-,11 
43：熊本県,南小国町,ベトナム,28：技能実習３号ロ,-,-,2 
43：熊本県,南小国町,ベトナム,33：家族滞在,-,-,1 
43：熊本県,南小国町,ベトナム,34：特定活動,-,-,4 
43：熊本県,南小国町,ミャンマー,16：技術・人文知識・国際業務,-,-,19 
43：熊本県,南小国町,ミャンマー,21：特定技能１号,-,-,3 
43：熊本県,南小国町,ミャンマー,26：技能実習２号ロ,-,-,5 
43：熊本県,南小国町,ミャンマー,33：家族滞在,-,-,1 
43：熊本県,南小国町,英国,36：日本人の配偶者等,-,-,1 
43：熊本県,南小国町,スウェーデン,36：日本人の配偶者等,-,-,1 
43：熊本県,南小国町,米国,36：日本人の配偶者等,-,-,1 
43：熊本県,小国町,インドネシア,24：技能実習１号ロ,-,-,5 
43：熊本県,小国町,インドネシア,26：技能実習２号ロ,-,-,16 
43：熊本県,小国町,韓国,35：永住者,-,-,1 
43：熊本県,小国町,韓国,36：日本人の配偶者等,-,-,1 
43：熊本県,小国町,カンボジア,24：技能実習１号ロ,-,-,2 
43：熊本県,小国町,スリランカ,16：技術・人文知識・国際業務,-,-,1 
43：熊本県,小国町,スリランカ,33：家族滞在,-,-,1 
43：熊本県,小国町,台湾,16：技術・人文知識・国際業務,-,-,3 
43：熊本県,小国町,台湾,34：特定活動,-,-,3 
43：熊本県,小国町,台湾,35：永住者,-,-,3 
43：熊本県,小国町,台湾,36：日本人の配偶者等,-,-,1 
43：熊本県,小国町,中国,26：技能実習２号ロ,-,-,1 
43：熊本県,小国町,中国,34：特定活動,-,-,2 
43：熊本県,小国町,中国,35：永住者,-,-,2 
43：熊本県,小国町,ネパール,16：技術・人文知識・国際業務,-,-,9 
43：熊本県,小国町,ネパール,33：家族滞在,-,-,1 
43：熊本県,小国町,フィリピン,35：永住者,-,-,5 
43：熊本県,小国町,ベトナム,16：技術・人文知識・国際業務,-,-,2 
43：熊本県,小国町,ベトナム,24：技能実習１号ロ,-,-,16 
43：熊本県,小国町,ベトナム,26：技能実習２号ロ,-,-,9 
43：熊本県,小国町,ベトナム,28：技能実習３号ロ,-,-,1 
43：熊本県,小国町,ミャンマー,21：特定技能１号,-,-,2 
43：熊本県,小国町,ミャンマー,24：技能実習１号ロ,-,-,5 
43：熊本県,小国町,ミャンマー,26：技能実習２号ロ,-,-,3 
43：熊本県,小国町,イタリア,16：技術・人文知識・国際業務,-,-,1 
43：熊本県,小国町,フランス,35：永住者,-,-,1 
43：熊本県,産山村,インドネシア,21：特定技能１号,-,-,4 
43：熊本県,産山村,韓国,16：技術・人文知識・国際業務,-,-,6 
43：熊本県,産山村,韓国,35：永住者,-,-,5 
43：熊本県,産山村,韓国,37：永住者の配偶者等,-,-,1 
43：熊本県,産山村,韓国,39：特別永住者,-,-,3 
43：熊本県,産山村,カンボジア,21：特定技能１号,-,-,1 
43：熊本県,産山村,カンボジア,26：技能実習２号ロ,-,-,2 
43：熊本県,産山村,中国,16：技術・人文知識・国際業務,-,-,1 
43：熊本県,産山村,中国,35：永住者,-,-,1 
43：熊本県,産山村,ネパール,16：技術・人文知識・国際業務,-,-,12 
43：熊本県,産山村,ネパール,21：特定技能１号,-,-,3 
43：熊本県,産山村,ネパール,33：家族滞在,-,-,1 
43：熊本県,産山村,フィリピン,26：技能実習２号ロ,-,-,1 
43：熊本県,産山村,フィリピン,35：永住者,-,-,1 
43：熊本県,産山村,ベトナム,16：技術・人文知識・国際業務,-,-,1 
43：熊本県,産山村,ベトナム,21：特定技能１号,-,-,1 
43：熊本県,産山村,ベトナム,24：技能実習１号ロ,-,-,3 
43：熊本県,産山村,ベトナム,26：技能実習２号ロ,-,-,8 
43：熊本県,産山村,ミャンマー,16：技術・人文知識・国際業務,-,-,1 
43：熊本県,産山村,英国,36：日本人の配偶者等,-,-,1 
43：熊本県,産山村,米国,15：教育,-,-,1 
43：熊本県,産山村,米国,35：永住者,-,-,1 
43：熊本県,高森町,インドネシア,04：芸術,-,-,3 
43：熊本県,高森町,インドネシア,16：技術・人文知識・国際業務,-,-,1 
43：熊本県,高森町,インドネシア,21：特定技能１号,-,-,2 
43：熊本県,高森町,インドネシア,24：技能実習１号ロ,-,-,5 
43：熊本県,高森町,インドネシア,26：技能実習２号ロ,-,-,4 
43：熊本県,高森町,インドネシア,36：日本人の配偶者等,-,-,1 
43：熊本県,高森町,韓国,11：経営・管理,-,-,2 
43：熊本県,高森町,韓国,16：技術・人文知識・国際業務,-,-,7 
43：熊本県,高森町,韓国,17：企業内転勤,-,-,1 
43：熊本県,高森町,韓国,34：特定活動,-,-,1 
43：熊本県,高森町,韓国,35：永住者,-,-,1 
43：熊本県,高森町,韓国,39：特別永住者,-,-,2 
43：熊本県,高森町,朝鮮,36：日本人の配偶者等,-,-,1 
43：熊本県,高森町,朝鮮,39：特別永住者,-,-,1 
43：熊本県,高森町,カンボジア,21：特定技能１号,-,-,2 
43：熊本県,高森町,カンボジア,24：技能実習１号ロ,-,-,2 
43：熊本県,高森町,カンボジア,26：技能実習２号ロ,-,-,15 
43：熊本県,高森町,カンボジア,28：技能実習３号ロ,-,-,1 
43：熊本県,高森町,カンボジア,34：特定活動,-,-,4 
43：熊本県,高森町,スリランカ,21：特定技能１号,-,-,2 
43：熊本県,高森町,タイ,21：特定技能１号,-,-,2 
43：熊本県,高森町,タイ,26：技能実習２号ロ,-,-,2 
43：熊本県,高森町,中国,35：永住者,-,-,2 
43：熊本県,高森町,ネパール,21：特定技能１号,-,-,6 
43：熊本県,高森町,フィリピン,35：永住者,-,-,7 
43：熊本県,高森町,ベトナム,16：技術・人文知識・国際業務,-,-,5 
43：熊本県,高森町,ベトナム,21：特定技能１号,-,-,5 
43：熊本県,高森町,ベトナム,24：技能実習１号ロ,-,-,12 
43：熊本県,高森町,ベトナム,26：技能実習２号ロ,-,-,25 
43：熊本県,高森町,ベトナム,28：技能実習３号ロ,-,-,4 
43：熊本県,高森町,ミャンマー,24：技能実習１号ロ,-,-,3 
43：熊本県,高森町,ミャンマー,26：技能実習２号ロ,-,-,2 
43：熊本県,高森町,モルディブ,36：日本人の配偶者等,-,-,1 
43：熊本県,高森町,スロベニア,16：技術・人文知識・国際業務,-,-,1 
43：熊本県,高森町,フィンランド,04：芸術,-,-,1 
43：熊本県,高森町,ロシア,04：芸術,-,-,1 
43：熊本県,高森町,カナダ,36：日本人の配偶者等,-,-,1 
43：熊本県,高森町,米国,04：芸術,-,-,1 
43：熊本県,高森町,米国,16：技術・人文知識・国際業務,-,-,1 
43：熊本県,高森町,米国,35：永住者,-,-,1 
43：熊本県,高森町,米国,36：日本人の配偶者等,-,-,2 
43：熊本県,高森町,ブラジル,04：芸術,-,-,2 
43：熊本県,高森町,オーストラリア,04：芸術,-,-,1 
43：熊本県,西原村,インド,20：技能,-,-,2 
43：熊本県,西原村,インドネシア,21：特定技能１号,-,-,2 
43：熊本県,西原村,インドネシア,26：技能実習２号ロ,-,-,5 
43：熊本県,西原村,韓国,16：技術・人文知識・国際業務,-,-,1 
43：熊本県,西原村,韓国,35：永住者,-,-,1 
43：熊本県,西原村,韓国,39：特別永住者,-,-,1 
43：熊本県,西原村,カンボジア,21：特定技能１号,-,-,4 
43：熊本県,西原村,カンボジア,24：技能実習１号ロ,-,-,3 
43：熊本県,西原村,カンボジア,26：技能実習２号ロ,-,-,6 
43：熊本県,西原村,シンガポール,16：技術・人文知識・国際業務,-,-,1 
43：熊本県,西原村,シンガポール,33：家族滞在,-,-,3 
43：熊本県,西原村,スリランカ,36：日本人の配偶者等,-,-,1 
43：熊本県,西原村,台湾,11：経営・管理,-,-,1 
43：熊本県,西原村,台湾,16：技術・人文知識・国際業務,-,-,1 
43：熊本県,西原村,中国,16：技術・人文知識・国際業務,-,-,1 
43：熊本県,西原村,中国,35：永住者,-,-,2 
43：熊本県,西原村,ネパール,21：特定技能１号,-,-,1 
43：熊本県,西原村,ネパール,26：技能実習２号ロ,-,-,4 
43：熊本県,西原村,ネパール,34：特定活動,-,-,1 
43：熊本県,西原村,パキスタン,11：経営・管理,-,-,1 
43：熊本県,西原村,パキスタン,16：技術・人文知識・国際業務,-,-,2 
43：熊本県,西原村,パキスタン,33：家族滞在,-,-,5 
43：熊本県,西原村,フィリピン,21：特定技能１号,-,-,2 
43：熊本県,西原村,フィリピン,26：技能実習２号ロ,-,-,1 
43：熊本県,西原村,フィリピン,28：技能実習３号ロ,-,-,2 
43：熊本県,西原村,フィリピン,35：永住者,-,-,7 
43：熊本県,西原村,ベトナム,16：技術・人文知識・国際業務,-,-,17 
43：熊本県,西原村,ベトナム,21：特定技能１号,-,-,72 
43：熊本県,西原村,ベトナム,26：技能実習２号ロ,-,-,25 
43：熊本県,西原村,ベトナム,28：技能実習３号ロ,-,-,1 
43：熊本県,西原村,ベトナム,33：家族滞在,-,-,1 
43：熊本県,西原村,ベトナム,34：特定活動,-,-,2 
43：熊本県,西原村,ミャンマー,21：特定技能１号,-,-,3 
43：熊本県,西原村,ミャンマー,24：技能実習１号ロ,-,-,2 
43：熊本県,西原村,ミャンマー,26：技能実習２号ロ,-,-,10 
43：熊本県,西原村,アイルランド,35：永住者,-,-,1 
43：熊本県,西原村,アイルランド,36：日本人の配偶者等,-,-,1 
43：熊本県,西原村,オランダ,36：日本人の配偶者等,-,-,1 
43：熊本県,西原村,フランス,35：永住者,-,-,1 
43：熊本県,西原村,米国,15：教育,-,-,1 
43：熊本県,西原村,米国,35：永住者,-,-,1 
43：熊本県,南阿蘇村,インド,24：技能実習１号ロ,-,-,2 
43：熊本県,南阿蘇村,インドネシア,21：特定技能１号,-,-,8 
43：熊本県,南阿蘇村,インドネシア,24：技能実習１号ロ,-,-,12 
43：熊本県,南阿蘇村,インドネシア,26：技能実習２号ロ,-,-,4 
43：熊本県,南阿蘇村,韓国,39：特別永住者,-,-,2 
43：熊本県,南阿蘇村,カンボジア,21：特定技能１号,-,-,5 
43：熊本県,南阿蘇村,カンボジア,24：技能実習１号ロ,-,-,3 
43：熊本県,南阿蘇村,カンボジア,26：技能実習２号ロ,-,-,10 
43：熊本県,南阿蘇村,スリランカ,21：特定技能１号,-,-,7 
43：熊本県,南阿蘇村,スリランカ,31：留学,-,-,2 
43：熊本県,南阿蘇村,タイ,36：日本人の配偶者等,-,-,2 
43：熊本県,南阿蘇村,台湾,17：企業内転勤,-,-,3 
43：熊本県,南阿蘇村,台湾,35：永住者,-,-,1 
43：熊本県,南阿蘇村,中国,16：技術・人文知識・国際業務,-,-,1 
43：熊本県,南阿蘇村,中国,35：永住者,-,-,2 
43：熊本県,南阿蘇村,中国,36：日本人の配偶者等,-,-,1 
43：熊本県,南阿蘇村,トルコ,31：留学,-,-,1 
43：熊本県,南阿蘇村,ネパール,16：技術・人文知識・国際業務,-,-,24 
43：熊本県,南阿蘇村,ネパール,21：特定技能１号,-,-,8 
43：熊本県,南阿蘇村,ネパール,31：留学,-,-,2 
43：熊本県,南阿蘇村,ネパール,33：家族滞在,-,-,8 
43：熊本県,南阿蘇村,バングラデシュ,16：技術・人文知識・国際業務,-,-,2 
43：熊本県,南阿蘇村,フィリピン,35：永住者,-,-,5 
43：熊本県,南阿蘇村,フィリピン,36：日本人の配偶者等,-,-,1 
43：熊本県,南阿蘇村,ベトナム,16：技術・人文知識・国際業務,-,-,4 
43：熊本県,南阿蘇村,ベトナム,21：特定技能１号,-,-,2 
43：熊本県,南阿蘇村,ベトナム,24：技能実習１号ロ,-,-,4 
43：熊本県,南阿蘇村,ベトナム,31：留学,-,-,2 
43：熊本県,南阿蘇村,ベトナム,33：家族滞在,-,-,1 
43：熊本県,南阿蘇村,ベトナム,34：特定活動,-,-,1 
43：熊本県,南阿蘇村,ミャンマー,24：技能実習１号ロ,-,-,8 
43：熊本県,南阿蘇村,ミャンマー,26：技能実習２号ロ,-,-,20 
43：熊本県,南阿蘇村,ミャンマー,31：留学,-,-,2 
43：熊本県,南阿蘇村,ミャンマー,34：特定活動,-,-,3 
43：熊本県,南阿蘇村,モンゴル,31：留学,-,-,1 
43：熊本県,南阿蘇村,英国,35：永住者,-,-,3 
43：熊本県,南阿蘇村,カザフスタン,36：日本人の配偶者等,-,-,1 
43：熊本県,南阿蘇村,ドイツ,36：日本人の配偶者等,-,-,2 
43：熊本県,南阿蘇村,フランス,34：特定活動,-,-,1 
43：熊本県,南阿蘇村,フランス,35：永住者,-,-,1 
43：熊本県,南阿蘇村,ベルギー,36：日本人の配偶者等,-,-,1 
43：熊本県,南阿蘇村,タンザニア,35：永住者,-,-,1 
43：熊本県,南阿蘇村,南アフリカ共和国,35：永住者,-,-,1 
43：熊本県,南阿蘇村,カナダ,35：永住者,-,-,1 
43：熊本県,南阿蘇村,カナダ,36：日本人の配偶者等,-,-,2 
43：熊本県,南阿蘇村,米国,35：永住者,-,-,2 
43：熊本県,南阿蘇村,米国,36：日本人の配偶者等,-,-,5 
43：熊本県,南阿蘇村,オーストラリア,34：特定活動,-,-,1 
43：熊本県,南阿蘇村,オーストラリア,36：日本人の配偶者等,-,-,1 
43：熊本県,御船町,インドネシア,21：特定技能１号,-,-,7 
43：熊本県,御船町,インドネシア,24：技能実習１号ロ,-,-,5 
43：熊本県,御船町,インドネシア,26：技能実習２号ロ,-,-,28 
43：熊本県,御船町,インドネシア,35：永住者,-,-,1 
43：熊本県,御船町,韓国,35：永住者,-,-,4 
43：熊本県,御船町,韓国,36：日本人の配偶者等,-,-,2 
43：熊本県,御船町,韓国,39：特別永住者,-,-,5 
43：熊本県,御船町,カンボジア,21：特定技能１号,-,-,1 
43：熊本県,御船町,カンボジア,24：技能実習１号ロ,-,-,1 
43：熊本県,御船町,カンボジア,26：技能実習２号ロ,-,-,7 
43：熊本県,御船町,タイ,35：永住者,-,-,2 
43：熊本県,御船町,台湾,35：永住者,-,-,1 
43：熊本県,御船町,中国,20：技能,-,-,1 
43：熊本県,御船町,中国,31：留学,-,-,3 
43：熊本県,御船町,中国,33：家族滞在,-,-,3 
43：熊本県,御船町,中国,34：特定活動,-,-,1 
43：熊本県,御船町,中国,35：永住者,-,-,9 
43：熊本県,御船町,中国,36：日本人の配偶者等,-,-,1 
43：熊本県,御船町,ネパール,21：特定技能１号,-,-,1 
43：熊本県,御船町,バングラデシュ,21：特定技能１号,-,-,2 
43：熊本県,御船町,バングラデシュ,24：技能実習１号ロ,-,-,2 
43：熊本県,御船町,バングラデシュ,26：技能実習２号ロ,-,-,1 
43：熊本県,御船町,フィリピン,15：教育,-,-,2 
43：熊本県,御船町,フィリピン,35：永住者,-,-,2 
43：熊本県,御船町,フィリピン,36：日本人の配偶者等,-,-,2 
43：熊本県,御船町,ベトナム,16：技術・人文知識・国際業務,-,-,2 
43：熊本県,御船町,ベトナム,21：特定技能１号,-,-,13 
43：熊本県,御船町,ベトナム,24：技能実習１号ロ,-,-,9 
43：熊本県,御船町,ベトナム,26：技能実習２号ロ,-,-,26 
43：熊本県,御船町,ベトナム,36：日本人の配偶者等,-,-,1 
43：熊本県,御船町,ミャンマー,21：特定技能１号,-,-,12 
43：熊本県,御船町,ミャンマー,24：技能実習１号ロ,-,-,6 
43：熊本県,御船町,ミャンマー,26：技能実習２号ロ,-,-,7 
43：熊本県,御船町,アイルランド,36：日本人の配偶者等,-,-,1 
43：熊本県,御船町,エストニア,36：日本人の配偶者等,-,-,1 
43：熊本県,御船町,米国,15：教育,-,-,1 
43：熊本県,御船町,米国,35：永住者,-,-,1 
43：熊本県,御船町,米国,36：日本人の配偶者等,-,-,1 
43：熊本県,嘉島町,インド,20：技能,-,-,4 
43：熊本県,嘉島町,インドネシア,16：技術・人文知識・国際業務,-,-,1 
43：熊本県,嘉島町,インドネシア,21：特定技能１号,-,-,56 
43：熊本県,嘉島町,インドネシア,24：技能実習１号ロ,-,-,12 
43：熊本県,嘉島町,インドネシア,26：技能実習２号ロ,-,-,10 
43：熊本県,嘉島町,韓国,35：永住者,-,-,1 
43：熊本県,嘉島町,韓国,39：特別永住者,-,-,5 
43：熊本県,嘉島町,カンボジア,21：特定技能１号,-,-,1 
43：熊本県,嘉島町,カンボジア,24：技能実習１号ロ,-,-,6 
43：熊本県,嘉島町,カンボジア,26：技能実習２号ロ,-,-,5 
43：熊本県,嘉島町,スリランカ,24：技能実習１号ロ,-,-,1 
43：熊本県,嘉島町,台湾,16：技術・人文知識・国際業務,-,-,1 
43：熊本県,嘉島町,中国,16：技術・人文知識・国際業務,-,-,3 
43：熊本県,嘉島町,中国,20：技能,-,-,1 
43：熊本県,嘉島町,中国,21：特定技能１号,-,-,1 
43：熊本県,嘉島町,中国,26：技能実習２号ロ,-,-,1 
43：熊本県,嘉島町,中国,31：留学,-,-,1 
43：熊本県,嘉島町,中国,35：永住者,-,-,4 
43：熊本県,嘉島町,ネパール,20：技能,-,-,1 
43：熊本県,嘉島町,フィリピン,21：特定技能１号,-,-,1 
43：熊本県,嘉島町,フィリピン,26：技能実習２号ロ,-,-,3 
43：熊本県,嘉島町,フィリピン,35：永住者,-,-,1 
43：熊本県,嘉島町,フィリピン,36：日本人の配偶者等,-,-,1 
43：熊本県,嘉島町,フィリピン,38：定住者,-,-,1 
43：熊本県,嘉島町,ベトナム,16：技術・人文知識・国際業務,-,-,2 
43：熊本県,嘉島町,ベトナム,21：特定技能１号,-,-,13 
43：熊本県,嘉島町,ベトナム,22：特定技能２号,-,-,1 
43：熊本県,嘉島町,ベトナム,24：技能実習１号ロ,-,-,7 
43：熊本県,嘉島町,ベトナム,26：技能実習２号ロ,-,-,4 
43：熊本県,嘉島町,ベトナム,33：家族滞在,-,-,2 
43：熊本県,嘉島町,ベトナム,34：特定活動,-,-,1 
43：熊本県,嘉島町,ミャンマー,16：技術・人文知識・国際業務,-,-,3 
43：熊本県,嘉島町,ミャンマー,21：特定技能１号,-,-,6 
43：熊本県,嘉島町,ミャンマー,24：技能実習１号ロ,-,-,1 
43：熊本県,嘉島町,ミャンマー,26：技能実習２号ロ,-,-,7 
43：熊本県,嘉島町,ミャンマー,28：技能実習３号ロ,-,-,2 
43：熊本県,嘉島町,ミャンマー,34：特定活動,-,-,3 
43：熊本県,嘉島町,英国,15：教育,-,-,1 
43：熊本県,嘉島町,英国,35：永住者,-,-,1 
43：熊本県,嘉島町,スウェーデン,35：永住者,-,-,1 
43：熊本県,益城町,インドネシア,21：特定技能１号,-,-,1 
43：熊本県,益城町,インドネシア,24：技能実習１号ロ,-,-,10 
43：熊本県,益城町,インドネシア,26：技能実習２号ロ,-,-,15 
43：熊本県,益城町,インドネシア,36：日本人の配偶者等,-,-,1 
43：熊本県,益城町,韓国,35：永住者,-,-,2 
43：熊本県,益城町,韓国,36：日本人の配偶者等,-,-,2 
43：熊本県,益城町,韓国,39：特別永住者,-,-,4 
43：熊本県,益城町,朝鮮,39：特別永住者,-,-,1 
43：熊本県,益城町,カンボジア,21：特定技能１号,-,-,3 
43：熊本県,益城町,カンボジア,24：技能実習１号ロ,-,-,1 
43：熊本県,益城町,カンボジア,26：技能実習２号ロ,-,-,5 
43：熊本県,益城町,カンボジア,34：特定活動,-,-,1 
43：熊本県,益城町,タイ,16：技術・人文知識・国際業務,-,-,1 
43：熊本県,益城町,タイ,21：特定技能１号,-,-,1 
43：熊本県,益城町,タイ,26：技能実習２号ロ,-,-,1 
43：熊本県,益城町,タイ,36：日本人の配偶者等,-,-,1 
43：熊本県,益城町,台湾,34：特定活動,-,-,1 
43：熊本県,益城町,台湾,35：永住者,-,-,1 
43：熊本県,益城町,中国,35：永住者,-,-,13 
43：熊本県,益城町,中国,36：日本人の配偶者等,-,-,2 
43：熊本県,益城町,中国,37：永住者の配偶者等,-,-,2 
43：熊本県,益城町,中国,38：定住者,-,-,3 
43：熊本県,益城町,ネパール,16：技術・人文知識・国際業務,-,-,3 
43：熊本県,益城町,ネパール,21：特定技能１号,-,-,8 
43：熊本県,益城町,ネパール,36：日本人の配偶者等,-,-,1 
43：熊本県,益城町,フィリピン,21：特定技能１号,-,-,14 
43：熊本県,益城町,フィリピン,24：技能実習１号ロ,-,-,5 
43：熊本県,益城町,フィリピン,26：技能実習２号ロ,-,-,11 
43：熊本県,益城町,フィリピン,28：技能実習３号ロ,-,-,2 
43：熊本県,益城町,フィリピン,35：永住者,-,-,6 
43：熊本県,益城町,フィリピン,36：日本人の配偶者等,-,-,1 
43：熊本県,益城町,ベトナム,16：技術・人文知識・国際業務,-,-,2 
43：熊本県,益城町,ベトナム,21：特定技能１号,-,-,24 
43：熊本県,益城町,ベトナム,24：技能実習１号ロ,-,-,9 
43：熊本県,益城町,ベトナム,26：技能実習２号ロ,-,-,17 
43：熊本県,益城町,ベトナム,28：技能実習３号ロ,-,-,1 
43：熊本県,益城町,ベトナム,34：特定活動,-,-,1 
43：熊本県,益城町,ベトナム,36：日本人の配偶者等,-,-,1 
43：熊本県,益城町,ミャンマー,21：特定技能１号,-,-,13 
43：熊本県,益城町,ミャンマー,24：技能実習１号ロ,-,-,6 
43：熊本県,益城町,ミャンマー,26：技能実習２号ロ,-,-,18 
43：熊本県,益城町,英国,35：永住者,-,-,1 
43：熊本県,益城町,スペイン,36：日本人の配偶者等,-,-,1 
43：熊本県,益城町,ロシア,35：永住者,-,-,1 
43：熊本県,益城町,米国,15：教育,-,-,2 
43：熊本県,益城町,米国,31：留学,-,-,1 
43：熊本県,益城町,メキシコ,36：日本人の配偶者等,-,-,1 
43：熊本県,益城町,メキシコ,38：定住者,-,-,1 
43：熊本県,益城町,ブラジル,35：永住者,-,-,2 
43：熊本県,甲佐町,インドネシア,21：特定技能１号,-,-,6 
43：熊本県,甲佐町,インドネシア,24：技能実習１号ロ,-,-,5 
43：熊本県,甲佐町,インドネシア,26：技能実習２号ロ,-,-,7 
43：熊本県,甲佐町,韓国,35：永住者,-,-,2 
43：熊本県,甲佐町,カンボジア,28：技能実習３号ロ,-,-,3 
43：熊本県,甲佐町,タイ,26：技能実習２号ロ,-,-,1 
43：熊本県,甲佐町,中国,35：永住者,-,-,1 
43：熊本県,甲佐町,中国,36：日本人の配偶者等,-,-,1 
43：熊本県,甲佐町,中国,38：定住者,-,-,1 
43：熊本県,甲佐町,ネパール,16：技術・人文知識・国際業務,-,-,2 
43：熊本県,甲佐町,ネパール,21：特定技能１号,-,-,1 
43：熊本県,甲佐町,フィリピン,21：特定技能１号,-,-,7 
43：熊本県,甲佐町,フィリピン,35：永住者,-,-,7 
43：熊本県,甲佐町,フィリピン,36：日本人の配偶者等,-,-,1 
43：熊本県,甲佐町,ベトナム,16：技術・人文知識・国際業務,-,-,1 
43：熊本県,甲佐町,ベトナム,21：特定技能１号,-,-,16 
43：熊本県,甲佐町,ベトナム,24：技能実習１号ロ,-,-,9 
43：熊本県,甲佐町,ベトナム,26：技能実習２号ロ,-,-,23 
43：熊本県,甲佐町,ベトナム,28：技能実習３号ロ,-,-,3 
43：熊本県,甲佐町,ミャンマー,16：技術・人文知識・国際業務,-,-,2 
43：熊本県,甲佐町,ミャンマー,21：特定技能１号,-,-,19 
43：熊本県,甲佐町,ミャンマー,24：技能実習１号ロ,-,-,7 
43：熊本県,甲佐町,ミャンマー,26：技能実習２号ロ,-,-,14 
43：熊本県,甲佐町,ミャンマー,34：特定活動,-,-,2 
43：熊本県,甲佐町,米国,36：日本人の配偶者等,-,-,1 
43：熊本県,山都町,インドネシア,21：特定技能１号,-,-,14 
43：熊本県,山都町,インドネシア,24：技能実習１号ロ,-,-,15 
43：熊本県,山都町,インドネシア,26：技能実習２号ロ,-,-,14 
43：熊本県,山都町,インドネシア,28：技能実習３号ロ,-,-,1 
43：熊本県,山都町,韓国,36：日本人の配偶者等,-,-,2 
43：熊本県,山都町,韓国,39：特別永住者,-,-,2 
43：熊本県,山都町,朝鮮,39：特別永住者,-,-,1 
43：熊本県,山都町,カンボジア,21：特定技能１号,-,-,21 
43：熊本県,山都町,カンボジア,24：技能実習１号ロ,-,-,4 
43：熊本県,山都町,カンボジア,26：技能実習２号ロ,-,-,16 
43：熊本県,山都町,カンボジア,28：技能実習３号ロ,-,-,1 
43：熊本県,山都町,スリランカ,34：特定活動,-,-,3 
43：熊本県,山都町,タイ,21：特定技能１号,-,-,1 
43：熊本県,山都町,タイ,26：技能実習２号ロ,-,-,1 
43：熊本県,山都町,タイ,35：永住者,-,-,1 
43：熊本県,山都町,中国,28：技能実習３号ロ,-,-,1 
43：熊本県,山都町,中国,35：永住者,-,-,6 
43：熊本県,山都町,ネパール,21：特定技能１号,-,-,5 
43：熊本県,山都町,フィリピン,21：特定技能１号,-,-,12 
43：熊本県,山都町,フィリピン,24：技能実習１号ロ,-,-,2 
43：熊本県,山都町,フィリピン,26：技能実習２号ロ,-,-,10 
43：熊本県,山都町,フィリピン,35：永住者,-,-,4 
43：熊本県,山都町,フィリピン,36：日本人の配偶者等,-,-,2 
43：熊本県,山都町,ベトナム,21：特定技能１号,-,-,1 
43：熊本県,山都町,ベトナム,24：技能実習１号ロ,-,-,6 
43：熊本県,山都町,ベトナム,26：技能実習２号ロ,-,-,12 
43：熊本県,山都町,ベトナム,35：永住者,-,-,1 
43：熊本県,山都町,ミャンマー,21：特定技能１号,-,-,13 
43：熊本県,山都町,ミャンマー,24：技能実習１号ロ,-,-,9 
43：熊本県,山都町,ミャンマー,26：技能実習２号ロ,-,-,3 
43：熊本県,山都町,オランダ,15：教育,-,-,1 
43：熊本県,山都町,ノルウェー,15：教育,-,-,1 
43：熊本県,山都町,フランス,15：教育,-,-,1 
43：熊本県,山都町,フランス,36：日本人の配偶者等,-,-,1 
43：熊本県,山都町,ポルトガル,15：教育,-,-,1 
43：熊本県,山都町,カナダ,36：日本人の配偶者等,-,-,1 
43：熊本県,山都町,米国,36：日本人の配偶者等,-,-,1 
43：熊本県,山都町,オーストラリア,36：日本人の配偶者等,-,-,2 
43：熊本県,氷川町,インドネシア,21：特定技能１号,-,-,8 
43：熊本県,氷川町,インドネシア,24：技能実習１号ロ,-,-,14 
43：熊本県,氷川町,インドネシア,26：技能実習２号ロ,-,-,24 
43：熊本県,氷川町,韓国,35：永住者,-,-,1 
43：熊本県,氷川町,韓国,36：日本人の配偶者等,-,-,1 
43：熊本県,氷川町,韓国,39：特別永住者,-,-,2 
43：熊本県,氷川町,カンボジア,21：特定技能１号,-,-,22 
43：熊本県,氷川町,カンボジア,24：技能実習１号ロ,-,-,8 
43：熊本県,氷川町,カンボジア,26：技能実習２号ロ,-,-,30 
43：熊本県,氷川町,カンボジア,28：技能実習３号ロ,-,-,3 
43：熊本県,氷川町,タイ,21：特定技能１号,-,-,2 
43：熊本県,氷川町,タイ,24：技能実習１号ロ,-,-,1 
43：熊本県,氷川町,タイ,26：技能実習２号ロ,-,-,9 
43：熊本県,氷川町,タイ,28：技能実習３号ロ,-,-,2 
43：熊本県,氷川町,台湾,39：特別永住者,-,-,1 
43：熊本県,氷川町,中国,16：技術・人文知識・国際業務,-,-,1 
43：熊本県,氷川町,中国,21：特定技能１号,-,-,5 
43：熊本県,氷川町,中国,24：技能実習１号ロ,-,-,1 
43：熊本県,氷川町,中国,26：技能実習２号ロ,-,-,7 
43：熊本県,氷川町,中国,35：永住者,-,-,3 
43：熊本県,氷川町,中国,36：日本人の配偶者等,-,-,1 
43：熊本県,氷川町,パキスタン,35：永住者,-,-,7 
43：熊本県,氷川町,パキスタン,36：日本人の配偶者等,-,-,2 
43：熊本県,氷川町,フィリピン,21：特定技能１号,-,-,31 
43：熊本県,氷川町,フィリピン,24：技能実習１号ロ,-,-,5 
43：熊本県,氷川町,フィリピン,26：技能実習２号ロ,-,-,24 
43：熊本県,氷川町,フィリピン,28：技能実習３号ロ,-,-,1 
43：熊本県,氷川町,フィリピン,35：永住者,-,-,4 
43：熊本県,氷川町,フィリピン,36：日本人の配偶者等,-,-,2 
43：熊本県,氷川町,ベトナム,21：特定技能１号,-,-,13 
43：熊本県,氷川町,ベトナム,24：技能実習１号ロ,-,-,2 
43：熊本県,氷川町,ベトナム,26：技能実習２号ロ,-,-,18 
43：熊本県,氷川町,ベトナム,28：技能実習３号ロ,-,-,1 
43：熊本県,氷川町,ベトナム,36：日本人の配偶者等,-,-,1 
43：熊本県,氷川町,ミャンマー,24：技能実習１号ロ,-,-,2 
43：熊本県,氷川町,ミャンマー,26：技能実習２号ロ,-,-,19 
43：熊本県,芦北町,インドネシア,21：特定技能１号,-,-,2 
43：熊本県,芦北町,インドネシア,24：技能実習１号ロ,-,-,11 
43：熊本県,芦北町,インドネシア,26：技能実習２号ロ,-,-,6 
43：熊本県,芦北町,インドネシア,35：永住者,-,-,1 
43：熊本県,芦北町,韓国,39：特別永住者,-,-,2 
43：熊本県,芦北町,カンボジア,21：特定技能１号,-,-,1 
43：熊本県,芦北町,カンボジア,26：技能実習２号ロ,-,-,5 
43：熊本県,芦北町,中国,35：永住者,-,-,6 
43：熊本県,芦北町,中国,36：日本人の配偶者等,-,-,1 
43：熊本県,芦北町,ネパール,16：技術・人文知識・国際業務,-,-,1 
43：熊本県,芦北町,ネパール,21：特定技能１号,-,-,4 
43：熊本県,芦北町,フィリピン,21：特定技能１号,-,-,1 
43：熊本県,芦北町,フィリピン,24：技能実習１号ロ,-,-,3 
43：熊本県,芦北町,フィリピン,35：永住者,-,-,5 
43：熊本県,芦北町,フィリピン,36：日本人の配偶者等,-,-,1 
43：熊本県,芦北町,ベトナム,21：特定技能１号,-,-,7 
43：熊本県,芦北町,ベトナム,24：技能実習１号ロ,-,-,1 
43：熊本県,芦北町,ベトナム,26：技能実習２号ロ,-,-,3 
43：熊本県,芦北町,ベトナム,34：特定活動,-,-,1 
43：熊本県,芦北町,ミャンマー,21：特定技能１号,-,-,3 
43：熊本県,芦北町,ミャンマー,24：技能実習１号ロ,-,-,2 
43：熊本県,芦北町,ミャンマー,26：技能実習２号ロ,-,-,13 
43：熊本県,芦北町,ドイツ,36：日本人の配偶者等,-,-,1 
43：熊本県,芦北町,米国,15：教育,-,-,2 
43：熊本県,津奈木町,インドネシア,21：特定技能１号,-,-,2 
43：熊本県,津奈木町,韓国,35：永住者,-,-,2 
43：熊本県,津奈木町,韓国,36：日本人の配偶者等,-,-,1 
43：熊本県,津奈木町,台湾,35：永住者,-,-,1 
43：熊本県,津奈木町,パキスタン,11：経営・管理,-,-,1 
43：熊本県,津奈木町,ベトナム,21：特定技能１号,-,-,1 
43：熊本県,津奈木町,ミャンマー,21：特定技能１号,-,-,3 
43：熊本県,津奈木町,南アフリカ共和国,15：教育,-,-,1 
43：熊本県,津奈木町,米国,15：教育,-,-,1 
43：熊本県,津奈木町,米国,36：日本人の配偶者等,-,-,1 
43：熊本県,錦町,インドネシア,21：特定技能１号,-,-,2 
43：熊本県,錦町,インドネシア,26：技能実習２号ロ,-,-,5 
43：熊本県,錦町,韓国,35：永住者,-,-,1 
43：熊本県,錦町,韓国,36：日本人の配偶者等,-,-,1 
43：熊本県,錦町,韓国,39：特別永住者,-,-,2 
43：熊本県,錦町,カンボジア,21：特定技能１号,-,-,3 
43：熊本県,錦町,カンボジア,24：技能実習１号ロ,-,-,3 
43：熊本県,錦町,タイ,21：特定技能１号,-,-,1 
43：熊本県,錦町,タイ,26：技能実習２号ロ,-,-,8 
43：熊本県,錦町,タイ,35：永住者,-,-,1 
43：熊本県,錦町,タイ,36：日本人の配偶者等,-,-,1 
43：熊本県,錦町,台湾,35：永住者,-,-,1 
43：熊本県,錦町,中国,11：経営・管理,-,-,1 
43：熊本県,錦町,中国,16：技術・人文知識・国際業務,-,-,1 
43：熊本県,錦町,中国,20：技能,-,-,1 
43：熊本県,錦町,中国,21：特定技能１号,-,-,1 
43：熊本県,錦町,中国,33：家族滞在,-,-,2 
43：熊本県,錦町,中国,35：永住者,-,-,2 
43：熊本県,錦町,中国,38：定住者,-,-,3 
43：熊本県,錦町,ネパール,35：永住者,-,-,1 
43：熊本県,錦町,パキスタン,11：経営・管理,-,-,1 
43：熊本県,錦町,パキスタン,33：家族滞在,-,-,3 
43：熊本県,錦町,フィリピン,34：特定活動,-,-,6 
43：熊本県,錦町,フィリピン,35：永住者,-,-,12 
43：熊本県,錦町,フィリピン,36：日本人の配偶者等,-,-,2 
43：熊本県,錦町,ベトナム,16：技術・人文知識・国際業務,-,-,26 
43：熊本県,錦町,ベトナム,21：特定技能１号,-,-,4 
43：熊本県,錦町,ベトナム,26：技能実習２号ロ,-,-,7 
43：熊本県,錦町,ベトナム,28：技能実習３号ロ,-,-,2 
43：熊本県,錦町,ミャンマー,21：特定技能１号,-,-,5 
43：熊本県,錦町,ミャンマー,24：技能実習１号ロ,-,-,3 
43：熊本県,錦町,英国,15：教育,-,-,1 
43：熊本県,錦町,米国,15：教育,-,-,3 
43：熊本県,多良木町,インド,35：永住者,-,-,1 
43：熊本県,多良木町,インドネシア,26：技能実習２号ロ,-,-,2 
43：熊本県,多良木町,韓国,35：永住者,-,-,1 
43：熊本県,多良木町,カンボジア,26：技能実習２号ロ,-,-,2 
43：熊本県,多良木町,ネパール,35：永住者,-,-,1 
43：熊本県,多良木町,フィリピン,35：永住者,-,-,9 
43：熊本県,多良木町,フィリピン,37：永住者の配偶者等,-,-,1 
43：熊本県,多良木町,ベトナム,16：技術・人文知識・国際業務,-,-,4 
43：熊本県,多良木町,ベトナム,21：特定技能１号,-,-,6 
43：熊本県,多良木町,ベトナム,26：技能実習２号ロ,-,-,25 
43：熊本県,多良木町,ベトナム,28：技能実習３号ロ,-,-,1 
43：熊本県,多良木町,ベトナム,36：日本人の配偶者等,-,-,1 
43：熊本県,多良木町,ミャンマー,21：特定技能１号,-,-,8 
43：熊本県,多良木町,カメルーン,38：定住者,-,-,1 
43：熊本県,湯前町,,-,-,-,10 
43：熊本県,水上村,,-,-,-,10 
43：熊本県,相良村,インドネシア,26：技能実習２号ロ,-,-,7 
43：熊本県,相良村,韓国,39：特別永住者,-,-,3 
43：熊本県,相良村,中国,36：日本人の配偶者等,-,-,1 
43：熊本県,相良村,ネパール,21：特定技能１号,-,-,2 
43：熊本県,相良村,バングラデシュ,24：技能実習１号ロ,-,-,1 
43：熊本県,相良村,バングラデシュ,26：技能実習２号ロ,-,-,3 
43：熊本県,相良村,フィリピン,35：永住者,-,-,3 
43：熊本県,相良村,フィリピン,36：日本人の配偶者等,-,-,3 
43：熊本県,相良村,ベトナム,16：技術・人文知識・国際業務,-,-,1 
43：熊本県,相良村,ベトナム,33：家族滞在,-,-,1 
43：熊本県,相良村,ミャンマー,21：特定技能１号,-,-,16 
43：熊本県,相良村,米国,15：教育,-,-,1 
43：熊本県,相良村,ブラジル,35：永住者,-,-,1 
43：熊本県,五木村,,-,-,-,7 
43：熊本県,山江村,,-,-,-,8 
43：熊本県,球磨村,,-,-,-,4 
43：熊本県,あさぎり町,インドネシア,21：特定技能１号,-,-,1 
43：熊本県,あさぎり町,インドネシア,24：技能実習１号ロ,-,-,1 
43：熊本県,あさぎり町,インドネシア,26：技能実習２号ロ,-,-,18 
43：熊本県,あさぎり町,インドネシア,35：永住者,-,-,1 
43：熊本県,あさぎり町,インドネシア,36：日本人の配偶者等,-,-,1 
43：熊本県,あさぎり町,韓国,35：永住者,-,-,1 
43：熊本県,あさぎり町,韓国,39：特別永住者,-,-,13 
43：熊本県,あさぎり町,カンボジア,26：技能実習２号ロ,-,-,8 
43：熊本県,あさぎり町,中国,28：技能実習３号ロ,-,-,3 
43：熊本県,あさぎり町,中国,35：永住者,-,-,8 
43：熊本県,あさぎり町,ネパール,16：技術・人文知識・国際業務,-,-,8 
43：熊本県,あさぎり町,ネパール,26：技能実習２号ロ,-,-,9 
43：熊本県,あさぎり町,ネパール,33：家族滞在,-,-,3 
43：熊本県,あさぎり町,フィリピン,35：永住者,-,-,10 
43：熊本県,あさぎり町,フィリピン,36：日本人の配偶者等,-,-,2 
43：熊本県,あさぎり町,フィリピン,38：定住者,-,-,2 
43：熊本県,あさぎり町,ベトナム,16：技術・人文知識・国際業務,-,-,3 
43：熊本県,あさぎり町,ベトナム,21：特定技能１号,-,-,21 
43：熊本県,あさぎり町,ベトナム,24：技能実習１号ロ,-,-,19 
43：熊本県,あさぎり町,ベトナム,26：技能実習２号ロ,-,-,57 
43：熊本県,あさぎり町,ベトナム,28：技能実習３号ロ,-,-,11 
43：熊本県,あさぎり町,ミャンマー,26：技能実習２号ロ,-,-,12 
43：熊本県,あさぎり町,米国,15：教育,-,-,5 
43：熊本県,あさぎり町,米国,35：永住者,-,-,1 
43：熊本県,あさぎり町,ブラジル,35：永住者,-,-,1 
43：熊本県,苓北町,インドネシア,21：特定技能１号,-,-,1 
43：熊本県,苓北町,インドネシア,24：技能実習１号ロ,-,-,4 
43：熊本県,苓北町,インドネシア,34：特定活動,-,-,2 
43：熊本県,苓北町,韓国,11：経営・管理,-,-,1 
43：熊本県,苓北町,韓国,39：特別永住者,-,-,1 
43：熊本県,苓北町,中国,35：永住者,-,-,5 
43：熊本県,苓北町,ネパール,18：介護,-,-,1 
43：熊本県,苓北町,フィリピン,21：特定技能１号,-,-,1 
43：熊本県,苓北町,ベトナム,13：医療,-,-,2 
43：熊本県,苓北町,ベトナム,16：技術・人文知識・国際業務,-,-,1 
43：熊本県,苓北町,ベトナム,21：特定技能１号,-,-,1 
43：熊本県,苓北町,ベトナム,24：技能実習１号ロ,-,-,8 
43：熊本県,苓北町,ベトナム,26：技能実習２号ロ,-,-,20 
43：熊本県,苓北町,ベトナム,28：技能実習３号ロ,-,-,9 
43：熊本県,苓北町,ベトナム,33：家族滞在,-,-,3 
43：熊本県,苓北町,ベトナム,34：特定活動,-,-,4 
43：熊本県,苓北町,ベトナム,35：永住者,-,-,1 
43：熊本県,苓北町,ベトナム,36：日本人の配偶者等,-,-,2 
43：熊本県,苓北町,ミャンマー,24：技能実習１号ロ,-,-,13 
43：熊本県,苓北町,ミャンマー,26：技能実習２号ロ,-,-,11 
43：熊本県,苓北町,ミャンマー,35：永住者,-,-,1 
43：熊本県,苓北町,英国,35：永住者,-,-,1 
43：熊本県,苓北町,ドイツ,36：日本人の配偶者等,-,-,1 
43：熊本県,苓北町,チリ,34：特定活動,-,-,1 
43：熊本県,苓北町,チリ,38：定住者,-,-,1 
