市区町村コード,都道府県,市区町村,年齢（５歳階級）,性別,国籍・地域,在留資格,在留外国人数
43101.0,43：熊本県,熊本市中央区,01_０～４歳,1:男,アフガニスタン,38：定住者,1
,,,,,インド,33：家族滞在,1
,,,,,インドネシア,33：家族滞在,1
,,,,,韓国,39：特別永住者,1
,,,,,台湾,33：家族滞在,3
,,,,,,38：定住者,1
,,,,,中国,33：家族滞在,4
,,,,,,35：永住者,3
,,,,,,37：永住者の配偶者等,1
,,,,,,38：定住者,1
,,,,,ネパール,33：家族滞在,6
,,,,,パキスタン,33：家族滞在,1
,,,,,バングラデシュ,33：家族滞在,1
,,,,,,37：永住者の配偶者等,2
,,,,,フィリピン,33：家族滞在,2
,,,,,,38：定住者,1
,,,,,ベトナム,33：家族滞在,5
,,,,,モンゴル,33：家族滞在,1
,,,,,,38：定住者,1
,,,,,カザフスタン,33：家族滞在,1
,,,,,エジプト,33：家族滞在,2
,,,,,ガーナ,33：家族滞在,1
,,,,,スーダン,33：家族滞在,1
,,,,,タンザニア,33：家族滞在,1
,,,,,米国,33：家族滞在,2
,,,,2:女,アフガニスタン,33：家族滞在,1
,,,,,,34：特定活動,2
,,,,,インドネシア,33：家族滞在,3
,,,,,韓国,39：特別永住者,2
,,,,,台湾,33：家族滞在,5
,,,,,,38：定住者,1
,,,,,中国,33：家族滞在,1
,,,,,,35：永住者,3
,,,,,,37：永住者の配偶者等,1
,,,,,,38：定住者,2
,,,,,ネパール,33：家族滞在,8
,,,,,バングラデシュ,33：家族滞在,2
,,,,,,35：永住者,1
,,,,,ベトナム,33：家族滞在,3
,,,,,,34：特定活動,3
,,,,,モンゴル,38：定住者,2
,,,,,エジプト,33：家族滞在,1
,,,,,スーダン,33：家族滞在,2
,,,,,タンザニア,33：家族滞在,5
,,,,,ナイジェリア,33：家族滞在,1
,,,,,米国,33：家族滞在,3
,,,02_５～９歳,1:男,インドネシア,33：家族滞在,1
,,,,,,38：定住者,2
,,,,,韓国,33：家族滞在,1
,,,,,台湾,33：家族滞在,2
,,,,,,38：定住者,1
,,,,,中国,33：家族滞在,5
,,,,,,35：永住者,9
,,,,,,37：永住者の配偶者等,1
,,,,,ネパール,33：家族滞在,1
,,,,,バングラデシュ,33：家族滞在,1
,,,,,モンゴル,33：家族滞在,2
,,,,,エジプト,33：家族滞在,2
,,,,,タンザニア,33：家族滞在,1
,,,,2:女,インドネシア,33：家族滞在,1
,,,,,韓国,33：家族滞在,1
,,,,,,38：定住者,1
,,,,,,39：特別永住者,1
,,,,,台湾,33：家族滞在,4
,,,,,中国,33：家族滞在,7
,,,,,,35：永住者,2
,,,,,,38：定住者,2
,,,,,ネパール,33：家族滞在,3
,,,,,パキスタン,33：家族滞在,2
,,,,,バングラデシュ,33：家族滞在,1
,,,,,フィリピン,37：永住者の配偶者等,1
,,,,,,38：定住者,1
,,,,,モンゴル,33：家族滞在,1
,,,,,ウズベキスタン,33：家族滞在,1
,,,,,エジプト,33：家族滞在,2
,,,,,スーダン,33：家族滞在,1
,,,,,ナイジェリア,33：家族滞在,1
,,,,,ブラジル,37：永住者の配偶者等,1
,,,03_10～14歳,1:男,韓国,33：家族滞在,1
,,,,,,38：定住者,1
,,,,,台湾,33：家族滞在,5
,,,,,,38：定住者,1
,,,,,中国,33：家族滞在,5
,,,,,,35：永住者,10
,,,,,,38：定住者,3
,,,,,ベトナム,33：家族滞在,1
,,,,,モンゴル,33：家族滞在,1
,,,,,アイスランド,33：家族滞在,1
,,,,,エジプト,33：家族滞在,1
,,,,,,38：定住者,1
,,,,,トンガ,35：永住者,1
,,,,2:女,台湾,33：家族滞在,11
,,,,,,38：定住者,2
,,,,,中国,33：家族滞在,5
,,,,,,35：永住者,9
,,,,,,38：定住者,1
,,,,,フィリピン,33：家族滞在,1
,,,,,,36：日本人の配偶者等,1
,,,,,,38：定住者,4
,,,,,ルーマニア,35：永住者,1
,,,,,米国,35：永住者,2
,,,,,トンガ,35：永住者,1
,,,04_15～19歳,1:男,インドネシア,24：技能実習１号ロ,3
,,,,,韓国,31：留学,1
,,,,,,39：特別永住者,1
,,,,,スリランカ,33：家族滞在,1
,,,,,台湾,31：留学,1
,,,,,,33：家族滞在,3
,,,,,中国,31：留学,17
,,,,,,33：家族滞在,1
,,,,,,35：永住者,6
,,,,,ネパール,31：留学,5
,,,,,フィリピン,35：永住者,2
,,,,,,38：定住者,2
,,,,,ベトナム,24：技能実習１号ロ,3
,,,,,,33：家族滞在,1
,,,,,モンゴル,33：家族滞在,1
,,,,,ガンビア,31：留学,1
,,,,,トンガ,35：永住者,2
,,,,2:女,インドネシア,21：特定技能１号,2
,,,,,,24：技能実習１号ロ,3
,,,,,韓国,31：留学,2
,,,,,,33：家族滞在,1
,,,,,,35：永住者,1
,,,,,スリランカ,35：永住者,2
,,,,,台湾,33：家族滞在,1
,,,,,,38：定住者,1
,,,,,中国,31：留学,9
,,,,,,33：家族滞在,2
,,,,,,35：永住者,8
,,,,,,38：定住者,3
,,,,,ネパール,21：特定技能１号,1
,,,,,,31：留学,9
,,,,,フィリピン,33：家族滞在,2
,,,,,,35：永住者,1
,,,,,,38：定住者,1
,,,,,ベトナム,24：技能実習１号ロ,6
,,,,,,26：技能実習２号ロ,2
,,,,,,31：留学,3
,,,,,ミャンマー,21：特定技能１号,1
,,,,,,24：技能実習１号ロ,1
,,,,,,31：留学,1
,,,,,ルーマニア,35：永住者,1
,,,,,ケニア,34：特定活動,1
,,,,,セネガル,31：留学,1
,,,,,ナイジェリア,31：留学,1
,,,,,米国,33：家族滞在,1
,,,,,,36：日本人の配偶者等,1
,,,,,オーストラリア,31：留学,1
,,,05_20～24歳,1:男,インド,16：技術・人文知識・国際業務,1
,,,,,インドネシア,16：技術・人文知識・国際業務,1
,,,,,,21：特定技能１号,9
,,,,,,24：技能実習１号ロ,19
,,,,,,26：技能実習２号ロ,24
,,,,,,31：留学,4
,,,,,韓国,16：技術・人文知識・国際業務,3
,,,,,,31：留学,15
,,,,,,35：永住者,8
,,,,,,38：定住者,1
,,,,,,39：特別永住者,2
,,,,,カンボジア,24：技能実習１号ロ,1
,,,,,,28：技能実習３号ロ,1
,,,,,スリランカ,21：特定技能１号,3
,,,,,,31：留学,8
,,,,,,34：特定活動,1
,,,,,タイ,31：留学,1
,,,,,台湾,16：技術・人文知識・国際業務,3
,,,,,,31：留学,4
,,,,,,34：特定活動,1
,,,,,,35：永住者,1
,,,,,中国,16：技術・人文知識・国際業務,3
,,,,,,17：企業内転勤,1
,,,,,,31：留学,148
,,,,,,34：特定活動,1
,,,,,,35：永住者,3
,,,,,,36：日本人の配偶者等,1
,,,,,,37：永住者の配偶者等,1
,,,,,,38：定住者,1
,,,,,トルコ,31：留学,2
,,,,,ネパール,16：技術・人文知識・国際業務,2
,,,,,,21：特定技能１号,3
,,,,,,31：留学,139
,,,,,,33：家族滞在,1
,,,,,パキスタン,31：留学,7
,,,,,バングラデシュ,24：技能実習１号ロ,2
,,,,,,26：技能実習２号ロ,1
,,,,,,31：留学,2
,,,,,フィリピン,38：定住者,3
,,,,,ベトナム,16：技術・人文知識・国際業務,2
,,,,,,21：特定技能１号,3
,,,,,,24：技能実習１号ロ,2
,,,,,,26：技能実習２号ロ,5
,,,,,,31：留学,6
,,,,,マレーシア,31：留学,6
,,,,,ミャンマー,21：特定技能１号,9
,,,,,,24：技能実習１号ロ,2
,,,,,,26：技能実習２号ロ,2
,,,,,,31：留学,3
,,,,,,34：特定活動,1
,,,,,アイルランド,15：教育,1
,,,,,英国,15：教育,1
,,,,,,31：留学,2
,,,,,カザフスタン,31：留学,1
,,,,,ドイツ,31：留学,2
,,,,,フランス,31：留学,12
,,,,,ロシア,16：技術・人文知識・国際業務,1
,,,,,,35：永住者,1
,,,,,カナダ,16：技術・人文知識・国際業務,1
,,,,,ドミニカ共和国,19：興行,1
,,,,,米国,05：宗教,1
,,,,,,15：教育,1
,,,,,,31：留学,1
,,,,,,35：永住者,1
,,,,,オーストラリア,15：教育,2
,,,,,,31：留学,1
,,,,,,34：特定活動,1
,,,,2:女,インド,16：技術・人文知識・国際業務,2
,,,,,インドネシア,21：特定技能１号,10
,,,,,,24：技能実習１号ロ,8
,,,,,,26：技能実習２号ロ,17
,,,,,,34：特定活動,1
,,,,,韓国,16：技術・人文知識・国際業務,2
,,,,,,31：留学,12
,,,,,,39：特別永住者,1
,,,,,スリランカ,26：技能実習２号ロ,3
,,,,,,31：留学,5
,,,,,,35：永住者,2
,,,,,タイ,24：技能実習１号ロ,1
,,,,,,31：留学,3
,,,,,台湾,16：技術・人文知識・国際業務,5
,,,,,,31：留学,5
,,,,,,34：特定活動,1
,,,,,中国,16：技術・人文知識・国際業務,1
,,,,,,31：留学,63
,,,,,,34：特定活動,1
,,,,,,35：永住者,6
,,,,,,38：定住者,2
,,,,,ネパール,16：技術・人文知識・国際業務,1
,,,,,,18：介護,1
,,,,,,21：特定技能１号,7
,,,,,,24：技能実習１号ロ,3
,,,,,,31：留学,138
,,,,,,33：家族滞在,8
,,,,,パキスタン,31：留学,1
,,,,,バングラデシュ,31：留学,2
,,,,,,33：家族滞在,1
,,,,,フィリピン,21：特定技能１号,4
,,,,,,24：技能実習１号ロ,1
,,,,,,26：技能実習２号ロ,2
,,,,,,31：留学,2
,,,,,,35：永住者,1
,,,,,,36：日本人の配偶者等,1
,,,,,,38：定住者,2
,,,,,ベトナム,16：技術・人文知識・国際業務,1
,,,,,,21：特定技能１号,10
,,,,,,24：技能実習１号ロ,8
,,,,,,26：技能実習２号ロ,15
,,,,,,31：留学,10
,,,,,,33：家族滞在,3
,,,,,,36：日本人の配偶者等,2
,,,,,マレーシア,31：留学,2
,,,,,ミャンマー,16：技術・人文知識・国際業務,1
,,,,,,21：特定技能１号,49
,,,,,,24：技能実習１号ロ,7
,,,,,,26：技能実習２号ロ,2
,,,,,,31：留学,3
,,,,,,34：特定活動,4
,,,,,モンゴル,31：留学,2
,,,,,アゼルバイジャン,31：留学,1
,,,,,スイス,31：留学,1
,,,,,フランス,31：留学,4
,,,,,ブルガリア,31：留学,1
,,,,,ルーマニア,35：永住者,1
,,,,,ケニア,33：家族滞在,1
,,,,,タンザニア,33：家族滞在,1
,,,,,チュニジア,31：留学,1
,,,,,マラウイ,31：留学,1
,,,,,カナダ,15：教育,1
,,,,,米国,15：教育,1
,,,,,,35：永住者,1
,,,,,メキシコ,31：留学,1
,,,06_25～29歳,1:男,イラン,31：留学,1
,,,,,インド,16：技術・人文知識・国際業務,5
,,,,,,31：留学,2
,,,,,インドネシア,16：技術・人文知識・国際業務,5
,,,,,,21：特定技能１号,13
,,,,,,24：技能実習１号ロ,8
,,,,,,26：技能実習２号ロ,13
,,,,,,31：留学,12
,,,,,,35：永住者,1
,,,,,韓国,16：技術・人文知識・国際業務,19
,,,,,,31：留学,7
,,,,,,36：日本人の配偶者等,2
,,,,,,39：特別永住者,1
,,,,,カンボジア,24：技能実習１号ロ,1
,,,,,,28：技能実習３号ロ,3
,,,,,スリランカ,16：技術・人文知識・国際業務,3
,,,,,,31：留学,1
,,,,,タイ,31：留学,3
,,,,,台湾,08：高度専門職１号ロ,3
,,,,,,16：技術・人文知識・国際業務,25
,,,,,,17：企業内転勤,9
,,,,,,31：留学,3
,,,,,,34：特定活動,1
,,,,,,35：永住者,1
,,,,,中国,03：教授,2
,,,,,,08：高度専門職１号ロ,1
,,,,,,16：技術・人文知識・国際業務,21
,,,,,,31：留学,107
,,,,,,33：家族滞在,1
,,,,,,34：特定活動,4
,,,,,,35：永住者,12
,,,,,,38：定住者,1
,,,,,トルコ,31：留学,1
,,,,,ネパール,16：技術・人文知識・国際業務,36
,,,,,,20：技能,1
,,,,,,21：特定技能１号,9
,,,,,,31：留学,59
,,,,,,33：家族滞在,4
,,,,,パキスタン,16：技術・人文知識・国際業務,1
,,,,,,31：留学,3
,,,,,バングラデシュ,16：技術・人文知識・国際業務,1
,,,,,,21：特定技能１号,1
,,,,,,26：技能実習２号ロ,4
,,,,,,31：留学,7
,,,,,フィリピン,21：特定技能１号,1
,,,,,,24：技能実習１号ロ,3
,,,,,,35：永住者,1
,,,,,,38：定住者,1
,,,,,ベトナム,11：経営・管理,1
,,,,,,16：技術・人文知識・国際業務,13
,,,,,,18：介護,1
,,,,,,21：特定技能１号,21
,,,,,,24：技能実習１号ロ,1
,,,,,,26：技能実習２号ロ,8
,,,,,,28：技能実習３号ロ,3
,,,,,,31：留学,2
,,,,,,34：特定活動,1
,,,,,,36：日本人の配偶者等,1
,,,,,ミャンマー,16：技術・人文知識・国際業務,3
,,,,,,21：特定技能１号,1
,,,,,,26：技能実習２号ロ,2
,,,,,,31：留学,4
,,,,,,34：特定活動,4
,,,,,モンゴル,31：留学,1
,,,,,英国,15：教育,2
,,,,,,36：日本人の配偶者等,1
,,,,,北マケドニア,31：留学,1
,,,,,スイス,31：留学,1
,,,,,チェコ,31：留学,1
,,,,,デンマーク,31：留学,1
,,,,,フランス,31：留学,1
,,,,,,36：日本人の配偶者等,1
,,,,,ポーランド,34：特定活動,1
,,,,,マルタ,31：留学,1
,,,,,ガーナ,31：留学,1
,,,,,ケニア,31：留学,2
,,,,,トーゴ,31：留学,1
,,,,,ナイジェリア,31：留学,2
,,,,,モザンビーク,31：留学,1
,,,,,カナダ,15：教育,1
,,,,,,16：技術・人文知識・国際業務,1
,,,,,米国,15：教育,3
,,,,,,19：興行,1
,,,,,,29：文化活動,1
,,,,,ブラジル,31：留学,1
,,,,,,35：永住者,1
,,,,,ニュージーランド,15：教育,1
,,,,2:女,アフガニスタン,15：教育,1
,,,,,イラン,31：留学,2
,,,,,インドネシア,03：教授,1
,,,,,,16：技術・人文知識・国際業務,1
,,,,,,21：特定技能１号,10
,,,,,,24：技能実習１号ロ,2
,,,,,,26：技能実習２号ロ,6
,,,,,,31：留学,3
,,,,,,33：家族滞在,1
,,,,,韓国,16：技術・人文知識・国際業務,10
,,,,,,35：永住者,3
,,,,,,39：特別永住者,3
,,,,,シンガポール,15：教育,1
,,,,,スリランカ,21：特定技能１号,3
,,,,,,26：技能実習２号ロ,1
,,,,,,31：留学,1
,,,,,,33：家族滞在,3
,,,,,タイ,03：教授,1
,,,,,,16：技術・人文知識・国際業務,2
,,,,,,24：技能実習１号ロ,2
,,,,,台湾,16：技術・人文知識・国際業務,28
,,,,,,17：企業内転勤,3
,,,,,,21：特定技能１号,1
,,,,,,31：留学,2
,,,,,,33：家族滞在,4
,,,,,中国,05：宗教,1
,,,,,,08：高度専門職１号ロ,3
,,,,,,16：技術・人文知識・国際業務,13
,,,,,,18：介護,1
,,,,,,31：留学,60
,,,,,,33：家族滞在,3
,,,,,,34：特定活動,3
,,,,,,35：永住者,11
,,,,,,37：永住者の配偶者等,1
,,,,,ネパール,16：技術・人文知識・国際業務,16
,,,,,,18：介護,6
,,,,,,21：特定技能１号,3
,,,,,,24：技能実習１号ロ,3
,,,,,,31：留学,45
,,,,,,33：家族滞在,18
,,,,,,36：日本人の配偶者等,1
,,,,,バングラデシュ,31：留学,1
,,,,,,33：家族滞在,2
,,,,,フィリピン,15：教育,1
,,,,,,16：技術・人文知識・国際業務,1
,,,,,,21：特定技能１号,1
,,,,,,22：特定技能２号,1
,,,,,,24：技能実習１号ロ,1
,,,,,,26：技能実習２号ロ,8
,,,,,,31：留学,1
,,,,,ベトナム,16：技術・人文知識・国際業務,6
,,,,,,18：介護,3
,,,,,,21：特定技能１号,12
,,,,,,26：技能実習２号ロ,8
,,,,,,28：技能実習３号ロ,3
,,,,,,33：家族滞在,4
,,,,,,36：日本人の配偶者等,1
,,,,,マレーシア,31：留学,2
,,,,,ミャンマー,16：技術・人文知識・国際業務,12
,,,,,,21：特定技能１号,18
,,,,,,24：技能実習１号ロ,3
,,,,,,26：技能実習２号ロ,7
,,,,,,31：留学,5
,,,,,,34：特定活動,3
,,,,,モンゴル,33：家族滞在,1
,,,,,,38：定住者,1
,,,,,ウクライナ,38：定住者,1
,,,,,英国,15：教育,1
,,,,,,34：特定活動,1
,,,,,チェコ,31：留学,2
,,,,,アンゴラ,31：留学,1
,,,,,エジプト,33：家族滞在,1
,,,,,ケニア,33：家族滞在,1
,,,,,スーダン,33：家族滞在,1
,,,,,セネガル,31：留学,1
,,,,,タンザニア,31：留学,3
,,,,,,33：家族滞在,1
,,,,,南アフリカ共和国,16：技術・人文知識・国際業務,1
,,,,,米国,15：教育,3
,,,,,,16：技術・人文知識・国際業務,2
,,,,,,33：家族滞在,1
,,,,,,36：日本人の配偶者等,3
,,,,,メキシコ,36：日本人の配偶者等,1
,,,,,ブラジル,31：留学,1
,,,,,,33：家族滞在,1
,,,,,,35：永住者,1
,,,,,ニュージーランド,15：教育,1
,,,07_30～34歳,1:男,アフガニスタン,16：技術・人文知識・国際業務,1
,,,,,インド,16：技術・人文知識・国際業務,1
,,,,,インドネシア,16：技術・人文知識・国際業務,3
,,,,,,21：特定技能１号,1
,,,,,,26：技能実習２号ロ,3
,,,,,,31：留学,9
,,,,,,33：家族滞在,1
,,,,,韓国,16：技術・人文知識・国際業務,23
,,,,,,29：文化活動,1
,,,,,,31：留学,3
,,,,,,34：特定活動,1
,,,,,,35：永住者,2
,,,,,,36：日本人の配偶者等,2
,,,,,,39：特別永住者,5
,,,,,スリランカ,16：技術・人文知識・国際業務,1
,,,,,,20：技能,1
,,,,,,34：特定活動,1
,,,,,タイ,16：技術・人文知識・国際業務,1
,,,,,,19：興行,1
,,,,,,31：留学,2
,,,,,台湾,03：教授,1
,,,,,,08：高度専門職１号ロ,12
,,,,,,16：技術・人文知識・国際業務,23
,,,,,,17：企業内転勤,11
,,,,,,31：留学,2
,,,,,,34：特定活動,2
,,,,,,35：永住者,4
,,,,,,36：日本人の配偶者等,1
,,,,,中国,03：教授,2
,,,,,,07：高度専門職１号イ,4
,,,,,,08：高度専門職１号ロ,1
,,,,,,16：技術・人文知識・国際業務,14
,,,,,,20：技能,1
,,,,,,29：文化活動,2
,,,,,,31：留学,22
,,,,,,33：家族滞在,1
,,,,,,35：永住者,10
,,,,,ネパール,11：経営・管理,1
,,,,,,16：技術・人文知識・国際業務,20
,,,,,,20：技能,4
,,,,,,21：特定技能１号,3
,,,,,,31：留学,9
,,,,,,33：家族滞在,10
,,,,,パキスタン,07：高度専門職１号イ,1
,,,,,バングラデシュ,03：教授,1
,,,,,,21：特定技能１号,1
,,,,,,26：技能実習２号ロ,1
,,,,,,31：留学,6
,,,,,,34：特定活動,1
,,,,,フィリピン,16：技術・人文知識・国際業務,4
,,,,,,21：特定技能１号,3
,,,,,,33：家族滞在,1
,,,,,,35：永住者,2
,,,,,,38：定住者,1
,,,,,ベトナム,16：技術・人文知識・国際業務,5
,,,,,,21：特定技能１号,9
,,,,,,24：技能実習１号ロ,1
,,,,,,26：技能実習２号ロ,3
,,,,,,31：留学,1
,,,,,,33：家族滞在,1
,,,,,マレーシア,16：技術・人文知識・国際業務,4
,,,,,ミャンマー,16：技術・人文知識・国際業務,3
,,,,,,21：特定技能１号,3
,,,,,,26：技能実習２号ロ,1
,,,,,,31：留学,1
,,,,,モンゴル,33：家族滞在,1
,,,,,アイルランド,17：企業内転勤,1
,,,,,英国,15：教育,1
,,,,,オランダ,16：技術・人文知識・国際業務,1
,,,,,カザフスタン,31：留学,1
,,,,,,33：家族滞在,1
,,,,,ジョージア,31：留学,1
,,,,,フランス,16：技術・人文知識・国際業務,1
,,,,,エジプト,31：留学,1
,,,,,ガーナ,31：留学,1
,,,,,ケニア,31：留学,2
,,,,,スーダン,31：留学,1
,,,,,タンザニア,31：留学,3
,,,,,モーリタニア,31：留学,2
,,,,,カナダ,36：日本人の配偶者等,1
,,,,,ドミニカ共和国,08：高度専門職１号ロ,1
,,,,,米国,15：教育,1
,,,,,,16：技術・人文知識・国際業務,5
,,,,,,36：日本人の配偶者等,2
,,,,,ブラジル,31：留学,1
,,,,,,35：永住者,1
,,,,,ベネズエラ,19：興行,1
,,,,,ボリビア,36：日本人の配偶者等,1
,,,,,オーストラリア,31：留学,1
,,,,,,35：永住者,1
,,,,2:女,アフガニスタン,34：特定活動,1
,,,,,,38：定住者,1
,,,,,インド,31：留学,2
,,,,,,33：家族滞在,1
,,,,,インドネシア,16：技術・人文知識・国際業務,1
,,,,,,31：留学,4
,,,,,,33：家族滞在,2
,,,,,,34：特定活動,1
,,,,,韓国,16：技術・人文知識・国際業務,2
,,,,,,18：介護,1
,,,,,,34：特定活動,1
,,,,,,36：日本人の配偶者等,4
,,,,,,39：特別永住者,2
,,,,,（朝鮮）,39：特別永住者,1
,,,,,スリランカ,21：特定技能１号,2
,,,,,タイ,16：技術・人文知識・国際業務,3
,,,,,,31：留学,2
,,,,,台湾,08：高度専門職１号ロ,3
,,,,,,16：技術・人文知識・国際業務,24
,,,,,,17：企業内転勤,2
,,,,,,31：留学,2
,,,,,,33：家族滞在,8
,,,,,,34：特定活動,1
,,,,,,35：永住者,5
,,,,,,36：日本人の配偶者等,2
,,,,,,37：永住者の配偶者等,1
,,,,,中国,03：教授,2
,,,,,,07：高度専門職１号イ,1
,,,,,,08：高度専門職１号ロ,2
,,,,,,11：経営・管理,1
,,,,,,16：技術・人文知識・国際業務,14
,,,,,,17：企業内転勤,2
,,,,,,31：留学,11
,,,,,,33：家族滞在,1
,,,,,,35：永住者,8
,,,,,,37：永住者の配偶者等,1
,,,,,ネパール,16：技術・人文知識・国際業務,7
,,,,,,18：介護,4
,,,,,,21：特定技能１号,3
,,,,,,31：留学,1
,,,,,,33：家族滞在,13
,,,,,,36：日本人の配偶者等,1
,,,,,パキスタン,33：家族滞在,1
,,,,,バングラデシュ,03：教授,1
,,,,,,31：留学,5
,,,,,フィリピン,15：教育,2
,,,,,,16：技術・人文知識・国際業務,4
,,,,,,17：企業内転勤,1
,,,,,,18：介護,1
,,,,,,24：技能実習１号ロ,1
,,,,,,26：技能実習２号ロ,4
,,,,,,35：永住者,1
,,,,,,36：日本人の配偶者等,5
,,,,,,38：定住者,5
,,,,,ベトナム,16：技術・人文知識・国際業務,1
,,,,,,21：特定技能１号,8
,,,,,,24：技能実習１号ロ,2
,,,,,,26：技能実習２号ロ,10
,,,,,,31：留学,1
,,,,,,33：家族滞在,2
,,,,,,35：永住者,1
,,,,,マレーシア,16：技術・人文知識・国際業務,1
,,,,,ミャンマー,16：技術・人文知識・国際業務,12
,,,,,,21：特定技能１号,4
,,,,,,26：技能実習２号ロ,2
,,,,,,31：留学,2
,,,,,,34：特定活動,1
,,,,,モンゴル,31：留学,1
,,,,,アルメニア,31：留学,1
,,,,,ウクライナ,16：技術・人文知識・国際業務,1
,,,,,英国,15：教育,1
,,,,,オーストリア,36：日本人の配偶者等,1
,,,,,カザフスタン,31：留学,1
,,,,,キルギス,31：留学,1
,,,,,フランス,36：日本人の配偶者等,1
,,,,,ポーランド,16：技術・人文知識・国際業務,1
,,,,,,36：日本人の配偶者等,1
,,,,,エジプト,31：留学,3
,,,,,,33：家族滞在,1
,,,,,ガーナ,33：家族滞在,1
,,,,,スーダン,33：家族滞在,1
,,,,,タンザニア,33：家族滞在,2
,,,,,南アフリカ共和国,15：教育,1
,,,,,,16：技術・人文知識・国際業務,2
,,,,,モーリタニア,33：家族滞在,1
,,,,,ルワンダ,33：家族滞在,1
,,,,,カナダ,15：教育,1
,,,,,,16：技術・人文知識・国際業務,1
,,,,,米国,33：家族滞在,1
,,,,,ベネズエラ,33：家族滞在,1
,,,,,ペルー,16：技術・人文知識・国際業務,1
,,,08_35～39歳,1:男,アフガニスタン,34：特定活動,1
,,,,,,38：定住者,1
,,,,,インド,03：教授,1
,,,,,,35：永住者,1
,,,,,インドネシア,21：特定技能１号,3
,,,,,,31：留学,3
,,,,,韓国,05：宗教,1
,,,,,,08：高度専門職１号ロ,1
,,,,,,16：技術・人文知識・国際業務,11
,,,,,,17：企業内転勤,1
,,,,,,35：永住者,1
,,,,,,36：日本人の配偶者等,1
,,,,,,39：特別永住者,4
,,,,,スリランカ,16：技術・人文知識・国際業務,3
,,,,,,20：技能,2
,,,,,タイ,16：技術・人文知識・国際業務,2
,,,,,,17：企業内転勤,1
,,,,,,31：留学,1
,,,,,台湾,08：高度専門職１号ロ,12
,,,,,,11：経営・管理,1
,,,,,,16：技術・人文知識・国際業務,7
,,,,,,17：企業内転勤,2
,,,,,,33：家族滞在,1
,,,,,,35：永住者,3
,,,,,,36：日本人の配偶者等,1
,,,,,中国,07：高度専門職１号イ,1
,,,,,,11：経営・管理,1
,,,,,,16：技術・人文知識・国際業務,10
,,,,,,17：企業内転勤,1
,,,,,,21：特定技能１号,2
,,,,,,29：文化活動,1
,,,,,,31：留学,3
,,,,,,33：家族滞在,5
,,,,,,35：永住者,13
,,,,,,36：日本人の配偶者等,1
,,,,,ネパール,11：経営・管理,2
,,,,,,16：技術・人文知識・国際業務,6
,,,,,,20：技能,11
,,,,,,33：家族滞在,2
,,,,,パキスタン,11：経営・管理,1
,,,,,バングラデシュ,03：教授,2
,,,,,,16：技術・人文知識・国際業務,1
,,,,,,29：文化活動,1
,,,,,,31：留学,4
,,,,,,33：家族滞在,1
,,,,,,35：永住者,1
,,,,,フィリピン,03：教授,1
,,,,,,16：技術・人文知識・国際業務,4
,,,,,,21：特定技能１号,2
,,,,,,26：技能実習２号ロ,2
,,,,,,38：定住者,2
,,,,,ベトナム,16：技術・人文知識・国際業務,1
,,,,,,21：特定技能１号,8
,,,,,,26：技能実習２号ロ,1
,,,,,ラオス,31：留学,1
,,,,,ノルウェー,36：日本人の配偶者等,1
,,,,,フランス,35：永住者,2
,,,,,ロシア,36：日本人の配偶者等,1
,,,,,アルジェリア,05：宗教,1
,,,,,,37：永住者の配偶者等,1
,,,,,エジプト,31：留学,2
,,,,,,33：家族滞在,1
,,,,,,36：日本人の配偶者等,1
,,,,,ギニア,36：日本人の配偶者等,1
,,,,,ケニア,31：留学,1
,,,,,ジブチ,31：留学,1
,,,,,スーダン,03：教授,1
,,,,,,07：高度専門職１号イ,1
,,,,,,31：留学,1
,,,,,,38：定住者,1
,,,,,タンザニア,03：教授,1
,,,,,,31：留学,3
,,,,,ナイジェリア,31：留学,1
,,,,,カナダ,16：技術・人文知識・国際業務,1
,,,,,米国,16：技術・人文知識・国際業務,3
,,,,,,19：興行,1
,,,,,,35：永住者,1
,,,,,,36：日本人の配偶者等,2
,,,,,オーストラリア,16：技術・人文知識・国際業務,1
,,,,,,35：永住者,1
,,,,,,36：日本人の配偶者等,1
,,,,,サモア,31：留学,1
,,,,,フィジー,36：日本人の配偶者等,1
,,,,2:女,インド,03：教授,1
,,,,,インドネシア,03：教授,1
,,,,,,21：特定技能１号,2
,,,,,,31：留学,3
,,,,,韓国,33：家族滞在,1
,,,,,,39：特別永住者,1
,,,,,タイ,16：技術・人文知識・国際業務,3
,,,,,,20：技能,1
,,,,,,31：留学,1
,,,,,台湾,08：高度専門職１号ロ,4
,,,,,,16：技術・人文知識・国際業務,21
,,,,,,17：企業内転勤,5
,,,,,,33：家族滞在,6
,,,,,,35：永住者,5
,,,,,,36：日本人の配偶者等,2
,,,,,,37：永住者の配偶者等,1
,,,,,中国,05：宗教,1
,,,,,,07：高度専門職１号イ,1
,,,,,,11：経営・管理,1
,,,,,,16：技術・人文知識・国際業務,12
,,,,,,18：介護,2
,,,,,,31：留学,3
,,,,,,33：家族滞在,3
,,,,,,35：永住者,16
,,,,,,37：永住者の配偶者等,3
,,,,,,38：定住者,1
,,,,,トルコ,03：教授,1
,,,,,,15：教育,1
,,,,,ネパール,16：技術・人文知識・国際業務,1
,,,,,,33：家族滞在,4
,,,,,,36：日本人の配偶者等,1
,,,,,バングラデシュ,31：留学,1
,,,,,,35：永住者,1
,,,,,フィリピン,21：特定技能１号,1
,,,,,,24：技能実習１号ロ,1
,,,,,,31：留学,1
,,,,,,35：永住者,5
,,,,,,36：日本人の配偶者等,3
,,,,,,38：定住者,4
,,,,,ベトナム,16：技術・人文知識・国際業務,1
,,,,,,21：特定技能１号,3
,,,,,,26：技能実習２号ロ,1
,,,,,,33：家族滞在,1
,,,,,,36：日本人の配偶者等,1
,,,,,ミャンマー,03：教授,1
,,,,,,31：留学,1
,,,,,,34：特定活動,1
,,,,,ラオス,33：家族滞在,1
,,,,,ウズベキスタン,16：技術・人文知識・国際業務,1
,,,,,ドイツ,16：技術・人文知識・国際業務,1
,,,,,エジプト,31：留学,1
,,,,,ガーナ,31：留学,2
,,,,,スーダン,33：家族滞在,1
,,,,,タンザニア,31：留学,1
,,,,,ナイジェリア,16：技術・人文知識・国際業務,1
,,,,,米国,15：教育,1
,,,,,,19：興行,1
,,,,,,35：永住者,1
,,,,,,36：日本人の配偶者等,1
,,,09_40～44歳,1:男,インド,03：教授,1
,,,,,,20：技能,3
,,,,,インドネシア,21：特定技能１号,1
,,,,,韓国,03：教授,1
,,,,,,08：高度専門職１号ロ,1
,,,,,,16：技術・人文知識・国際業務,3
,,,,,,17：企業内転勤,1
,,,,,,35：永住者,3
,,,,,,36：日本人の配偶者等,1
,,,,,,39：特別永住者,1
,,,,,スリランカ,20：技能,3
,,,,,台湾,08：高度専門職１号ロ,6
,,,,,,16：技術・人文知識・国際業務,4
,,,,,,17：企業内転勤,5
,,,,,,35：永住者,2
,,,,,,36：日本人の配偶者等,1
,,,,,中国,03：教授,1
,,,,,,11：経営・管理,1
,,,,,,16：技術・人文知識・国際業務,7
,,,,,,20：技能,1
,,,,,,21：特定技能１号,4
,,,,,,31：留学,2
,,,,,,33：家族滞在,1
,,,,,,35：永住者,17
,,,,,,36：日本人の配偶者等,1
,,,,,,37：永住者の配偶者等,3
,,,,,ネパール,11：経営・管理,1
,,,,,,16：技術・人文知識・国際業務,1
,,,,,,20：技能,6
,,,,,,33：家族滞在,2
,,,,,パキスタン,35：永住者,1
,,,,,フィリピン,35：永住者,1
,,,,,ブータン,35：永住者,1
,,,,,ベトナム,21：特定技能１号,1
,,,,,マレーシア,16：技術・人文知識・国際業務,1
,,,,,ミャンマー,33：家族滞在,1
,,,,,モンゴル,07：高度専門職１号イ,1
,,,,,英国,35：永住者,1
,,,,,,36：日本人の配偶者等,2
,,,,,サンマリノ,36：日本人の配偶者等,1
,,,,,スウェーデン,35：永住者,1
,,,,,フランス,36：日本人の配偶者等,1
,,,,,,38：定住者,1
,,,,,エジプト,33：家族滞在,1
,,,,,タンザニア,36：日本人の配偶者等,1
,,,,,ナイジェリア,31：留学,1
,,,,,ルワンダ,31：留学,1
,,,,,カナダ,35：永住者,1
,,,,,米国,35：永住者,2
,,,,,,36：日本人の配偶者等,5
,,,,,オーストラリア,35：永住者,1
,,,,,トンガ,35：永住者,1
,,,,2:女,インドネシア,35：永住者,1
,,,,,韓国,17：企業内転勤,1
,,,,,,33：家族滞在,2
,,,,,,35：永住者,3
,,,,,,36：日本人の配偶者等,1
,,,,,,39：特別永住者,5
,,,,,タイ,35：永住者,1
,,,,,,36：日本人の配偶者等,2
,,,,,台湾,08：高度専門職１号ロ,1
,,,,,,16：技術・人文知識・国際業務,8
,,,,,,17：企業内転勤,2
,,,,,,33：家族滞在,5
,,,,,,35：永住者,3
,,,,,,36：日本人の配偶者等,2
,,,,,,37：永住者の配偶者等,2
,,,,,中国,07：高度専門職１号イ,1
,,,,,,16：技術・人文知識・国際業務,3
,,,,,,21：特定技能１号,2
,,,,,,31：留学,1
,,,,,,33：家族滞在,5
,,,,,,35：永住者,31
,,,,,,36：日本人の配偶者等,5
,,,,,,37：永住者の配偶者等,3
,,,,,,38：定住者,1
,,,,,ネパール,16：技術・人文知識・国際業務,1
,,,,,,33：家族滞在,1
,,,,,フィリピン,16：技術・人文知識・国際業務,2
,,,,,,21：特定技能１号,1
,,,,,,24：技能実習１号ロ,1
,,,,,,26：技能実習２号ロ,1
,,,,,,35：永住者,12
,,,,,,36：日本人の配偶者等,2
,,,,,,38：定住者,2
,,,,,ベトナム,21：特定技能１号,2
,,,,,ミャンマー,03：教授,1
,,,,,モンゴル,16：技術・人文知識・国際業務,1
,,,,,,31：留学,1
,,,,,ラオス,35：永住者,1
,,,,,ウズベキスタン,16：技術・人文知識・国際業務,1
,,,,,ルーマニア,35：永住者,2
,,,,,ロシア,35：永住者,2
,,,,,エジプト,03：教授,1
,,,,,ナイジェリア,16：技術・人文知識・国際業務,1
,,,,,カナダ,16：技術・人文知識・国際業務,1
,,,,,ジャマイカ,16：技術・人文知識・国際業務,1
,,,,,米国,35：永住者,1
,,,,,トンガ,35：永住者,1
,,,10_45～49歳,1:男,インド,03：教授,1
,,,,,,20：技能,2
,,,,,,35：永住者,1
,,,,,インドネシア,35：永住者,1
,,,,,韓国,03：教授,1
,,,,,,05：宗教,1
,,,,,,17：企業内転勤,1
,,,,,,35：永住者,4
,,,,,,36：日本人の配偶者等,1
,,,,,,38：定住者,1
,,,,,,39：特別永住者,2
,,,,,シンガポール,16：技術・人文知識・国際業務,1
,,,,,スリランカ,16：技術・人文知識・国際業務,1
,,,,,,20：技能,3
,,,,,タイ,11：経営・管理,1
,,,,,台湾,08：高度専門職１号ロ,3
,,,,,,09：高度専門職１号ハ,1
,,,,,,11：経営・管理,3
,,,,,,16：技術・人文知識・国際業務,1
,,,,,,17：企業内転勤,3
,,,,,,35：永住者,3
,,,,,,36：日本人の配偶者等,1
,,,,,中国,11：経営・管理,1
,,,,,,16：技術・人文知識・国際業務,1
,,,,,,20：技能,2
,,,,,,35：永住者,5
,,,,,,36：日本人の配偶者等,2
,,,,,,38：定住者,3
,,,,,トルコ,36：日本人の配偶者等,1
,,,,,ネパール,20：技能,2
,,,,,フィリピン,33：家族滞在,2
,,,,,マレーシア,31：留学,1
,,,,,モルディブ,35：永住者,1
,,,,,モンゴル,33：家族滞在,1
,,,,,アイスランド,33：家族滞在,1
,,,,,英国,16：技術・人文知識・国際業務,1
,,,,,,35：永住者,3
,,,,,,36：日本人の配偶者等,1
,,,,,ドイツ,35：永住者,1
,,,,,フランス,35：永住者,1
,,,,,カナダ,35：永住者,1
,,,,,米国,36：日本人の配偶者等,4
,,,,,アルゼンチン,35：永住者,1
,,,,,コロンビア,35：永住者,1
,,,,,オーストラリア,31：留学,1
,,,,2:女,イラン,34：特定活動,1
,,,,,インド,33：家族滞在,1
,,,,,インドネシア,35：永住者,1
,,,,,韓国,16：技術・人文知識・国際業務,1
,,,,,,35：永住者,2
,,,,,,39：特別永住者,3
,,,,,スリランカ,35：永住者,1
,,,,,タイ,35：永住者,2
,,,,,,36：日本人の配偶者等,1
,,,,,台湾,08：高度専門職１号ロ,2
,,,,,,16：技術・人文知識・国際業務,3
,,,,,,17：企業内転勤,2
,,,,,,33：家族滞在,5
,,,,,,34：特定活動,1
,,,,,,35：永住者,5
,,,,,,38：定住者,1
,,,,,中国,11：経営・管理,1
,,,,,,16：技術・人文知識・国際業務,1
,,,,,,33：家族滞在,2
,,,,,,35：永住者,47
,,,,,,36：日本人の配偶者等,6
,,,,,,38：定住者,5
,,,,,フィリピン,15：教育,1
,,,,,,21：特定技能１号,1
,,,,,,35：永住者,9
,,,,,,36：日本人の配偶者等,6
,,,,,,38：定住者,6
,,,,,ベトナム,35：永住者,2
,,,,,ミャンマー,35：永住者,1
,,,,,モンゴル,35：永住者,1
,,,,,アイスランド,03：教授,1
,,,,,ウズベキスタン,35：永住者,1
,,,,,ルーマニア,35：永住者,3
,,,,,米国,35：永住者,1
,,,,,,36：日本人の配偶者等,1
,,,,,オーストラリア,35：永住者,1
,,,11_50～54歳,1:男,イラン,38：定住者,1
,,,,,インド,20：技能,1
,,,,,インドネシア,35：永住者,1
,,,,,韓国,16：技術・人文知識・国際業務,1
,,,,,,35：永住者,4
,,,,,,39：特別永住者,4
,,,,,スリランカ,20：技能,5
,,,,,タイ,36：日本人の配偶者等,1
,,,,,台湾,08：高度専門職１号ロ,2
,,,,,,09：高度専門職１号ハ,2
,,,,,,11：経営・管理,1
,,,,,,16：技術・人文知識・国際業務,2
,,,,,,17：企業内転勤,1
,,,,,,33：家族滞在,1
,,,,,,35：永住者,2
,,,,,中国,03：教授,1
,,,,,,08：高度専門職１号ロ,1
,,,,,,16：技術・人文知識・国際業務,1
,,,,,,35：永住者,17
,,,,,,37：永住者の配偶者等,1
,,,,,トルコ,29：文化活動,1
,,,,,ネパール,20：技能,1
,,,,,パキスタン,20：技能,1
,,,,,,35：永住者,1
,,,,,モンゴル,03：教授,1
,,,,,イタリア,35：永住者,1
,,,,,英国,03：教授,1
,,,,,,35：永住者,1
,,,,,,36：日本人の配偶者等,1
,,,,,スイス,36：日本人の配偶者等,1
,,,,,スペイン,35：永住者,1
,,,,,フランス,35：永住者,2
,,,,,ナイジェリア,36：日本人の配偶者等,1
,,,,,カナダ,35：永住者,1
,,,,,米国,35：永住者,3
,,,,,,36：日本人の配偶者等,3
,,,,,ニュージーランド,36：日本人の配偶者等,1
,,,,2:女,韓国,35：永住者,5
,,,,,,36：日本人の配偶者等,1
,,,,,,39：特別永住者,2
,,,,,スリランカ,35：永住者,1
,,,,,タイ,35：永住者,1
,,,,,台湾,08：高度専門職１号ロ,1
,,,,,,11：経営・管理,1
,,,,,,16：技術・人文知識・国際業務,1
,,,,,,33：家族滞在,1
,,,,,,35：永住者,1
,,,,,,36：日本人の配偶者等,3
,,,,,中国,33：家族滞在,1
,,,,,,35：永住者,46
,,,,,,36：日本人の配偶者等,5
,,,,,,37：永住者の配偶者等,1
,,,,,ネパール,33：家族滞在,1
,,,,,パキスタン,35：永住者,1
,,,,,フィリピン,21：特定技能１号,1
,,,,,,35：永住者,34
,,,,,,36：日本人の配偶者等,1
,,,,,,38：定住者,3
,,,,,モンゴル,16：技術・人文知識・国際業務,1
,,,,,,35：永住者,1
,,,,,ウクライナ,35：永住者,1
,,,,,フランス,36：日本人の配偶者等,1
,,,,,ルーマニア,35：永住者,1
,,,,,,36：日本人の配偶者等,1
,,,,,米国,35：永住者,1
,,,,,,37：永住者の配偶者等,1
,,,,,メキシコ,35：永住者,1
,,,12_55～59歳,1:男,インド,20：技能,1
,,,,,,35：永住者,1
,,,,,韓国,35：永住者,4
,,,,,,39：特別永住者,5
,,,,,スリランカ,35：永住者,1
,,,,,台湾,08：高度専門職１号ロ,4
,,,,,,11：経営・管理,1
,,,,,,35：永住者,4
,,,,,中国,11：経営・管理,2
,,,,,,16：技術・人文知識・国際業務,1
,,,,,,20：技能,1
,,,,,,35：永住者,5
,,,,,パキスタン,16：技術・人文知識・国際業務,1
,,,,,ミャンマー,35：永住者,1
,,,,,英国,35：永住者,2
,,,,,スイス,35：永住者,1
,,,,,ナイジェリア,35：永住者,1
,,,,,カナダ,35：永住者,1
,,,,,米国,16：技術・人文知識・国際業務,1
,,,,,,35：永住者,5
,,,,,メキシコ,36：日本人の配偶者等,1
,,,,2:女,韓国,11：経営・管理,1
,,,,,,35：永住者,2
,,,,,,39：特別永住者,1
,,,,,（朝鮮）,39：特別永住者,1
,,,,,台湾,11：経営・管理,1
,,,,,,17：企業内転勤,1
,,,,,,33：家族滞在,1
,,,,,,35：永住者,4
,,,,,,36：日本人の配偶者等,1
,,,,,中国,33：家族滞在,3
,,,,,,35：永住者,19
,,,,,,36：日本人の配偶者等,1
,,,,,,37：永住者の配偶者等,1
,,,,,,38：定住者,1
,,,,,フィリピン,35：永住者,34
,,,,,,36：日本人の配偶者等,1
,,,,,,38：定住者,4
,,,,,アイルランド,15：教育,1
,,,,,ウクライナ,35：永住者,1
,,,,,米国,35：永住者,1
,,,,,ブラジル,35：永住者,1
,,,13_60～64歳,1:男,韓国,39：特別永住者,6
,,,,,（朝鮮）,39：特別永住者,1
,,,,,スリランカ,20：技能,1
,,,,,台湾,16：技術・人文知識・国際業務,1
,,,,,,35：永住者,1
,,,,,中国,03：教授,1
,,,,,,11：経営・管理,1
,,,,,,20：技能,1
,,,,,,35：永住者,14
,,,,,パキスタン,11：経営・管理,2
,,,,,英国,35：永住者,2
,,,,,ハンガリー,03：教授,1
,,,,,ロシア,35：永住者,1
,,,,,カナダ,35：永住者,2
,,,,,米国,35：永住者,5
,,,,,,36：日本人の配偶者等,1
,,,,,無国籍,36：日本人の配偶者等,1
,,,,2:女,インド,33：家族滞在,1
,,,,,韓国,35：永住者,7
,,,,,,39：特別永住者,5
,,,,,シンガポール,36：日本人の配偶者等,1
,,,,,タイ,35：永住者,1
,,,,,,36：日本人の配偶者等,1
,,,,,,38：定住者,1
,,,,,中国,34：特定活動,1
,,,,,,35：永住者,10
,,,,,,36：日本人の配偶者等,1
,,,,,フィリピン,35：永住者,14
,,,,,ブータン,35：永住者,1
,,,,,スイス,35：永住者,1
,,,,,米国,29：文化活動,1
,,,,,,35：永住者,4
,,,14_65～69歳,1:男,インド,11：経営・管理,1
,,,,,韓国,35：永住者,2
,,,,,,39：特別永住者,8
,,,,,スリランカ,35：永住者,2
,,,,,台湾,17：企業内転勤,1
,,,,,,35：永住者,1
,,,,,中国,34：特定活動,1
,,,,,,35：永住者,8
,,,,,,36：日本人の配偶者等,1
,,,,,パキスタン,35：永住者,1
,,,,,フィリピン,35：永住者,2
,,,,,イタリア,16：技術・人文知識・国際業務,1
,,,,,英国,35：永住者,1
,,,,,フランス,35：永住者,1
,,,,,カナダ,36：日本人の配偶者等,1
,,,,,米国,03：教授,1
,,,,,,35：永住者,1
,,,,,,36：日本人の配偶者等,1
,,,,,ペルー,35：永住者,1
,,,,2:女,韓国,35：永住者,10
,,,,,,36：日本人の配偶者等,1
,,,,,,38：定住者,2
,,,,,,39：特別永住者,4
,,,,,台湾,35：永住者,1
,,,,,中国,34：特定活動,1
,,,,,,35：永住者,8
,,,,,フィリピン,35：永住者,5
,,,,,マレーシア,35：永住者,1
,,,,,ドイツ,36：日本人の配偶者等,1
,,,,,米国,34：特定活動,1
,,,,,,35：永住者,1
,,,,,オーストラリア,35：永住者,2
,,,15_70～74歳,1:男,韓国,29：文化活動,1
,,,,,,35：永住者,1
,,,,,,39：特別永住者,3
,,,,,中国,11：経営・管理,1
,,,,,,35：永住者,4
,,,,,英国,35：永住者,1
,,,,,,36：日本人の配偶者等,1
,,,,,ドイツ,03：教授,1
,,,,,米国,35：永住者,1
,,,,,,36：日本人の配偶者等,2
,,,,2:女,韓国,35：永住者,1
,,,,,,36：日本人の配偶者等,2
,,,,,,38：定住者,1
,,,,,,39：特別永住者,5
,,,,,中国,34：特定活動,1
,,,,,,35：永住者,6
,,,,,フィンランド,35：永住者,1
,,,,,カナダ,35：永住者,1
,,,,,ブラジル,35：永住者,2
,,,,,,36：日本人の配偶者等,1
,,,16_75～79歳,1:男,韓国,39：特別永住者,1
,,,,,中国,35：永住者,6
,,,,,,37：永住者の配偶者等,1
,,,,,アイルランド,35：永住者,1
,,,,2:女,韓国,35：永住者,3
,,,,,,39：特別永住者,3
,,,,,中国,35：永住者,6
,,,,,フィリピン,35：永住者,1
,,,,,米国,35：永住者,1
,,,17_80歳以上,1:男,韓国,39：特別永住者,2
,,,,,中国,35：永住者,4
,,,,,,36：日本人の配偶者等,1
,,,,,オーストリア,35：永住者,1
,,,,,米国,35：永住者,1
,,,,,オーストラリア,34：特定活動,1
,,,,2:女,韓国,38：定住者,2
,,,,,,39：特別永住者,11
,,,,,（朝鮮）,39：特別永住者,1
,,,,,台湾,35：永住者,1
,,,,,中国,34：特定活動,1
,,,,,,35：永住者,3
,,,,,カナダ,36：日本人の配偶者等,1
,,,,,米国,35：永住者,1
,,,,,,36：日本人の配偶者等,2
,,,,,無国籍,35：永住者,1
43102.0,43：熊本県,熊本市東区,01_０～４歳,1:男,アフガニスタン,33：家族滞在,2
,,,,,インドネシア,33：家族滞在,2
,,,,,韓国,33：家族滞在,2
,,,,,台湾,33：家族滞在,2
,,,,,中国,35：永住者,2
,,,,,ネパール,33：家族滞在,3
,,,,,パキスタン,33：家族滞在,1
,,,,,バングラデシュ,33：家族滞在,1
,,,,,フィリピン,37：永住者の配偶者等,1
,,,,,ベトナム,33：家族滞在,14
,,,,,,34：特定活動,2
,,,,,,35：永住者,1
,,,,,英国,33：家族滞在,1
,,,,,エジプト,33：家族滞在,1
,,,,2:女,スリランカ,33：家族滞在,4
,,,,,台湾,33：家族滞在,1
,,,,,中国,33：家族滞在,3
,,,,,,35：永住者,2
,,,,,ネパール,33：家族滞在,3
,,,,,パキスタン,33：家族滞在,1
,,,,,バングラデシュ,33：家族滞在,1
,,,,,フィリピン,35：永住者,1
,,,,,ベトナム,33：家族滞在,5
,,,,,英国,33：家族滞在,1
,,,02_５～９歳,1:男,韓国,38：定住者,1
,,,,,スリランカ,33：家族滞在,1
,,,,,台湾,33：家族滞在,8
,,,,,中国,33：家族滞在,2
,,,,,,35：永住者,10
,,,,,,38：定住者,1
,,,,,ネパール,33：家族滞在,2
,,,,,,35：永住者,1
,,,,,パキスタン,33：家族滞在,2
,,,,,ベトナム,33：家族滞在,2
,,,,,米国,36：日本人の配偶者等,1
,,,,2:女,インドネシア,33：家族滞在,1
,,,,,スリランカ,35：永住者,1
,,,,,タイ,36：日本人の配偶者等,1
,,,,,台湾,33：家族滞在,9
,,,,,中国,33：家族滞在,3
,,,,,,35：永住者,4
,,,,,,37：永住者の配偶者等,1
,,,,,,38：定住者,1
,,,,,ベトナム,33：家族滞在,6
,,,,,,35：永住者,1
,,,03_10～14歳,1:男,インドネシア,33：家族滞在,2
,,,,,スリランカ,33：家族滞在,1
,,,,,台湾,33：家族滞在,12
,,,,,中国,33：家族滞在,2
,,,,,,35：永住者,7
,,,,,ネパール,35：永住者,2
,,,,,パキスタン,33：家族滞在,1
,,,,,フィリピン,35：永住者,1
,,,,,ベトナム,33：家族滞在,2
,,,,,エジプト,33：家族滞在,1
,,,,,米国,34：特定活動,1
,,,,,,36：日本人の配偶者等,1
,,,,2:女,韓国,33：家族滞在,2
,,,,,台湾,33：家族滞在,6
,,,,,中国,33：家族滞在,1
,,,,,,35：永住者,11
,,,,,フィリピン,35：永住者,1
,,,,,,38：定住者,1
,,,,,ベトナム,33：家族滞在,1
,,,,,,38：定住者,1
,,,,,エジプト,33：家族滞在,2
,,,04_15～19歳,1:男,インドネシア,21：特定技能１号,1
,,,,,,24：技能実習１号ロ,7
,,,,,,26：技能実習２号ロ,1
,,,,,韓国,31：留学,2
,,,,,,33：家族滞在,1
,,,,,台湾,33：家族滞在,2
,,,,,中国,31：留学,3
,,,,,,33：家族滞在,1
,,,,,,35：永住者,8
,,,,,ネパール,31：留学,6
,,,,,,35：永住者,2
,,,,,パキスタン,33：家族滞在,1
,,,,,フィリピン,35：永住者,1
,,,,,,38：定住者,1
,,,,,ベトナム,24：技能実習１号ロ,11
,,,,,,26：技能実習２号ロ,2
,,,,,ミャンマー,21：特定技能１号,1
,,,,2:女,インドネシア,24：技能実習１号ロ,1
,,,,,カンボジア,38：定住者,1
,,,,,台湾,33：家族滞在,7
,,,,,中国,31：留学,5
,,,,,,35：永住者,2
,,,,,,38：定住者,2
,,,,,ネパール,24：技能実習１号ロ,1
,,,,,,31：留学,8
,,,,,,33：家族滞在,1
,,,,,,35：永住者,1
,,,,,フィリピン,33：家族滞在,1
,,,,,,35：永住者,2
,,,,,ベトナム,24：技能実習１号ロ,5
,,,,,,26：技能実習２号ロ,4
,,,,,,38：定住者,1
,,,,,ミャンマー,21：特定技能１号,1
,,,,,,24：技能実習１号ロ,2
,,,,,カナダ,31：留学,1
,,,,,ボリビア,38：定住者,1
,,,05_20～24歳,1:男,インド,24：技能実習１号ロ,3
,,,,,,26：技能実習２号ロ,3
,,,,,インドネシア,16：技術・人文知識・国際業務,1
,,,,,,21：特定技能１号,9
,,,,,,24：技能実習１号ロ,34
,,,,,,26：技能実習２号ロ,45
,,,,,,28：技能実習３号ロ,1
,,,,,韓国,16：技術・人文知識・国際業務,2
,,,,,,19：興行,1
,,,,,,31：留学,3
,,,,,カンボジア,24：技能実習１号ロ,4
,,,,,,26：技能実習２号ロ,3
,,,,,シンガポール,35：永住者,3
,,,,,スリランカ,31：留学,1
,,,,,タイ,26：技能実習２号ロ,2
,,,,,,34：特定活動,1
,,,,,台湾,16：技術・人文知識・国際業務,1
,,,,,,17：企業内転勤,1
,,,,,中国,16：技術・人文知識・国際業務,3
,,,,,,26：技能実習２号ロ,1
,,,,,,31：留学,27
,,,,,,35：永住者,1
,,,,,ネパール,16：技術・人文知識・国際業務,2
,,,,,,21：特定技能１号,2
,,,,,,24：技能実習１号ロ,2
,,,,,,31：留学,109
,,,,,,35：永住者,1
,,,,,パキスタン,16：技術・人文知識・国際業務,1
,,,,,,38：定住者,1
,,,,,フィリピン,26：技能実習２号ロ,1
,,,,,ベトナム,16：技術・人文知識・国際業務,6
,,,,,,21：特定技能１号,11
,,,,,,24：技能実習１号ロ,9
,,,,,,26：技能実習２号ロ,29
,,,,,,28：技能実習３号ロ,1
,,,,,,31：留学,7
,,,,,,34：特定活動,1
,,,,,ミャンマー,21：特定技能１号,6
,,,,,,24：技能実習１号ロ,6
,,,,,,26：技能実習２号ロ,9
,,,,,アイルランド,15：教育,1
,,,,,米国,15：教育,1
,,,,,ペルー,35：永住者,1
,,,,2:女,インドネシア,21：特定技能１号,18
,,,,,,24：技能実習１号ロ,7
,,,,,,25：技能実習２号イ,4
,,,,,,26：技能実習２号ロ,4
,,,,,,31：留学,1
,,,,,韓国,31：留学,2
,,,,,カンボジア,26：技能実習２号ロ,2
,,,,,タイ,21：特定技能１号,1
,,,,,台湾,16：技術・人文知識・国際業務,2
,,,,,中国,31：留学,7
,,,,,,35：永住者,3
,,,,,ネパール,24：技能実習１号ロ,2
,,,,,,26：技能実習２号ロ,1
,,,,,,31：留学,53
,,,,,,33：家族滞在,3
,,,,,パキスタン,33：家族滞在,1
,,,,,バングラデシュ,33：家族滞在,1
,,,,,フィリピン,24：技能実習１号ロ,2
,,,,,,26：技能実習２号ロ,2
,,,,,,35：永住者,2
,,,,,ベトナム,21：特定技能１号,6
,,,,,,24：技能実習１号ロ,3
,,,,,,26：技能実習２号ロ,27
,,,,,,28：技能実習３号ロ,1
,,,,,,31：留学,6
,,,,,,33：家族滞在,1
,,,,,,34：特定活動,2
,,,,,ミャンマー,21：特定技能１号,52
,,,,,,24：技能実習１号ロ,22
,,,,,,26：技能実習２号ロ,8
,,,,,,34：特定活動,1
,,,,,モンゴル,31：留学,1
,,,,,英国,15：教育,1
,,,,,南アフリカ共和国,15：教育,1
,,,,,米国,15：教育,2
,,,,,,31：留学,1
,,,06_25～29歳,1:男,アフガニスタン,16：技術・人文知識・国際業務,1
,,,,,インド,24：技能実習１号ロ,3
,,,,,,26：技能実習２号ロ,2
,,,,,インドネシア,21：特定技能１号,16
,,,,,,24：技能実習１号ロ,8
,,,,,,26：技能実習２号ロ,25
,,,,,,28：技能実習３号ロ,1
,,,,,,34：特定活動,4
,,,,,韓国,16：技術・人文知識・国際業務,3
,,,,,,31：留学,3
,,,,,,35：永住者,1
,,,,,,36：日本人の配偶者等,1
,,,,,カンボジア,21：特定技能１号,1
,,,,,,24：技能実習１号ロ,1
,,,,,,26：技能実習２号ロ,3
,,,,,,28：技能実習３号ロ,1
,,,,,,34：特定活動,1
,,,,,スリランカ,16：技術・人文知識・国際業務,3
,,,,,,20：技能,1
,,,,,,31：留学,2
,,,,,,34：特定活動,1
,,,,,,36：日本人の配偶者等,1
,,,,,タイ,26：技能実習２号ロ,1
,,,,,,34：特定活動,1
,,,,,台湾,16：技術・人文知識・国際業務,8
,,,,,,17：企業内転勤,2
,,,,,,36：日本人の配偶者等,1
,,,,,中国,08：高度専門職１号ロ,1
,,,,,,16：技術・人文知識・国際業務,5
,,,,,,21：特定技能１号,1
,,,,,,31：留学,9
,,,,,,34：特定活動,1
,,,,,,35：永住者,3
,,,,,ネパール,16：技術・人文知識・国際業務,13
,,,,,,21：特定技能１号,2
,,,,,,24：技能実習１号ロ,1
,,,,,,31：留学,44
,,,,,,35：永住者,1
,,,,,,36：日本人の配偶者等,1
,,,,,パキスタン,16：技術・人文知識・国際業務,1
,,,,,,31：留学,1
,,,,,,36：日本人の配偶者等,1
,,,,,フィリピン,15：教育,1
,,,,,,16：技術・人文知識・国際業務,2
,,,,,,17：企業内転勤,1
,,,,,,21：特定技能１号,1
,,,,,,24：技能実習１号ロ,7
,,,,,,26：技能実習２号ロ,5
,,,,,,35：永住者,2
,,,,,,38：定住者,1
,,,,,ベトナム,16：技術・人文知識・国際業務,12
,,,,,,21：特定技能１号,18
,,,,,,24：技能実習１号ロ,3
,,,,,,26：技能実習２号ロ,12
,,,,,,28：技能実習３号ロ,1
,,,,,,31：留学,1
,,,,,,34：特定活動,3
,,,,,ミャンマー,16：技術・人文知識・国際業務,2
,,,,,,21：特定技能１号,5
,,,,,,24：技能実習１号ロ,1
,,,,,,26：技能実習２号ロ,6
,,,,,,34：特定活動,1
,,,,,モンゴル,26：技能実習２号ロ,1
,,,,,アイルランド,15：教育,1
,,,,,英国,16：技術・人文知識・国際業務,1
,,,,,フランス,34：特定活動,1
,,,,,,36：日本人の配偶者等,1
,,,,,米国,15：教育,5
,,,,,,16：技術・人文知識・国際業務,1
,,,,,,31：留学,1
,,,,,,36：日本人の配偶者等,1
,,,,,ニュージーランド,15：教育,1
,,,,,,16：技術・人文知識・国際業務,1
,,,,2:女,インドネシア,15：教育,1
,,,,,,21：特定技能１号,7
,,,,,,24：技能実習１号ロ,1
,,,,,,25：技能実習２号イ,3
,,,,,,26：技能実習２号ロ,2
,,,,,,35：永住者,1
,,,,,韓国,35：永住者,1
,,,,,カンボジア,21：特定技能１号,5
,,,,,,26：技能実習２号ロ,1
,,,,,シンガポール,15：教育,2
,,,,,スリランカ,33：家族滞在,1
,,,,,タイ,16：技術・人文知識・国際業務,1
,,,,,,21：特定技能１号,2
,,,,,台湾,08：高度専門職１号ロ,1
,,,,,,15：教育,4
,,,,,,16：技術・人文知識・国際業務,5
,,,,,,17：企業内転勤,1
,,,,,,33：家族滞在,3
,,,,,,34：特定活動,1
,,,,,中国,03：教授,1
,,,,,,16：技術・人文知識・国際業務,2
,,,,,,31：留学,2
,,,,,,33：家族滞在,2
,,,,,,34：特定活動,1
,,,,,,38：定住者,1
,,,,,ネパール,16：技術・人文知識・国際業務,2
,,,,,,21：特定技能１号,1
,,,,,,24：技能実習１号ロ,1
,,,,,,26：技能実習２号ロ,3
,,,,,,31：留学,19
,,,,,,33：家族滞在,11
,,,,,パキスタン,31：留学,1
,,,,,,33：家族滞在,1
,,,,,フィリピン,15：教育,1
,,,,,,21：特定技能１号,2
,,,,,,26：技能実習２号ロ,1
,,,,,,36：日本人の配偶者等,1
,,,,,ベトナム,03：教授,1
,,,,,,16：技術・人文知識・国際業務,8
,,,,,,18：介護,2
,,,,,,21：特定技能１号,11
,,,,,,24：技能実習１号ロ,5
,,,,,,26：技能実習２号ロ,3
,,,,,,33：家族滞在,6
,,,,,,36：日本人の配偶者等,2
,,,,,ミャンマー,16：技術・人文知識・国際業務,3
,,,,,,21：特定技能１号,33
,,,,,,24：技能実習１号ロ,10
,,,,,,26：技能実習２号ロ,7
,,,,,,34：特定活動,3
,,,,,南アフリカ共和国,15：教育,1
,,,,,カナダ,15：教育,2
,,,,,トリニダード・トバゴ,15：教育,1
,,,,,米国,15：教育,5
,,,,,,16：技術・人文知識・国際業務,1
,,,,,,36：日本人の配偶者等,1
,,,,,オーストラリア,15：教育,1
,,,07_30～34歳,1:男,インド,24：技能実習１号ロ,1
,,,,,,26：技能実習２号ロ,3
,,,,,インドネシア,21：特定技能１号,4
,,,,,,24：技能実習１号ロ,1
,,,,,,25：技能実習２号イ,3
,,,,,,26：技能実習２号ロ,5
,,,,,,28：技能実習３号ロ,1
,,,,,,34：特定活動,4
,,,,,韓国,16：技術・人文知識・国際業務,2
,,,,,カンボジア,21：特定技能１号,2
,,,,,,24：技能実習１号ロ,1
,,,,,,26：技能実習２号ロ,7
,,,,,スリランカ,16：技術・人文知識・国際業務,4
,,,,,,36：日本人の配偶者等,2
,,,,,タイ,37：永住者の配偶者等,1
,,,,,台湾,08：高度専門職１号ロ,8
,,,,,,15：教育,2
,,,,,,16：技術・人文知識・国際業務,9
,,,,,,17：企業内転勤,2
,,,,,,33：家族滞在,1
,,,,,中国,08：高度専門職１号ロ,2
,,,,,,16：技術・人文知識・国際業務,6
,,,,,,17：企業内転勤,2
,,,,,,21：特定技能１号,4
,,,,,,35：永住者,3
,,,,,トルコ,38：定住者,1
,,,,,ネパール,16：技術・人文知識・国際業務,8
,,,,,,31：留学,5
,,,,,パキスタン,11：経営・管理,1
,,,,,,16：技術・人文知識・国際業務,1
,,,,,バングラデシュ,16：技術・人文知識・国際業務,1
,,,,,フィリピン,15：教育,1
,,,,,,16：技術・人文知識・国際業務,4
,,,,,,17：企業内転勤,3
,,,,,,21：特定技能１号,3
,,,,,,24：技能実習１号ロ,1
,,,,,,26：技能実習２号ロ,8
,,,,,,35：永住者,2
,,,,,ベトナム,11：経営・管理,1
,,,,,,16：技術・人文知識・国際業務,16
,,,,,,21：特定技能１号,16
,,,,,,22：特定技能２号,1
,,,,,,24：技能実習１号ロ,4
,,,,,,26：技能実習２号ロ,7
,,,,,,31：留学,2
,,,,,,34：特定活動,2
,,,,,,35：永住者,1
,,,,,,36：日本人の配偶者等,1
,,,,,ミャンマー,16：技術・人文知識・国際業務,2
,,,,,,21：特定技能１号,1
,,,,,,24：技能実習１号ロ,2
,,,,,,34：特定活動,2
,,,,,英国,15：教育,1
,,,,,,16：技術・人文知識・国際業務,1
,,,,,ドイツ,15：教育,1
,,,,,フィンランド,03：教授,1
,,,,,フランス,16：技術・人文知識・国際業務,2
,,,,,ジブチ,31：留学,1
,,,,,南アフリカ共和国,15：教育,2
,,,,,カナダ,15：教育,1
,,,,,米国,16：技術・人文知識・国際業務,2
,,,,,コロンビア,36：日本人の配偶者等,1
,,,,2:女,アフガニスタン,33：家族滞在,1
,,,,,インドネシア,21：特定技能１号,2
,,,,,,31：留学,1
,,,,,韓国,33：家族滞在,1
,,,,,,35：永住者,1
,,,,,カンボジア,21：特定技能１号,6
,,,,,,26：技能実習２号ロ,1
,,,,,シンガポール,15：教育,1
,,,,,タイ,16：技術・人文知識・国際業務,1
,,,,,,21：特定技能１号,2
,,,,,,35：永住者,1
,,,,,,36：日本人の配偶者等,1
,,,,,台湾,16：技術・人文知識・国際業務,5
,,,,,,17：企業内転勤,1
,,,,,,33：家族滞在,5
,,,,,,36：日本人の配偶者等,2
,,,,,中国,07：高度専門職１号イ,1
,,,,,,08：高度専門職１号ロ,1
,,,,,,16：技術・人文知識・国際業務,2
,,,,,,21：特定技能１号,2
,,,,,,29：文化活動,1
,,,,,,31：留学,1
,,,,,,33：家族滞在,2
,,,,,,35：永住者,6
,,,,,,36：日本人の配偶者等,2
,,,,,,38：定住者,1
,,,,,ネパール,16：技術・人文知識・国際業務,3
,,,,,,31：留学,1
,,,,,,33：家族滞在,2
,,,,,パキスタン,33：家族滞在,1
,,,,,フィリピン,16：技術・人文知識・国際業務,1
,,,,,,21：特定技能１号,5
,,,,,,35：永住者,1
,,,,,ベトナム,16：技術・人文知識・国際業務,5
,,,,,,18：介護,1
,,,,,,21：特定技能１号,7
,,,,,,24：技能実習１号ロ,3
,,,,,,26：技能実習２号ロ,2
,,,,,,33：家族滞在,10
,,,,,,35：永住者,2
,,,,,,36：日本人の配偶者等,1
,,,,,ミャンマー,16：技術・人文知識・国際業務,4
,,,,,,21：特定技能１号,8
,,,,,,24：技能実習１号ロ,2
,,,,,,26：技能実習２号ロ,1
,,,,,,33：家族滞在,1
,,,,,,34：特定活動,1
,,,,,,36：日本人の配偶者等,1
,,,,,英国,16：技術・人文知識・国際業務,1
,,,,,,33：家族滞在,1
,,,,,,36：日本人の配偶者等,1
,,,,,リトアニア,16：技術・人文知識・国際業務,1
,,,,,カナダ,15：教育,1
,,,,,米国,15：教育,4
,,,,,メキシコ,36：日本人の配偶者等,1
,,,,,ブラジル,35：永住者,1
,,,08_35～39歳,1:男,インド,26：技能実習２号ロ,2
,,,,,インドネシア,31：留学,1
,,,,,韓国,16：技術・人文知識・国際業務,1
,,,,,,17：企業内転勤,1
,,,,,,21：特定技能１号,1
,,,,,,35：永住者,1
,,,,,,36：日本人の配偶者等,1
,,,,,,39：特別永住者,2
,,,,,カンボジア,26：技能実習２号ロ,1
,,,,,スリランカ,16：技術・人文知識・国際業務,3
,,,,,,36：日本人の配偶者等,1
,,,,,台湾,08：高度専門職１号ロ,4
,,,,,,16：技術・人文知識・国際業務,4
,,,,,,17：企業内転勤,2
,,,,,,35：永住者,1
,,,,,,36：日本人の配偶者等,1
,,,,,中国,16：技術・人文知識・国際業務,8
,,,,,,17：企業内転勤,1
,,,,,,21：特定技能１号,2
,,,,,,24：技能実習１号ロ,1
,,,,,,33：家族滞在,1
,,,,,,35：永住者,8
,,,,,,36：日本人の配偶者等,2
,,,,,ネパール,16：技術・人文知識・国際業務,2
,,,,,,20：技能,3
,,,,,,35：永住者,1
,,,,,,36：日本人の配偶者等,1
,,,,,パキスタン,16：技術・人文知識・国際業務,2
,,,,,フィリピン,16：技術・人文知識・国際業務,2
,,,,,,17：企業内転勤,6
,,,,,,21：特定技能１号,5
,,,,,,26：技能実習２号ロ,2
,,,,,,27：技能実習３号イ,1
,,,,,,28：技能実習３号ロ,2
,,,,,,38：定住者,1
,,,,,ベトナム,16：技術・人文知識・国際業務,5
,,,,,,21：特定技能１号,6
,,,,,,24：技能実習１号ロ,1
,,,,,,26：技能実習２号ロ,2
,,,,,,28：技能実習３号ロ,1
,,,,,,33：家族滞在,1
,,,,,,35：永住者,1
,,,,,ミャンマー,26：技能実習２号ロ,1
,,,,,英国,16：技術・人文知識・国際業務,2
,,,,,ドイツ,36：日本人の配偶者等,2
,,,,,フランス,16：技術・人文知識・国際業務,1
,,,,,ベルギー,35：永住者,1
,,,,,ロシア,31：留学,1
,,,,,ガーナ,31：留学,1
,,,,,南アフリカ共和国,35：永住者,1
,,,,,カナダ,35：永住者,1
,,,,,,36：日本人の配偶者等,1
,,,,,トリニダード・トバゴ,16：技術・人文知識・国際業務,1
,,,,,米国,11：経営・管理,1
,,,,,,15：教育,2
,,,,,,16：技術・人文知識・国際業務,2
,,,,,,36：日本人の配偶者等,2
,,,,,メキシコ,15：教育,1
,,,,,,33：家族滞在,1
,,,,2:女,インドネシア,21：特定技能１号,2
,,,,,韓国,35：永住者,2
,,,,,,36：日本人の配偶者等,1
,,,,,カンボジア,21：特定技能１号,3
,,,,,,34：特定活動,1
,,,,,スリランカ,33：家族滞在,1
,,,,,タイ,36：日本人の配偶者等,1
,,,,,台湾,08：高度専門職１号ロ,1
,,,,,,16：技術・人文知識・国際業務,2
,,,,,,17：企業内転勤,1
,,,,,,33：家族滞在,4
,,,,,,35：永住者,1
,,,,,中国,11：経営・管理,1
,,,,,,15：教育,1
,,,,,,16：技術・人文知識・国際業務,4
,,,,,,21：特定技能１号,2
,,,,,,33：家族滞在,3
,,,,,,35：永住者,19
,,,,,,36：日本人の配偶者等,4
,,,,,,37：永住者の配偶者等,1
,,,,,ネパール,21：特定技能１号,1
,,,,,,35：永住者,2
,,,,,フィリピン,15：教育,1
,,,,,,16：技術・人文知識・国際業務,1
,,,,,,21：特定技能１号,3
,,,,,,34：特定活動,1
,,,,,,35：永住者,2
,,,,,,38：定住者,3
,,,,,ベトナム,16：技術・人文知識・国際業務,1
,,,,,,21：特定技能１号,7
,,,,,,24：技能実習１号ロ,4
,,,,,,26：技能実習２号ロ,1
,,,,,,28：技能実習３号ロ,1
,,,,,,33：家族滞在,2
,,,,,,35：永住者,2
,,,,,ミャンマー,16：技術・人文知識・国際業務,1
,,,,,,26：技能実習２号ロ,1
,,,,,エジプト,33：家族滞在,1
,,,,,ガーナ,31：留学,1
,,,,,,33：家族滞在,1
,,,,,モロッコ,36：日本人の配偶者等,1
,,,,,ジャマイカ,15：教育,1
,,,,,米国,16：技術・人文知識・国際業務,1
,,,,,メキシコ,35：永住者,1
,,,,,アルゼンチン,15：教育,1
,,,09_40～44歳,1:男,インドネシア,33：家族滞在,1
,,,,,韓国,16：技術・人文知識・国際業務,1
,,,,,,35：永住者,3
,,,,,,36：日本人の配偶者等,2
,,,,,,39：特別永住者,1
,,,,,シンガポール,35：永住者,1
,,,,,スリランカ,16：技術・人文知識・国際業務,1
,,,,,,35：永住者,1
,,,,,台湾,08：高度専門職１号ロ,9
,,,,,,11：経営・管理,1
,,,,,,16：技術・人文知識・国際業務,6
,,,,,,17：企業内転勤,2
,,,,,,35：永住者,4
,,,,,,36：日本人の配偶者等,1
,,,,,中国,10：高度専門職２号,1
,,,,,,11：経営・管理,1
,,,,,,16：技術・人文知識・国際業務,2
,,,,,,26：技能実習２号ロ,1
,,,,,,33：家族滞在,1
,,,,,,35：永住者,12
,,,,,ネパール,33：家族滞在,1
,,,,,,35：永住者,2
,,,,,パキスタン,16：技術・人文知識・国際業務,1
,,,,,フィリピン,21：特定技能１号,2
,,,,,,35：永住者,2
,,,,,ベトナム,16：技術・人文知識・国際業務,1
,,,,,,26：技能実習２号ロ,2
,,,,,イタリア,36：日本人の配偶者等,2
,,,,,コソボ共和国,35：永住者,1
,,,,,ルーマニア,35：永住者,1
,,,,,エジプト,07：高度専門職１号イ,1
,,,,,ガーナ,31：留学,1
,,,,,コートジボワール,31：留学,1
,,,,,ナイジェリア,35：永住者,1
,,,,,モロッコ,35：永住者,1
,,,,,米国,35：永住者,2
,,,,,,36：日本人の配偶者等,1
,,,,,ベネズエラ,36：日本人の配偶者等,1
,,,,,オーストラリア,36：日本人の配偶者等,1
,,,,,ニュージーランド,36：日本人の配偶者等,1
,,,,2:女,イラン,15：教育,1
,,,,,インドネシア,31：留学,2
,,,,,韓国,03：教授,1
,,,,,,33：家族滞在,1
,,,,,,35：永住者,2
,,,,,,39：特別永住者,4
,,,,,カンボジア,36：日本人の配偶者等,1
,,,,,シンガポール,36：日本人の配偶者等,1
,,,,,スリランカ,33：家族滞在,1
,,,,,,35：永住者,1
,,,,,台湾,08：高度専門職１号ロ,1
,,,,,,16：技術・人文知識・国際業務,3
,,,,,,17：企業内転勤,5
,,,,,,33：家族滞在,14
,,,,,,35：永住者,5
,,,,,,36：日本人の配偶者等,1
,,,,,中国,16：技術・人文知識・国際業務,1
,,,,,,24：技能実習１号ロ,1
,,,,,,35：永住者,18
,,,,,,36：日本人の配偶者等,6
,,,,,,37：永住者の配偶者等,2
,,,,,ネパール,35：永住者,1
,,,,,フィリピン,26：技能実習２号ロ,1
,,,,,,35：永住者,8
,,,,,,36：日本人の配偶者等,2
,,,,,,37：永住者の配偶者等,1
,,,,,ベトナム,16：技術・人文知識・国際業務,1
,,,,,,21：特定技能１号,1
,,,,,,24：技能実習１号ロ,1
,,,,,,35：永住者,2
,,,,,,36：日本人の配偶者等,3
,,,,,アイルランド,35：永住者,1
,,,,,ルーマニア,35：永住者,2
,,,,,コートジボワール,33：家族滞在,1
,,,,,米国,36：日本人の配偶者等,2
,,,10_45～49歳,1:男,インドネシア,33：家族滞在,1
,,,,,,35：永住者,1
,,,,,韓国,17：企業内転勤,1
,,,,,,39：特別永住者,1
,,,,,台湾,08：高度専門職１号ロ,6
,,,,,,11：経営・管理,1
,,,,,,16：技術・人文知識・国際業務,5
,,,,,,17：企業内転勤,2
,,,,,,35：永住者,1
,,,,,,36：日本人の配偶者等,1
,,,,,中国,16：技術・人文知識・国際業務,4
,,,,,,20：技能,1
,,,,,,33：家族滞在,1
,,,,,,35：永住者,10
,,,,,フィリピン,21：特定技能１号,1
,,,,,,33：家族滞在,1
,,,,,,35：永住者,1
,,,,,英国,15：教育,1
,,,,,,35：永住者,1
,,,,,ドイツ,35：永住者,1
,,,,,フランス,36：日本人の配偶者等,1
,,,,,ナイジェリア,35：永住者,1
,,,,,カナダ,35：永住者,1
,,,,,米国,35：永住者,1
,,,,,ニュージーランド,35：永住者,1
,,,,2:女,韓国,35：永住者,1
,,,,,,36：日本人の配偶者等,1
,,,,,シンガポール,35：永住者,1
,,,,,タイ,36：日本人の配偶者等,1
,,,,,台湾,16：技術・人文知識・国際業務,1
,,,,,,33：家族滞在,6
,,,,,,35：永住者,1
,,,,,,36：日本人の配偶者等,1
,,,,,中国,10：高度専門職２号,1
,,,,,,21：特定技能１号,1
,,,,,,33：家族滞在,2
,,,,,,35：永住者,15
,,,,,,36：日本人の配偶者等,1
,,,,,ネパール,35：永住者,1
,,,,,パキスタン,33：家族滞在,1
,,,,,フィリピン,15：教育,1
,,,,,,34：特定活動,1
,,,,,,35：永住者,16
,,,,,,36：日本人の配偶者等,1
,,,,,,37：永住者の配偶者等,1
,,,,,,38：定住者,1
,,,,,マレーシア,35：永住者,1
,,,,,ルーマニア,35：永住者,1
,,,,,ロシア,36：日本人の配偶者等,1
,,,,,米国,15：教育,1
,,,,,,35：永住者,1
,,,,,ブラジル,35：永住者,1
,,,11_50～54歳,1:男,韓国,35：永住者,5
,,,,,,36：日本人の配偶者等,1
,,,,,,39：特別永住者,1
,,,,,スリランカ,35：永住者,1
,,,,,台湾,08：高度専門職１号ロ,1
,,,,,,11：経営・管理,1
,,,,,,16：技術・人文知識・国際業務,2
,,,,,,17：企業内転勤,1
,,,,,,33：家族滞在,2
,,,,,中国,16：技術・人文知識・国際業務,2
,,,,,,35：永住者,4
,,,,,,36：日本人の配偶者等,1
,,,,,ネパール,35：永住者,1
,,,,,パキスタン,20：技能,1
,,,,,フィリピン,35：永住者,1
,,,,,モルディブ,35：永住者,1
,,,,,スペイン,35：永住者,1
,,,,,ロシア,36：日本人の配偶者等,1
,,,,,米国,35：永住者,1
,,,,,ブラジル,35：永住者,1
,,,,,,36：日本人の配偶者等,1
,,,,2:女,インドネシア,35：永住者,1
,,,,,,36：日本人の配偶者等,2
,,,,,韓国,35：永住者,4
,,,,,,36：日本人の配偶者等,1
,,,,,,39：特別永住者,3
,,,,,（朝鮮）,39：特別永住者,2
,,,,,タイ,35：永住者,1
,,,,,台湾,08：高度専門職１号ロ,1
,,,,,,16：技術・人文知識・国際業務,1
,,,,,,17：企業内転勤,1
,,,,,,33：家族滞在,2
,,,,,,35：永住者,1
,,,,,中国,16：技術・人文知識・国際業務,1
,,,,,,24：技能実習１号ロ,1
,,,,,,35：永住者,9
,,,,,,38：定住者,1
,,,,,フィリピン,28：技能実習３号ロ,1
,,,,,,35：永住者,22
,,,,,,36：日本人の配偶者等,2
,,,,,,38：定住者,2
,,,,,英国,15：教育,1
,,,,,,36：日本人の配偶者等,1
,,,,,ブルガリア,35：永住者,1
,,,,,米国,38：定住者,1
,,,12_55～59歳,1:男,韓国,35：永住者,1
,,,,,,39：特別永住者,1
,,,,,台湾,35：永住者,1
,,,,,中国,35：永住者,6
,,,,,パキスタン,11：経営・管理,1
,,,,,イタリア,35：永住者,1
,,,,,ドイツ,35：永住者,1
,,,,,米国,35：永住者,5
,,,,,ブラジル,35：永住者,1
,,,,2:女,韓国,35：永住者,4
,,,,,,36：日本人の配偶者等,1
,,,,,,39：特別永住者,2
,,,,,タイ,35：永住者,2
,,,,,台湾,35：永住者,2
,,,,,中国,35：永住者,18
,,,,,,36：日本人の配偶者等,3
,,,,,フィリピン,35：永住者,20
,,,,,,36：日本人の配偶者等,1
,,,,,ルーマニア,35：永住者,1
,,,,,ブラジル,35：永住者,1
,,,13_60～64歳,1:男,韓国,39：特別永住者,5
,,,,,台湾,35：永住者,1
,,,,,中国,16：技術・人文知識・国際業務,1
,,,,,,35：永住者,2
,,,,,,36：日本人の配偶者等,1
,,,,,ネパール,20：技能,1
,,,,,英国,35：永住者,2
,,,,,ドイツ,35：永住者,1
,,,,,カナダ,35：永住者,1
,,,,,米国,35：永住者,1
,,,,,,36：日本人の配偶者等,1
,,,,,,38：定住者,2
,,,,2:女,韓国,35：永住者,3
,,,,,,39：特別永住者,1
,,,,,タイ,35：永住者,1
,,,,,台湾,35：永住者,1
,,,,,中国,35：永住者,9
,,,,,フィリピン,35：永住者,9
,,,,,マレーシア,35：永住者,2
,,,,,米国,35：永住者,1
,,,,,,36：日本人の配偶者等,1
,,,14_65～69歳,1:男,イスラエル,35：永住者,1
,,,,,韓国,35：永住者,1
,,,,,,39：特別永住者,2
,,,,,（朝鮮）,39：特別永住者,2
,,,,,中国,35：永住者,11
,,,,,米国,35：永住者,6
,,,,,,36：日本人の配偶者等,1
,,,,,オーストラリア,36：日本人の配偶者等,1
,,,,2:女,韓国,35：永住者,2
,,,,,,39：特別永住者,3
,,,,,タイ,35：永住者,1
,,,,,中国,35：永住者,8
,,,,,,36：日本人の配偶者等,1
,,,,,フィリピン,35：永住者,4
,,,,,,38：定住者,1
,,,,,米国,35：永住者,1
,,,15_70～74歳,1:男,韓国,39：特別永住者,3
,,,,,中国,35：永住者,9
,,,,,,38：定住者,1
,,,,,米国,36：日本人の配偶者等,2
,,,,2:女,韓国,35：永住者,1
,,,,,,39：特別永住者,2
,,,,,中国,35：永住者,3
,,,,,フィリピン,35：永住者,1
,,,,,ブラジル,35：永住者,1
,,,16_75～79歳,1:男,（朝鮮）,39：特別永住者,2
,,,,,台湾,39：特別永住者,1
,,,,,中国,35：永住者,2
,,,,,米国,35：永住者,1
,,,,2:女,韓国,35：永住者,2
,,,,,（朝鮮）,39：特別永住者,1
,,,,,中国,35：永住者,7
,,,,,ルーマニア,34：特定活動,1
,,,17_80歳以上,1:男,韓国,39：特別永住者,1
,,,,,（朝鮮）,39：特別永住者,1
,,,,,中国,35：永住者,2
,,,,2:女,韓国,39：特別永住者,2
,,,,,（朝鮮）,39：特別永住者,1
,,,,,中国,35：永住者,3
,,,,,カナダ,35：永住者,1
,,,,,米国,35：永住者,1
43103.0,43：熊本県,熊本市西区,01_０～４歳,1:男,中国,35：永住者,2
,,,,,,37：永住者の配偶者等,3
,,,,,ネパール,33：家族滞在,2
,,,,,バングラデシュ,33：家族滞在,1
,,,,,フィリピン,37：永住者の配偶者等,1
,,,,,エジプト,33：家族滞在,1
,,,,,ガーナ,33：家族滞在,2
,,,,2:女,スリランカ,33：家族滞在,1
,,,,,台湾,33：家族滞在,1
,,,,,中国,33：家族滞在,2
,,,,,,35：永住者,1
,,,,,,37：永住者の配偶者等,1
,,,,,ネパール,33：家族滞在,2
,,,,,ベトナム,33：家族滞在,2
,,,,,ウズベキスタン,33：家族滞在,1
,,,,,エジプト,33：家族滞在,1
,,,02_５～９歳,1:男,中国,33：家族滞在,3
,,,,,,35：永住者,1
,,,,,,37：永住者の配偶者等,3
,,,,,ネパール,33：家族滞在,1
,,,,,,35：永住者,1
,,,,,ウズベキスタン,33：家族滞在,1
,,,,,ガーナ,33：家族滞在,1
,,,,2:女,韓国,33：家族滞在,1
,,,,,スリランカ,33：家族滞在,2
,,,,,中国,33：家族滞在,1
,,,,,,35：永住者,6
,,,,,,37：永住者の配偶者等,1
,,,,,バングラデシュ,33：家族滞在,1
,,,,,ウズベキスタン,33：家族滞在,1
,,,03_10～14歳,1:男,中国,35：永住者,5
,,,,2:女,スリランカ,33：家族滞在,1
,,,,,中国,35：永住者,4
,,,,,フィリピン,38：定住者,1
,,,,,米国,33：家族滞在,1
,,,04_15～19歳,1:男,インドネシア,21：特定技能１号,1
,,,,,,24：技能実習１号ロ,2
,,,,,韓国,35：永住者,1
,,,,,中国,31：留学,2
,,,,,,33：家族滞在,1
,,,,,,35：永住者,5
,,,,,,38：定住者,1
,,,,,ネパール,31：留学,3
,,,,,フィリピン,38：定住者,1
,,,,,ベトナム,31：留学,1
,,,,2:女,インドネシア,21：特定技能１号,1
,,,,,韓国,35：永住者,1
,,,,,中国,31：留学,1
,,,,,,35：永住者,1
,,,,,フィリピン,31：留学,1
,,,,,,36：日本人の配偶者等,1
,,,,,ベトナム,24：技能実習１号ロ,8
,,,,,,26：技能実習２号ロ,3
,,,,,,31：留学,1
,,,,,米国,36：日本人の配偶者等,1
,,,05_20～24歳,1:男,インドネシア,21：特定技能１号,9
,,,,,,24：技能実習１号ロ,3
,,,,,,26：技能実習２号ロ,9
,,,,,,31：留学,1
,,,,,,34：特定活動,3
,,,,,カンボジア,21：特定技能１号,1
,,,,,,26：技能実習２号ロ,3
,,,,,タイ,24：技能実習１号ロ,2
,,,,,,26：技能実習２号ロ,1
,,,,,台湾,16：技術・人文知識・国際業務,1
,,,,,中国,31：留学,19
,,,,,,35：永住者,3
,,,,,ネパール,21：特定技能１号,1
,,,,,,31：留学,14
,,,,,バングラデシュ,24：技能実習１号ロ,1
,,,,,,26：技能実習２号ロ,1
,,,,,フィリピン,24：技能実習１号ロ,1
,,,,,,35：永住者,1
,,,,,,36：日本人の配偶者等,1
,,,,,ベトナム,16：技術・人文知識・国際業務,1
,,,,,,21：特定技能１号,10
,,,,,,24：技能実習１号ロ,3
,,,,,,26：技能実習２号ロ,21
,,,,,,31：留学,2
,,,,,,34：特定活動,2
,,,,,マレーシア,31：留学,2
,,,,,ミャンマー,21：特定技能１号,15
,,,,,,24：技能実習１号ロ,3
,,,,,,26：技能実習２号ロ,1
,,,,,ハンガリー,34：特定活動,1
,,,,2:女,インド,16：技術・人文知識・国際業務,1
,,,,,インドネシア,21：特定技能１号,19
,,,,,,24：技能実習１号ロ,6
,,,,,,26：技能実習２号ロ,6
,,,,,韓国,05：宗教,2
,,,,,,16：技術・人文知識・国際業務,1
,,,,,,31：留学,3
,,,,,カンボジア,21：特定技能１号,1
,,,,,,24：技能実習１号ロ,1
,,,,,,26：技能実習２号ロ,3
,,,,,タイ,24：技能実習１号ロ,3
,,,,,,26：技能実習２号ロ,4
,,,,,台湾,34：特定活動,1
,,,,,中国,31：留学,5
,,,,,,35：永住者,4
,,,,,ネパール,31：留学,2
,,,,,,33：家族滞在,1
,,,,,バングラデシュ,33：家族滞在,1
,,,,,フィリピン,21：特定技能１号,3
,,,,,,31：留学,1
,,,,,,38：定住者,1
,,,,,ベトナム,21：特定技能１号,11
,,,,,,24：技能実習１号ロ,9
,,,,,,26：技能実習２号ロ,32
,,,,,,31：留学,1
,,,,,,33：家族滞在,1
,,,,,,34：特定活動,1
,,,,,マレーシア,31：留学,2
,,,,,,34：特定活動,1
,,,,,ミャンマー,21：特定技能１号,11
,,,,,,24：技能実習１号ロ,13
,,,,,,26：技能実習２号ロ,5
,,,,,,31：留学,1
,,,06_25～29歳,1:男,インド,16：技術・人文知識・国際業務,1
,,,,,インドネシア,16：技術・人文知識・国際業務,1
,,,,,,21：特定技能１号,8
,,,,,,26：技能実習２号ロ,4
,,,,,,34：特定活動,1
,,,,,韓国,16：技術・人文知識・国際業務,4
,,,,,,34：特定活動,1
,,,,,,35：永住者,1
,,,,,カンボジア,21：特定技能１号,1
,,,,,,26：技能実習２号ロ,2
,,,,,シンガポール,15：教育,1
,,,,,タイ,21：特定技能１号,1
,,,,,,26：技能実習２号ロ,1
,,,,,台湾,16：技術・人文知識・国際業務,2
,,,,,,17：企業内転勤,1
,,,,,中国,08：高度専門職１号ロ,1
,,,,,,16：技術・人文知識・国際業務,2
,,,,,,31：留学,6
,,,,,,34：特定活動,1
,,,,,,35：永住者,2
,,,,,,37：永住者の配偶者等,1
,,,,,ネパール,16：技術・人文知識・国際業務,2
,,,,,,31：留学,5
,,,,,バングラデシュ,18：介護,1
,,,,,,24：技能実習１号ロ,2
,,,,,,26：技能実習２号ロ,1
,,,,,フィリピン,21：特定技能１号,4
,,,,,,24：技能実習１号ロ,4
,,,,,,26：技能実習２号ロ,5
,,,,,ベトナム,11：経営・管理,1
,,,,,,16：技術・人文知識・国際業務,4
,,,,,,21：特定技能１号,29
,,,,,,24：技能実習１号ロ,5
,,,,,,26：技能実習２号ロ,7
,,,,,,34：特定活動,2
,,,,,ミャンマー,24：技能実習１号ロ,1
,,,,,,34：特定活動,1
,,,,,英国,15：教育,1
,,,,,,16：技術・人文知識・国際業務,1
,,,,,カナダ,15：教育,1
,,,,2:女,インドネシア,21：特定技能１号,2
,,,,,,24：技能実習１号ロ,1
,,,,,,26：技能実習２号ロ,2
,,,,,,34：特定活動,1
,,,,,カンボジア,21：特定技能１号,4
,,,,,スリランカ,21：特定技能１号,2
,,,,,,31：留学,1
,,,,,,33：家族滞在,1
,,,,,タイ,21：特定技能１号,2
,,,,,,26：技能実習２号ロ,4
,,,,,台湾,16：技術・人文知識・国際業務,1
,,,,,,17：企業内転勤,1
,,,,,,33：家族滞在,1
,,,,,中国,16：技術・人文知識・国際業務,1
,,,,,,35：永住者,4
,,,,,ネパール,16：技術・人文知識・国際業務,1
,,,,,,33：家族滞在,2
,,,,,フィリピン,21：特定技能１号,3
,,,,,,31：留学,1
,,,,,,36：日本人の配偶者等,1
,,,,,ベトナム,16：技術・人文知識・国際業務,1
,,,,,,21：特定技能１号,28
,,,,,,24：技能実習１号ロ,5
,,,,,,26：技能実習２号ロ,6
,,,,,,33：家族滞在,1
,,,,,ミャンマー,21：特定技能１号,13
,,,,,,24：技能実習１号ロ,5
,,,,,,26：技能実習２号ロ,5
,,,,,,34：特定活動,1
,,,,,ウズベキスタン,33：家族滞在,1
,,,,,フランス,36：日本人の配偶者等,1
,,,,,ロシア,31：留学,1
,,,,,ガーナ,33：家族滞在,3
,,,,,ジャマイカ,15：教育,1
,,,,,米国,15：教育,1
,,,,,,16：技術・人文知識・国際業務,1
,,,,,ニュージーランド,15：教育,1
,,,07_30～34歳,1:男,インド,16：技術・人文知識・国際業務,1
,,,,,,20：技能,1
,,,,,インドネシア,21：特定技能１号,7
,,,,,,26：技能実習２号ロ,2
,,,,,韓国,16：技術・人文知識・国際業務,3
,,,,,,36：日本人の配偶者等,3
,,,,,スリランカ,16：技術・人文知識・国際業務,1
,,,,,,20：技能,1
,,,,,,31：留学,1
,,,,,タイ,16：技術・人文知識・国際業務,1
,,,,,台湾,08：高度専門職１号ロ,3
,,,,,,16：技術・人文知識・国際業務,3
,,,,,中国,13：医療,1
,,,,,,16：技術・人文知識・国際業務,6
,,,,,,21：特定技能１号,1
,,,,,,24：技能実習１号ロ,1
,,,,,,31：留学,2
,,,,,,35：永住者,3
,,,,,,36：日本人の配偶者等,1
,,,,,,37：永住者の配偶者等,1
,,,,,ネパール,16：技術・人文知識・国際業務,4
,,,,,,31：留学,1
,,,,,,33：家族滞在,3
,,,,,,35：永住者,2
,,,,,フィリピン,21：特定技能１号,3
,,,,,,26：技能実習２号ロ,4
,,,,,,35：永住者,1
,,,,,ベトナム,16：技術・人文知識・国際業務,3
,,,,,,21：特定技能１号,14
,,,,,,26：技能実習２号ロ,2
,,,,,,34：特定活動,3
,,,,,,35：永住者,1
,,,,,ミャンマー,16：技術・人文知識・国際業務,1
,,,,,,34：特定活動,1
,,,,,アイルランド,36：日本人の配偶者等,1
,,,,,イタリア,16：技術・人文知識・国際業務,1
,,,,,英国,16：技術・人文知識・国際業務,1
,,,,,ハンガリー,34：特定活動,1
,,,,,ロシア,16：技術・人文知識・国際業務,1
,,,,,ガーナ,31：留学,2
,,,,,南アフリカ共和国,16：技術・人文知識・国際業務,1
,,,,,カナダ,16：技術・人文知識・国際業務,2
,,,,,米国,36：日本人の配偶者等,2
,,,,,ブラジル,35：永住者,1
,,,,,ベネズエラ,36：日本人の配偶者等,1
,,,,,ニュージーランド,16：技術・人文知識・国際業務,1
,,,,2:女,韓国,31：留学,1
,,,,,,39：特別永住者,1
,,,,,カンボジア,26：技能実習２号ロ,2
,,,,,スリランカ,33：家族滞在,1
,,,,,タイ,21：特定技能１号,1
,,,,,,28：技能実習３号ロ,1
,,,,,台湾,16：技術・人文知識・国際業務,3
,,,,,,35：永住者,3
,,,,,中国,08：高度専門職１号ロ,1
,,,,,,16：技術・人文知識・国際業務,1
,,,,,,18：介護,1
,,,,,,31：留学,1
,,,,,,35：永住者,6
,,,,,,36：日本人の配偶者等,2
,,,,,,37：永住者の配偶者等,2
,,,,,ネパール,16：技術・人文知識・国際業務,1
,,,,,,18：介護,1
,,,,,,33：家族滞在,3
,,,,,,35：永住者,1
,,,,,フィリピン,33：家族滞在,1
,,,,,,35：永住者,1
,,,,,ベトナム,16：技術・人文知識・国際業務,2
,,,,,,17：企業内転勤,1
,,,,,,21：特定技能１号,16
,,,,,,22：特定技能２号,1
,,,,,,24：技能実習１号ロ,1
,,,,,,26：技能実習２号ロ,5
,,,,,,28：技能実習３号ロ,1
,,,,,,34：特定活動,2
,,,,,,35：永住者,1
,,,,,ミャンマー,21：特定技能１号,4
,,,,,,26：技能実習２号ロ,4
,,,,,ドイツ,31：留学,1
,,,,,米国,03：教授,1
,,,,,,15：教育,1
,,,,,,36：日本人の配偶者等,1
,,,,,ベネズエラ,38：定住者,1
,,,,,オーストラリア,16：技術・人文知識・国際業務,1
,,,08_35～39歳,1:男,インドネシア,16：技術・人文知識・国際業務,1
,,,,,,21：特定技能１号,4
,,,,,,34：特定活動,2
,,,,,韓国,16：技術・人文知識・国際業務,1
,,,,,カンボジア,26：技能実習２号ロ,1
,,,,,スリランカ,11：経営・管理,1
,,,,,台湾,16：技術・人文知識・国際業務,1
,,,,,,35：永住者,1
,,,,,中国,11：経営・管理,1
,,,,,,16：技術・人文知識・国際業務,1
,,,,,,24：技能実習１号ロ,1
,,,,,,35：永住者,8
,,,,,,37：永住者の配偶者等,1
,,,,,ネパール,16：技術・人文知識・国際業務,3
,,,,,,20：技能,1
,,,,,フィリピン,38：定住者,1
,,,,,ベトナム,21：特定技能１号,6
,,,,,,26：技能実習２号ロ,2
,,,,,,34：特定活動,1
,,,,,マレーシア,14：研究,1
,,,,,ウズベキスタン,16：技術・人文知識・国際業務,1
,,,,,スペイン,36：日本人の配偶者等,1
,,,,,フランス,34：特定活動,1
,,,,,ガーナ,03：教授,1
,,,,,,31：留学,2
,,,,,セネガル,36：日本人の配偶者等,1
,,,,,米国,15：教育,1
,,,,2:女,タイ,36：日本人の配偶者等,1
,,,,,台湾,08：高度専門職１号ロ,1
,,,,,,16：技術・人文知識・国際業務,3
,,,,,,33：家族滞在,1
,,,,,中国,16：技術・人文知識・国際業務,1
,,,,,,33：家族滞在,1
,,,,,,35：永住者,8
,,,,,,36：日本人の配偶者等,1
,,,,,,37：永住者の配偶者等,3
,,,,,バングラデシュ,31：留学,1
,,,,,フィリピン,21：特定技能１号,1
,,,,,,36：日本人の配偶者等,2
,,,,,ベトナム,16：技術・人文知識・国際業務,1
,,,,,,18：介護,1
,,,,,,21：特定技能１号,8
,,,,,,26：技能実習２号ロ,6
,,,,,,34：特定活動,1
,,,,,ミャンマー,21：特定技能１号,2
,,,09_40～44歳,1:男,インド,20：技能,1
,,,,,インドネシア,16：技術・人文知識・国際業務,1
,,,,,,21：特定技能１号,1
,,,,,韓国,03：教授,1
,,,,,,35：永住者,2
,,,,,,36：日本人の配偶者等,1
,,,,,スリランカ,20：技能,2
,,,,,,35：永住者,1
,,,,,台湾,08：高度専門職１号ロ,1
,,,,,,16：技術・人文知識・国際業務,1
,,,,,,31：留学,2
,,,,,,35：永住者,1
,,,,,,36：日本人の配偶者等,1
,,,,,中国,11：経営・管理,1
,,,,,,20：技能,1
,,,,,,24：技能実習１号ロ,1
,,,,,,29：文化活動,1
,,,,,,35：永住者,2
,,,,,ネパール,16：技術・人文知識・国際業務,2
,,,,,ベトナム,21：特定技能１号,3
,,,,,,26：技能実習２号ロ,1
,,,,,,33：家族滞在,1
,,,,,英国,35：永住者,1
,,,,,ドイツ,31：留学,1
,,,,,フランス,35：永住者,4
,,,,,カナダ,36：日本人の配偶者等,1
,,,,,米国,16：技術・人文知識・国際業務,1
,,,,,,35：永住者,1
,,,,2:女,韓国,33：家族滞在,1
,,,,,,35：永住者,1
,,,,,,36：日本人の配偶者等,1
,,,,,台湾,35：永住者,1
,,,,,,36：日本人の配偶者等,1
,,,,,中国,16：技術・人文知識・国際業務,1
,,,,,,33：家族滞在,1
,,,,,,35：永住者,7
,,,,,,36：日本人の配偶者等,1
,,,,,フィリピン,35：永住者,5
,,,,,,36：日本人の配偶者等,1
,,,,,ベトナム,17：企業内転勤,1
,,,,,,18：介護,1
,,,,,,21：特定技能１号,4
,,,,,ミャンマー,21：特定技能１号,1
,,,,,ルーマニア,35：永住者,1
,,,,,エジプト,33：家族滞在,1
,,,,,カナダ,35：永住者,1
,,,,,米国,15：教育,1
,,,10_45～49歳,1:男,韓国,35：永住者,2
,,,,,,36：日本人の配偶者等,1
,,,,,台湾,08：高度専門職１号ロ,1
,,,,,,16：技術・人文知識・国際業務,1
,,,,,,17：企業内転勤,1
,,,,,,35：永住者,1
,,,,,中国,16：技術・人文知識・国際業務,1
,,,,,,20：技能,1
,,,,,,35：永住者,5
,,,,,,37：永住者の配偶者等,3
,,,,,英国,35：永住者,2
,,,,,フィンランド,36：日本人の配偶者等,1
,,,,,エジプト,07：高度専門職１号イ,1
,,,,,カナダ,35：永住者,1
,,,,,米国,03：教授,1
,,,,,,35：永住者,2
,,,,,,36：日本人の配偶者等,1
,,,,2:女,韓国,35：永住者,1
,,,,,,39：特別永住者,2
,,,,,スリランカ,33：家族滞在,1
,,,,,台湾,16：技術・人文知識・国際業務,1
,,,,,,36：日本人の配偶者等,1
,,,,,中国,21：特定技能１号,1
,,,,,,33：家族滞在,1
,,,,,,35：永住者,9
,,,,,,36：日本人の配偶者等,3
,,,,,,37：永住者の配偶者等,1
,,,,,フィリピン,35：永住者,3
,,,,,,36：日本人の配偶者等,3
,,,,,ベトナム,05：宗教,1
,,,11_50～54歳,1:男,スリランカ,11：経営・管理,1
,,,,,中国,16：技術・人文知識・国際業務,1
,,,,,,35：永住者,5
,,,,,マレーシア,35：永住者,1
,,,,,英国,35：永住者,2
,,,,,オランダ,35：永住者,1
,,,,,フランス,36：日本人の配偶者等,1
,,,,,ケニア,38：定住者,1
,,,,,カナダ,35：永住者,1
,,,,,オーストラリア,35：永住者,1
,,,,2:女,韓国,35：永住者,2
,,,,,中国,35：永住者,17
,,,,,,36：日本人の配偶者等,1
,,,,,,37：永住者の配偶者等,1
,,,,,フィリピン,35：永住者,11
,,,12_55～59歳,1:男,韓国,35：永住者,1
,,,,,,39：特別永住者,1
,,,,,台湾,08：高度専門職１号ロ,1
,,,,,,17：企業内転勤,1
,,,,,中国,35：永住者,7
,,,,,英国,35：永住者,1
,,,,,ナイジェリア,35：永住者,1
,,,,,カナダ,35：永住者,1
,,,,,,36：日本人の配偶者等,1
,,,,,米国,35：永住者,1
,,,,,,36：日本人の配偶者等,1
,,,,2:女,韓国,35：永住者,1
,,,,,中国,35：永住者,10
,,,,,,37：永住者の配偶者等,1
,,,,,フィリピン,35：永住者,6
,,,,,米国,35：永住者,1
,,,13_60～64歳,1:男,中国,11：経営・管理,1
,,,,,,35：永住者,5
,,,,,米国,35：永住者,3
,,,,2:女,韓国,35：永住者,2
,,,,,,39：特別永住者,2
,,,,,台湾,35：永住者,2
,,,,,中国,33：家族滞在,1
,,,,,,35：永住者,4
,,,,,,36：日本人の配偶者等,1
,,,,,フィリピン,35：永住者,5
,,,,,,36：日本人の配偶者等,1
,,,,,フィンランド,35：永住者,1
,,,,,メキシコ,38：定住者,1
,,,14_65～69歳,1:男,韓国,39：特別永住者,2
,,,,,イタリア,05：宗教,1
,,,,,米国,35：永住者,1
,,,,2:女,韓国,35：永住者,2
,,,,,,38：定住者,1
,,,,,,39：特別永住者,2
,,,,,中国,35：永住者,1
,,,15_70～74歳,1:男,韓国,39：特別永住者,3
,,,,,中国,35：永住者,1
,,,,,カナダ,35：永住者,1
,,,,,米国,35：永住者,1
,,,,2:女,韓国,35：永住者,1
,,,,,,39：特別永住者,1
,,,,,ミャンマー,36：日本人の配偶者等,1
,,,,,米国,35：永住者,1
,,,16_75～79歳,1:男,韓国,39：特別永住者,4
,,,,,中国,35：永住者,3
,,,,,フィリピン,35：永住者,1
,,,,,アイルランド,35：永住者,1
,,,,,無国籍,35：永住者,1
,,,,2:女,韓国,35：永住者,2
,,,,,（朝鮮）,39：特別永住者,1
,,,,,中国,35：永住者,2
,,,,,フィリピン,35：永住者,1
,,,17_80歳以上,1:男,韓国,39：特別永住者,2
,,,,2:女,韓国,39：特別永住者,2
,,,,,中国,35：永住者,1
,,,,,米国,36：日本人の配偶者等,1
43104.0,43：熊本県,熊本市南区,01_０～４歳,1:男,中国,33：家族滞在,1
,,,,,,35：永住者,1
,,,,,ネパール,33：家族滞在,2
,,,,,パキスタン,33：家族滞在,1
,,,,,フィリピン,38：定住者,1
,,,,,ベトナム,33：家族滞在,1
,,,,,,34：特定活動,2
,,,,,ミャンマー,33：家族滞在,1
,,,,,スーダン,38：定住者,1
,,,,2:女,韓国,39：特別永住者,1
,,,,,スリランカ,33：家族滞在,1
,,,,,中国,33：家族滞在,2
,,,,,ネパール,33：家族滞在,1
,,,,,パキスタン,33：家族滞在,2
,,,,,バングラデシュ,33：家族滞在,1
,,,,,ベトナム,33：家族滞在,4
,,,02_５～９歳,1:男,韓国,39：特別永住者,1
,,,,,中国,33：家族滞在,1
,,,,,,35：永住者,2
,,,,,,38：定住者,2
,,,,,パキスタン,31：留学,1
,,,,,フィリピン,33：家族滞在,1
,,,,,,38：定住者,1
,,,,,ベトナム,38：定住者,1
,,,,,スーダン,35：永住者,1
,,,,2:女,韓国,39：特別永住者,1
,,,,,中国,38：定住者,1
,,,03_10～14歳,1:男,中国,33：家族滞在,1
,,,,,,35：永住者,3
,,,,,ネパール,33：家族滞在,1
,,,,,スーダン,35：永住者,1
,,,,2:女,中国,35：永住者,4
,,,,,パキスタン,31：留学,1
,,,,,フィリピン,38：定住者,1
,,,,,ブラジル,38：定住者,2
,,,04_15～19歳,1:男,インドネシア,24：技能実習１号ロ,10
,,,,,,26：技能実習２号ロ,1
,,,,,カンボジア,24：技能実習１号ロ,1
,,,,,,26：技能実習２号ロ,1
,,,,,中国,31：留学,1
,,,,,,35：永住者,3
,,,,,,38：定住者,3
,,,,,パキスタン,31：留学,3
,,,,,,33：家族滞在,1
,,,,,フィリピン,33：家族滞在,1
,,,,,ベトナム,21：特定技能１号,1
,,,,,,24：技能実習１号ロ,2
,,,,,ミャンマー,24：技能実習１号ロ,1
,,,,,オーストラリア,31：留学,1
,,,,2:女,インドネシア,21：特定技能１号,2
,,,,,,24：技能実習１号ロ,4
,,,,,,26：技能実習２号ロ,1
,,,,,カンボジア,24：技能実習１号ロ,1
,,,,,中国,35：永住者,1
,,,,,ネパール,33：家族滞在,1
,,,,,フィリピン,31：留学,1
,,,,,,33：家族滞在,1
,,,,,,38：定住者,3
,,,,,ミャンマー,24：技能実習１号ロ,2
,,,,,ニュージーランド,31：留学,1
,,,05_20～24歳,1:男,インド,16：技術・人文知識・国際業務,1
,,,,,インドネシア,21：特定技能１号,5
,,,,,,24：技能実習１号ロ,51
,,,,,,26：技能実習２号ロ,47
,,,,,,34：特定活動,3
,,,,,カンボジア,24：技能実習１号ロ,6
,,,,,,26：技能実習２号ロ,3
,,,,,タイ,26：技能実習２号ロ,3
,,,,,台湾,34：特定活動,1
,,,,,中国,16：技術・人文知識・国際業務,1
,,,,,,26：技能実習２号ロ,1
,,,,,,31：留学,4
,,,,,,35：永住者,2
,,,,,,38：定住者,1
,,,,,ネパール,21：特定技能１号,1
,,,,,,33：家族滞在,1
,,,,,パキスタン,16：技術・人文知識・国際業務,2
,,,,,,33：家族滞在,2
,,,,,バングラデシュ,24：技能実習１号ロ,1
,,,,,,31：留学,1
,,,,,フィリピン,24：技能実習１号ロ,3
,,,,,,26：技能実習２号ロ,3
,,,,,,36：日本人の配偶者等,1
,,,,,ベトナム,16：技術・人文知識・国際業務,3
,,,,,,21：特定技能１号,7
,,,,,,24：技能実習１号ロ,12
,,,,,,26：技能実習２号ロ,9
,,,,,,34：特定活動,6
,,,,,ミャンマー,21：特定技能１号,7
,,,,,,24：技能実習１号ロ,3
,,,,,,26：技能実習２号ロ,7
,,,,,,34：特定活動,2
,,,,,ラオス,26：技能実習２号ロ,1
,,,,,米国,15：教育,1
,,,,2:女,インドネシア,21：特定技能１号,15
,,,,,,24：技能実習１号ロ,24
,,,,,,26：技能実習２号ロ,22
,,,,,,34：特定活動,1
,,,,,カンボジア,21：特定技能１号,1
,,,,,,24：技能実習１号ロ,1
,,,,,,26：技能実習２号ロ,6
,,,,,,28：技能実習３号ロ,1
,,,,,,34：特定活動,2
,,,,,スリランカ,21：特定技能１号,1
,,,,,台湾,16：技術・人文知識・国際業務,1
,,,,,中国,35：永住者,3
,,,,,,38：定住者,1
,,,,,パキスタン,33：家族滞在,2
,,,,,バングラデシュ,33：家族滞在,3
,,,,,フィリピン,24：技能実習１号ロ,2
,,,,,,26：技能実習２号ロ,3
,,,,,ベトナム,21：特定技能１号,12
,,,,,,24：技能実習１号ロ,7
,,,,,,26：技能実習２号ロ,13
,,,,,,33：家族滞在,1
,,,,,ミャンマー,21：特定技能１号,11
,,,,,,24：技能実習１号ロ,12
,,,,,,26：技能実習２号ロ,23
,,,,,,33：家族滞在,1
,,,,,,34：特定活動,2
,,,,,米国,15：教育,1
,,,06_25～29歳,1:男,インド,16：技術・人文知識・国際業務,1
,,,,,インドネシア,21：特定技能１号,18
,,,,,,24：技能実習１号ロ,13
,,,,,,26：技能実習２号ロ,22
,,,,,,28：技能実習３号ロ,7
,,,,,,34：特定活動,6
,,,,,,36：日本人の配偶者等,1
,,,,,韓国,13：医療,1
,,,,,,36：日本人の配偶者等,1
,,,,,カンボジア,21：特定技能１号,7
,,,,,,24：技能実習１号ロ,1
,,,,,,26：技能実習２号ロ,13
,,,,,,34：特定活動,1
,,,,,スリランカ,16：技術・人文知識・国際業務,2
,,,,,,21：特定技能１号,2
,,,,,,26：技能実習２号ロ,1
,,,,,タイ,21：特定技能１号,2
,,,,,,26：技能実習２号ロ,1
,,,,,,34：特定活動,2
,,,,,中国,16：技術・人文知識・国際業務,1
,,,,,,21：特定技能１号,2
,,,,,,24：技能実習１号ロ,1
,,,,,,31：留学,1
,,,,,,35：永住者,2
,,,,,,38：定住者,1
,,,,,ネパール,16：技術・人文知識・国際業務,4
,,,,,,18：介護,1
,,,,,,20：技能,3
,,,,,,21：特定技能１号,1
,,,,,パキスタン,11：経営・管理,1
,,,,,,16：技術・人文知識・国際業務,4
,,,,,,31：留学,1
,,,,,,36：日本人の配偶者等,1
,,,,,バングラデシュ,16：技術・人文知識・国際業務,1
,,,,,,24：技能実習１号ロ,1
,,,,,,26：技能実習２号ロ,2
,,,,,,31：留学,1
,,,,,フィリピン,21：特定技能１号,1
,,,,,,24：技能実習１号ロ,6
,,,,,,25：技能実習２号イ,1
,,,,,,26：技能実習２号ロ,4
,,,,,,27：技能実習３号イ,1
,,,,,,28：技能実習３号ロ,1
,,,,,,38：定住者,2
,,,,,ベトナム,16：技術・人文知識・国際業務,11
,,,,,,21：特定技能１号,39
,,,,,,24：技能実習１号ロ,3
,,,,,,26：技能実習２号ロ,9
,,,,,,28：技能実習３号ロ,2
,,,,,,34：特定活動,6
,,,,,ミャンマー,16：技術・人文知識・国際業務,2
,,,,,,24：技能実習１号ロ,2
,,,,,,26：技能実習２号ロ,5
,,,,,,34：特定活動,5
,,,,,モンゴル,16：技術・人文知識・国際業務,1
,,,,,ラオス,26：技能実習２号ロ,1
,,,,,,34：特定活動,1
,,,,,英国,35：永住者,1
,,,,,コスタリカ,36：日本人の配偶者等,1
,,,,,米国,15：教育,1
,,,,,ニュージーランド,15：教育,1
,,,,2:女,インドネシア,16：技術・人文知識・国際業務,1
,,,,,,21：特定技能１号,15
,,,,,,24：技能実習１号ロ,9
,,,,,,26：技能実習２号ロ,17
,,,,,,34：特定活動,3
,,,,,,36：日本人の配偶者等,1
,,,,,韓国,36：日本人の配偶者等,1
,,,,,,39：特別永住者,1
,,,,,カンボジア,21：特定技能１号,4
,,,,,,24：技能実習１号ロ,1
,,,,,,26：技能実習２号ロ,2
,,,,,スリランカ,21：特定技能１号,1
,,,,,,33：家族滞在,1
,,,,,中国,16：技術・人文知識・国際業務,1
,,,,,,31：留学,2
,,,,,,33：家族滞在,1
,,,,,ネパール,16：技術・人文知識・国際業務,1
,,,,,,21：特定技能１号,2
,,,,,,33：家族滞在,3
,,,,,バングラデシュ,16：技術・人文知識・国際業務,1
,,,,,フィリピン,21：特定技能１号,2
,,,,,,24：技能実習１号ロ,2
,,,,,,26：技能実習２号ロ,13
,,,,,ベトナム,16：技術・人文知識・国際業務,2
,,,,,,18：介護,2
,,,,,,21：特定技能１号,12
,,,,,,22：特定技能２号,3
,,,,,,24：技能実習１号ロ,2
,,,,,,26：技能実習２号ロ,2
,,,,,,33：家族滞在,2
,,,,,ミャンマー,16：技術・人文知識・国際業務,2
,,,,,,21：特定技能１号,9
,,,,,,24：技能実習１号ロ,5
,,,,,,26：技能実習２号ロ,27
,,,,,,34：特定活動,4
,,,,,ニュージーランド,15：教育,1
,,,07_30～34歳,1:男,イスラエル,36：日本人の配偶者等,1
,,,,,インドネシア,16：技術・人文知識・国際業務,1
,,,,,,21：特定技能１号,11
,,,,,,24：技能実習１号ロ,2
,,,,,,26：技能実習２号ロ,2
,,,,,,28：技能実習３号ロ,3
,,,,,,34：特定活動,2
,,,,,韓国,16：技術・人文知識・国際業務,1
,,,,,,35：永住者,1
,,,,,カンボジア,21：特定技能１号,2
,,,,,,26：技能実習２号ロ,4
,,,,,スリランカ,16：技術・人文知識・国際業務,2
,,,,,,21：特定技能１号,1
,,,,,中国,11：経営・管理,1
,,,,,,16：技術・人文知識・国際業務,2
,,,,,,24：技能実習１号ロ,2
,,,,,,26：技能実習２号ロ,1
,,,,,,35：永住者,1
,,,,,ネパール,16：技術・人文知識・国際業務,2
,,,,,,20：技能,3
,,,,,パキスタン,11：経営・管理,1
,,,,,,16：技術・人文知識・国際業務,6
,,,,,,31：留学,1
,,,,,バングラデシュ,16：技術・人文知識・国際業務,3
,,,,,フィリピン,21：特定技能１号,4
,,,,,,24：技能実習１号ロ,8
,,,,,,26：技能実習２号ロ,14
,,,,,,28：技能実習３号ロ,2
,,,,,,35：永住者,1
,,,,,ベトナム,16：技術・人文知識・国際業務,4
,,,,,,21：特定技能１号,21
,,,,,,26：技能実習２号ロ,5
,,,,,,28：技能実習３号ロ,1
,,,,,,34：特定活動,4
,,,,,,36：日本人の配偶者等,1
,,,,,ミャンマー,18：介護,1
,,,,,,21：特定技能１号,1
,,,,,,26：技能実習２号ロ,2
,,,,,,34：特定活動,1
,,,,,モンゴル,21：特定技能１号,1
,,,,,ラオス,26：技能実習２号ロ,1
,,,,,カナダ,15：教育,1
,,,,,米国,15：教育,1
,,,,,,34：特定活動,1
,,,,,,36：日本人の配偶者等,2
,,,,2:女,インドネシア,16：技術・人文知識・国際業務,1
,,,,,,21：特定技能１号,2
,,,,,,24：技能実習１号ロ,2
,,,,,,26：技能実習２号ロ,2
,,,,,,36：日本人の配偶者等,1
,,,,,カンボジア,21：特定技能１号,2
,,,,,,26：技能実習２号ロ,6
,,,,,,28：技能実習３号ロ,1
,,,,,スリランカ,33：家族滞在,1
,,,,,中国,11：経営・管理,1
,,,,,,33：家族滞在,1
,,,,,,36：日本人の配偶者等,1
,,,,,ネパール,21：特定技能１号,1
,,,,,,33：家族滞在,3
,,,,,パキスタン,33：家族滞在,1
,,,,,フィリピン,21：特定技能１号,6
,,,,,,24：技能実習１号ロ,1
,,,,,,26：技能実習２号ロ,5
,,,,,,35：永住者,1
,,,,,,36：日本人の配偶者等,1
,,,,,,38：定住者,1
,,,,,ベトナム,16：技術・人文知識・国際業務,1
,,,,,,18：介護,1
,,,,,,21：特定技能１号,16
,,,,,,24：技能実習１号ロ,1
,,,,,,26：技能実習２号ロ,11
,,,,,,28：技能実習３号ロ,1
,,,,,,33：家族滞在,1
,,,,,ミャンマー,21：特定技能１号,3
,,,,,,26：技能実習２号ロ,5
,,,,,,34：特定活動,1
,,,,,ドイツ,16：技術・人文知識・国際業務,1
,,,,,南アフリカ共和国,16：技術・人文知識・国際業務,1
,,,,,バルバドス,15：教育,1
,,,,,米国,15：教育,1
,,,08_35～39歳,1:男,インドネシア,16：技術・人文知識・国際業務,1
,,,,,,21：特定技能１号,1
,,,,,,28：技能実習３号ロ,1
,,,,,,34：特定活動,1
,,,,,韓国,35：永住者,2
,,,,,カンボジア,21：特定技能１号,1
,,,,,スリランカ,36：日本人の配偶者等,1
,,,,,中国,26：技能実習２号ロ,1
,,,,,,35：永住者,6
,,,,,ネパール,20：技能,2
,,,,,パキスタン,16：技術・人文知識・国際業務,4
,,,,,フィリピン,16：技術・人文知識・国際業務,1
,,,,,,21：特定技能１号,8
,,,,,,24：技能実習１号ロ,1
,,,,,,26：技能実習２号ロ,2
,,,,,,34：特定活動,1
,,,,,,36：日本人の配偶者等,1
,,,,,ベトナム,16：技術・人文知識・国際業務,1
,,,,,,21：特定技能１号,5
,,,,,,26：技能実習２号ロ,2
,,,,,,36：日本人の配偶者等,1
,,,,,英国,35：永住者,1
,,,,,スーダン,35：永住者,1
,,,,,南アフリカ共和国,16：技術・人文知識・国際業務,1
,,,,,米国,15：教育,1
,,,,,,36：日本人の配偶者等,1
,,,,,ブラジル,35：永住者,1
,,,,,ニュージーランド,35：永住者,1
,,,,2:女,インドネシア,16：技術・人文知識・国際業務,1
,,,,,,21：特定技能１号,1
,,,,,,36：日本人の配偶者等,1
,,,,,韓国,39：特別永住者,1
,,,,,中国,21：特定技能１号,1
,,,,,,35：永住者,5
,,,,,,37：永住者の配偶者等,3
,,,,,フィリピン,21：特定技能１号,4
,,,,,,26：技能実習２号ロ,5
,,,,,,33：家族滞在,1
,,,,,,36：日本人の配偶者等,2
,,,,,ベトナム,21：特定技能１号,7
,,,,,,22：特定技能２号,2
,,,,,,26：技能実習２号ロ,3
,,,,,,28：技能実習３号ロ,1
,,,,,,34：特定活動,1
,,,,,,35：永住者,1
,,,,,,36：日本人の配偶者等,2
,,,,,ミャンマー,26：技能実習２号ロ,2
,,,,,,34：特定活動,1
,,,,,ドイツ,36：日本人の配偶者等,1
,,,,,スーダン,35：永住者,1
,,,09_40～44歳,1:男,韓国,39：特別永住者,1
,,,,,カンボジア,21：特定技能１号,2
,,,,,台湾,16：技術・人文知識・国際業務,1
,,,,,中国,26：技能実習２号ロ,1
,,,,,,35：永住者,3
,,,,,ネパール,11：経営・管理,1
,,,,,,20：技能,3
,,,,,パキスタン,16：技術・人文知識・国際業務,1
,,,,,フィリピン,35：永住者,1
,,,,,ミャンマー,16：技術・人文知識・国際業務,1
,,,,,チェコ,36：日本人の配偶者等,1
,,,,,ドイツ,36：日本人の配偶者等,1
,,,,,カメルーン,16：技術・人文知識・国際業務,1
,,,,,カナダ,36：日本人の配偶者等,1
,,,,,米国,36：日本人の配偶者等,2
,,,,,ベリーズ,35：永住者,1
,,,,,メキシコ,35：永住者,1
,,,,,オーストラリア,35：永住者,1
,,,,2:女,インドネシア,35：永住者,1
,,,,,韓国,39：特別永住者,1
,,,,,カンボジア,21：特定技能１号,3
,,,,,,28：技能実習３号ロ,1
,,,,,中国,21：特定技能１号,2
,,,,,,22：特定技能２号,1
,,,,,,35：永住者,7
,,,,,ネパール,33：家族滞在,1
,,,,,フィリピン,21：特定技能１号,2
,,,,,,26：技能実習２号ロ,2
,,,,,,33：家族滞在,1
,,,,,,35：永住者,2
,,,,,,36：日本人の配偶者等,4
,,,,,,38：定住者,1
,,,,,ベトナム,21：特定技能１号,2
,,,,,,24：技能実習１号ロ,1
,,,,,,26：技能実習２号ロ,4
,,,,,,35：永住者,1
,,,10_45～49歳,1:男,韓国,39：特別永住者,2
,,,,,台湾,16：技術・人文知識・国際業務,1
,,,,,中国,20：技能,1
,,,,,,24：技能実習１号ロ,1
,,,,,,35：永住者,5
,,,,,トルコ,35：永住者,1
,,,,,パキスタン,16：技術・人文知識・国際業務,2
,,,,,英国,16：技術・人文知識・国際業務,1
,,,,,ルーマニア,36：日本人の配偶者等,1
,,,,,米国,35：永住者,2
,,,,,メキシコ,35：永住者,1
,,,,,ブラジル,35：永住者,1
,,,,2:女,韓国,39：特別永住者,1
,,,,,カンボジア,21：特定技能１号,1
,,,,,,36：日本人の配偶者等,1
,,,,,タイ,35：永住者,1
,,,,,,36：日本人の配偶者等,1
,,,,,中国,33：家族滞在,1
,,,,,,35：永住者,11
,,,,,,36：日本人の配偶者等,4
,,,,,パキスタン,33：家族滞在,1
,,,,,フィリピン,21：特定技能１号,1
,,,,,,26：技能実習２号ロ,2
,,,,,,35：永住者,7
,,,,,,38：定住者,1
,,,,,ベトナム,24：技能実習１号ロ,2
,,,,,,26：技能実習２号ロ,2
,,,,,ブラジル,38：定住者,1
,,,11_50～54歳,1:男,韓国,35：永住者,1
,,,,,,36：日本人の配偶者等,1
,,,,,,39：特別永住者,1
,,,,,中国,11：経営・管理,1
,,,,,,35：永住者,3
,,,,,,36：日本人の配偶者等,2
,,,,,オーストラリア,03：教授,1
,,,,,ニュージーランド,35：永住者,1
,,,,2:女,インドネシア,35：永住者,1
,,,,,韓国,39：特別永住者,1
,,,,,タイ,35：永住者,1
,,,,,中国,21：特定技能１号,1
,,,,,,33：家族滞在,1
,,,,,,35：永住者,9
,,,,,,36：日本人の配偶者等,2
,,,,,フィリピン,35：永住者,7
,,,,,,36：日本人の配偶者等,2
,,,,,,38：定住者,1
,,,,,ルーマニア,35：永住者,2
,,,,,ロシア,36：日本人の配偶者等,1
,,,12_55～59歳,1:男,韓国,35：永住者,1
,,,,,,39：特別永住者,1
,,,,,中国,20：技能,3
,,,,,,33：家族滞在,1
,,,,,,35：永住者,2
,,,,,,36：日本人の配偶者等,1
,,,,,フィリピン,35：永住者,1
,,,,,ナイジェリア,35：永住者,1
,,,,,米国,35：永住者,1
,,,,,メキシコ,35：永住者,1
,,,,2:女,韓国,39：特別永住者,2
,,,,,中国,20：技能,1
,,,,,,33：家族滞在,1
,,,,,,35：永住者,7
,,,,,フィリピン,35：永住者,7
,,,,,ブラジル,35：永住者,1
,,,13_60～64歳,1:男,インドネシア,36：日本人の配偶者等,1
,,,,,韓国,36：日本人の配偶者等,1
,,,,,,39：特別永住者,1
,,,,,中国,33：家族滞在,1
,,,,,パキスタン,16：技術・人文知識・国際業務,1
,,,,2:女,韓国,35：永住者,1
,,,,,タイ,35：永住者,1
,,,,,中国,35：永住者,5
,,,,,フィリピン,35：永住者,1
,,,,,,38：定住者,1
,,,14_65～69歳,1:男,韓国,35：永住者,1
,,,,,シンガポール,35：永住者,1
,,,,,中国,37：永住者の配偶者等,1
,,,,2:女,インドネシア,35：永住者,1
,,,,,韓国,35：永住者,1
,,,,,,39：特別永住者,1
,,,,,（朝鮮）,39：特別永住者,1
,,,,,中国,35：永住者,1
,,,,,フィリピン,35：永住者,1
,,,,,米国,35：永住者,1
,,,15_70～74歳,1:男,韓国,39：特別永住者,2
,,,,,米国,35：永住者,1
,,,,,オーストラリア,35：永住者,1
,,,,2:女,韓国,39：特別永住者,2
,,,,,中国,35：永住者,2
,,,16_75～79歳,1:男,韓国,39：特別永住者,4
,,,,,米国,35：永住者,1
,,,,,オーストラリア,35：永住者,1
,,,,2:女,台湾,35：永住者,1
,,,,,中国,35：永住者,2
,,,17_80歳以上,1:男,韓国,39：特別永住者,2
,,,,,中国,35：永住者,1
,,,,2:女,韓国,39：特別永住者,2
,,,,,米国,35：永住者,1
43105.0,43：熊本県,熊本市北区,01_０～４歳,1:男,韓国,39：特別永住者,1
,,,,,台湾,33：家族滞在,11
,,,,,中国,35：永住者,1
,,,,,,38：定住者,1
,,,,,ネパール,33：家族滞在,2
,,,,,パキスタン,33：家族滞在,1
,,,,,ベトナム,33：家族滞在,10
,,,,,,35：永住者,1
,,,,,ウズベキスタン,33：家族滞在,1
,,,,2:女,アフガニスタン,33：家族滞在,1
,,,,,韓国,33：家族滞在,1
,,,,,台湾,33：家族滞在,13
,,,,,中国,33：家族滞在,1
,,,,,,35：永住者,1
,,,,,,38：定住者,1
,,,,,ネパール,33：家族滞在,1
,,,,,,35：永住者,1
,,,,,パキスタン,33：家族滞在,1
,,,,,,37：永住者の配偶者等,1
,,,,,フィリピン,38：定住者,1
,,,,,ベトナム,33：家族滞在,7
,,,,,,34：特定活動,1
,,,,,マレーシア,33：家族滞在,1
,,,,,ミャンマー,33：家族滞在,1
,,,,,ジャマイカ,33：家族滞在,1
,,,02_５～９歳,1:男,アフガニスタン,34：特定活動,2
,,,,,スリランカ,33：家族滞在,1
,,,,,台湾,33：家族滞在,15
,,,,,中国,35：永住者,2
,,,,,ネパール,35：永住者,1
,,,,,フィリピン,37：永住者の配偶者等,1
,,,,,ベトナム,33：家族滞在,5
,,,,,ジャマイカ,33：家族滞在,1
,,,,2:女,台湾,33：家族滞在,13
,,,,,中国,35：永住者,2
,,,,,ネパール,33：家族滞在,1
,,,,,,35：永住者,1
,,,,,パキスタン,33：家族滞在,2
,,,,,フィリピン,37：永住者の配偶者等,1
,,,,,,38：定住者,1
,,,03_10～14歳,1:男,台湾,33：家族滞在,3
,,,,,中国,35：永住者,2
,,,,,ネパール,35：永住者,1
,,,,,パキスタン,35：永住者,1
,,,,,,37：永住者の配偶者等,1
,,,,,フィリピン,38：定住者,2
,,,,,ベトナム,33：家族滞在,1
,,,,,ミャンマー,33：家族滞在,1
,,,,2:女,アフガニスタン,34：特定活動,2
,,,,,台湾,33：家族滞在,10
,,,,,中国,38：定住者,1
,,,,,フィリピン,35：永住者,1
,,,,,ベトナム,33：家族滞在,2
,,,04_15～19歳,1:男,インドネシア,21：特定技能１号,3
,,,,,,24：技能実習１号ロ,2
,,,,,,26：技能実習２号ロ,2
,,,,,韓国,35：永住者,1
,,,,,台湾,33：家族滞在,3
,,,,,中国,35：永住者,1
,,,,,,38：定住者,1
,,,,,ネパール,31：留学,3
,,,,,,33：家族滞在,2
,,,,,ベトナム,24：技能実習１号ロ,5
,,,,,ギニア,38：定住者,1
,,,,2:女,インドネシア,21：特定技能１号,2
,,,,,,24：技能実習１号ロ,1
,,,,,,38：定住者,1
,,,,,スリランカ,33：家族滞在,2
,,,,,中国,31：留学,1
,,,,,,35：永住者,3
,,,,,ネパール,31：留学,5
,,,,,,33：家族滞在,1
,,,,,フィリピン,38：定住者,1
,,,,,ベトナム,24：技能実習１号ロ,3
,,,,,イタリア,31：留学,1
,,,,,ラトビア,31：留学,1
,,,,,米国,35：永住者,1
,,,05_20～24歳,1:男,インドネシア,16：技術・人文知識・国際業務,1
,,,,,,21：特定技能１号,8
,,,,,,24：技能実習１号ロ,21
,,,,,,26：技能実習２号ロ,27
,,,,,,34：特定活動,1
,,,,,（朝鮮）,39：特別永住者,1
,,,,,カンボジア,26：技能実習２号ロ,3
,,,,,タイ,26：技能実習２号ロ,1
,,,,,,38：定住者,1
,,,,,台湾,16：技術・人文知識・国際業務,2
,,,,,中国,16：技術・人文知識・国際業務,2
,,,,,,35：永住者,2
,,,,,ネパール,16：技術・人文知識・国際業務,1
,,,,,,21：特定技能１号,2
,,,,,,31：留学,20
,,,,,フィリピン,21：特定技能１号,1
,,,,,,24：技能実習１号ロ,1
,,,,,,26：技能実習２号ロ,1
,,,,,ベトナム,16：技術・人文知識・国際業務,17
,,,,,,21：特定技能１号,8
,,,,,,24：技能実習１号ロ,10
,,,,,,26：技能実習２号ロ,24
,,,,,,28：技能実習３号ロ,2
,,,,,,34：特定活動,1
,,,,,ミャンマー,21：特定技能１号,6
,,,,,,24：技能実習１号ロ,6
,,,,,,26：技能実習２号ロ,5
,,,,,,34：特定活動,8
,,,,,米国,15：教育,1
,,,,2:女,インドネシア,21：特定技能１号,28
,,,,,,24：技能実習１号ロ,12
,,,,,,26：技能実習２号ロ,11
,,,,,,34：特定活動,2
,,,,,カンボジア,21：特定技能１号,1
,,,,,,26：技能実習２号ロ,10
,,,,,シンガポール,31：留学,1
,,,,,スリランカ,21：特定技能１号,5
,,,,,タイ,26：技能実習２号ロ,1
,,,,,台湾,16：技術・人文知識・国際業務,1
,,,,,,17：企業内転勤,1
,,,,,,34：特定活動,2
,,,,,,36：日本人の配偶者等,1
,,,,,中国,31：留学,1
,,,,,,35：永住者,1
,,,,,ネパール,21：特定技能１号,10
,,,,,,31：留学,21
,,,,,,33：家族滞在,6
,,,,,フィリピン,21：特定技能１号,1
,,,,,,24：技能実習１号ロ,2
,,,,,,26：技能実習２号ロ,3
,,,,,,28：技能実習３号ロ,1
,,,,,,35：永住者,1
,,,,,ベトナム,16：技術・人文知識・国際業務,2
,,,,,,21：特定技能１号,14
,,,,,,24：技能実習１号ロ,6
,,,,,,26：技能実習２号ロ,59
,,,,,,28：技能実習３号ロ,2
,,,,,,31：留学,1
,,,,,,33：家族滞在,4
,,,,,,34：特定活動,1
,,,,,ミャンマー,21：特定技能１号,26
,,,,,,24：技能実習１号ロ,5
,,,,,,36：日本人の配偶者等,1
,,,,,ウズベキスタン,33：家族滞在,1
,,,,,カナダ,15：教育,1
,,,06_25～29歳,1:男,インド,34：特定活動,1
,,,,,インドネシア,21：特定技能１号,15
,,,,,,24：技能実習１号ロ,5
,,,,,,26：技能実習２号ロ,22
,,,,,,34：特定活動,1
,,,,,韓国,36：日本人の配偶者等,1
,,,,,カンボジア,26：技能実習２号ロ,1
,,,,,スリランカ,16：技術・人文知識・国際業務,1
,,,,,タイ,21：特定技能１号,2
,,,,,,26：技能実習２号ロ,2
,,,,,,34：特定活動,1
,,,,,台湾,08：高度専門職１号ロ,4
,,,,,,16：技術・人文知識・国際業務,7
,,,,,,17：企業内転勤,5
,,,,,,35：永住者,1
,,,,,中国,16：技術・人文知識・国際業務,8
,,,,,,17：企業内転勤,1
,,,,,,24：技能実習１号ロ,1
,,,,,,31：留学,3
,,,,,,35：永住者,3
,,,,,,38：定住者,1
,,,,,ネパール,11：経営・管理,1
,,,,,,16：技術・人文知識・国際業務,13
,,,,,,21：特定技能１号,5
,,,,,,31：留学,7
,,,,,,34：特定活動,1
,,,,,,36：日本人の配偶者等,1
,,,,,パキスタン,11：経営・管理,2
,,,,,バングラデシュ,26：技能実習２号ロ,2
,,,,,フィリピン,21：特定技能１号,2
,,,,,,24：技能実習１号ロ,3
,,,,,,26：技能実習２号ロ,4
,,,,,,33：家族滞在,1
,,,,,,35：永住者,1
,,,,,,36：日本人の配偶者等,1
,,,,,ベトナム,16：技術・人文知識・国際業務,38
,,,,,,21：特定技能１号,28
,,,,,,24：技能実習１号ロ,2
,,,,,,26：技能実習２号ロ,5
,,,,,,28：技能実習３号ロ,1
,,,,,,31：留学,1
,,,,,,34：特定活動,6
,,,,,マレーシア,08：高度専門職１号ロ,1
,,,,,,16：技術・人文知識・国際業務,3
,,,,,ミャンマー,16：技術・人文知識・国際業務,1
,,,,,,21：特定技能１号,2
,,,,,,24：技能実習１号ロ,2
,,,,,,26：技能実習２号ロ,4
,,,,,,34：特定活動,4
,,,,,スロバキア,36：日本人の配偶者等,1
,,,,,ハンガリー,17：企業内転勤,1
,,,,,米国,17：企業内転勤,1
,,,,,ブラジル,38：定住者,1
,,,,2:女,インドネシア,21：特定技能１号,18
,,,,,,24：技能実習１号ロ,4
,,,,,,26：技能実習２号ロ,3
,,,,,韓国,16：技術・人文知識・国際業務,2
,,,,,,31：留学,1
,,,,,カンボジア,21：特定技能１号,6
,,,,,,26：技能実習２号ロ,7
,,,,,シンガポール,16：技術・人文知識・国際業務,1
,,,,,スリランカ,16：技術・人文知識・国際業務,1
,,,,,,21：特定技能１号,1
,,,,,タイ,21：特定技能１号,1
,,,,,,24：技能実習１号ロ,1
,,,,,,34：特定活動,2
,,,,,,35：永住者,1
,,,,,台湾,16：技術・人文知識・国際業務,5
,,,,,,17：企業内転勤,6
,,,,,,33：家族滞在,1
,,,,,,34：特定活動,1
,,,,,中国,16：技術・人文知識・国際業務,4
,,,,,,33：家族滞在,2
,,,,,,35：永住者,2
,,,,,,38：定住者,1
,,,,,ネパール,16：技術・人文知識・国際業務,5
,,,,,,21：特定技能１号,6
,,,,,,31：留学,4
,,,,,,33：家族滞在,3
,,,,,パキスタン,33：家族滞在,1
,,,,,フィリピン,21：特定技能１号,7
,,,,,,24：技能実習１号ロ,2
,,,,,,26：技能実習２号ロ,6
,,,,,,28：技能実習３号ロ,1
,,,,,,38：定住者,1
,,,,,ベトナム,16：技術・人文知識・国際業務,3
,,,,,,18：介護,2
,,,,,,21：特定技能１号,35
,,,,,,24：技能実習１号ロ,4
,,,,,,26：技能実習２号ロ,13
,,,,,,28：技能実習３号ロ,3
,,,,,,33：家族滞在,12
,,,,,,34：特定活動,1
,,,,,,35：永住者,1
,,,,,,36：日本人の配偶者等,4
,,,,,ミャンマー,16：技術・人文知識・国際業務,1
,,,,,,21：特定技能１号,14
,,,,,,24：技能実習１号ロ,5
,,,,,,26：技能実習２号ロ,5
,,,,,,34：特定活動,1
,,,,,英国,36：日本人の配偶者等,1
,,,,,ロシア,16：技術・人文知識・国際業務,1
,,,,,南アフリカ共和国,16：技術・人文知識・国際業務,1
,,,,,ジャマイカ,15：教育,1
,,,,,米国,15：教育,2
,,,,,,33：家族滞在,1
,,,,,,36：日本人の配偶者等,1
,,,07_30～34歳,1:男,インド,20：技能,2
,,,,,インドネシア,16：技術・人文知識・国際業務,1
,,,,,,21：特定技能１号,7
,,,,,,26：技能実習２号ロ,1
,,,,,韓国,08：高度専門職１号ロ,1
,,,,,,16：技術・人文知識・国際業務,4
,,,,,,17：企業内転勤,1
,,,,,,35：永住者,2
,,,,,,39：特別永住者,1
,,,,,カンボジア,26：技能実習２号ロ,3
,,,,,スリランカ,16：技術・人文知識・国際業務,1
,,,,,タイ,16：技術・人文知識・国際業務,1
,,,,,,21：特定技能１号,1
,,,,,,26：技能実習２号ロ,1
,,,,,台湾,08：高度専門職１号ロ,7
,,,,,,16：技術・人文知識・国際業務,10
,,,,,,17：企業内転勤,6
,,,,,,35：永住者,4
,,,,,中国,16：技術・人文知識・国際業務,5
,,,,,,24：技能実習１号ロ,1
,,,,,,31：留学,2
,,,,,,34：特定活動,1
,,,,,,35：永住者,3
,,,,,,37：永住者の配偶者等,1
,,,,,,38：定住者,1
,,,,,ネパール,16：技術・人文知識・国際業務,5
,,,,,,21：特定技能１号,7
,,,,,,33：家族滞在,2
,,,,,パキスタン,16：技術・人文知識・国際業務,1
,,,,,フィリピン,16：技術・人文知識・国際業務,1
,,,,,,17：企業内転勤,4
,,,,,,21：特定技能１号,5
,,,,,,24：技能実習１号ロ,3
,,,,,,26：技能実習２号ロ,7
,,,,,,35：永住者,1
,,,,,,36：日本人の配偶者等,1
,,,,,ベトナム,16：技術・人文知識・国際業務,37
,,,,,,21：特定技能１号,16
,,,,,,24：技能実習１号ロ,5
,,,,,,26：技能実習２号ロ,6
,,,,,,28：技能実習３号ロ,2
,,,,,,34：特定活動,2
,,,,,,35：永住者,2
,,,,,,36：日本人の配偶者等,1
,,,,,マレーシア,16：技術・人文知識・国際業務,2
,,,,,ミャンマー,16：技術・人文知識・国際業務,3
,,,,,,26：技能実習２号ロ,2
,,,,,,34：特定活動,2
,,,,,ウズベキスタン,16：技術・人文知識・国際業務,1
,,,,,英国,16：技術・人文知識・国際業務,1
,,,,,,35：永住者,1
,,,,,,36：日本人の配偶者等,1
,,,,,ジャマイカ,16：技術・人文知識・国際業務,1
,,,,,米国,36：日本人の配偶者等,1
,,,,,,37：永住者の配偶者等,1
,,,,,オーストラリア,15：教育,1
,,,,2:女,アフガニスタン,34：特定活動,1
,,,,,インドネシア,21：特定技能１号,1
,,,,,韓国,39：特別永住者,1
,,,,,カンボジア,21：特定技能１号,4
,,,,,,28：技能実習３号ロ,1
,,,,,,36：日本人の配偶者等,1
,,,,,スリランカ,21：特定技能１号,1
,,,,,タイ,16：技術・人文知識・国際業務,1
,,,,,,21：特定技能１号,1
,,,,,台湾,08：高度専門職１号ロ,5
,,,,,,16：技術・人文知識・国際業務,7
,,,,,,17：企業内転勤,6
,,,,,,33：家族滞在,8
,,,,,中国,08：高度専門職１号ロ,1
,,,,,,16：技術・人文知識・国際業務,4
,,,,,,33：家族滞在,1
,,,,,,35：永住者,7
,,,,,,36：日本人の配偶者等,3
,,,,,ネパール,16：技術・人文知識・国際業務,2
,,,,,,21：特定技能１号,2
,,,,,,33：家族滞在,3
,,,,,,35：永住者,1
,,,,,フィリピン,21：特定技能１号,10
,,,,,,24：技能実習１号ロ,2
,,,,,,26：技能実習２号ロ,3
,,,,,,28：技能実習３号ロ,1
,,,,,,35：永住者,1
,,,,,,36：日本人の配偶者等,4
,,,,,,37：永住者の配偶者等,1
,,,,,,38：定住者,3
,,,,,ベトナム,16：技術・人文知識・国際業務,4
,,,,,,18：介護,1
,,,,,,21：特定技能１号,29
,,,,,,24：技能実習１号ロ,4
,,,,,,26：技能実習２号ロ,11
,,,,,,33：家族滞在,5
,,,,,,34：特定活動,2
,,,,,,36：日本人の配偶者等,2
,,,,,マレーシア,33：家族滞在,1
,,,,,ミャンマー,21：特定技能１号,3
,,,,,,24：技能実習１号ロ,1
,,,,,,26：技能実習２号ロ,3
,,,,,,34：特定活動,1
,,,,,英国,15：教育,1
,,,,,ロシア,33：家族滞在,1
,,,,,ジャマイカ,16：技術・人文知識・国際業務,1
,,,,,米国,03：教授,1
,,,08_35～39歳,1:男,アフガニスタン,16：技術・人文知識・国際業務,1
,,,,,インドネシア,21：特定技能１号,2
,,,,,韓国,36：日本人の配偶者等,1
,,,,,タイ,21：特定技能１号,3
,,,,,,26：技能実習２号ロ,1
,,,,,台湾,08：高度専門職１号ロ,10
,,,,,,16：技術・人文知識・国際業務,6
,,,,,,17：企業内転勤,4
,,,,,,36：日本人の配偶者等,1
,,,,,中国,07：高度専門職１号イ,1
,,,,,,16：技術・人文知識・国際業務,3
,,,,,,17：企業内転勤,1
,,,,,,33：家族滞在,1
,,,,,,35：永住者,1
,,,,,,36：日本人の配偶者等,2
,,,,,ネパール,16：技術・人文知識・国際業務,2
,,,,,,21：特定技能１号,2
,,,,,,33：家族滞在,2
,,,,,,35：永住者,1
,,,,,パキスタン,16：技術・人文知識・国際業務,1
,,,,,フィリピン,17：企業内転勤,1
,,,,,,21：特定技能１号,3
,,,,,,24：技能実習１号ロ,1
,,,,,,26：技能実習２号ロ,1
,,,,,,35：永住者,1
,,,,,ベトナム,16：技術・人文知識・国際業務,19
,,,,,,21：特定技能１号,5
,,,,,,22：特定技能２号,1
,,,,,,24：技能実習１号ロ,1
,,,,,,26：技能実習２号ロ,4
,,,,,,33：家族滞在,1
,,,,,,34：特定活動,1
,,,,,,36：日本人の配偶者等,1
,,,,,ミャンマー,26：技能実習２号ロ,2
,,,,,英国,15：教育,1
,,,,,,35：永住者,1
,,,,,ロシア,16：技術・人文知識・国際業務,1
,,,,,ギニア,36：日本人の配偶者等,1
,,,,,チャド,31：留学,1
,,,,,米国,36：日本人の配偶者等,1
,,,,,メキシコ,36：日本人の配偶者等,1
,,,,,オーストラリア,36：日本人の配偶者等,1
,,,,2:女,韓国,16：技術・人文知識・国際業務,1
,,,,,,33：家族滞在,1
,,,,,,36：日本人の配偶者等,1
,,,,,カンボジア,21：特定技能１号,3
,,,,,,26：技能実習２号ロ,1
,,,,,スリランカ,33：家族滞在,1
,,,,,タイ,21：特定技能１号,2
,,,,,,26：技能実習２号ロ,1
,,,,,,38：定住者,1
,,,,,台湾,08：高度専門職１号ロ,2
,,,,,,16：技術・人文知識・国際業務,1
,,,,,,17：企業内転勤,7
,,,,,,33：家族滞在,17
,,,,,,35：永住者,2
,,,,,中国,13：医療,1
,,,,,,35：永住者,7
,,,,,,36：日本人の配偶者等,3
,,,,,ネパール,16：技術・人文知識・国際業務,2
,,,,,,33：家族滞在,3
,,,,,,35：永住者,1
,,,,,パキスタン,33：家族滞在,1
,,,,,フィリピン,15：教育,1
,,,,,,16：技術・人文知識・国際業務,1
,,,,,,21：特定技能１号,5
,,,,,,22：特定技能２号,1
,,,,,,35：永住者,2
,,,,,,36：日本人の配偶者等,3
,,,,,ベトナム,16：技術・人文知識・国際業務,3
,,,,,,18：介護,2
,,,,,,21：特定技能１号,20
,,,,,,24：技能実習１号ロ,5
,,,,,,26：技能実習２号ロ,4
,,,,,,33：家族滞在,2
,,,,,,34：特定活動,1
,,,,,,36：日本人の配偶者等,2
,,,,,ミャンマー,16：技術・人文知識・国際業務,1
,,,,,,21：特定技能１号,1
,,,,,デンマーク,31：留学,1
,,,,,オーストラリア,36：日本人の配偶者等,1
,,,09_40～44歳,1:男,インド,20：技能,1
,,,,,インドネシア,21：特定技能１号,3
,,,,,韓国,36：日本人の配偶者等,1
,,,,,,39：特別永住者,2
,,,,,台湾,08：高度専門職１号ロ,15
,,,,,,17：企業内転勤,11
,,,,,,31：留学,1
,,,,,,33：家族滞在,1
,,,,,,35：永住者,1
,,,,,中国,16：技術・人文知識・国際業務,3
,,,,,,35：永住者,5
,,,,,ネパール,11：経営・管理,1
,,,,,,16：技術・人文知識・国際業務,2
,,,,,,21：特定技能１号,1
,,,,,パキスタン,11：経営・管理,2
,,,,,フィリピン,17：企業内転勤,1
,,,,,,21：特定技能１号,1
,,,,,ベトナム,16：技術・人文知識・国際業務,4
,,,,,,21：特定技能１号,1
,,,,,,26：技能実習２号ロ,1
,,,,,,33：家族滞在,1
,,,,,ミャンマー,35：永住者,1
,,,,,ウズベキスタン,35：永住者,1
,,,,,英国,03：教授,1
,,,,,ドイツ,35：永住者,1
,,,,,米国,36：日本人の配偶者等,3
,,,,,オーストラリア,35：永住者,1
,,,,,ニュージーランド,35：永住者,1
,,,,2:女,インドネシア,35：永住者,1
,,,,,,36：日本人の配偶者等,3
,,,,,韓国,35：永住者,1
,,,,,カンボジア,28：技能実習３号ロ,1
,,,,,台湾,08：高度専門職１号ロ,2
,,,,,,17：企業内転勤,2
,,,,,,33：家族滞在,11
,,,,,,35：永住者,2
,,,,,中国,21：特定技能１号,3
,,,,,,35：永住者,14
,,,,,,38：定住者,1
,,,,,ネパール,21：特定技能１号,1
,,,,,フィリピン,21：特定技能１号,1
,,,,,,26：技能実習２号ロ,1
,,,,,,35：永住者,6
,,,,,,36：日本人の配偶者等,3
,,,,,,38：定住者,2
,,,,,ベトナム,21：特定技能１号,5
,,,,,,26：技能実習２号ロ,5
,,,,,,33：家族滞在,2
,,,,,,36：日本人の配偶者等,3
,,,,,モルドバ,35：永住者,1
,,,,,ルーマニア,36：日本人の配偶者等,1
,,,,,ロシア,36：日本人の配偶者等,1
,,,,,米国,36：日本人の配偶者等,1
,,,,,無国籍,35：永住者,1
,,,10_45～49歳,1:男,イラン,16：技術・人文知識・国際業務,1
,,,,,インドネシア,21：特定技能１号,1
,,,,,,35：永住者,1
,,,,,,36：日本人の配偶者等,2
,,,,,韓国,16：技術・人文知識・国際業務,1
,,,,,,35：永住者,1
,,,,,,36：日本人の配偶者等,2
,,,,,スリランカ,16：技術・人文知識・国際業務,1
,,,,,台湾,08：高度専門職１号ロ,7
,,,,,,11：経営・管理,1
,,,,,,16：技術・人文知識・国際業務,1
,,,,,,17：企業内転勤,4
,,,,,,33：家族滞在,1
,,,,,中国,21：特定技能１号,1
,,,,,,35：永住者,3
,,,,,ネパール,20：技能,2
,,,,,フィリピン,35：永住者,1
,,,,,英国,35：永住者,1
,,,,,米国,35：永住者,1
,,,,,,36：日本人の配偶者等,1
,,,,,ブラジル,35：永住者,1
,,,,,,36：日本人の配偶者等,1
,,,,,オーストラリア,35：永住者,1
,,,,2:女,インドネシア,37：永住者の配偶者等,1
,,,,,韓国,35：永住者,2
,,,,,,37：永住者の配偶者等,1
,,,,,,39：特別永住者,1
,,,,,タイ,35：永住者,2
,,,,,台湾,16：技術・人文知識・国際業務,1
,,,,,,17：企業内転勤,2
,,,,,,33：家族滞在,2
,,,,,,35：永住者,1
,,,,,中国,16：技術・人文知識・国際業務,1
,,,,,,21：特定技能１号,6
,,,,,,35：永住者,6
,,,,,,36：日本人の配偶者等,1
,,,,,パキスタン,37：永住者の配偶者等,1
,,,,,フィリピン,35：永住者,11
,,,,,,36：日本人の配偶者等,2
,,,,,,38：定住者,1
,,,,,ベトナム,26：技能実習２号ロ,1
,,,,,マレーシア,36：日本人の配偶者等,1
,,,,,英国,35：永住者,1
,,,,,米国,36：日本人の配偶者等,1
,,,11_50～54歳,1:男,インドネシア,35：永住者,1
,,,,,韓国,17：企業内転勤,1
,,,,,,35：永住者,2
,,,,,,36：日本人の配偶者等,1
,,,,,,39：特別永住者,1
,,,,,台湾,33：家族滞在,1
,,,,,中国,21：特定技能１号,1
,,,,,,33：家族滞在,1
,,,,,,35：永住者,2
,,,,,フィリピン,35：永住者,1
,,,,,カナダ,35：永住者,1
,,,,,米国,35：永住者,2
,,,,,オーストラリア,35：永住者,1
,,,,2:女,インドネシア,38：定住者,1
,,,,,韓国,03：教授,1
,,,,,,35：永住者,2
,,,,,,39：特別永住者,2
,,,,,台湾,16：技術・人文知識・国際業務,1
,,,,,,33：家族滞在,2
,,,,,,35：永住者,2
,,,,,中国,20：技能,1
,,,,,,21：特定技能１号,1
,,,,,,33：家族滞在,1
,,,,,,35：永住者,16
,,,,,,36：日本人の配偶者等,1
,,,,,フィリピン,15：教育,1
,,,,,,35：永住者,12
,,,,,英国,35：永住者,1
,,,,,スペイン,36：日本人の配偶者等,1
,,,,,ドイツ,35：永住者,1
,,,,,米国,35：永住者,1
,,,12_55～59歳,1:男,インド,20：技能,1
,,,,,韓国,39：特別永住者,1
,,,,,中国,11：経営・管理,1
,,,,,,33：家族滞在,1
,,,,,,35：永住者,4
,,,,,,37：永住者の配偶者等,1
,,,,,パキスタン,16：技術・人文知識・国際業務,1
,,,,,,35：永住者,1
,,,,,英国,36：日本人の配偶者等,1
,,,,,カナダ,35：永住者,1
,,,,,米国,35：永住者,1
,,,,,,36：日本人の配偶者等,3
,,,,,オーストラリア,35：永住者,2
,,,,2:女,韓国,35：永住者,4
,,,,,タイ,36：日本人の配偶者等,2
,,,,,台湾,35：永住者,1
,,,,,中国,11：経営・管理,1
,,,,,,35：永住者,8
,,,,,,38：定住者,1
,,,,,フィリピン,35：永住者,20
,,,,,米国,35：永住者,1
,,,13_60～64歳,1:男,韓国,35：永住者,1
,,,,,台湾,35：永住者,1
,,,,,中国,35：永住者,2
,,,,,オランダ,35：永住者,1
,,,,,米国,35：永住者,1
,,,,,メキシコ,38：定住者,1
,,,,2:女,韓国,35：永住者,2
,,,,,,36：日本人の配偶者等,1
,,,,,,39：特別永住者,2
,,,,,タイ,35：永住者,1
,,,,,台湾,33：家族滞在,1
,,,,,,35：永住者,2
,,,,,中国,35：永住者,2
,,,,,フィリピン,35：永住者,6
,,,,,ロシア,35：永住者,1
,,,14_65～69歳,1:男,韓国,16：技術・人文知識・国際業務,1
,,,,,,39：特別永住者,4
,,,,,中国,11：経営・管理,1
,,,,,,35：永住者,1
,,,,,米国,17：企業内転勤,1
,,,,,,35：永住者,2
,,,,,,36：日本人の配偶者等,1
,,,,2:女,韓国,35：永住者,4
,,,,,,36：日本人の配偶者等,1
,,,,,,39：特別永住者,1
,,,,,台湾,35：永住者,2
,,,,,中国,33：家族滞在,1
,,,,,,35：永住者,2
,,,,,フィリピン,35：永住者,1
,,,,,米国,33：家族滞在,1
,,,,,,35：永住者,1
,,,,,ブラジル,35：永住者,1
,,,,,オーストラリア,36：日本人の配偶者等,1
,,,15_70～74歳,1:男,韓国,39：特別永住者,1
,,,,,中国,35：永住者,1
,,,,,,38：定住者,1
,,,,,英国,35：永住者,1
,,,,2:女,韓国,39：特別永住者,2
,,,,,（朝鮮）,39：特別永住者,2
,,,,,中国,35：永住者,2
,,,,,フィリピン,35：永住者,1
,,,,,マレーシア,35：永住者,1
,,,16_75～79歳,1:男,韓国,39：特別永住者,1
,,,,,中国,35：永住者,1
,,,,,米国,35：永住者,1
,,,,2:女,韓国,34：特定活動,1
,,,,,,39：特別永住者,4
,,,,,タイ,35：永住者,1
,,,,,中国,35：永住者,3
,,,,,フィリピン,35：永住者,1
,,,,,ミャンマー,35：永住者,1
,,,,,米国,35：永住者,2
,,,17_80歳以上,1:男,韓国,39：特別永住者,2
,,,,2:女,韓国,39：特別永住者,4
,,,,,中国,34：特定活動,1
43202.0,43：熊本県,八代市,-,-,インド,20：技能,1
,,,,,,26：技能実習２号ロ,2
,,,,,インドネシア,16：技術・人文知識・国際業務,9
,,,,,,17：企業内転勤,3
,,,,,,21：特定技能１号,145
,,,,,,24：技能実習１号ロ,176
,,,,,,26：技能実習２号ロ,259
,,,,,,28：技能実習３号ロ,15
,,,,,,31：留学,4
,,,,,,34：特定活動,8
,,,,,,36：日本人の配偶者等,5
,,,,,韓国,16：技術・人文知識・国際業務,7
,,,,,,34：特定活動,1
,,,,,,35：永住者,3
,,,,,,36：日本人の配偶者等,5
,,,,,,39：特別永住者,20
,,,,,（朝鮮）,39：特別永住者,10
,,,,,カンボジア,16：技術・人文知識・国際業務,4
,,,,,,18：介護,10
,,,,,,21：特定技能１号,146
,,,,,,22：特定技能２号,1
,,,,,,24：技能実習１号ロ,77
,,,,,,26：技能実習２号ロ,240
,,,,,,28：技能実習３号ロ,23
,,,,,,31：留学,3
,,,,,,34：特定活動,26
,,,,,シンガポール,35：永住者,2
,,,,,スリランカ,21：特定技能１号,4
,,,,,,24：技能実習１号ロ,4
,,,,,,26：技能実習２号ロ,6
,,,,,,34：特定活動,1
,,,,,タイ,16：技術・人文知識・国際業務,2
,,,,,,18：介護,3
,,,,,,21：特定技能１号,11
,,,,,,24：技能実習１号ロ,8
,,,,,,26：技能実習２号ロ,28
,,,,,,31：留学,2
,,,,,,33：家族滞在,1
,,,,,,34：特定活動,2
,,,,,,35：永住者,4
,,,,,,36：日本人の配偶者等,4
,,,,,,38：定住者,1
,,,,,台湾,16：技術・人文知識・国際業務,4
,,,,,,34：特定活動,1
,,,,,,35：永住者,4
,,,,,,36：日本人の配偶者等,1
,,,,,,37：永住者の配偶者等,1
,,,,,中国,08：高度専門職１号ロ,1
,,,,,,11：経営・管理,2
,,,,,,16：技術・人文知識・国際業務,19
,,,,,,20：技能,2
,,,,,,21：特定技能１号,38
,,,,,,22：特定技能２号,3
,,,,,,24：技能実習１号ロ,16
,,,,,,26：技能実習２号ロ,17
,,,,,,28：技能実習３号ロ,5
,,,,,,31：留学,2
,,,,,,33：家族滞在,6
,,,,,,34：特定活動,2
,,,,,,35：永住者,89
,,,,,,36：日本人の配偶者等,17
,,,,,,37：永住者の配偶者等,5
,,,,,,38：定住者,16
,,,,,ネパール,16：技術・人文知識・国際業務,12
,,,,,,20：技能,2
,,,,,,21：特定技能１号,4
,,,,,,33：家族滞在,5
,,,,,パキスタン,11：経営・管理,1
,,,,,バングラデシュ,26：技能実習２号ロ,8
,,,,,フィリピン,15：教育,1
,,,,,,16：技術・人文知識・国際業務,26
,,,,,,21：特定技能１号,379
,,,,,,22：特定技能２号,2
,,,,,,24：技能実習１号ロ,246
,,,,,,26：技能実習２号ロ,418
,,,,,,28：技能実習３号ロ,40
,,,,,,33：家族滞在,10
,,,,,,34：特定活動,11
,,,,,,35：永住者,91
,,,,,,36：日本人の配偶者等,38
,,,,,,37：永住者の配偶者等,1
,,,,,,38：定住者,28
,,,,,ベトナム,11：経営・管理,1
,,,,,,16：技術・人文知識・国際業務,70
,,,,,,21：特定技能１号,431
,,,,,,22：特定技能２号,3
,,,,,,24：技能実習１号ロ,103
,,,,,,26：技能実習２号ロ,285
,,,,,,28：技能実習３号ロ,25
,,,,,,33：家族滞在,23
,,,,,,34：特定活動,43
,,,,,,35：永住者,7
,,,,,,36：日本人の配偶者等,6
,,,,,,38：定住者,1
,,,,,マレーシア,16：技術・人文知識・国際業務,2
,,,,,,31：留学,3
,,,,,ミャンマー,16：技術・人文知識・国際業務,5
,,,,,,21：特定技能１号,74
,,,,,,24：技能実習１号ロ,26
,,,,,,26：技能実習２号ロ,48
,,,,,モンゴル,35：永住者,2
,,,,,ラオス,31：留学,1
,,,,,アイルランド,35：永住者,1
,,,,,英国,15：教育,1
,,,,,,35：永住者,2
,,,,,キルギス,34：特定活動,1
,,,,,チェコ,36：日本人の配偶者等,1
,,,,,フランス,16：技術・人文知識・国際業務,1
,,,,,ロシア,36：日本人の配偶者等,1
,,,,,ナイジェリア,16：技術・人文知識・国際業務,1
,,,,,南アフリカ共和国,35：永住者,1
,,,,,カナダ,35：永住者,2
,,,,,米国,15：教育,15
,,,,,,16：技術・人文知識・国際業務,1
,,,,,,35：永住者,1
,,,,,,36：日本人の配偶者等,3
,,,,,ブラジル,35：永住者,6
,,,,,,36：日本人の配偶者等,1
,,,,,,38：定住者,4
,,,,,ボリビア,35：永住者,1
,,,,,オーストラリア,35：永住者,2
,,,,,パラオ,36：日本人の配偶者等,1
43203.0,43：熊本県,人吉市,-,-,インド,21：特定技能１号,2
,,,,,インドネシア,21：特定技能１号,21
,,,,,,24：技能実習１号ロ,24
,,,,,,26：技能実習２号ロ,14
,,,,,,34：特定活動,10
,,,,,,36：日本人の配偶者等,2
,,,,,韓国,35：永住者,1
,,,,,,39：特別永住者,7
,,,,,カンボジア,16：技術・人文知識・国際業務,2
,,,,,,24：技能実習１号ロ,5
,,,,,,26：技能実習２号ロ,6
,,,,,,28：技能実習３号ロ,4
,,,,,スリランカ,16：技術・人文知識・国際業務,1
,,,,,,21：特定技能１号,1
,,,,,,24：技能実習１号ロ,2
,,,,,タイ,24：技能実習１号ロ,2
,,,,,,35：永住者,1
,,,,,台湾,11：経営・管理,2
,,,,,,16：技術・人文知識・国際業務,2
,,,,,,33：家族滞在,1
,,,,,,36：日本人の配偶者等,1
,,,,,中国,11：経営・管理,2
,,,,,,16：技術・人文知識・国際業務,3
,,,,,,21：特定技能１号,1
,,,,,,33：家族滞在,4
,,,,,,35：永住者,2
,,,,,,36：日本人の配偶者等,2
,,,,,ネパール,16：技術・人文知識・国際業務,18
,,,,,,20：技能,1
,,,,,,33：家族滞在,8
,,,,,フィリピン,15：教育,2
,,,,,,21：特定技能１号,5
,,,,,,24：技能実習１号ロ,3
,,,,,,26：技能実習２号ロ,5
,,,,,,33：家族滞在,3
,,,,,,35：永住者,24
,,,,,,36：日本人の配偶者等,4
,,,,,,38：定住者,5
,,,,,ベトナム,16：技術・人文知識・国際業務,9
,,,,,,21：特定技能１号,11
,,,,,,24：技能実習１号ロ,19
,,,,,,26：技能実習２号ロ,38
,,,,,,28：技能実習３号ロ,6
,,,,,,31：留学,1
,,,,,,33：家族滞在,9
,,,,,,34：特定活動,7
,,,,,,36：日本人の配偶者等,3
,,,,,ミャンマー,21：特定技能１号,9
,,,,,,24：技能実習１号ロ,2
,,,,,,26：技能実習２号ロ,39
,,,,,,34：特定活動,8
,,,,,,36：日本人の配偶者等,1
,,,,,モンゴル,24：技能実習１号ロ,1
,,,,,英国,35：永住者,1
,,,,,ルーマニア,35：永住者,1
,,,,,ロシア,16：技術・人文知識・国際業務,1
,,,,,カナダ,36：日本人の配偶者等,1
,,,,,米国,15：教育,4
,,,,,,16：技術・人文知識・国際業務,1
,,,,,,35：永住者,1
,,,,,,36：日本人の配偶者等,2
,,,,,ブラジル,35：永住者,2
,,,,,オーストラリア,15：教育,1
,,,,,,35：永住者,1
,,,,,,36：日本人の配偶者等,1
43204.0,43：熊本県,荒尾市,-,-,アフガニスタン,16：技術・人文知識・国際業務,2
,,,,,インド,21：特定技能１号,2
,,,,,,26：技能実習２号ロ,1
,,,,,インドネシア,16：技術・人文知識・国際業務,2
,,,,,,21：特定技能１号,25
,,,,,,24：技能実習１号ロ,9
,,,,,,26：技能実習２号ロ,11
,,,,,,28：技能実習３号ロ,3
,,,,,,31：留学,1
,,,,,,34：特定活動,1
,,,,,,35：永住者,2
,,,,,韓国,05：宗教,2
,,,,,,16：技術・人文知識・国際業務,3
,,,,,,34：特定活動,1
,,,,,,35：永住者,10
,,,,,,36：日本人の配偶者等,1
,,,,,,39：特別永住者,19
,,,,,（朝鮮）,39：特別永住者,1
,,,,,カンボジア,16：技術・人文知識・国際業務,1
,,,,,,21：特定技能１号,3
,,,,,,26：技能実習２号ロ,3
,,,,,スリランカ,16：技術・人文知識・国際業務,5
,,,,,,34：特定活動,1
,,,,,タイ,21：特定技能１号,8
,,,,,,24：技能実習１号ロ,3
,,,,,,26：技能実習２号ロ,4
,,,,,,31：留学,1
,,,,,,34：特定活動,1
,,,,,,36：日本人の配偶者等,1
,,,,,台湾,16：技術・人文知識・国際業務,1
,,,,,中国,11：経営・管理,2
,,,,,,16：技術・人文知識・国際業務,4
,,,,,,20：技能,4
,,,,,,24：技能実習１号ロ,1
,,,,,,26：技能実習２号ロ,2
,,,,,,28：技能実習３号ロ,5
,,,,,,33：家族滞在,4
,,,,,,35：永住者,21
,,,,,,36：日本人の配偶者等,5
,,,,,,37：永住者の配偶者等,1
,,,,,,38：定住者,1
,,,,,ネパール,16：技術・人文知識・国際業務,11
,,,,,,35：永住者,1
,,,,,パキスタン,11：経営・管理,1
,,,,,,16：技術・人文知識・国際業務,7
,,,,,,20：技能,1
,,,,,,33：家族滞在,2
,,,,,,34：特定活動,1
,,,,,フィリピン,16：技術・人文知識・国際業務,2
,,,,,,21：特定技能１号,30
,,,,,,24：技能実習１号ロ,18
,,,,,,26：技能実習２号ロ,17
,,,,,,33：家族滞在,3
,,,,,,35：永住者,23
,,,,,,36：日本人の配偶者等,8
,,,,,,37：永住者の配偶者等,1
,,,,,,38：定住者,9
,,,,,ベトナム,16：技術・人文知識・国際業務,4
,,,,,,21：特定技能１号,26
,,,,,,24：技能実習１号ロ,16
,,,,,,26：技能実習２号ロ,22
,,,,,,28：技能実習３号ロ,3
,,,,,,34：特定活動,1
,,,,,,36：日本人の配偶者等,2
,,,,,マレーシア,35：永住者,1
,,,,,,36：日本人の配偶者等,1
,,,,,ミャンマー,16：技術・人文知識・国際業務,5
,,,,,,17：企業内転勤,2
,,,,,,21：特定技能１号,10
,,,,,,24：技能実習１号ロ,15
,,,,,,26：技能実習２号ロ,40
,,,,,,28：技能実習３号ロ,1
,,,,,,33：家族滞在,1
,,,,,,34：特定活動,2
,,,,,,35：永住者,1
,,,,,ラオス,24：技能実習１号ロ,5
,,,,,アイルランド,16：技術・人文知識・国際業務,1
,,,,,イタリア,36：日本人の配偶者等,1
,,,,,ウズベキスタン,21：特定技能１号,1
,,,,,,26：技能実習２号ロ,1
,,,,,英国,35：永住者,1
,,,,,,36：日本人の配偶者等,1
,,,,,スウェーデン,38：定住者,1
,,,,,ドイツ,36：日本人の配偶者等,1
,,,,,ロシア,35：永住者,2
,,,,,,36：日本人の配偶者等,1
,,,,,ケニア,31：留学,1
,,,,,モーリシャス,35：永住者,1
,,,,,カナダ,15：教育,3
,,,,,,36：日本人の配偶者等,2
,,,,,米国,15：教育,2
,,,,,,33：家族滞在,1
,,,,,,36：日本人の配偶者等,1
,,,,,ブラジル,38：定住者,1
,,,,,オーストラリア,15：教育,1
,,,,,,36：日本人の配偶者等,1
43205.0,43：熊本県,水俣市,-,-,インドネシア,21：特定技能１号,19
,,,,,,24：技能実習１号ロ,4
,,,,,,26：技能実習２号ロ,5
,,,,,,34：特定活動,2
,,,,,,35：永住者,1
,,,,,韓国,35：永住者,4
,,,,,,38：定住者,1
,,,,,,39：特別永住者,6
,,,,,（朝鮮）,39：特別永住者,3
,,,,,カンボジア,21：特定技能１号,2
,,,,,スリランカ,21：特定技能１号,6
,,,,,,24：技能実習１号ロ,6
,,,,,,26：技能実習２号ロ,11
,,,,,,34：特定活動,2
,,,,,タイ,26：技能実習２号ロ,1
,,,,,,36：日本人の配偶者等,2
,,,,,中国,35：永住者,1
,,,,,,36：日本人の配偶者等,1
,,,,,ネパール,16：技術・人文知識・国際業務,1
,,,,,パキスタン,11：経営・管理,1
,,,,,フィリピン,15：教育,1
,,,,,,16：技術・人文知識・国際業務,1
,,,,,,21：特定技能１号,3
,,,,,,26：技能実習２号ロ,4
,,,,,,34：特定活動,1
,,,,,,35：永住者,27
,,,,,,36：日本人の配偶者等,1
,,,,,ベトナム,21：特定技能１号,1
,,,,,,24：技能実習１号ロ,1
,,,,,,26：技能実習２号ロ,15
,,,,,,34：特定活動,4
,,,,,ミャンマー,16：技術・人文知識・国際業務,2
,,,,,,21：特定技能１号,19
,,,,,,24：技能実習１号ロ,2
,,,,,,26：技能実習２号ロ,3
,,,,,,35：永住者,1
,,,,,英国,15：教育,1
,,,,,キルギス,16：技術・人文知識・国際業務,1
,,,,,カナダ,15：教育,1
,,,,,米国,15：教育,2
,,,,,,16：技術・人文知識・国際業務,1
,,,,,,33：家族滞在,3
,,,,,,36：日本人の配偶者等,2
,,,,,ブラジル,35：永住者,1
43206.0,43：熊本県,玉名市,-,-,インド,16：技術・人文知識・国際業務,1
,,,,,,20：技能,2
,,,,,,21：特定技能１号,4
,,,,,,26：技能実習２号ロ,3
,,,,,インドネシア,16：技術・人文知識・国際業務,6
,,,,,,21：特定技能１号,180
,,,,,,24：技能実習１号ロ,45
,,,,,,26：技能実習２号ロ,109
,,,,,,28：技能実習３号ロ,1
,,,,,,33：家族滞在,4
,,,,,,34：特定活動,7
,,,,,,35：永住者,3
,,,,,,36：日本人の配偶者等,3
,,,,,,38：定住者,1
,,,,,韓国,35：永住者,6
,,,,,,36：日本人の配偶者等,1
,,,,,,39：特別永住者,10
,,,,,（朝鮮）,39：特別永住者,2
,,,,,カンボジア,21：特定技能１号,22
,,,,,,24：技能実習１号ロ,14
,,,,,,26：技能実習２号ロ,84
,,,,,,28：技能実習３号ロ,6
,,,,,,34：特定活動,3
,,,,,スリランカ,16：技術・人文知識・国際業務,2
,,,,,,21：特定技能１号,3
,,,,,,33：家族滞在,1
,,,,,タイ,16：技術・人文知識・国際業務,2
,,,,,,21：特定技能１号,21
,,,,,,24：技能実習１号ロ,12
,,,,,,26：技能実習２号ロ,19
,,,,,,28：技能実習３号ロ,3
,,,,,,35：永住者,2
,,,,,,36：日本人の配偶者等,1
,,,,,台湾,16：技術・人文知識・国際業務,1
,,,,,,20：技能,1
,,,,,,36：日本人の配偶者等,1
,,,,,中国,11：経営・管理,1
,,,,,,16：技術・人文知識・国際業務,4
,,,,,,21：特定技能１号,5
,,,,,,24：技能実習１号ロ,1
,,,,,,26：技能実習２号ロ,2
,,,,,,31：留学,2
,,,,,,33：家族滞在,3
,,,,,,35：永住者,18
,,,,,,36：日本人の配偶者等,2
,,,,,,37：永住者の配偶者等,1
,,,,,,38：定住者,2
,,,,,ネパール,11：経営・管理,1
,,,,,,16：技術・人文知識・国際業務,19
,,,,,,18：介護,1
,,,,,,20：技能,1
,,,,,,21：特定技能１号,12
,,,,,,33：家族滞在,7
,,,,,パキスタン,11：経営・管理,1
,,,,,,16：技術・人文知識・国際業務,2
,,,,,バングラデシュ,16：技術・人文知識・国際業務,2
,,,,,,33：家族滞在,4
,,,,,フィリピン,21：特定技能１号,47
,,,,,,24：技能実習１号ロ,5
,,,,,,26：技能実習２号ロ,29
,,,,,,28：技能実習３号ロ,5
,,,,,,33：家族滞在,1
,,,,,,35：永住者,23
,,,,,,36：日本人の配偶者等,7
,,,,,,38：定住者,2
,,,,,ベトナム,11：経営・管理,3
,,,,,,16：技術・人文知識・国際業務,6
,,,,,,21：特定技能１号,179
,,,,,,22：特定技能２号,1
,,,,,,24：技能実習１号ロ,53
,,,,,,26：技能実習２号ロ,159
,,,,,,28：技能実習３号ロ,15
,,,,,,31：留学,1
,,,,,,33：家族滞在,4
,,,,,,34：特定活動,28
,,,,,,35：永住者,4
,,,,,,38：定住者,1
,,,,,マレーシア,36：日本人の配偶者等,1
,,,,,ミャンマー,16：技術・人文知識・国際業務,5
,,,,,,18：介護,2
,,,,,,21：特定技能１号,26
,,,,,,24：技能実習１号ロ,17
,,,,,,26：技能実習２号ロ,60
,,,,,,33：家族滞在,2
,,,,,,34：特定活動,14
,,,,,ウズベキスタン,26：技能実習２号ロ,1
,,,,,英国,15：教育,3
,,,,,,35：永住者,2
,,,,,,36：日本人の配偶者等,2
,,,,,ポーランド,35：永住者,1
,,,,,カナダ,35：永住者,1
,,,,,,36：日本人の配偶者等,3
,,,,,米国,15：教育,7
,,,,,,33：家族滞在,1
,,,,,,35：永住者,3
,,,,,,36：日本人の配偶者等,2
,,,,,ブラジル,35：永住者,1
43208.0,43：熊本県,山鹿市,-,-,インド,16：技術・人文知識・国際業務,2
,,,,,インドネシア,21：特定技能１号,30
,,,,,,24：技能実習１号ロ,10
,,,,,,26：技能実習２号ロ,32
,,,,,,28：技能実習３号ロ,3
,,,,,,34：特定活動,4
,,,,,,35：永住者,2
,,,,,,36：日本人の配偶者等,1
,,,,,韓国,16：技術・人文知識・国際業務,2
,,,,,,20：技能,1
,,,,,,35：永住者,7
,,,,,,36：日本人の配偶者等,3
,,,,,,39：特別永住者,4
,,,,,カンボジア,21：特定技能１号,6
,,,,,,24：技能実習１号ロ,2
,,,,,,26：技能実習２号ロ,18
,,,,,,34：特定活動,2
,,,,,シンガポール,35：永住者,1
,,,,,スリランカ,21：特定技能１号,6
,,,,,タイ,16：技術・人文知識・国際業務,2
,,,,,,21：特定技能１号,1
,,,,,,26：技能実習２号ロ,9
,,,,,,35：永住者,1
,,,,,台湾,16：技術・人文知識・国際業務,2
,,,,,,34：特定活動,1
,,,,,,35：永住者,1
,,,,,,36：日本人の配偶者等,2
,,,,,中国,11：経営・管理,2
,,,,,,16：技術・人文知識・国際業務,2
,,,,,,20：技能,2
,,,,,,21：特定技能１号,2
,,,,,,24：技能実習１号ロ,1
,,,,,,26：技能実習２号ロ,2
,,,,,,33：家族滞在,6
,,,,,,35：永住者,24
,,,,,,36：日本人の配偶者等,3
,,,,,ネパール,11：経営・管理,1
,,,,,,16：技術・人文知識・国際業務,3
,,,,,,20：技能,3
,,,,,,21：特定技能１号,5
,,,,,,24：技能実習１号ロ,4
,,,,,,33：家族滞在,1
,,,,,パキスタン,16：技術・人文知識・国際業務,1
,,,,,フィリピン,15：教育,2
,,,,,,21：特定技能１号,24
,,,,,,24：技能実習１号ロ,7
,,,,,,26：技能実習２号ロ,27
,,,,,,28：技能実習３号ロ,7
,,,,,,33：家族滞在,2
,,,,,,34：特定活動,1
,,,,,,35：永住者,43
,,,,,,36：日本人の配偶者等,12
,,,,,,37：永住者の配偶者等,2
,,,,,,38：定住者,10
,,,,,ベトナム,16：技術・人文知識・国際業務,13
,,,,,,21：特定技能１号,39
,,,,,,24：技能実習１号ロ,26
,,,,,,26：技能実習２号ロ,57
,,,,,,28：技能実習３号ロ,5
,,,,,,31：留学,2
,,,,,,33：家族滞在,5
,,,,,,34：特定活動,1
,,,,,,36：日本人の配偶者等,2
,,,,,,38：定住者,2
,,,,,マレーシア,35：永住者,1
,,,,,ミャンマー,21：特定技能１号,13
,,,,,,24：技能実習１号ロ,12
,,,,,,26：技能実習２号ロ,14
,,,,,,34：特定活動,4
,,,,,,35：永住者,1
,,,,,,36：日本人の配偶者等,1
,,,,,ラオス,26：技能実習２号ロ,1
,,,,,英国,15：教育,2
,,,,,,35：永住者,3
,,,,,フランス,36：日本人の配偶者等,1
,,,,,エチオピア,36：日本人の配偶者等,1
,,,,,カナダ,35：永住者,1
,,,,,,36：日本人の配偶者等,1
,,,,,米国,15：教育,2
,,,,,,16：技術・人文知識・国際業務,1
,,,,,,35：永住者,3
,,,,,,36：日本人の配偶者等,2
,,,,,ブラジル,35：永住者,5
,,,,,,38：定住者,3
,,,,,オーストラリア,35：永住者,2
,,,,,ニュージーランド,36：日本人の配偶者等,1
43210.0,43：熊本県,菊池市,-,-,インド,16：技術・人文知識・国際業務,3
,,,,,,20：技能,2
,,,,,,33：家族滞在,1
,,,,,インドネシア,16：技術・人文知識・国際業務,6
,,,,,,21：特定技能１号,33
,,,,,,24：技能実習１号ロ,14
,,,,,,26：技能実習２号ロ,104
,,,,,,34：特定活動,7
,,,,,韓国,35：永住者,6
,,,,,,36：日本人の配偶者等,2
,,,,,,39：特別永住者,10
,,,,,（朝鮮）,39：特別永住者,3
,,,,,カンボジア,21：特定技能１号,3
,,,,,,24：技能実習１号ロ,6
,,,,,,26：技能実習２号ロ,11
,,,,,,36：日本人の配偶者等,1
,,,,,スリランカ,16：技術・人文知識・国際業務,1
,,,,,,21：特定技能１号,4
,,,,,タイ,21：特定技能１号,9
,,,,,,24：技能実習１号ロ,10
,,,,,,26：技能実習２号ロ,38
,,,,,,35：永住者,1
,,,,,,36：日本人の配偶者等,1
,,,,,台湾,08：高度専門職１号ロ,1
,,,,,,11：経営・管理,2
,,,,,,16：技術・人文知識・国際業務,8
,,,,,,17：企業内転勤,15
,,,,,,33：家族滞在,2
,,,,,,34：特定活動,1
,,,,,,35：永住者,1
,,,,,,36：日本人の配偶者等,1
,,,,,中国,10：高度専門職２号,1
,,,,,,16：技術・人文知識・国際業務,8
,,,,,,20：技能,4
,,,,,,21：特定技能１号,2
,,,,,,26：技能実習２号ロ,3
,,,,,,31：留学,1
,,,,,,33：家族滞在,3
,,,,,,34：特定活動,1
,,,,,,35：永住者,29
,,,,,,36：日本人の配偶者等,4
,,,,,,37：永住者の配偶者等,5
,,,,,,38：定住者,2
,,,,,ネパール,16：技術・人文知識・国際業務,12
,,,,,,21：特定技能１号,8
,,,,,,24：技能実習１号ロ,4
,,,,,,26：技能実習２号ロ,5
,,,,,,33：家族滞在,5
,,,,,パキスタン,35：永住者,6
,,,,,バングラデシュ,16：技術・人文知識・国際業務,1
,,,,,フィリピン,21：特定技能１号,62
,,,,,,24：技能実習１号ロ,33
,,,,,,26：技能実習２号ロ,77
,,,,,,28：技能実習３号ロ,6
,,,,,,34：特定活動,1
,,,,,,35：永住者,55
,,,,,,36：日本人の配偶者等,14
,,,,,,37：永住者の配偶者等,2
,,,,,,38：定住者,15
,,,,,ベトナム,11：経営・管理,1
,,,,,,16：技術・人文知識・国際業務,80
,,,,,,21：特定技能１号,173
,,,,,,24：技能実習１号ロ,117
,,,,,,26：技能実習２号ロ,352
,,,,,,28：技能実習３号ロ,1
,,,,,,33：家族滞在,29
,,,,,,34：特定活動,18
,,,,,,35：永住者,4
,,,,,,36：日本人の配偶者等,7
,,,,,ミャンマー,16：技術・人文知識・国際業務,3
,,,,,,21：特定技能１号,10
,,,,,,24：技能実習１号ロ,20
,,,,,,26：技能実習２号ロ,19
,,,,,,33：家族滞在,2
,,,,,,34：特定活動,2
,,,,,,36：日本人の配偶者等,2
,,,,,,38：定住者,1
,,,,,モンゴル,24：技能実習１号ロ,1
,,,,,イタリア,35：永住者,1
,,,,,,36：日本人の配偶者等,1
,,,,,英国,35：永住者,4
,,,,,,37：永住者の配偶者等,1
,,,,,フランス,35：永住者,1
,,,,,ジンバブエ,15：教育,1
,,,,,南アフリカ共和国,15：教育,1
,,,,,ルワンダ,15：教育,1
,,,,,カナダ,16：技術・人文知識・国際業務,1
,,,,,,36：日本人の配偶者等,1
,,,,,米国,15：教育,1
,,,,,,35：永住者,9
,,,,,,36：日本人の配偶者等,1
,,,,,オーストラリア,36：日本人の配偶者等,1
,,,,,ニュージーランド,36：日本人の配偶者等,1
43211.0,43：熊本県,宇土市,-,-,インドネシア,16：技術・人文知識・国際業務,1
,,,,,,21：特定技能１号,37
,,,,,,24：技能実習１号ロ,12
,,,,,,26：技能実習２号ロ,15
,,,,,,28：技能実習３号ロ,3
,,,,,,34：特定活動,1
,,,,,,36：日本人の配偶者等,1
,,,,,,38：定住者,3
,,,,,韓国,05：宗教,1
,,,,,,33：家族滞在,4
,,,,,,35：永住者,1
,,,,,,36：日本人の配偶者等,1
,,,,,,39：特別永住者,4
,,,,,カンボジア,16：技術・人文知識・国際業務,2
,,,,,,21：特定技能１号,7
,,,,,,24：技能実習１号ロ,10
,,,,,,26：技能実習２号ロ,13
,,,,,,33：家族滞在,1
,,,,,シリア,16：技術・人文知識・国際業務,3
,,,,,,33：家族滞在,3
,,,,,,34：特定活動,7
,,,,,,38：定住者,8
,,,,,スリランカ,21：特定技能１号,1
,,,,,,24：技能実習１号ロ,2
,,,,,,26：技能実習２号ロ,2
,,,,,,36：日本人の配偶者等,1
,,,,,タイ,28：技能実習３号ロ,1
,,,,,,35：永住者,1
,,,,,台湾,35：永住者,1
,,,,,中国,11：経営・管理,2
,,,,,,16：技術・人文知識・国際業務,2
,,,,,,20：技能,1
,,,,,,33：家族滞在,4
,,,,,,35：永住者,13
,,,,,,36：日本人の配偶者等,2
,,,,,,38：定住者,1
,,,,,ネパール,16：技術・人文知識・国際業務,3
,,,,,,20：技能,2
,,,,,,24：技能実習１号ロ,31
,,,,,,26：技能実習２号ロ,15
,,,,,,33：家族滞在,2
,,,,,パキスタン,11：経営・管理,2
,,,,,,16：技術・人文知識・国際業務,1
,,,,,,33：家族滞在,13
,,,,,フィリピン,15：教育,1
,,,,,,21：特定技能１号,1
,,,,,,24：技能実習１号ロ,8
,,,,,,26：技能実習２号ロ,9
,,,,,,33：家族滞在,1
,,,,,,35：永住者,8
,,,,,,36：日本人の配偶者等,6
,,,,,,38：定住者,8
,,,,,ベトナム,11：経営・管理,1
,,,,,,16：技術・人文知識・国際業務,9
,,,,,,21：特定技能１号,66
,,,,,,22：特定技能２号,2
,,,,,,24：技能実習１号ロ,20
,,,,,,26：技能実習２号ロ,58
,,,,,,28：技能実習３号ロ,2
,,,,,,33：家族滞在,5
,,,,,,34：特定活動,1
,,,,,,35：永住者,6
,,,,,,36：日本人の配偶者等,3
,,,,,ミャンマー,21：特定技能１号,1
,,,,,,24：技能実習１号ロ,6
,,,,,,26：技能実習２号ロ,23
,,,,,ラオス,24：技能実習１号ロ,3
,,,,,ポーランド,35：永住者,2
,,,,,ロシア,36：日本人の配偶者等,1
,,,,,南アフリカ共和国,15：教育,1
,,,,,ジャマイカ,36：日本人の配偶者等,1
,,,,,米国,15：教育,6
,,,,,,35：永住者,1
,,,,,,36：日本人の配偶者等,2
,,,,,アルゼンチン,36：日本人の配偶者等,1
,,,,,ブラジル,35：永住者,1
,,,,,,36：日本人の配偶者等,1
,,,,,ペルー,35：永住者,1
,,,,,ニュージーランド,35：永住者,1
43212.0,43：熊本県,上天草市,-,-,インドネシア,21：特定技能１号,23
,,,,,,24：技能実習１号ロ,13
,,,,,,26：技能実習２号ロ,10
,,,,,,34：特定活動,4
,,,,,カンボジア,24：技能実習１号ロ,8
,,,,,,26：技能実習２号ロ,7
,,,,,スリランカ,16：技術・人文知識・国際業務,2
,,,,,タイ,21：特定技能１号,4
,,,,,中国,16：技術・人文知識・国際業務,2
,,,,,,20：技能,2
,,,,,,33：家族滞在,2
,,,,,,35：永住者,7
,,,,,ネパール,04：芸術,6
,,,,,,16：技術・人文知識・国際業務,2
,,,,,,21：特定技能１号,2
,,,,,フィリピン,19：興行,2
,,,,,,21：特定技能１号,10
,,,,,,26：技能実習２号ロ,3
,,,,,,35：永住者,12
,,,,,,36：日本人の配偶者等,3
,,,,,,38：定住者,2
,,,,,ベトナム,21：特定技能１号,9
,,,,,,24：技能実習１号ロ,7
,,,,,,26：技能実習２号ロ,21
,,,,,,28：技能実習３号ロ,3
,,,,,,34：特定活動,2
,,,,,,36：日本人の配偶者等,1
,,,,,ミャンマー,21：特定技能１号,4
,,,,,,24：技能実習１号ロ,4
,,,,,,26：技能実習２号ロ,9
,,,,,,28：技能実習３号ロ,1
,,,,,,34：特定活動,3
,,,,,,35：永住者,1
,,,,,,36：日本人の配偶者等,1
,,,,,英国,35：永住者,1
,,,,,ベルギー,36：日本人の配偶者等,1
,,,,,カナダ,15：教育,1
,,,,,,35：永住者,1
,,,,,コスタリカ,36：日本人の配偶者等,1
,,,,,米国,15：教育,3
,,,,,,36：日本人の配偶者等,3
,,,,,ブラジル,35：永住者,1
,,,,,オーストラリア,15：教育,1
43213.0,43：熊本県,宇城市,-,-,アフガニスタン,11：経営・管理,1
,,,,,,35：永住者,1
,,,,,インド,20：技能,3
,,,,,インドネシア,16：技術・人文知識・国際業務,4
,,,,,,21：特定技能１号,55
,,,,,,24：技能実習１号ロ,56
,,,,,,26：技能実習２号ロ,67
,,,,,,34：特定活動,9
,,,,,,36：日本人の配偶者等,1
,,,,,韓国,11：経営・管理,2
,,,,,,34：特定活動,1
,,,,,,35：永住者,4
,,,,,,36：日本人の配偶者等,3
,,,,,,39：特別永住者,2
,,,,,（朝鮮）,39：特別永住者,4
,,,,,カンボジア,16：技術・人文知識・国際業務,3
,,,,,,21：特定技能１号,10
,,,,,,24：技能実習１号ロ,9
,,,,,,26：技能実習２号ロ,23
,,,,,,28：技能実習３号ロ,3
,,,,,,34：特定活動,4
,,,,,スリランカ,16：技術・人文知識・国際業務,13
,,,,,,21：特定技能１号,4
,,,,,,24：技能実習１号ロ,2
,,,,,,33：家族滞在,3
,,,,,タイ,21：特定技能１号,2
,,,,,,36：日本人の配偶者等,1
,,,,,台湾,35：永住者,1
,,,,,,36：日本人の配偶者等,1
,,,,,中国,11：経営・管理,1
,,,,,,16：技術・人文知識・国際業務,4
,,,,,,20：技能,1
,,,,,,21：特定技能１号,7
,,,,,,24：技能実習１号ロ,1
,,,,,,26：技能実習２号ロ,10
,,,,,,28：技能実習３号ロ,1
,,,,,,33：家族滞在,8
,,,,,,35：永住者,22
,,,,,,36：日本人の配偶者等,6
,,,,,,37：永住者の配偶者等,2
,,,,,,38：定住者,3
,,,,,ネパール,16：技術・人文知識・国際業務,18
,,,,,,18：介護,1
,,,,,,21：特定技能１号,6
,,,,,,24：技能実習１号ロ,2
,,,,,,26：技能実習２号ロ,5
,,,,,,33：家族滞在,10
,,,,,,34：特定活動,2
,,,,,パキスタン,11：経営・管理,3
,,,,,,16：技術・人文知識・国際業務,7
,,,,,,20：技能,1
,,,,,,33：家族滞在,9
,,,,,,35：永住者,1
,,,,,,37：永住者の配偶者等,1
,,,,,,38：定住者,8
,,,,,バングラデシュ,16：技術・人文知識・国際業務,5
,,,,,,24：技能実習１号ロ,3
,,,,,,26：技能実習２号ロ,6
,,,,,,33：家族滞在,5
,,,,,フィリピン,16：技術・人文知識・国際業務,1
,,,,,,21：特定技能１号,48
,,,,,,24：技能実習１号ロ,13
,,,,,,26：技能実習２号ロ,35
,,,,,,34：特定活動,2
,,,,,,35：永住者,18
,,,,,,36：日本人の配偶者等,5
,,,,,,38：定住者,1
,,,,,ベトナム,08：高度専門職１号ロ,1
,,,,,,11：経営・管理,2
,,,,,,16：技術・人文知識・国際業務,46
,,,,,,21：特定技能１号,81
,,,,,,22：特定技能２号,1
,,,,,,24：技能実習１号ロ,33
,,,,,,26：技能実習２号ロ,137
,,,,,,28：技能実習３号ロ,11
,,,,,,33：家族滞在,11
,,,,,,34：特定活動,6
,,,,,,35：永住者,1
,,,,,,36：日本人の配偶者等,2
,,,,,ミャンマー,16：技術・人文知識・国際業務,1
,,,,,,21：特定技能１号,31
,,,,,,24：技能実習１号ロ,27
,,,,,,26：技能実習２号ロ,33
,,,,,英国,15：教育,1
,,,,,,35：永住者,1
,,,,,スロバキア,35：永住者,1
,,,,,ドイツ,36：日本人の配偶者等,1
,,,,,フランス,36：日本人の配偶者等,1
,,,,,ルーマニア,35：永住者,1
,,,,,ロシア,36：日本人の配偶者等,1
,,,,,ウガンダ,35：永住者,1
,,,,,ナイジェリア,35：永住者,1
,,,,,カナダ,35：永住者,2
,,,,,,36：日本人の配偶者等,1
,,,,,米国,15：教育,4
,,,,,,35：永住者,4
,,,,,,36：日本人の配偶者等,1
,,,,,ブラジル,35：永住者,5
,,,,,,36：日本人の配偶者等,1
,,,,,,37：永住者の配偶者等,1
,,,,,,38：定住者,4
,,,,,オーストラリア,35：永住者,1
,,,,,ニュージーランド,15：教育,1
43214.0,43：熊本県,阿蘇市,-,-,インド,20：技能,2
,,,,,インドネシア,16：技術・人文知識・国際業務,1
,,,,,,21：特定技能１号,22
,,,,,,24：技能実習１号ロ,24
,,,,,,26：技能実習２号ロ,69
,,,,,,28：技能実習３号ロ,6
,,,,,,34：特定活動,3
,,,,,,36：日本人の配偶者等,1
,,,,,韓国,16：技術・人文知識・国際業務,2
,,,,,,35：永住者,1
,,,,,,39：特別永住者,5
,,,,,（朝鮮）,39：特別永住者,1
,,,,,カンボジア,16：技術・人文知識・国際業務,2
,,,,,,17：企業内転勤,1
,,,,,,21：特定技能１号,76
,,,,,,22：特定技能２号,3
,,,,,,24：技能実習１号ロ,31
,,,,,,26：技能実習２号ロ,49
,,,,,,36：日本人の配偶者等,1
,,,,,シンガポール,36：日本人の配偶者等,1
,,,,,スリランカ,16：技術・人文知識・国際業務,2
,,,,,,21：特定技能１号,11
,,,,,,33：家族滞在,1
,,,,,タイ,21：特定技能１号,4
,,,,,台湾,11：経営・管理,1
,,,,,,16：技術・人文知識・国際業務,2
,,,,,,34：特定活動,8
,,,,,,36：日本人の配偶者等,1
,,,,,中国,04：芸術,1
,,,,,,16：技術・人文知識・国際業務,10
,,,,,,21：特定技能１号,5
,,,,,,35：永住者,22
,,,,,,36：日本人の配偶者等,3
,,,,,,37：永住者の配偶者等,1
,,,,,,38：定住者,1
,,,,,,39：特別永住者,1
,,,,,ネパール,16：技術・人文知識・国際業務,25
,,,,,,18：介護,1
,,,,,,20：技能,3
,,,,,,21：特定技能１号,17
,,,,,,33：家族滞在,17
,,,,,,35：永住者,1
,,,,,,36：日本人の配偶者等,1
,,,,,パキスタン,11：経営・管理,2
,,,,,,16：技術・人文知識・国際業務,2
,,,,,,36：日本人の配偶者等,1
,,,,,フィリピン,16：技術・人文知識・国際業務,2
,,,,,,21：特定技能１号,23
,,,,,,24：技能実習１号ロ,13
,,,,,,26：技能実習２号ロ,11
,,,,,,28：技能実習３号ロ,3
,,,,,,32：研修,2
,,,,,,33：家族滞在,1
,,,,,,35：永住者,25
,,,,,,36：日本人の配偶者等,10
,,,,,,38：定住者,13
,,,,,ベトナム,16：技術・人文知識・国際業務,5
,,,,,,17：企業内転勤,1
,,,,,,18：介護,1
,,,,,,20：技能,1
,,,,,,21：特定技能１号,56
,,,,,,22：特定技能２号,2
,,,,,,24：技能実習１号ロ,30
,,,,,,26：技能実習２号ロ,68
,,,,,,28：技能実習３号ロ,1
,,,,,,33：家族滞在,2
,,,,,,34：特定活動,5
,,,,,,35：永住者,3
,,,,,,36：日本人の配偶者等,1
,,,,,ミャンマー,16：技術・人文知識・国際業務,3
,,,,,,21：特定技能１号,50
,,,,,,24：技能実習１号ロ,10
,,,,,,26：技能実習２号ロ,9
,,,,,,34：特定活動,1
,,,,,ラオス,26：技能実習２号ロ,4
,,,,,英国,15：教育,1
,,,,,,35：永住者,2
,,,,,,36：日本人の配偶者等,1
,,,,,フランス,16：技術・人文知識・国際業務,1
,,,,,,35：永住者,1
,,,,,ポーランド,36：日本人の配偶者等,1
,,,,,ナイジェリア,35：永住者,1
,,,,,カナダ,36：日本人の配偶者等,1
,,,,,米国,15：教育,3
,,,,,,16：技術・人文知識・国際業務,1
,,,,,,31：留学,1
,,,,,,33：家族滞在,1
,,,,,,35：永住者,2
,,,,,,36：日本人の配偶者等,1
,,,,,ブラジル,35：永住者,2
43215.0,43：熊本県,天草市,-,-,インド,21：特定技能１号,9
,,,,,,26：技能実習２号ロ,3
,,,,,インドネシア,16：技術・人文知識・国際業務,14
,,,,,,18：介護,1
,,,,,,21：特定技能１号,77
,,,,,,24：技能実習１号ロ,14
,,,,,,26：技能実習２号ロ,28
,,,,,,28：技能実習３号ロ,1
,,,,,,34：特定活動,6
,,,,,韓国,16：技術・人文知識・国際業務,2
,,,,,,35：永住者,6
,,,,,,36：日本人の配偶者等,3
,,,,,,39：特別永住者,7
,,,,,カンボジア,21：特定技能１号,4
,,,,,,24：技能実習１号ロ,8
,,,,,,26：技能実習２号ロ,9
,,,,,,34：特定活動,1
,,,,,タイ,34：特定活動,2
,,,,,,35：永住者,1
,,,,,台湾,34：特定活動,2
,,,,,,36：日本人の配偶者等,1
,,,,,,39：特別永住者,1
,,,,,中国,16：技術・人文知識・国際業務,2
,,,,,,20：技能,1
,,,,,,21：特定技能１号,2
,,,,,,24：技能実習１号ロ,1
,,,,,,26：技能実習２号ロ,5
,,,,,,28：技能実習３号ロ,1
,,,,,,33：家族滞在,1
,,,,,,35：永住者,19
,,,,,,36：日本人の配偶者等,2
,,,,,ネパール,21：特定技能１号,15
,,,,,,24：技能実習１号ロ,5
,,,,,,34：特定活動,1
,,,,,フィリピン,21：特定技能１号,5
,,,,,,24：技能実習１号ロ,1
,,,,,,26：技能実習２号ロ,6
,,,,,,34：特定活動,1
,,,,,,35：永住者,36
,,,,,,36：日本人の配偶者等,1
,,,,,,38：定住者,2
,,,,,ベトナム,16：技術・人文知識・国際業務,4
,,,,,,21：特定技能１号,42
,,,,,,22：特定技能２号,1
,,,,,,24：技能実習１号ロ,29
,,,,,,26：技能実習２号ロ,58
,,,,,,28：技能実習３号ロ,10
,,,,,,33：家族滞在,1
,,,,,,34：特定活動,6
,,,,,,36：日本人の配偶者等,2
,,,,,マレーシア,35：永住者,1
,,,,,ミャンマー,16：技術・人文知識・国際業務,1
,,,,,,21：特定技能１号,33
,,,,,,24：技能実習１号ロ,41
,,,,,,26：技能実習２号ロ,72
,,,,,,28：技能実習３号ロ,9
,,,,,,34：特定活動,4
,,,,,モンゴル,26：技能実習２号ロ,1
,,,,,英国,35：永住者,2
,,,,,,36：日本人の配偶者等,1
,,,,,ドイツ,35：永住者,1
,,,,,ロシア,35：永住者,1
,,,,,南アフリカ共和国,15：教育,1
,,,,,カナダ,15：教育,1
,,,,,,16：技術・人文知識・国際業務,2
,,,,,,36：日本人の配偶者等,1
,,,,,米国,15：教育,11
,,,,,,34：特定活動,1
,,,,,,35：永住者,1
,,,,,,36：日本人の配偶者等,3
,,,,,コロンビア,35：永住者,1
,,,,,ブラジル,35：永住者,1
,,,,,オーストラリア,35：永住者,2
,,,,,ニュージーランド,15：教育,1
43216.0,43：熊本県,合志市,-,-,インド,20：技能,3
,,,,,,35：永住者,6
,,,,,,37：永住者の配偶者等,1
,,,,,インドネシア,16：技術・人文知識・国際業務,1
,,,,,,21：特定技能１号,33
,,,,,,24：技能実習１号ロ,35
,,,,,,26：技能実習２号ロ,29
,,,,,,28：技能実習３号ロ,6
,,,,,,31：留学,1
,,,,,,35：永住者,1
,,,,,,36：日本人の配偶者等,1
,,,,,韓国,05：宗教,1
,,,,,,16：技術・人文知識・国際業務,5
,,,,,,17：企業内転勤,1
,,,,,,33：家族滞在,7
,,,,,,35：永住者,8
,,,,,,36：日本人の配偶者等,3
,,,,,,38：定住者,1
,,,,,,39：特別永住者,11
,,,,,カンボジア,16：技術・人文知識・国際業務,1
,,,,,,21：特定技能１号,11
,,,,,,24：技能実習１号ロ,6
,,,,,,26：技能実習２号ロ,15
,,,,,,28：技能実習３号ロ,2
,,,,,スリランカ,24：技能実習１号ロ,5
,,,,,,26：技能実習２号ロ,3
,,,,,,35：永住者,1
,,,,,タイ,21：特定技能１号,4
,,,,,,26：技能実習２号ロ,1
,,,,,,31：留学,5
,,,,,,35：永住者,1
,,,,,台湾,08：高度専門職１号ロ,45
,,,,,,11：経営・管理,4
,,,,,,16：技術・人文知識・国際業務,24
,,,,,,17：企業内転勤,31
,,,,,,31：留学,2
,,,,,,33：家族滞在,75
,,,,,,35：永住者,20
,,,,,,36：日本人の配偶者等,8
,,,,,,37：永住者の配偶者等,3
,,,,,,38：定住者,4
,,,,,中国,08：高度専門職１号ロ,1
,,,,,,16：技術・人文知識・国際業務,6
,,,,,,20：技能,1
,,,,,,21：特定技能１号,2
,,,,,,33：家族滞在,1
,,,,,,35：永住者,63
,,,,,,36：日本人の配偶者等,2
,,,,,,37：永住者の配偶者等,1
,,,,,ネパール,11：経営・管理,1
,,,,,,16：技術・人文知識・国際業務,1
,,,,,,18：介護,3
,,,,,,20：技能,10
,,,,,,21：特定技能１号,4
,,,,,,33：家族滞在,7
,,,,,フィリピン,21：特定技能１号,10
,,,,,,24：技能実習１号ロ,16
,,,,,,26：技能実習２号ロ,14
,,,,,,34：特定活動,3
,,,,,,35：永住者,22
,,,,,,36：日本人の配偶者等,7
,,,,,ベトナム,10：高度専門職２号,1
,,,,,,16：技術・人文知識・国際業務,17
,,,,,,21：特定技能１号,26
,,,,,,22：特定技能２号,1
,,,,,,23：技能実習１号イ,1
,,,,,,24：技能実習１号ロ,17
,,,,,,26：技能実習２号ロ,46
,,,,,,28：技能実習３号ロ,2
,,,,,,33：家族滞在,3
,,,,,,34：特定活動,3
,,,,,,36：日本人の配偶者等,3
,,,,,マレーシア,08：高度専門職１号ロ,1
,,,,,,16：技術・人文知識・国際業務,1
,,,,,,31：留学,2
,,,,,ミャンマー,16：技術・人文知識・国際業務,5
,,,,,,21：特定技能１号,6
,,,,,,24：技能実習１号ロ,8
,,,,,,26：技能実習２号ロ,14
,,,,,,28：技能実習３号ロ,1
,,,,,,33：家族滞在,1
,,,,,,34：特定活動,3
,,,,,モンゴル,26：技能実習２号ロ,3
,,,,,イタリア,36：日本人の配偶者等,1
,,,,,英国,35：永住者,2
,,,,,,36：日本人の配偶者等,1
,,,,,スイス,35：永住者,1
,,,,,スウェーデン,36：日本人の配偶者等,1
,,,,,ドイツ,35：永住者,2
,,,,,ルーマニア,35：永住者,1
,,,,,スーダン,16：技術・人文知識・国際業務,1
,,,,,マダガスカル,07：高度専門職１号イ,1
,,,,,,33：家族滞在,5
,,,,,カナダ,36：日本人の配偶者等,1
,,,,,米国,15：教育,1
,,,,,,35：永住者,3
,,,,,,36：日本人の配偶者等,2
,,,,,ブラジル,31：留学,1
,,,,,,35：永住者,1
,,,,,ベネズエラ,35：永住者,1
,,,,,オーストラリア,36：日本人の配偶者等,2
,,,,,ニュージーランド,15：教育,1
43348.0,43：熊本県,美里町,-,-,インド,26：技能実習２号ロ,2
,,,,,インドネシア,21：特定技能１号,4
,,,,,,24：技能実習１号ロ,9
,,,,,,26：技能実習２号ロ,8
,,,,,,28：技能実習３号ロ,2
,,,,,,34：特定活動,2
,,,,,,35：永住者,1
,,,,,韓国,35：永住者,1
,,,,,カンボジア,24：技能実習１号ロ,4
,,,,,,26：技能実習２号ロ,3
,,,,,,28：技能実習３号ロ,1
,,,,,中国,26：技能実習２号ロ,1
,,,,,,28：技能実習３号ロ,2
,,,,,,31：留学,1
,,,,,,35：永住者,2
,,,,,ネパール,21：特定技能１号,3
,,,,,,26：技能実習２号ロ,3
,,,,,フィリピン,15：教育,1
,,,,,,21：特定技能１号,4
,,,,,,24：技能実習１号ロ,1
,,,,,,26：技能実習２号ロ,6
,,,,,,33：家族滞在,2
,,,,,,34：特定活動,1
,,,,,,35：永住者,4
,,,,,,36：日本人の配偶者等,1
,,,,,,38：定住者,3
,,,,,ベトナム,21：特定技能１号,7
,,,,,,24：技能実習１号ロ,2
,,,,,,26：技能実習２号ロ,15
,,,,,,28：技能実習３号ロ,2
,,,,,,34：特定活動,1
,,,,,,36：日本人の配偶者等,1
,,,,,ミャンマー,21：特定技能１号,1
,,,,,,24：技能実習１号ロ,9
,,,,,,26：技能実習２号ロ,11
,,,,,,34：特定活動,4
,,,,,オランダ,36：日本人の配偶者等,1
,,,,,フランス,38：定住者,1
,,,,,ルーマニア,36：日本人の配偶者等,1
,,,,,米国,15：教育,1
,,,,,,35：永住者,1
,,,,,ペルー,38：定住者,1
43364.0,43：熊本県,玉東町,-,-,インドネシア,21：特定技能１号,10
,,,,,,24：技能実習１号ロ,2
,,,,,,26：技能実習２号ロ,6
,,,,,,28：技能実習３号ロ,1
,,,,,,35：永住者,1
,,,,,韓国,39：特別永住者,2
,,,,,スリランカ,11：経営・管理,1
,,,,,,20：技能,1
,,,,,,33：家族滞在,2
,,,,,タイ,21：特定技能１号,2
,,,,,,26：技能実習２号ロ,2
,,,,,,28：技能実習３号ロ,1
,,,,,,35：永住者,1
,,,,,中国,16：技術・人文知識・国際業務,1
,,,,,,21：特定技能１号,3
,,,,,,35：永住者,1
,,,,,,37：永住者の配偶者等,1
,,,,,フィリピン,21：特定技能１号,1
,,,,,,35：永住者,3
,,,,,,36：日本人の配偶者等,1
,,,,,ベトナム,21：特定技能１号,1
,,,,,,35：永住者,1
,,,,,ミャンマー,21：特定技能１号,1
,,,,,,26：技能実習２号ロ,2
,,,,,ウクライナ,38：定住者,10
43367.0,43：熊本県,南関町,-,-,インドネシア,21：特定技能１号,30
,,,,,,24：技能実習１号ロ,12
,,,,,,26：技能実習２号ロ,22
,,,,,,35：永住者,1
,,,,,,36：日本人の配偶者等,1
,,,,,韓国,39：特別永住者,2
,,,,,カンボジア,21：特定技能１号,1
,,,,,タイ,24：技能実習１号ロ,2
,,,,,,26：技能実習２号ロ,4
,,,,,中国,16：技術・人文知識・国際業務,3
,,,,,,20：技能,1
,,,,,,21：特定技能１号,1
,,,,,,33：家族滞在,1
,,,,,,35：永住者,3
,,,,,ネパール,16：技術・人文知識・国際業務,6
,,,,,,33：家族滞在,3
,,,,,フィリピン,21：特定技能１号,25
,,,,,,22：特定技能２号,1
,,,,,,24：技能実習１号ロ,14
,,,,,,26：技能実習２号ロ,8
,,,,,,28：技能実習３号ロ,3
,,,,,,35：永住者,4
,,,,,ベトナム,16：技術・人文知識・国際業務,2
,,,,,,21：特定技能１号,16
,,,,,,24：技能実習１号ロ,15
,,,,,,26：技能実習２号ロ,54
,,,,,,28：技能実習３号ロ,2
,,,,,,34：特定活動,5
,,,,,ミャンマー,16：技術・人文知識・国際業務,3
,,,,,,21：特定技能１号,6
,,,,,,24：技能実習１号ロ,2
,,,,,,26：技能実習２号ロ,11
,,,,,,34：特定活動,1
,,,,,ウズベキスタン,26：技能実習２号ロ,2
,,,,,英国,35：永住者,1
,,,,,米国,16：技術・人文知識・国際業務,1
43368.0,43：熊本県,長洲町,-,-,インド,26：技能実習２号ロ,4
,,,,,,34：特定活動,2
,,,,,,36：日本人の配偶者等,1
,,,,,インドネシア,16：技術・人文知識・国際業務,1
,,,,,,21：特定技能１号,18
,,,,,,24：技能実習１号ロ,24
,,,,,,26：技能実習２号ロ,32
,,,,,,33：家族滞在,3
,,,,,,34：特定活動,2
,,,,,,35：永住者,1
,,,,,韓国,35：永住者,2
,,,,,,37：永住者の配偶者等,2
,,,,,,39：特別永住者,7
,,,,,カンボジア,21：特定技能１号,1
,,,,,台湾,33：家族滞在,1
,,,,,,36：日本人の配偶者等,1
,,,,,中国,16：技術・人文知識・国際業務,2
,,,,,,21：特定技能１号,3
,,,,,,26：技能実習２号ロ,2
,,,,,,35：永住者,2
,,,,,,36：日本人の配偶者等,3
,,,,,ネパール,16：技術・人文知識・国際業務,7
,,,,,,20：技能,2
,,,,,,26：技能実習２号ロ,4
,,,,,,33：家族滞在,8
,,,,,パキスタン,11：経営・管理,2
,,,,,,33：家族滞在,2
,,,,,フィリピン,21：特定技能１号,191
,,,,,,22：特定技能２号,7
,,,,,,24：技能実習１号ロ,33
,,,,,,26：技能実習２号ロ,58
,,,,,,28：技能実習３号ロ,1
,,,,,,34：特定活動,5
,,,,,,35：永住者,6
,,,,,,36：日本人の配偶者等,2
,,,,,,38：定住者,2
,,,,,ベトナム,11：経営・管理,1
,,,,,,16：技術・人文知識・国際業務,18
,,,,,,21：特定技能１号,162
,,,,,,23：技能実習１号イ,27
,,,,,,24：技能実習１号ロ,14
,,,,,,25：技能実習２号イ,41
,,,,,,26：技能実習２号ロ,68
,,,,,,28：技能実習３号ロ,12
,,,,,,33：家族滞在,4
,,,,,,34：特定活動,1
,,,,,,35：永住者,2
,,,,,ミャンマー,16：技術・人文知識・国際業務,1
,,,,,,26：技能実習２号ロ,16
,,,,,,35：永住者,1
,,,,,スイス,35：永住者,1
,,,,,スロバキア,36：日本人の配偶者等,1
,,,,,セネガル,36：日本人の配偶者等,1
,,,,,米国,15：教育,1
,,,,,,16：技術・人文知識・国際業務,1
,,,,,,35：永住者,1
,,,,,,36：日本人の配偶者等,1
,,,,,オーストラリア,15：教育,1
,,,,,,33：家族滞在,1
43369.0,43：熊本県,和水町,-,-,インドネシア,21：特定技能１号,7
,,,,,,26：技能実習２号ロ,2
,,,,,韓国,35：永住者,1
,,,,,,39：特別永住者,1
,,,,,カンボジア,21：特定技能１号,9
,,,,,,24：技能実習１号ロ,1
,,,,,,26：技能実習２号ロ,2
,,,,,,34：特定活動,2
,,,,,スリランカ,35：永住者,1
,,,,,タイ,26：技能実習２号ロ,6
,,,,,,35：永住者,2
,,,,,,36：日本人の配偶者等,1
,,,,,台湾,35：永住者,1
,,,,,,36：日本人の配偶者等,1
,,,,,中国,11：経営・管理,1
,,,,,,26：技能実習２号ロ,1
,,,,,,33：家族滞在,1
,,,,,,34：特定活動,1
,,,,,,35：永住者,5
,,,,,,37：永住者の配偶者等,2
,,,,,ネパール,21：特定技能１号,1
,,,,,フィリピン,21：特定技能１号,4
,,,,,,26：技能実習２号ロ,4
,,,,,,34：特定活動,2
,,,,,,35：永住者,1
,,,,,,36：日本人の配偶者等,2
,,,,,ベトナム,21：特定技能１号,6
,,,,,,26：技能実習２号ロ,5
,,,,,,28：技能実習３号ロ,1
,,,,,,34：特定活動,1
,,,,,,36：日本人の配偶者等,1
,,,,,ミャンマー,21：特定技能１号,4
,,,,,,24：技能実習１号ロ,4
,,,,,,26：技能実習２号ロ,6
,,,,,イタリア,05：宗教,2
,,,,,,35：永住者,1
,,,,,英国,36：日本人の配偶者等,1
,,,,,フランス,35：永住者,1
,,,,,,36：日本人の配偶者等,1
43403.0,43：熊本県,大津町,-,-,インド,16：技術・人文知識・国際業務,3
,,,,,,20：技能,3
,,,,,,26：技能実習２号ロ,3
,,,,,インドネシア,21：特定技能１号,27
,,,,,,24：技能実習１号ロ,11
,,,,,,26：技能実習２号ロ,32
,,,,,,34：特定活動,2
,,,,,韓国,16：技術・人文知識・国際業務,11
,,,,,,17：企業内転勤,2
,,,,,,33：家族滞在,1
,,,,,,35：永住者,7
,,,,,,38：定住者,2
,,,,,,39：特別永住者,3
,,,,,カンボジア,21：特定技能１号,30
,,,,,,24：技能実習１号ロ,1
,,,,,,26：技能実習２号ロ,6
,,,,,,34：特定活動,2
,,,,,,36：日本人の配偶者等,1
,,,,,シンガポール,16：技術・人文知識・国際業務,2
,,,,,スリランカ,16：技術・人文知識・国際業務,1
,,,,,,24：技能実習１号ロ,4
,,,,,タイ,08：高度専門職１号ロ,1
,,,,,,16：技術・人文知識・国際業務,1
,,,,,,36：日本人の配偶者等,2
,,,,,台湾,08：高度専門職１号ロ,20
,,,,,,09：高度専門職１号ハ,1
,,,,,,11：経営・管理,8
,,,,,,16：技術・人文知識・国際業務,117
,,,,,,17：企業内転勤,95
,,,,,,33：家族滞在,13
,,,,,,34：特定活動,1
,,,,,,35：永住者,14
,,,,,,36：日本人の配偶者等,2
,,,,,,38：定住者,1
,,,,,中国,08：高度専門職１号ロ,5
,,,,,,11：経営・管理,4
,,,,,,16：技術・人文知識・国際業務,62
,,,,,,17：企業内転勤,40
,,,,,,20：技能,4
,,,,,,21：特定技能１号,8
,,,,,,24：技能実習１号ロ,8
,,,,,,26：技能実習２号ロ,11
,,,,,,31：留学,3
,,,,,,33：家族滞在,7
,,,,,,35：永住者,35
,,,,,,36：日本人の配偶者等,7
,,,,,,37：永住者の配偶者等,3
,,,,,,38：定住者,11
,,,,,ネパール,16：技術・人文知識・国際業務,41
,,,,,,21：特定技能１号,7
,,,,,,31：留学,1
,,,,,,33：家族滞在,39
,,,,,,36：日本人の配偶者等,1
,,,,,,38：定住者,1
,,,,,フィリピン,21：特定技能１号,34
,,,,,,24：技能実習１号ロ,37
,,,,,,26：技能実習２号ロ,12
,,,,,,28：技能実習３号ロ,11
,,,,,,34：特定活動,1
,,,,,,35：永住者,21
,,,,,,36：日本人の配偶者等,4
,,,,,,38：定住者,10
,,,,,ベトナム,16：技術・人文知識・国際業務,47
,,,,,,21：特定技能１号,90
,,,,,,24：技能実習１号ロ,35
,,,,,,26：技能実習２号ロ,77
,,,,,,28：技能実習３号ロ,7
,,,,,,33：家族滞在,30
,,,,,,34：特定活動,7
,,,,,,36：日本人の配偶者等,2
,,,,,マレーシア,08：高度専門職１号ロ,1
,,,,,,16：技術・人文知識・国際業務,5
,,,,,,35：永住者,1
,,,,,,37：永住者の配偶者等,1
,,,,,,38：定住者,1
,,,,,ミャンマー,16：技術・人文知識・国際業務,8
,,,,,,21：特定技能１号,14
,,,,,,24：技能実習１号ロ,2
,,,,,,26：技能実習２号ロ,23
,,,,,,33：家族滞在,1
,,,,,,34：特定活動,19
,,,,,モンゴル,24：技能実習１号ロ,2
,,,,,フランス,34：特定活動,1
,,,,,ロシア,35：永住者,1
,,,,,,36：日本人の配偶者等,1
,,,,,カナダ,35：永住者,1
,,,,,トリニダード・トバゴ,15：教育,1
,,,,,米国,15：教育,1
,,,,,,16：技術・人文知識・国際業務,2
,,,,,,33：家族滞在,2
,,,,,,35：永住者,3
,,,,,ブラジル,35：永住者,1
,,,,,,36：日本人の配偶者等,1
,,,,,,38：定住者,1
,,,,,ペルー,35：永住者,1
,,,,,オーストラリア,35：永住者,2
43404.0,43：熊本県,菊陽町,-,-,インド,16：技術・人文知識・国際業務,1
,,,,,,17：企業内転勤,1
,,,,,,20：技能,1
,,,,,インドネシア,16：技術・人文知識・国際業務,1
,,,,,,21：特定技能１号,17
,,,,,,24：技能実習１号ロ,22
,,,,,,26：技能実習２号ロ,33
,,,,,,34：特定活動,3
,,,,,,36：日本人の配偶者等,1
,,,,,,38：定住者,1
,,,,,韓国,08：高度専門職１号ロ,1
,,,,,,16：技術・人文知識・国際業務,22
,,,,,,17：企業内転勤,5
,,,,,,33：家族滞在,2
,,,,,,35：永住者,8
,,,,,,36：日本人の配偶者等,5
,,,,,,39：特別永住者,4
,,,,,カンボジア,21：特定技能１号,7
,,,,,,24：技能実習１号ロ,3
,,,,,,26：技能実習２号ロ,4
,,,,,,28：技能実習３号ロ,7
,,,,,,34：特定活動,4
,,,,,シンガポール,35：永住者,1
,,,,,スリランカ,11：経営・管理,1
,,,,,,16：技術・人文知識・国際業務,3
,,,,,,33：家族滞在,1
,,,,,タイ,21：特定技能１号,7
,,,,,,35：永住者,1
,,,,,,36：日本人の配偶者等,4
,,,,,台湾,08：高度専門職１号ロ,104
,,,,,,11：経営・管理,5
,,,,,,16：技術・人文知識・国際業務,140
,,,,,,17：企業内転勤,107
,,,,,,31：留学,1
,,,,,,33：家族滞在,99
,,,,,,34：特定活動,4
,,,,,,35：永住者,25
,,,,,,36：日本人の配偶者等,6
,,,,,,37：永住者の配偶者等,2
,,,,,,38：定住者,2
,,,,,中国,08：高度専門職１号ロ,18
,,,,,,11：経営・管理,1
,,,,,,16：技術・人文知識・国際業務,30
,,,,,,17：企業内転勤,11
,,,,,,20：技能,2
,,,,,,21：特定技能１号,3
,,,,,,31：留学,3
,,,,,,33：家族滞在,28
,,,,,,34：特定活動,2
,,,,,,35：永住者,98
,,,,,,36：日本人の配偶者等,4
,,,,,,37：永住者の配偶者等,4
,,,,,,38：定住者,4
,,,,,ネパール,16：技術・人文知識・国際業務,6
,,,,,,21：特定技能１号,2
,,,,,,33：家族滞在,5
,,,,,,35：永住者,3
,,,,,,36：日本人の配偶者等,2
,,,,,,38：定住者,4
,,,,,パキスタン,16：技術・人文知識・国際業務,2
,,,,,,35：永住者,6
,,,,,,36：日本人の配偶者等,1
,,,,,バングラデシュ,24：技能実習１号ロ,2
,,,,,フィリピン,16：技術・人文知識・国際業務,5
,,,,,,21：特定技能１号,3
,,,,,,22：特定技能２号,1
,,,,,,26：技能実習２号ロ,4
,,,,,,34：特定活動,3
,,,,,,35：永住者,14
,,,,,,36：日本人の配偶者等,2
,,,,,,38：定住者,1
,,,,,ベトナム,16：技術・人文知識・国際業務,24
,,,,,,21：特定技能１号,40
,,,,,,24：技能実習１号ロ,10
,,,,,,26：技能実習２号ロ,24
,,,,,,28：技能実習３号ロ,4
,,,,,,33：家族滞在,6
,,,,,,35：永住者,2
,,,,,,36：日本人の配偶者等,3
,,,,,マレーシア,08：高度専門職１号ロ,2
,,,,,,16：技術・人文知識・国際業務,5
,,,,,ミャンマー,16：技術・人文知識・国際業務,4
,,,,,,21：特定技能１号,29
,,,,,,24：技能実習１号ロ,11
,,,,,,26：技能実習２号ロ,14
,,,,,,34：特定活動,2
,,,,,ヨルダン,16：技術・人文知識・国際業務,1
,,,,,,35：永住者,1
,,,,,英国,35：永住者,1
,,,,,エストニア,36：日本人の配偶者等,1
,,,,,スペイン,31：留学,1
,,,,,フランス,16：技術・人文知識・国際業務,1
,,,,,,36：日本人の配偶者等,1
,,,,,ルーマニア,35：永住者,2
,,,,,ナイジェリア,16：技術・人文知識・国際業務,1
,,,,,カナダ,11：経営・管理,1
,,,,,,35：永住者,2
,,,,,,36：日本人の配偶者等,1
,,,,,米国,15：教育,1
,,,,,,16：技術・人文知識・国際業務,1
,,,,,,35：永住者,2
,,,,,,36：日本人の配偶者等,1
,,,,,メキシコ,35：永住者,1
,,,,,ウルグアイ,35：永住者,1
,,,,,ブラジル,35：永住者,2
,,,,,,36：日本人の配偶者等,1
,,,,,,38：定住者,1
,,,,,ペルー,35：永住者,1
43423.0,43：熊本県,南小国町,-,-,インド,16：技術・人文知識・国際業務,1
,,,,,インドネシア,16：技術・人文知識・国際業務,2
,,,,,,21：特定技能１号,4
,,,,,,24：技能実習１号ロ,3
,,,,,,26：技能実習２号ロ,4
,,,,,,34：特定活動,2
,,,,,韓国,16：技術・人文知識・国際業務,8
,,,,,,33：家族滞在,2
,,,,,,34：特定活動,6
,,,,,,35：永住者,3
,,,,,カンボジア,24：技能実習１号ロ,5
,,,,,,26：技能実習２号ロ,2
,,,,,スリランカ,16：技術・人文知識・国際業務,2
,,,,,台湾,16：技術・人文知識・国際業務,7
,,,,,,34：特定活動,4
,,,,,中国,16：技術・人文知識・国際業務,20
,,,,,,33：家族滞在,1
,,,,,,34：特定活動,3
,,,,,,35：永住者,3
,,,,,ネパール,16：技術・人文知識・国際業務,34
,,,,,,21：特定技能１号,5
,,,,,,33：家族滞在,6
,,,,,フィリピン,24：技能実習１号ロ,6
,,,,,,26：技能実習２号ロ,14
,,,,,,28：技能実習３号ロ,2
,,,,,,34：特定活動,4
,,,,,,35：永住者,5
,,,,,,36：日本人の配偶者等,1
,,,,,ベトナム,16：技術・人文知識・国際業務,11
,,,,,,21：特定技能１号,5
,,,,,,24：技能実習１号ロ,4
,,,,,,26：技能実習２号ロ,12
,,,,,,28：技能実習３号ロ,2
,,,,,,33：家族滞在,1
,,,,,,34：特定活動,6
,,,,,ミャンマー,16：技術・人文知識・国際業務,23
,,,,,,21：特定技能１号,8
,,,,,,26：技能実習２号ロ,5
,,,,,モンゴル,16：技術・人文知識・国際業務,1
,,,,,英国,36：日本人の配偶者等,1
,,,,,スウェーデン,36：日本人の配偶者等,1
,,,,,米国,36：日本人の配偶者等,1
43424.0,43：熊本県,小国町,-,-,インドネシア,24：技能実習１号ロ,6
,,,,,,26：技能実習２号ロ,14
,,,,,韓国,35：永住者,1
,,,,,,36：日本人の配偶者等,1
,,,,,カンボジア,24：技能実習１号ロ,2
,,,,,スリランカ,16：技術・人文知識・国際業務,1
,,,,,台湾,16：技術・人文知識・国際業務,3
,,,,,,34：特定活動,3
,,,,,,35：永住者,3
,,,,,,36：日本人の配偶者等,1
,,,,,中国,16：技術・人文知識・国際業務,1
,,,,,,24：技能実習１号ロ,1
,,,,,,26：技能実習２号ロ,1
,,,,,,35：永住者,2
,,,,,ネパール,16：技術・人文知識・国際業務,8
,,,,,フィリピン,35：永住者,5
,,,,,ベトナム,16：技術・人文知識・国際業務,2
,,,,,,24：技能実習１号ロ,13
,,,,,,26：技能実習２号ロ,9
,,,,,,28：技能実習３号ロ,1
,,,,,,34：特定活動,1
,,,,,ミャンマー,21：特定技能１号,5
,,,,,,24：技能実習１号ロ,18
,,,,,,26：技能実習２号ロ,6
,,,,,イタリア,16：技術・人文知識・国際業務,1
,,,,,フランス,35：永住者,1
,,,,,ロシア,34：特定活動,1
43425.0,43：熊本県,産山村,-,-,インド,24：技能実習１号ロ,1
,,,,,インドネシア,21：特定技能１号,8
,,,,,韓国,16：技術・人文知識・国際業務,11
,,,,,,35：永住者,4
,,,,,,39：特別永住者,3
,,,,,カンボジア,21：特定技能１号,1
,,,,,,26：技能実習２号ロ,1
,,,,,,34：特定活動,1
,,,,,中国,16：技術・人文知識・国際業務,1
,,,,,,35：永住者,1
,,,,,ネパール,16：技術・人文知識・国際業務,11
,,,,,,21：特定技能１号,3
,,,,,,33：家族滞在,1
,,,,,フィリピン,21：特定技能１号,1
,,,,,,35：永住者,1
,,,,,ベトナム,16：技術・人文知識・国際業務,1
,,,,,,21：特定技能１号,1
,,,,,,24：技能実習１号ロ,3
,,,,,,26：技能実習２号ロ,6
,,,,,ミャンマー,16：技術・人文知識・国際業務,1
,,,,,,34：特定活動,1
,,,,,英国,36：日本人の配偶者等,1
,,,,,米国,15：教育,1
,,,,,,35：永住者,1
43428.0,43：熊本県,高森町,-,-,インドネシア,04：芸術,3
,,,,,,16：技術・人文知識・国際業務,1
,,,,,,21：特定技能１号,4
,,,,,,24：技能実習１号ロ,6
,,,,,,26：技能実習２号ロ,7
,,,,,,36：日本人の配偶者等,1
,,,,,韓国,11：経営・管理,2
,,,,,,16：技術・人文知識・国際業務,6
,,,,,,17：企業内転勤,1
,,,,,,34：特定活動,2
,,,,,,35：永住者,1
,,,,,,39：特別永住者,1
,,,,,（朝鮮）,36：日本人の配偶者等,1
,,,,,,39：特別永住者,1
,,,,,カンボジア,21：特定技能１号,4
,,,,,,24：技能実習１号ロ,3
,,,,,,26：技能実習２号ロ,8
,,,,,,28：技能実習３号ロ,2
,,,,,,34：特定活動,2
,,,,,スリランカ,21：特定技能１号,3
,,,,,タイ,21：特定技能１号,2
,,,,,,26：技能実習２号ロ,2
,,,,,中国,35：永住者,2
,,,,,ネパール,16：技術・人文知識・国際業務,1
,,,,,,21：特定技能１号,8
,,,,,,33：家族滞在,1
,,,,,バングラデシュ,21：特定技能１号,4
,,,,,フィリピン,21：特定技能１号,2
,,,,,,35：永住者,7
,,,,,ベトナム,16：技術・人文知識・国際業務,4
,,,,,,21：特定技能１号,9
,,,,,,24：技能実習１号ロ,9
,,,,,,26：技能実習２号ロ,24
,,,,,,28：技能実習３号ロ,4
,,,,,,34：特定活動,4
,,,,,ミャンマー,21：特定技能１号,5
,,,,,,26：技能実習２号ロ,5
,,,,,モルディブ,36：日本人の配偶者等,1
,,,,,スロベニア,16：技術・人文知識・国際業務,1
,,,,,ロシア,04：芸術,1
,,,,,カナダ,36：日本人の配偶者等,1
,,,,,米国,04：芸術,1
,,,,,,16：技術・人文知識・国際業務,1
,,,,,,35：永住者,1
,,,,,,36：日本人の配偶者等,2
,,,,,ブラジル,04：芸術,2
,,,,,オーストラリア,04：芸術,1
43432.0,43：熊本県,西原村,-,-,インド,20：技能,3
,,,,,インドネシア,21：特定技能１号,6
,,,,,,26：技能実習２号ロ,6
,,,,,韓国,16：技術・人文知識・国際業務,1
,,,,,,35：永住者,1
,,,,,,39：特別永住者,1
,,,,,カンボジア,21：特定技能１号,4
,,,,,,24：技能実習１号ロ,1
,,,,,,26：技能実習２号ロ,6
,,,,,,28：技能実習３号ロ,1
,,,,,シンガポール,16：技術・人文知識・国際業務,1
,,,,,,33：家族滞在,3
,,,,,スリランカ,36：日本人の配偶者等,1
,,,,,タイ,29：文化活動,1
,,,,,,36：日本人の配偶者等,1
,,,,,台湾,11：経営・管理,1
,,,,,,16：技術・人文知識・国際業務,2
,,,,,中国,16：技術・人文知識・国際業務,1
,,,,,,35：永住者,2
,,,,,ネパール,21：特定技能１号,1
,,,,,,26：技能実習２号ロ,4
,,,,,パキスタン,11：経営・管理,1
,,,,,,16：技術・人文知識・国際業務,3
,,,,,,33：家族滞在,8
,,,,,フィリピン,21：特定技能１号,2
,,,,,,28：技能実習３号ロ,3
,,,,,,35：永住者,7
,,,,,ベトナム,16：技術・人文知識・国際業務,17
,,,,,,21：特定技能１号,82
,,,,,,24：技能実習１号ロ,3
,,,,,,26：技能実習２号ロ,15
,,,,,,28：技能実習３号ロ,2
,,,,,,33：家族滞在,2
,,,,,,34：特定活動,3
,,,,,ミャンマー,21：特定技能１号,2
,,,,,,24：技能実習１号ロ,2
,,,,,,26：技能実習２号ロ,10
,,,,,,34：特定活動,3
,,,,,アイルランド,35：永住者,1
,,,,,,36：日本人の配偶者等,1
,,,,,オランダ,36：日本人の配偶者等,1
,,,,,フランス,35：永住者,1
,,,,,セネガル,36：日本人の配偶者等,1
,,,,,米国,15：教育,1
,,,,,,35：永住者,1
43433.0,43：熊本県,南阿蘇村,-,-,インド,24：技能実習１号ロ,1
,,,,,,26：技能実習２号ロ,1
,,,,,インドネシア,21：特定技能１号,10
,,,,,,24：技能実習１号ロ,8
,,,,,,26：技能実習２号ロ,11
,,,,,,34：特定活動,3
,,,,,韓国,35：永住者,1
,,,,,,39：特別永住者,2
,,,,,カンボジア,21：特定技能１号,8
,,,,,,24：技能実習１号ロ,4
,,,,,,26：技能実習２号ロ,10
,,,,,スリランカ,21：特定技能１号,8
,,,,,,31：留学,3
,,,,,タイ,36：日本人の配偶者等,2
,,,,,台湾,17：企業内転勤,3
,,,,,,34：特定活動,1
,,,,,,35：永住者,1
,,,,,中国,16：技術・人文知識・国際業務,1
,,,,,,35：永住者,2
,,,,,,36：日本人の配偶者等,1
,,,,,ネパール,16：技術・人文知識・国際業務,16
,,,,,,21：特定技能１号,10
,,,,,,31：留学,4
,,,,,,33：家族滞在,6
,,,,,バングラデシュ,16：技術・人文知識・国際業務,2
,,,,,フィリピン,35：永住者,5
,,,,,,36：日本人の配偶者等,1
,,,,,ベトナム,16：技術・人文知識・国際業務,4
,,,,,,21：特定技能１号,3
,,,,,,26：技能実習２号ロ,4
,,,,,,31：留学,2
,,,,,,33：家族滞在,1
,,,,,,34：特定活動,1
,,,,,ミャンマー,24：技能実習１号ロ,3
,,,,,,26：技能実習２号ロ,18
,,,,,,31：留学,9
,,,,,,34：特定活動,4
,,,,,モンゴル,31：留学,1
,,,,,英国,35：永住者,3
,,,,,カザフスタン,36：日本人の配偶者等,1
,,,,,ドイツ,36：日本人の配偶者等,2
,,,,,フランス,35：永住者,1
,,,,,,36：日本人の配偶者等,1
,,,,,ベルギー,36：日本人の配偶者等,1
,,,,,カメルーン,31：留学,1
,,,,,タンザニア,35：永住者,1
,,,,,南アフリカ共和国,35：永住者,1
,,,,,カナダ,35：永住者,1
,,,,,,36：日本人の配偶者等,1
,,,,,米国,15：教育,1
,,,,,,35：永住者,2
,,,,,,36：日本人の配偶者等,4
,,,,,オーストラリア,34：特定活動,1
,,,,,,36：日本人の配偶者等,1
43441.0,43：熊本県,御船町,-,-,インドネシア,16：技術・人文知識・国際業務,2
,,,,,,21：特定技能１号,8
,,,,,,26：技能実習２号ロ,29
,,,,,,34：特定活動,1
,,,,,,35：永住者,1
,,,,,韓国,35：永住者,4
,,,,,,36：日本人の配偶者等,2
,,,,,,39：特別永住者,5
,,,,,カンボジア,21：特定技能１号,1
,,,,,,26：技能実習２号ロ,8
,,,,,タイ,35：永住者,2
,,,,,台湾,35：永住者,1
,,,,,中国,31：留学,7
,,,,,,34：特定活動,1
,,,,,,35：永住者,10
,,,,,,36：日本人の配偶者等,2
,,,,,ネパール,21：特定技能１号,1
,,,,,,24：技能実習１号ロ,2
,,,,,バングラデシュ,21：特定技能１号,2
,,,,,,24：技能実習１号ロ,2
,,,,,,26：技能実習２号ロ,1
,,,,,フィリピン,15：教育,1
,,,,,,21：特定技能１号,1
,,,,,,34：特定活動,2
,,,,,,35：永住者,2
,,,,,,36：日本人の配偶者等,2
,,,,,ベトナム,16：技術・人文知識・国際業務,3
,,,,,,21：特定技能１号,12
,,,,,,24：技能実習１号ロ,18
,,,,,,26：技能実習２号ロ,19
,,,,,,28：技能実習３号ロ,2
,,,,,,34：特定活動,3
,,,,,,36：日本人の配偶者等,1
,,,,,ミャンマー,21：特定技能１号,17
,,,,,,24：技能実習１号ロ,10
,,,,,,26：技能実習２号ロ,5
,,,,,アイルランド,36：日本人の配偶者等,1
,,,,,英国,35：永住者,1
,,,,,米国,15：教育,1
,,,,,,35：永住者,1
,,,,,,36：日本人の配偶者等,1
,,,,,オーストラリア,11：経営・管理,1
,,,,,,33：家族滞在,3
43442.0,43：熊本県,嘉島町,-,-,インド,20：技能,3
,,,,,インドネシア,21：特定技能１号,57
,,,,,,24：技能実習１号ロ,16
,,,,,,26：技能実習２号ロ,10
,,,,,,34：特定活動,2
,,,,,韓国,35：永住者,1
,,,,,,39：特別永住者,5
,,,,,カンボジア,21：特定技能１号,3
,,,,,,24：技能実習１号ロ,3
,,,,,,26：技能実習２号ロ,6
,,,,,スリランカ,24：技能実習１号ロ,1
,,,,,台湾,16：技術・人文知識・国際業務,1
,,,,,中国,16：技術・人文知識・国際業務,2
,,,,,,20：技能,1
,,,,,,21：特定技能１号,1
,,,,,,26：技能実習２号ロ,1
,,,,,,31：留学,1
,,,,,,35：永住者,4
,,,,,フィリピン,21：特定技能１号,4
,,,,,,24：技能実習１号ロ,1
,,,,,,25：技能実習２号イ,2
,,,,,,26：技能実習２号ロ,2
,,,,,,35：永住者,1
,,,,,,36：日本人の配偶者等,1
,,,,,,38：定住者,1
,,,,,ベトナム,16：技術・人文知識・国際業務,1
,,,,,,21：特定技能１号,13
,,,,,,22：特定技能２号,1
,,,,,,24：技能実習１号ロ,5
,,,,,,26：技能実習２号ロ,6
,,,,,,33：家族滞在,2
,,,,,,34：特定活動,3
,,,,,ミャンマー,16：技術・人文知識・国際業務,2
,,,,,,21：特定技能１号,8
,,,,,,24：技能実習１号ロ,1
,,,,,,26：技能実習２号ロ,5
,,,,,,28：技能実習３号ロ,2
,,,,,,34：特定活動,3
,,,,,英国,15：教育,1
,,,,,,35：永住者,1
,,,,,スウェーデン,35：永住者,1
43443.0,43：熊本県,益城町,-,-,インド,26：技能実習２号ロ,3
,,,,,インドネシア,16：技術・人文知識・国際業務,1
,,,,,,21：特定技能１号,8
,,,,,,24：技能実習１号ロ,10
,,,,,,26：技能実習２号ロ,19
,,,,,,36：日本人の配偶者等,1
,,,,,韓国,16：技術・人文知識・国際業務,1
,,,,,,35：永住者,3
,,,,,,36：日本人の配偶者等,1
,,,,,,39：特別永住者,3
,,,,,（朝鮮）,39：特別永住者,1
,,,,,カンボジア,21：特定技能１号,6
,,,,,,24：技能実習１号ロ,3
,,,,,,26：技能実習２号ロ,1
,,,,,タイ,21：特定技能１号,1
,,,,,,24：技能実習１号ロ,2
,,,,,,26：技能実習２号ロ,1
,,,,,,36：日本人の配偶者等,1
,,,,,台湾,16：技術・人文知識・国際業務,4
,,,,,,31：留学,1
,,,,,,34：特定活動,1
,,,,,,35：永住者,2
,,,,,中国,31：留学,2
,,,,,,35：永住者,14
,,,,,,36：日本人の配偶者等,1
,,,,,,37：永住者の配偶者等,2
,,,,,,38：定住者,3
,,,,,ネパール,16：技術・人文知識・国際業務,11
,,,,,,21：特定技能１号,5
,,,,,,36：日本人の配偶者等,1
,,,,,バングラデシュ,24：技能実習１号ロ,2
,,,,,フィリピン,21：特定技能１号,13
,,,,,,24：技能実習１号ロ,11
,,,,,,26：技能実習２号ロ,12
,,,,,,28：技能実習３号ロ,2
,,,,,,35：永住者,6
,,,,,,36：日本人の配偶者等,1
,,,,,ベトナム,08：高度専門職１号ロ,1
,,,,,,16：技術・人文知識・国際業務,2
,,,,,,21：特定技能１号,25
,,,,,,24：技能実習１号ロ,5
,,,,,,26：技能実習２号ロ,20
,,,,,,28：技能実習３号ロ,1
,,,,,,34：特定活動,3
,,,,,,36：日本人の配偶者等,1
,,,,,ミャンマー,21：特定技能１号,16
,,,,,,24：技能実習１号ロ,15
,,,,,,26：技能実習２号ロ,14
,,,,,,34：特定活動,4
,,,,,モンゴル,16：技術・人文知識・国際業務,1
,,,,,英国,35：永住者,1
,,,,,スペイン,36：日本人の配偶者等,1
,,,,,ロシア,35：永住者,1
,,,,,米国,15：教育,1
,,,,,メキシコ,36：日本人の配偶者等,1
,,,,,,38：定住者,1
,,,,,ブラジル,35：永住者,2
43444.0,43：熊本県,甲佐町,-,-,インドネシア,21：特定技能１号,9
,,,,,,24：技能実習１号ロ,9
,,,,,,26：技能実習２号ロ,9
,,,,,韓国,35：永住者,2
,,,,,カンボジア,21：特定技能１号,1
,,,,,タイ,26：技能実習２号ロ,1
,,,,,中国,35：永住者,1
,,,,,,36：日本人の配偶者等,1
,,,,,,38：定住者,1
,,,,,トルコ,35：永住者,1
,,,,,ネパール,16：技術・人文知識・国際業務,2
,,,,,フィリピン,21：特定技能１号,8
,,,,,,24：技能実習１号ロ,2
,,,,,,35：永住者,7
,,,,,,36：日本人の配偶者等,1
,,,,,ベトナム,16：技術・人文知識・国際業務,1
,,,,,,21：特定技能１号,18
,,,,,,24：技能実習１号ロ,12
,,,,,,26：技能実習２号ロ,21
,,,,,,28：技能実習３号ロ,2
,,,,,,34：特定活動,1
,,,,,ミャンマー,16：技術・人文知識・国際業務,2
,,,,,,21：特定技能１号,23
,,,,,,24：技能実習１号ロ,2
,,,,,,26：技能実習２号ロ,15
,,,,,,28：技能実習３号ロ,1
,,,,,,34：特定活動,4
,,,,,米国,36：日本人の配偶者等,1
43447.0,43：熊本県,山都町,-,-,インドネシア,21：特定技能１号,18
,,,,,,24：技能実習１号ロ,17
,,,,,,26：技能実習２号ロ,21
,,,,,,34：特定活動,1
,,,,,韓国,36：日本人の配偶者等,2
,,,,,,39：特別永住者,2
,,,,,カンボジア,21：特定技能１号,19
,,,,,,22：特定技能２号,1
,,,,,,24：技能実習１号ロ,8
,,,,,,26：技能実習２号ロ,15
,,,,,,28：技能実習３号ロ,1
,,,,,,34：特定活動,2
,,,,,スリランカ,24：技能実習１号ロ,3
,,,,,,34：特定活動,3
,,,,,タイ,35：永住者,1
,,,,,中国,35：永住者,6
,,,,,ネパール,21：特定技能１号,2
,,,,,フィリピン,21：特定技能１号,16
,,,,,,24：技能実習１号ロ,2
,,,,,,26：技能実習２号ロ,4
,,,,,,34：特定活動,3
,,,,,,35：永住者,4
,,,,,,36：日本人の配偶者等,2
,,,,,ベトナム,21：特定技能１号,2
,,,,,,24：技能実習１号ロ,2
,,,,,,26：技能実習２号ロ,14
,,,,,,28：技能実習３号ロ,2
,,,,,,35：永住者,1
,,,,,ミャンマー,21：特定技能１号,9
,,,,,,24：技能実習１号ロ,7
,,,,,,26：技能実習２号ロ,9
,,,,,オランダ,15：教育,1
,,,,,ノルウェー,15：教育,1
,,,,,フランス,15：教育,1
,,,,,,36：日本人の配偶者等,1
,,,,,ポルトガル,15：教育,1
,,,,,カナダ,36：日本人の配偶者等,1
,,,,,米国,36：日本人の配偶者等,2
,,,,,オーストラリア,36：日本人の配偶者等,1
43468.0,43：熊本県,氷川町,-,-,インドネシア,21：特定技能１号,17
,,,,,,24：技能実習１号ロ,17
,,,,,,26：技能実習２号ロ,25
,,,,,韓国,35：永住者,1
,,,,,,36：日本人の配偶者等,1
,,,,,,39：特別永住者,2
,,,,,カンボジア,21：特定技能１号,22
,,,,,,24：技能実習１号ロ,5
,,,,,,26：技能実習２号ロ,28
,,,,,,28：技能実習３号ロ,1
,,,,,,34：特定活動,3
,,,,,タイ,21：特定技能１号,1
,,,,,,24：技能実習１号ロ,1
,,,,,,26：技能実習２号ロ,8
,,,,,,28：技能実習３号ロ,1
,,,,,台湾,39：特別永住者,1
,,,,,中国,16：技術・人文知識・国際業務,1
,,,,,,21：特定技能１号,5
,,,,,,26：技能実習２号ロ,4
,,,,,,35：永住者,3
,,,,,,36：日本人の配偶者等,1
,,,,,ネパール,21：特定技能１号,1
,,,,,パキスタン,35：永住者,7
,,,,,,36：日本人の配偶者等,2
,,,,,フィリピン,21：特定技能１号,29
,,,,,,24：技能実習１号ロ,12
,,,,,,26：技能実習２号ロ,16
,,,,,,35：永住者,4
,,,,,,36：日本人の配偶者等,2
,,,,,ベトナム,21：特定技能１号,15
,,,,,,24：技能実習１号ロ,5
,,,,,,26：技能実習２号ロ,13
,,,,,,34：特定活動,2
,,,,,,36：日本人の配偶者等,1
,,,,,ミャンマー,24：技能実習１号ロ,5
,,,,,,26：技能実習２号ロ,17
43482.0,43：熊本県,芦北町,-,-,インドネシア,21：特定技能１号,2
,,,,,,24：技能実習１号ロ,5
,,,,,,26：技能実習２号ロ,10
,,,,,,35：永住者,1
,,,,,韓国,39：特別永住者,2
,,,,,カンボジア,21：特定技能１号,1
,,,,,,26：技能実習２号ロ,2
,,,,,,28：技能実習３号ロ,2
,,,,,スリランカ,16：技術・人文知識・国際業務,1
,,,,,,33：家族滞在,1
,,,,,中国,35：永住者,5
,,,,,,36：日本人の配偶者等,1
,,,,,ネパール,21：特定技能１号,4
,,,,,フィリピン,21：特定技能１号,1
,,,,,,26：技能実習２号ロ,3
,,,,,,35：永住者,5
,,,,,ベトナム,21：特定技能１号,9
,,,,,,24：技能実習１号ロ,1
,,,,,,26：技能実習２号ロ,4
,,,,,,34：特定活動,2
,,,,,ミャンマー,21：特定技能１号,3
,,,,,,24：技能実習１号ロ,3
,,,,,,26：技能実習２号ロ,11
,,,,,,34：特定活動,2
,,,,,米国,15：教育,2
43484.0,43：熊本県,津奈木町,-,-,インドネシア,21：特定技能１号,2
,,,,,韓国,35：永住者,2
,,,,,,36：日本人の配偶者等,1
,,,,,台湾,35：永住者,1
,,,,,パキスタン,11：経営・管理,1
,,,,,ベトナム,21：特定技能１号,1
,,,,,ミャンマー,21：特定技能１号,4
,,,,,南アフリカ共和国,15：教育,1
,,,,,米国,15：教育,1
,,,,,,36：日本人の配偶者等,1
43501.0,43：熊本県,錦町,-,-,インドネシア,21：特定技能１号,2
,,,,,,26：技能実習２号ロ,5
,,,,,韓国,35：永住者,1
,,,,,,36：日本人の配偶者等,1
,,,,,,39：特別永住者,2
,,,,,カンボジア,21：特定技能１号,3
,,,,,,26：技能実習２号ロ,3
,,,,,,34：特定活動,1
,,,,,タイ,21：特定技能１号,1
,,,,,,26：技能実習２号ロ,5
,,,,,,35：永住者,1
,,,,,,36：日本人の配偶者等,1
,,,,,台湾,35：永住者,1
,,,,,中国,16：技術・人文知識・国際業務,1
,,,,,,20：技能,1
,,,,,,21：特定技能１号,1
,,,,,,33：家族滞在,2
,,,,,,35：永住者,2
,,,,,,38：定住者,3
,,,,,ネパール,35：永住者,1
,,,,,パキスタン,11：経営・管理,1
,,,,,,33：家族滞在,3
,,,,,フィリピン,15：教育,1
,,,,,,21：特定技能１号,4
,,,,,,26：技能実習２号ロ,2
,,,,,,34：特定活動,1
,,,,,,35：永住者,12
,,,,,,36：日本人の配偶者等,2
,,,,,ベトナム,16：技術・人文知識・国際業務,28
,,,,,,21：特定技能１号,3
,,,,,,22：特定技能２号,1
,,,,,,26：技能実習２号ロ,7
,,,,,,28：技能実習３号ロ,1
,,,,,ミャンマー,21：特定技能１号,8
,,,,,,24：技能実習１号ロ,3
,,,,,英国,15：教育,1
,,,,,米国,15：教育,3
43505.0,43：熊本県,多良木町,-,-,インド,35：永住者,1
,,,,,インドネシア,24：技能実習１号ロ,10
,,,,,,26：技能実習２号ロ,2
,,,,,韓国,35：永住者,1
,,,,,カンボジア,26：技能実習２号ロ,1
,,,,,ネパール,21：特定技能１号,2
,,,,,,35：永住者,1
,,,,,フィリピン,35：永住者,9
,,,,,,37：永住者の配偶者等,1
,,,,,ベトナム,16：技術・人文知識・国際業務,2
,,,,,,21：特定技能１号,3
,,,,,,24：技能実習１号ロ,10
,,,,,,26：技能実習２号ロ,25
,,,,,,36：日本人の配偶者等,1
,,,,,ミャンマー,21：特定技能１号,9
,,,,,,24：技能実習１号ロ,2
,,,,,カメルーン,38：定住者,1
,,,,,カナダ,34：特定活動,1
43506.0,43：熊本県,湯前町,-,-,インドネシア,26：技能実習２号ロ,1
,,,,,カンボジア,24：技能実習１号ロ,2
,,,,,シンガポール,38：定住者,1
,,,,,スリランカ,16：技術・人文知識・国際業務,2
,,,,,タイ,35：永住者,1
,,,,,中国,36：日本人の配偶者等,1
,,,,,ネパール,21：特定技能１号,1
,,,,,ミャンマー,24：技能実習１号ロ,2
,,,,,,26：技能実習２号ロ,2
,,,,,カナダ,34：特定活動,1
,,,,,米国,35：永住者,1
43507.0,43：熊本県,水上村,-,-,インドネシア,24：技能実習１号ロ,3
,,,,,台湾,36：日本人の配偶者等,1
,,,,,中国,35：永住者,5
,,,,,フィリピン,21：特定技能１号,5
,,,,,ミャンマー,21：特定技能１号,4
,,,,,米国,35：永住者,1
,,,,,,36：日本人の配偶者等,1
43510.0,43：熊本県,相良村,-,-,インドネシア,21：特定技能１号,2
,,,,,,26：技能実習２号ロ,5
,,,,,,34：特定活動,1
,,,,,韓国,39：特別永住者,3
,,,,,中国,36：日本人の配偶者等,1
,,,,,ネパール,21：特定技能１号,1
,,,,,バングラデシュ,26：技能実習２号ロ,3
,,,,,フィリピン,35：永住者,3
,,,,,,36：日本人の配偶者等,3
,,,,,ベトナム,16：技術・人文知識・国際業務,1
,,,,,,33：家族滞在,1
,,,,,ミャンマー,21：特定技能１号,15
,,,,,米国,15：教育,1
,,,,,ブラジル,35：永住者,1
43511.0,43：熊本県,五木村,-,-,インドネシア,16：技術・人文知識・国際業務,1
,,,,,中国,35：永住者,2
,,,,,ネパール,20：技能,1
,,,,,,24：技能実習１号ロ,5
,,,,,フィリピン,20：技能,1
,,,,,ミャンマー,24：技能実習１号ロ,3
,,,,,米国,36：日本人の配偶者等,1
43512.0,43：熊本県,山江村,-,-,,-,8
43513.0,43：熊本県,球磨村,-,-,,-,6
43514.0,43：熊本県,あさぎり町,-,-,インドネシア,21：特定技能１号,3
,,,,,,24：技能実習１号ロ,2
,,,,,,26：技能実習２号ロ,14
,,,,,,28：技能実習３号ロ,2
,,,,,,35：永住者,1
,,,,,,36：日本人の配偶者等,1
,,,,,韓国,35：永住者,1
,,,,,,39：特別永住者,13
,,,,,カンボジア,26：技能実習２号ロ,7
,,,,,中国,11：経営・管理,1
,,,,,,20：技能,1
,,,,,,28：技能実習３号ロ,3
,,,,,,33：家族滞在,3
,,,,,,35：永住者,8
,,,,,ネパール,16：技術・人文知識・国際業務,11
,,,,,,24：技能実習１号ロ,10
,,,,,,26：技能実習２号ロ,9
,,,,,,33：家族滞在,3
,,,,,フィリピン,35：永住者,10
,,,,,,36：日本人の配偶者等,2
,,,,,,38：定住者,2
,,,,,ベトナム,16：技術・人文知識・国際業務,3
,,,,,,21：特定技能１号,26
,,,,,,24：技能実習１号ロ,26
,,,,,,26：技能実習２号ロ,56
,,,,,,28：技能実習３号ロ,4
,,,,,,34：特定活動,10
,,,,,ミャンマー,21：特定技能１号,6
,,,,,,26：技能実習２号ロ,12
,,,,,米国,15：教育,4
,,,,,,35：永住者,1
,,,,,ブラジル,35：永住者,1
43531.0,43：熊本県,苓北町,-,-,インドネシア,21：特定技能１号,1
,,,,,,24：技能実習１号ロ,4
,,,,,,34：特定活動,2
,,,,,韓国,11：経営・管理,1
,,,,,,16：技術・人文知識・国際業務,1
,,,,,,39：特別永住者,1
,,,,,中国,35：永住者,5
,,,,,ネパール,18：介護,1
,,,,,フィリピン,21：特定技能１号,1
,,,,,ベトナム,13：医療,1
,,,,,,16：技術・人文知識・国際業務,1
,,,,,,21：特定技能１号,3
,,,,,,24：技能実習１号ロ,3
,,,,,,26：技能実習２号ロ,20
,,,,,,28：技能実習３号ロ,8
,,,,,,33：家族滞在,1
,,,,,,34：特定活動,4
,,,,,,35：永住者,1
,,,,,,36：日本人の配偶者等,3
,,,,,ミャンマー,24：技能実習１号ロ,6
,,,,,,26：技能実習２号ロ,19
,,,,,,35：永住者,1
,,,,,英国,35：永住者,1
,,,,,ドイツ,36：日本人の配偶者等,1
,,,,,チリ,38：定住者,1
