都道府県,市区町村,国籍・地域,在留資格,年齢（５歳階級）,性別,在留外国人数
43：熊本県,熊本市中央区,01_001：アフガニスタン,15：教育,06_25～29歳,2:女,1 
,,,16：技術・人文知識・国際業務,07_30～34歳,1:男,1 
,,,33：家族滞在,01_０～４歳,2:女,1 
,,,34：特定活動,01_０～４歳,2:女,3 
,,,,07_30～34歳,2:女,1 
,,,,08_35～39歳,1:男,1 
,,,38：定住者,01_０～４歳,1:男,1 
,,,,07_30～34歳,2:女,1 
,,,,08_35～39歳,1:男,1 
,,01_003：イエメン,31：留学,05_20～24歳,1:男,1 
,,01_006：イラン,31：留学,06_25～29歳,1:男,1 
,,,,,2:女,2 
,,,38：定住者,11_50～54歳,1:男,1 
,,01_007：インド,03：教授,07_30～34歳,1:男,1 
,,,,08_35～39歳,1:男,1 
,,,,,2:女,1 
,,,,09_40～44歳,1:男,1 
,,,,10_45～49歳,1:男,1 
,,,16：技術・人文知識・国際業務,05_20～24歳,1:男,4 
,,,,,2:女,2 
,,,,06_25～29歳,1:男,4 
,,,,07_30～34歳,1:男,2 
,,,20：技能,09_40～44歳,1:男,1 
,,,,10_45～49歳,1:男,3 
,,,,11_50～54歳,1:男,1 
,,,,12_55～59歳,1:男,1 
,,,31：留学,05_20～24歳,1:男,1 
,,,,06_25～29歳,1:男,2 
,,,,,2:女,4 
,,,,07_30～34歳,2:女,2 
,,,,08_35～39歳,1:男,1 
,,,33：家族滞在,01_０～４歳,1:男,1 
,,,,07_30～34歳,2:女,2 
,,,,10_45～49歳,2:女,1 
,,,35：永住者,08_35～39歳,1:男,1 
,,,,10_45～49歳,1:男,1 
,,,,12_55～59歳,1:男,1 
,,01_008：インドネシア,03：教授,07_30～34歳,1:男,1 
,,,,,2:女,1 
,,,,08_35～39歳,2:女,1 
,,,08：高度専門職１号ロ,06_25～29歳,1:男,1 
,,,16：技術・人文知識・国際業務,06_25～29歳,1:男,3 
,,,,,2:女,1 
,,,,07_30～34歳,1:男,4 
,,,,,2:女,1 
,,,,09_40～44歳,2:女,1 
,,,,10_45～49歳,2:女,1 
,,,,11_50～54歳,2:女,1 
,,,21：特定技能１号,04_15～19歳,2:女,5 
,,,,05_20～24歳,1:男,7 
,,,,,2:女,21 
,,,,06_25～29歳,1:男,12 
,,,,,2:女,13 
,,,,07_30～34歳,1:男,5 
,,,,,2:女,1 
,,,,08_35～39歳,1:男,3 
,,,,,2:女,2 
,,,,09_40～44歳,1:男,1 
,,,24：技能実習１号ロ,04_15～19歳,1:男,3 
,,,,,2:女,2 
,,,,05_20～24歳,1:男,17 
,,,,,2:女,4 
,,,,06_25～29歳,1:男,8 
,,,,,2:女,1 
,,,26：技能実習２号ロ,04_15～19歳,1:男,1 
,,,,05_20～24歳,1:男,30 
,,,,,2:女,14 
,,,,06_25～29歳,1:男,9 
,,,,,2:女,4 
,,,,07_30～34歳,1:男,2 
,,,28：技能実習３号ロ,07_30～34歳,1:男,1 
,,,29：文化活動,07_30～34歳,2:女,1 
,,,31：留学,04_15～19歳,1:男,1 
,,,,05_20～24歳,1:男,19 
,,,,,2:女,5 
,,,,06_25～29歳,1:男,11 
,,,,,2:女,5 
,,,,07_30～34歳,1:男,7 
,,,,,2:女,6 
,,,,08_35～39歳,1:男,3 
,,,,,2:女,5 
,,,33：家族滞在,01_０～４歳,1:男,1 
,,,,,2:女,2 
,,,,02_５～９歳,1:男,1 
,,,,03_10～14歳,2:女,1 
,,,,06_25～29歳,2:女,3 
,,,,07_30～34歳,1:男,1 
,,,,,2:女,1 
,,,,11_50～54歳,1:男,1 
,,,34：特定活動,05_20～24歳,1:男,2 
,,,,06_25～29歳,1:男,3 
,,,,07_30～34歳,2:女,1 
,,,35：永住者,06_25～29歳,1:男,1 
,,,,09_40～44歳,2:女,1 
,,,,10_45～49歳,2:女,1 
,,,,11_50～54歳,1:男,1 
,,,36：日本人の配偶者等,05_20～24歳,2:女,1 
,,,38：定住者,02_５～９歳,1:男,2 
,,01_011：韓国,03：教授,07_30～34歳,2:女,1 
,,,,10_45～49歳,1:男,1 
,,,05：宗教,08_35～39歳,1:男,1 
,,,,10_45～49歳,1:男,2 
,,,08：高度専門職１号ロ,08_35～39歳,1:男,1 
,,,,09_40～44歳,1:男,1 
,,,11：経営・管理,12_55～59歳,2:女,1 
,,,16：技術・人文知識・国際業務,05_20～24歳,1:男,3 
,,,,,2:女,2 
,,,,06_25～29歳,1:男,19 
,,,,,2:女,8 
,,,,07_30～34歳,1:男,25 
,,,,,2:女,2 
,,,,08_35～39歳,1:男,6 
,,,,09_40～44歳,1:男,3 
,,,,10_45～49歳,2:女,1 
,,,,11_50～54歳,1:男,1 
,,,,12_55～59歳,1:男,1 
,,,,13_60～64歳,1:男,1 
,,,17：企業内転勤,08_35～39歳,1:男,1 
,,,,09_40～44歳,1:男,3 
,,,,10_45～49歳,1:男,1 
,,,18：介護,08_35～39歳,2:女,1 
,,,29：文化活動,05_20～24歳,1:男,1 
,,,,,2:女,1 
,,,,07_30～34歳,1:男,1 
,,,,15_70～74歳,1:男,1 
,,,31：留学,04_15～19歳,1:男,1 
,,,,,2:女,1 
,,,,05_20～24歳,1:男,12 
,,,,,2:女,12 
,,,,06_25～29歳,1:男,8 
,,,,07_30～34歳,1:男,1 
,,,33：家族滞在,01_０～４歳,1:男,1 
,,,,,2:女,1 
,,,,02_５～９歳,1:男,1 
,,,,,2:女,1 
,,,,03_10～14歳,1:男,1 
,,,,04_15～19歳,2:女,2 
,,,,05_20～24歳,2:女,2 
,,,,08_35～39歳,2:女,1 
,,,,09_40～44歳,2:女,3 
,,,,10_45～49歳,2:女,1 
,,,,11_50～54歳,2:女,1 
,,,34：特定活動,04_15～19歳,1:男,1 
,,,,05_20～24歳,1:男,1 
,,,,,2:女,2 
,,,,06_25～29歳,1:男,1 
,,,,07_30～34歳,1:男,1 
,,,35：永住者,04_15～19歳,2:女,1 
,,,,05_20～24歳,1:男,7 
,,,,06_25～29歳,2:女,2 
,,,,07_30～34歳,1:男,2 
,,,,08_35～39歳,1:男,2 
,,,,09_40～44歳,1:男,5 
,,,,,2:女,2 
,,,,10_45～49歳,1:男,3 
,,,,,2:女,3 
,,,,11_50～54歳,1:男,5 
,,,,,2:女,5 
,,,,12_55～59歳,1:男,4 
,,,,,2:女,2 
,,,,13_60～64歳,2:女,7 
,,,,14_65～69歳,1:男,2 
,,,,,2:女,10 
,,,,15_70～74歳,1:男,1 
,,,,16_75～79歳,2:女,4 
,,,36：日本人の配偶者等,06_25～29歳,1:男,2 
,,,,07_30～34歳,1:男,2 
,,,,,2:女,2 
,,,,08_35～39歳,1:男,1 
,,,,09_40～44歳,1:男,1 
,,,,,2:女,1 
,,,,10_45～49歳,1:男,1 
,,,,11_50～54歳,2:女,1 
,,,,14_65～69歳,2:女,1 
,,,,15_70～74歳,2:女,2 
,,,38：定住者,02_５～９歳,2:女,1 
,,,,03_10～14歳,1:男,1 
,,,,05_20～24歳,1:男,1 
,,,,09_40～44歳,1:男,1 
,,,,10_45～49歳,1:男,1 
,,,,14_65～69歳,2:女,2 
,,,,15_70～74歳,2:女,1 
,,,,17_80歳以上,2:女,2 
,,,39：特別永住者,01_０～４歳,1:男,1 
,,,,,2:女,2 
,,,,02_５～９歳,2:女,1 
,,,,04_15～19歳,1:男,1 
,,,,05_20～24歳,1:男,2 
,,,,,2:女,1 
,,,,06_25～29歳,1:男,3 
,,,,,2:女,1 
,,,,07_30～34歳,1:男,4 
,,,,,2:女,3 
,,,,08_35～39歳,1:男,5 
,,,,,2:女,1 
,,,,09_40～44歳,1:男,1 
,,,,,2:女,5 
,,,,10_45～49歳,2:女,2 
,,,,11_50～54歳,1:男,3 
,,,,,2:女,3 
,,,,12_55～59歳,1:男,6 
,,,,,2:女,2 
,,,,13_60～64歳,1:男,4 
,,,,,2:女,5 
,,,,14_65～69歳,1:男,9 
,,,,,2:女,2 
,,,,15_70～74歳,1:男,3 
,,,,,2:女,5 
,,,,16_75～79歳,1:男,1 
,,,,,2:女,3 
,,,,17_80歳以上,1:男,2 
,,,,,2:女,9 
,,01_012：（朝鮮）,39：特別永住者,06_25～29歳,1:男,1 
,,,,07_30～34歳,2:女,1 
,,,,12_55～59歳,2:女,1 
,,,,13_60～64歳,1:男,1 
,,,,17_80歳以上,2:女,1 
,,01_014：カンボジア,26：技能実習２号ロ,05_20～24歳,1:男,1 
,,,,06_25～29歳,1:男,1 
,,,28：技能実習３号ロ,05_20～24歳,1:男,1 
,,,,06_25～29歳,1:男,3 
,,01_019：シンガポール,35：永住者,10_45～49歳,2:女,1 
,,,36：日本人の配偶者等,13_60～64歳,2:女,1 
,,01_020：スリランカ,16：技術・人文知識・国際業務,06_25～29歳,1:男,2 
,,,,07_30～34歳,1:男,2 
,,,,10_45～49歳,1:男,1 
,,,20：技能,07_30～34歳,1:男,1 
,,,,08_35～39歳,1:男,2 
,,,,09_40～44歳,1:男,3 
,,,,10_45～49歳,1:男,3 
,,,,11_50～54歳,1:男,7 
,,,21：特定技能１号,05_20～24歳,1:男,3 
,,,,06_25～29歳,1:男,3 
,,,,,2:女,3 
,,,,07_30～34歳,1:男,1 
,,,,,2:女,2 
,,,26：技能実習２号ロ,05_20～24歳,2:女,2 
,,,,06_25～29歳,2:女,1 
,,,31：留学,05_20～24歳,1:男,8 
,,,,,2:女,6 
,,,,06_25～29歳,1:男,3 
,,,,,2:女,1 
,,,,07_30～34歳,1:男,1 
,,,33：家族滞在,05_20～24歳,1:男,1 
,,,,06_25～29歳,2:女,2 
,,,,07_30～34歳,2:女,1 
,,,35：永住者,04_15～19歳,2:女,2 
,,,,05_20～24歳,2:女,2 
,,,,10_45～49歳,2:女,1 
,,,,11_50～54歳,2:女,1 
,,,,12_55～59歳,1:男,1 
,,,,14_65～69歳,1:男,2 
,,01_021：タイ,03：教授,06_25～29歳,2:女,1 
,,,11：経営・管理,11_50～54歳,1:男,1 
,,,16：技術・人文知識・国際業務,06_25～29歳,2:女,3 
,,,,07_30～34歳,1:男,1 
,,,,,2:女,2 
,,,,08_35～39歳,1:男,1 
,,,,,2:女,3 
,,,20：技能,09_40～44歳,2:女,1 
,,,24：技能実習１号ロ,05_20～24歳,2:女,1 
,,,,06_25～29歳,2:女,2 
,,,26：技能実習２号ロ,07_30～34歳,2:女,1 
,,,29：文化活動,07_30～34歳,1:男,1 
,,,31：留学,05_20～24歳,1:男,1 
,,,,,2:女,7 
,,,,06_25～29歳,1:男,2 
,,,,,2:女,2 
,,,,07_30～34歳,1:男,3 
,,,,,2:女,2 
,,,,08_35～39歳,1:男,1 
,,,,,2:女,1 
,,,35：永住者,08_35～39歳,2:女,1 
,,,,09_40～44歳,2:女,1 
,,,,10_45～49歳,2:女,2 
,,,,11_50～54歳,2:女,1 
,,,,13_60～64歳,2:女,1 
,,,36：日本人の配偶者等,08_35～39歳,2:女,1 
,,,,09_40～44歳,2:女,2 
,,,,11_50～54歳,1:男,1 
,,,,13_60～64歳,2:女,1 
,,,38：定住者,13_60～64歳,2:女,1 
,,01_022：台湾,03：教授,07_30～34歳,1:男,1 
,,,,,2:女,1 
,,,08：高度専門職１号ロ,06_25～29歳,1:男,2 
,,,,07_30～34歳,1:男,4 
,,,,,2:女,2 
,,,,08_35～39歳,1:男,5 
,,,,,2:女,4 
,,,,09_40～44歳,1:男,3 
,,,,,2:女,1 
,,,,10_45～49歳,2:女,1 
,,,,11_50～54歳,1:男,2 
,,,,,2:女,1 
,,,,12_55～59歳,1:男,4 
,,,09：高度専門職１号ハ,10_45～49歳,1:男,1 
,,,,11_50～54歳,1:男,2 
,,,11：経営・管理,08_35～39歳,1:男,1 
,,,,10_45～49歳,1:男,2 
,,,,11_50～54歳,1:男,2 
,,,,12_55～59歳,1:男,2 
,,,,,2:女,2 
,,,,14_65～69歳,1:男,1 
,,,15：教育,06_25～29歳,2:女,1 
,,,16：技術・人文知識・国際業務,05_20～24歳,1:男,1 
,,,,,2:女,5 
,,,,06_25～29歳,1:男,24 
,,,,,2:女,21 
,,,,07_30～34歳,1:男,25 
,,,,,2:女,24 
,,,,08_35～39歳,1:男,11 
,,,,,2:女,14 
,,,,09_40～44歳,1:男,3 
,,,,,2:女,11 
,,,,10_45～49歳,1:男,1 
,,,,,2:女,2 
,,,,11_50～54歳,1:男,3 
,,,,,2:女,2 
,,,,13_60～64歳,1:男,1 
,,,17：企業内転勤,06_25～29歳,1:男,5 
,,,,07_30～34歳,1:男,5 
,,,,,2:女,3 
,,,,08_35～39歳,1:男,1 
,,,,,2:女,3 
,,,,09_40～44歳,1:男,4 
,,,,10_45～49歳,1:男,1 
,,,,,2:女,1 
,,,,11_50～54歳,1:男,1 
,,,,12_55～59歳,2:女,1 
,,,21：特定技能１号,06_25～29歳,2:女,1 
,,,31：留学,04_15～19歳,1:男,2 
,,,,05_20～24歳,1:男,9 
,,,,,2:女,5 
,,,,06_25～29歳,1:男,3 
,,,,,2:女,3 
,,,,07_30～34歳,1:男,2 
,,,,,2:女,1 
,,,,09_40～44歳,1:男,1 
,,,,,2:女,1 
,,,,10_45～49歳,2:女,1 
,,,33：家族滞在,01_０～４歳,1:男,3 
,,,,,2:女,2 
,,,,02_５～９歳,1:男,1 
,,,,,2:女,4 
,,,,03_10～14歳,1:男,5 
,,,,,2:女,6 
,,,,04_15～19歳,1:男,2 
,,,,,2:女,1 
,,,,06_25～29歳,2:女,1 
,,,,07_30～34歳,2:女,7 
,,,,08_35～39歳,2:女,3 
,,,,09_40～44歳,1:男,1 
,,,,,2:女,3 
,,,,10_45～49歳,2:女,1 
,,,,11_50～54歳,1:男,1 
,,,,,2:女,3 
,,,,12_55～59歳,2:女,1 
,,,34：特定活動,05_20～24歳,2:女,2 
,,,,10_45～49歳,2:女,1 
,,,35：永住者,05_20～24歳,1:男,1 
,,,,07_30～34歳,1:男,5 
,,,,,2:女,5 
,,,,08_35～39歳,1:男,5 
,,,,,2:女,5 
,,,,09_40～44歳,1:男,5 
,,,,,2:女,5 
,,,,10_45～49歳,1:男,4 
,,,,,2:女,4 
,,,,11_50～54歳,1:男,3 
,,,,,2:女,2 
,,,,12_55～59歳,1:男,4 
,,,,,2:女,6 
,,,,13_60～64歳,1:男,1 
,,,,14_65～69歳,1:男,1 
,,,,,2:女,1 
,,,,17_80歳以上,2:女,1 
,,,36：日本人の配偶者等,07_30～34歳,1:男,1 
,,,,,2:女,2 
,,,,08_35～39歳,1:男,1 
,,,,09_40～44歳,1:男,1 
,,,,,2:女,3 
,,,,10_45～49歳,1:男,1 
,,,,11_50～54歳,2:女,3 
,,,,12_55～59歳,2:女,2 
,,,37：永住者の配偶者等,06_25～29歳,2:女,1 
,,,,07_30～34歳,2:女,1 
,,,,08_35～39歳,2:女,1 
,,,,09_40～44歳,2:女,3 
,,,,10_45～49歳,2:女,3 
,,,38：定住者,01_０～４歳,1:男,1 
,,,,,2:女,1 
,,,,02_５～９歳,1:男,2 
,,,,03_10～14歳,1:男,1 
,,,,,2:女,6 
,,,,04_15～19歳,1:男,1 
,,,,,2:女,1 
,,,,10_45～49歳,2:女,1 
,,01_023：中国,03：教授,06_25～29歳,1:男,1 
,,,,07_30～34歳,1:男,4 
,,,,,2:女,2 
,,,,09_40～44歳,1:男,1 
,,,,11_50～54歳,1:男,2 
,,,,13_60～64歳,1:男,1 
,,,05：宗教,05_20～24歳,2:女,1 
,,,,06_25～29歳,2:女,1 
,,,,09_40～44歳,2:女,1 
,,,07：高度専門職１号イ,07_30～34歳,1:男,3 
,,,,,2:女,1 
,,,,08_35～39歳,1:男,2 
,,,,,2:女,1 
,,,08：高度専門職１号ロ,06_25～29歳,1:男,1 
,,,,,2:女,3 
,,,,07_30～34歳,2:女,1 
,,,,08_35～39歳,1:男,1 
,,,,10_45～49歳,1:男,1 
,,,,11_50～54歳,1:男,1 
,,,09：高度専門職１号ハ,09_40～44歳,2:女,1 
,,,10：高度専門職２号,08_35～39歳,1:男,1 
,,,11：経営・管理,07_30～34歳,2:女,1 
,,,,08_35～39歳,1:男,1 
,,,,09_40～44歳,1:男,1 
,,,,,2:女,1 
,,,,10_45～49歳,1:男,1 
,,,,,2:女,1 
,,,,12_55～59歳,1:男,2 
,,,,13_60～64歳,1:男,1 
,,,,15_70～74歳,1:男,1 
,,,16：技術・人文知識・国際業務,05_20～24歳,1:男,2 
,,,,,2:女,1 
,,,,06_25～29歳,1:男,15 
,,,,,2:女,12 
,,,,07_30～34歳,1:男,15 
,,,,,2:女,13 
,,,,08_35～39歳,1:男,10 
,,,,,2:女,11 
,,,,09_40～44歳,1:男,5 
,,,,,2:女,3 
,,,,10_45～49歳,1:男,1 
,,,,,2:女,1 
,,,,11_50～54歳,1:男,2 
,,,,12_55～59歳,1:男,1 
,,,17：企業内転勤,07_30～34歳,2:女,1 
,,,,08_35～39歳,1:男,1 
,,,,11_50～54歳,1:男,1 
,,,18：介護,08_35～39歳,2:女,2 
,,,20：技能,07_30～34歳,1:男,1 
,,,,09_40～44歳,1:男,1 
,,,,10_45～49歳,1:男,2 
,,,,12_55～59歳,1:男,1 
,,,,13_60～64歳,1:男,1 
,,,21：特定技能１号,08_35～39歳,1:男,1 
,,,,09_40～44歳,1:男,2 
,,,,10_45～49歳,1:男,1 
,,,,,2:女,3 
,,,22：特定技能２号,09_40～44歳,1:男,1 
,,,29：文化活動,07_30～34歳,1:男,2 
,,,,08_35～39歳,1:男,1 
,,,,,2:女,1 
,,,,09_40～44歳,2:女,1 
,,,31：留学,04_15～19歳,1:男,7 
,,,,,2:女,6 
,,,,05_20～24歳,1:男,151 
,,,,,2:女,71 
,,,,06_25～29歳,1:男,120 
,,,,,2:女,68 
,,,,07_30～34歳,1:男,21 
,,,,,2:女,11 
,,,,08_35～39歳,1:男,3 
,,,,,2:女,3 
,,,,09_40～44歳,1:男,1 
,,,,,2:女,2 
,,,,10_45～49歳,1:男,1 
,,,32：研修,06_25～29歳,1:男,1 
,,,33：家族滞在,01_０～４歳,1:男,1 
,,,,,2:女,1 
,,,,02_５～９歳,1:男,7 
,,,,,2:女,4 
,,,,03_10～14歳,1:男,5 
,,,,,2:女,4 
,,,,04_15～19歳,1:男,1 
,,,,,2:女,3 
,,,,06_25～29歳,1:男,1 
,,,,,2:女,3 
,,,,07_30～34歳,1:男,1 
,,,,08_35～39歳,1:男,5 
,,,,09_40～44歳,1:男,2 
,,,,,2:女,6 
,,,,10_45～49歳,2:女,2 
,,,,11_50～54歳,2:女,1 
,,,,12_55～59歳,2:女,2 
,,,,13_60～64歳,2:女,1 
,,,34：特定活動,05_20～24歳,1:男,2 
,,,,,2:女,1 
,,,,06_25～29歳,1:男,4 
,,,,,2:女,3 
,,,,07_30～34歳,2:女,1 
,,,,14_65～69歳,1:男,1 
,,,,,2:女,1 
,,,,15_70～74歳,2:女,1 
,,,,17_80歳以上,2:女,1 
,,,35：永住者,01_０～４歳,1:男,2 
,,,,,2:女,1 
,,,,02_５～９歳,1:男,9 
,,,,,2:女,4 
,,,,03_10～14歳,1:男,10 
,,,,,2:女,11 
,,,,04_15～19歳,1:男,6 
,,,,,2:女,8 
,,,,05_20～24歳,1:男,3 
,,,,,2:女,4 
,,,,06_25～29歳,1:男,10 
,,,,,2:女,9 
,,,,07_30～34歳,1:男,10 
,,,,,2:女,8 
,,,,08_35～39歳,1:男,13 
,,,,,2:女,13 
,,,,09_40～44歳,1:男,17 
,,,,,2:女,34 
,,,,10_45～49歳,1:男,5 
,,,,,2:女,43 
,,,,11_50～54歳,1:男,15 
,,,,,2:女,49 
,,,,12_55～59歳,1:男,8 
,,,,,2:女,22 
,,,,13_60～64歳,1:男,14 
,,,,,2:女,10 
,,,,14_65～69歳,1:男,8 
,,,,,2:女,7 
,,,,15_70～74歳,1:男,3 
,,,,,2:女,7 
,,,,16_75～79歳,1:男,7 
,,,,,2:女,6 
,,,,17_80歳以上,1:男,3 
,,,,,2:女,3 
,,,36：日本人の配偶者等,05_20～24歳,1:男,1 
,,,,07_30～34歳,2:女,1 
,,,,08_35～39歳,1:男,1 
,,,,09_40～44歳,1:男,1 
,,,,,2:女,4 
,,,,10_45～49歳,1:男,2 
,,,,,2:女,6 
,,,,11_50～54歳,2:女,4 
,,,,12_55～59歳,2:女,2 
,,,,13_60～64歳,2:女,1 
,,,,14_65～69歳,1:男,1 
,,,,17_80歳以上,1:男,1 
,,,37：永住者の配偶者等,01_０～４歳,1:男,2 
,,,,,2:女,1 
,,,,02_５～９歳,1:男,1 
,,,,05_20～24歳,1:男,1 
,,,,06_25～29歳,2:女,1 
,,,,07_30～34歳,2:女,2 
,,,,08_35～39歳,2:女,3 
,,,,09_40～44歳,1:男,2 
,,,,,2:女,3 
,,,,10_45～49歳,1:男,1 
,,,,11_50～54歳,2:女,1 
,,,,12_55～59歳,1:男,1 
,,,,,2:女,1 
,,,,16_75～79歳,1:男,1 
,,,38：定住者,01_０～４歳,1:男,1 
,,,,,2:女,2 
,,,,02_５～９歳,2:女,1 
,,,,03_10～14歳,1:男,3 
,,,,,2:女,2 
,,,,04_15～19歳,2:女,2 
,,,,05_20～24歳,1:男,1 
,,,,,2:女,2 
,,,,06_25～29歳,1:男,1 
,,,,08_35～39歳,2:女,1 
,,,,10_45～49歳,1:男,3 
,,,,,2:女,5 
,,,,12_55～59歳,2:女,1 
,,01_026：トルコ,15：教育,08_35～39歳,2:女,1 
,,,31：留学,06_25～29歳,1:男,1 
,,,36：日本人の配偶者等,10_45～49歳,1:男,1 
,,01_028：ネパール,11：経営・管理,07_30～34歳,1:男,1 
,,,,08_35～39歳,1:男,1 
,,,,09_40～44歳,1:男,2 
,,,16：技術・人文知識・国際業務,05_20～24歳,1:男,1 
,,,,,2:女,1 
,,,,06_25～29歳,1:男,28 
,,,,,2:女,14 
,,,,07_30～34歳,1:男,21 
,,,,,2:女,7 
,,,,08_35～39歳,1:男,6 
,,,,,2:女,2 
,,,,09_40～44歳,1:男,1 
,,,,,2:女,1 
,,,18：介護,05_20～24歳,2:女,1 
,,,,06_25～29歳,2:女,5 
,,,,07_30～34歳,2:女,3 
,,,,08_35～39歳,2:女,1 
,,,20：技能,06_25～29歳,1:男,2 
,,,,07_30～34歳,1:男,4 
,,,,08_35～39歳,1:男,10 
,,,,,2:女,1 
,,,,09_40～44歳,1:男,7 
,,,,10_45～49歳,1:男,2 
,,,,11_50～54歳,1:男,1 
,,,21：特定技能１号,05_20～24歳,1:男,9 
,,,,,2:女,12 
,,,,06_25～29歳,1:男,12 
,,,,,2:女,4 
,,,,07_30～34歳,1:男,6 
,,,,,2:女,4 
,,,,08_35～39歳,1:男,1 
,,,,,2:女,1 
,,,24：技能実習１号ロ,05_20～24歳,2:女,3 
,,,,06_25～29歳,2:女,2 
,,,,07_30～34歳,2:女,1 
,,,31：留学,04_15～19歳,1:男,3 
,,,,,2:女,11 
,,,,05_20～24歳,1:男,135 
,,,,,2:女,129 
,,,,06_25～29歳,1:男,71 
,,,,,2:女,60 
,,,,07_30～34歳,1:男,13 
,,,,,2:女,1 
,,,33：家族滞在,01_０～４歳,1:男,5 
,,,,,2:女,8 
,,,,02_５～９歳,1:男,3 
,,,,,2:女,2 
,,,,03_10～14歳,1:男,2 
,,,,,2:女,1 
,,,,04_15～19歳,2:女,1 
,,,,05_20～24歳,1:男,1 
,,,,,2:女,8 
,,,,06_25～29歳,1:男,4 
,,,,,2:女,18 
,,,,07_30～34歳,1:男,9 
,,,,,2:女,12 
,,,,08_35～39歳,1:男,4 
,,,,,2:女,5 
,,,,09_40～44歳,1:男,3 
,,,,,2:女,2 
,,,,11_50～54歳,2:女,1 
,,,34：特定活動,05_20～24歳,1:男,2 
,,,,06_25～29歳,1:男,1 
,,,36：日本人の配偶者等,06_25～29歳,2:女,2 
,,,,07_30～34歳,2:女,2 
,,,,08_35～39歳,2:女,1 
,,01_030：パキスタン,07：高度専門職１号イ,07_30～34歳,1:男,1 
,,,11：経営・管理,08_35～39歳,1:男,1 
,,,16：技術・人文知識・国際業務,12_55～59歳,1:男,1 
,,,20：技能,08_35～39歳,1:男,1 
,,,,11_50～54歳,1:男,1 
,,,31：留学,05_20～24歳,1:男,6 
,,,,06_25～29歳,1:男,6 
,,,,,2:女,3 
,,,33：家族滞在,01_０～４歳,1:男,2 
,,,,02_５～９歳,1:男,1 
,,,,,2:女,2 
,,,,06_25～29歳,2:女,1 
,,,,07_30～34歳,2:女,1 
,,,34：特定活動,13_60～64歳,1:男,1 
,,,35：永住者,10_45～49歳,1:男,1 
,,,,11_50～54歳,1:男,1 
,,,,,2:女,1 
,,,,14_65～69歳,1:男,1 
,,01_032：バングラデシュ,03：教授,07_30～34歳,1:男,1 
,,,,,2:女,2 
,,,,08_35～39歳,1:男,3 
,,,16：技術・人文知識・国際業務,08_35～39歳,1:男,1 
,,,21：特定技能１号,06_25～29歳,1:男,2 
,,,,07_30～34歳,1:男,2 
,,,24：技能実習１号ロ,05_20～24歳,1:男,1 
,,,,06_25～29歳,1:男,3 
,,,26：技能実習２号ロ,05_20～24歳,1:男,1 
,,,,06_25～29歳,1:男,3 
,,,31：留学,05_20～24歳,1:男,3 
,,,,,2:女,4 
,,,,06_25～29歳,1:男,12 
,,,,,2:女,6 
,,,,07_30～34歳,1:男,8 
,,,,,2:女,3 
,,,,08_35～39歳,1:男,4 
,,,,,2:女,1 
,,,33：家族滞在,01_０～４歳,1:男,1 
,,,,,2:女,1 
,,,,02_５～９歳,1:男,1 
,,,,,2:女,2 
,,,,06_25～29歳,2:女,1 
,,,,07_30～34歳,2:女,1 
,,,,08_35～39歳,1:男,1 
,,,35：永住者,02_５～９歳,2:女,1 
,,,,08_35～39歳,1:男,1 
,,,,,2:女,1 
,,,37：永住者の配偶者等,01_０～４歳,1:男,2 
,,01_034：フィリピン,15：教育,07_30～34歳,2:女,1 
,,,,08_35～39歳,2:女,1 
,,,,10_45～49歳,2:女,1 
,,,16：技術・人文知識・国際業務,06_25～29歳,2:女,2 
,,,,07_30～34歳,1:男,2 
,,,,,2:女,2 
,,,,08_35～39歳,1:男,6 
,,,,,2:女,2 
,,,,09_40～44歳,2:女,1 
,,,,10_45～49歳,2:女,1 
,,,17：企業内転勤,07_30～34歳,2:女,1 
,,,18：介護,07_30～34歳,2:女,1 
,,,21：特定技能１号,05_20～24歳,2:女,6 
,,,,06_25～29歳,1:男,1 
,,,,,2:女,2 
,,,,07_30～34歳,1:男,3 
,,,,08_35～39歳,1:男,2 
,,,,,2:女,1 
,,,,09_40～44歳,2:女,2 
,,,,10_45～49歳,2:女,1 
,,,,11_50～54歳,2:女,1 
,,,22：特定技能２号,06_25～29歳,2:女,1 
,,,24：技能実習１号ロ,05_20～24歳,2:女,1 
,,,,08_35～39歳,2:女,1 
,,,,09_40～44歳,2:女,1 
,,,26：技能実習２号ロ,05_20～24歳,2:女,2 
,,,,06_25～29歳,1:男,3 
,,,,,2:女,5 
,,,,07_30～34歳,2:女,3 
,,,,08_35～39歳,1:男,2 
,,,,,2:女,1 
,,,,09_40～44歳,2:女,1 
,,,31：留学,05_20～24歳,1:男,1 
,,,,,2:女,1 
,,,,06_25～29歳,2:女,1 
,,,,08_35～39歳,2:女,1 
,,,33：家族滞在,01_０～４歳,1:男,2 
,,,,03_10～14歳,2:女,1 
,,,,04_15～19歳,2:女,2 
,,,,06_25～29歳,2:女,1 
,,,,07_30～34歳,1:男,1 
,,,,10_45～49歳,1:男,2 
,,,34：特定活動,06_25～29歳,2:女,1 
,,,35：永住者,04_15～19歳,1:男,1 
,,,,,2:女,1 
,,,,05_20～24歳,1:男,1 
,,,,,2:女,1 
,,,,06_25～29歳,1:男,1 
,,,,07_30～34歳,1:男,3 
,,,,,2:女,1 
,,,,08_35～39歳,2:女,6 
,,,,09_40～44歳,1:男,1 
,,,,,2:女,9 
,,,,10_45～49歳,2:女,10 
,,,,11_50～54歳,2:女,29 
,,,,12_55～59歳,2:女,39 
,,,,13_60～64歳,2:女,14 
,,,,14_65～69歳,1:男,2 
,,,,,2:女,7 
,,,,16_75～79歳,2:女,1 
,,,36：日本人の配偶者等,03_10～14歳,2:女,1 
,,,,05_20～24歳,1:男,1 
,,,,,2:女,1 
,,,,07_30～34歳,2:女,4 
,,,,08_35～39歳,2:女,4 
,,,,09_40～44歳,2:女,2 
,,,,10_45～49歳,2:女,6 
,,,,11_50～54歳,2:女,1 
,,,,12_55～59歳,2:女,1 
,,,37：永住者の配偶者等,02_５～９歳,2:女,1 
,,,38：定住者,01_０～４歳,1:男,1 
,,,,02_５～９歳,2:女,1 
,,,,03_10～14歳,2:女,4 
,,,,04_15～19歳,1:男,1 
,,,,,2:女,1 
,,,,05_20～24歳,1:男,3 
,,,,,2:女,1 
,,,,06_25～29歳,2:女,1 
,,,,07_30～34歳,1:男,1 
,,,,,2:女,3 
,,,,08_35～39歳,1:男,2 
,,,,,2:女,6 
,,,,09_40～44歳,2:女,2 
,,,,10_45～49歳,2:女,6 
,,,,11_50～54歳,2:女,3 
,,,,12_55～59歳,2:女,4 
,,01_035：ブータン,35：永住者,09_40～44歳,1:男,1 
,,,,14_65～69歳,2:女,1 
,,01_037：ベトナム,11：経営・管理,06_25～29歳,1:男,1 
,,,16：技術・人文知識・国際業務,05_20～24歳,1:男,1 
,,,,,2:女,1 
,,,,06_25～29歳,1:男,15 
,,,,,2:女,8 
,,,,07_30～34歳,1:男,7 
,,,,08_35～39歳,2:女,1 
,,,18：介護,06_25～29歳,1:男,1 
,,,,,2:女,2 
,,,21：特定技能１号,05_20～24歳,1:男,2 
,,,,,2:女,12 
,,,,06_25～29歳,1:男,22 
,,,,,2:女,17 
,,,,07_30～34歳,1:男,10 
,,,,,2:女,8 
,,,,08_35～39歳,1:男,7 
,,,,,2:女,5 
,,,,09_40～44歳,1:男,1 
,,,,,2:女,3 
,,,24：技能実習１号ロ,04_15～19歳,1:男,2 
,,,,,2:女,3 
,,,,05_20～24歳,1:男,2 
,,,,,2:女,2 
,,,,06_25～29歳,1:男,1 
,,,,07_30～34歳,1:男,1 
,,,,08_35～39歳,2:女,1 
,,,26：技能実習２号ロ,04_15～19歳,1:男,1 
,,,,,2:女,2 
,,,,05_20～24歳,1:男,4 
,,,,,2:女,21 
,,,,06_25～29歳,1:男,6 
,,,,,2:女,5 
,,,,07_30～34歳,1:男,2 
,,,,,2:女,7 
,,,,08_35～39歳,1:男,1 
,,,28：技能実習３号ロ,05_20～24歳,2:女,1 
,,,,06_25～29歳,1:男,2 
,,,,,2:女,4 
,,,31：留学,04_15～19歳,1:男,1 
,,,,,2:女,2 
,,,,05_20～24歳,1:男,5 
,,,,,2:女,11 
,,,,06_25～29歳,1:男,1 
,,,,07_30～34歳,1:男,2 
,,,,,2:女,1 
,,,33：家族滞在,01_０～４歳,1:男,4 
,,,,,2:女,3 
,,,,03_10～14歳,1:男,1 
,,,,05_20～24歳,2:女,1 
,,,,06_25～29歳,2:女,4 
,,,,07_30～34歳,2:女,3 
,,,,08_35～39歳,2:女,1 
,,,34：特定活動,01_０～４歳,2:女,4 
,,,,06_25～29歳,1:男,1 
,,,,08_35～39歳,1:男,1 
,,,35：永住者,08_35～39歳,2:女,1 
,,,,10_45～49歳,2:女,2 
,,,36：日本人の配偶者等,05_20～24歳,2:女,1 
,,,,06_25～29歳,2:女,2 
,,,,07_30～34歳,1:男,1 
,,,,,2:女,1 
,,,,08_35～39歳,2:女,1 
,,01_038：マレーシア,16：技術・人文知識・国際業務,07_30～34歳,1:男,3 
,,,,,2:女,1 
,,,,09_40～44歳,1:男,1 
,,,31：留学,05_20～24歳,1:男,5 
,,,,,2:女,3 
,,,,06_25～29歳,1:男,1 
,,,,,2:女,2 
,,,,10_45～49歳,1:男,1 
,,,35：永住者,14_65～69歳,2:女,1 
,,01_039：ミャンマー,03：教授,08_35～39歳,2:女,1 
,,,,09_40～44歳,2:女,1 
,,,16：技術・人文知識・国際業務,05_20～24歳,2:女,1 
,,,,06_25～29歳,2:女,7 
,,,,07_30～34歳,1:男,3 
,,,,,2:女,8 
,,,21：特定技能１号,04_15～19歳,1:男,1 
,,,,,2:女,5 
,,,,05_20～24歳,1:男,16 
,,,,,2:女,54 
,,,,06_25～29歳,1:男,4 
,,,,,2:女,34 
,,,,07_30～34歳,1:男,3 
,,,,,2:女,6 
,,,,08_35～39歳,2:女,1 
,,,24：技能実習１号ロ,05_20～24歳,2:女,3 
,,,,06_25～29歳,2:女,4 
,,,,07_30～34歳,2:女,1 
,,,26：技能実習２号ロ,05_20～24歳,1:男,3 
,,,,,2:女,7 
,,,,06_25～29歳,1:男,1 
,,,,,2:女,8 
,,,,07_30～34歳,1:男,1 
,,,,,2:女,2 
,,,31：留学,04_15～19歳,2:女,1 
,,,,05_20～24歳,1:男,6 
,,,,,2:女,3 
,,,,06_25～29歳,1:男,4 
,,,,,2:女,4 
,,,,07_30～34歳,1:男,2 
,,,,08_35～39歳,2:女,1 
,,,33：家族滞在,06_25～29歳,1:男,1 
,,,,07_30～34歳,1:男,2 
,,,,09_40～44歳,1:男,1 
,,,34：特定活動,05_20～24歳,2:女,1 
,,,,06_25～29歳,1:男,1 
,,,,,2:女,1 
,,,,07_30～34歳,1:男,2 
,,,,,2:女,2 
,,,35：永住者,10_45～49歳,2:女,1 
,,,,12_55～59歳,1:男,1 
,,01_040：モルディブ,35：永住者,10_45～49歳,1:男,1 
,,01_041：モンゴル,03：教授,11_50～54歳,1:男,1 
,,,16：技術・人文知識・国際業務,09_40～44歳,2:女,1 
,,,,11_50～54歳,2:女,1 
,,,31：留学,06_25～29歳,1:男,1 
,,,,07_30～34歳,2:女,1 
,,,33：家族滞在,02_５～９歳,2:女,1 
,,,,04_15～19歳,1:男,1 
,,,,06_25～29歳,2:女,1 
,,,34：特定活動,05_20～24歳,2:女,1 
,,,35：永住者,09_40～44歳,1:男,1 
,,,,10_45～49歳,2:女,1 
,,,,11_50～54歳,2:女,1 
,,,38：定住者,01_０～４歳,1:男,1 
,,,,,2:女,2 
,,,,06_25～29歳,2:女,1 
,,01_043：ラオス,31：留学,09_40～44歳,1:男,1 
,,,33：家族滞在,08_35～39歳,2:女,1 
,,,35：永住者,09_40～44歳,2:女,1 
,,02_045：アイスランド,03：教授,10_45～49歳,2:女,1 
,,,33：家族滞在,04_15～19歳,1:男,1 
,,,,10_45～49歳,1:男,1 
,,02_046：アイルランド,15：教育,05_20～24歳,1:男,1 
,,,,12_55～59歳,2:女,1 
,,,35：永住者,16_75～79歳,1:男,1 
,,02_047：アゼルバイジャン,31：留学,05_20～24歳,2:女,1 
,,02_049：アルメニア,31：留学,07_30～34歳,2:女,1 
,,02_051：イタリア,03：教授,07_30～34歳,1:男,1 
,,,16：技術・人文知識・国際業務,14_65～69歳,1:男,1 
,,,35：永住者,12_55～59歳,1:男,1 
,,02_052：ウクライナ,35：永住者,11_50～54歳,2:女,1 
,,,,12_55～59歳,2:女,1 
,,,38：定住者,06_25～29歳,2:女,1 
,,02_053：ウズベキスタン,16：技術・人文知識・国際業務,08_35～39歳,2:女,1 
,,,,09_40～44歳,2:女,1 
,,,33：家族滞在,02_５～９歳,2:女,1 
,,,35：永住者,10_45～49歳,2:女,1 
,,02_054：英国,03：教授,11_50～54歳,1:男,1 
,,,15：教育,05_20～24歳,1:男,1 
,,,,06_25～29歳,1:男,4 
,,,,,2:女,1 
,,,,07_30～34歳,1:男,1 
,,,16：技術・人文知識・国際業務,06_25～29歳,1:男,1 
,,,,10_45～49歳,1:男,1 
,,,31：留学,05_20～24歳,1:男,5 
,,,34：特定活動,05_20～24歳,2:女,1 
,,,35：永住者,09_40～44歳,1:男,1 
,,,,10_45～49歳,1:男,3 
,,,,11_50～54歳,1:男,1 
,,,,12_55～59歳,1:男,1 
,,,,13_60～64歳,1:男,2 
,,,,14_65～69歳,1:男,1 
,,,,15_70～74歳,1:男,1 
,,,36：日本人の配偶者等,06_25～29歳,1:男,1 
,,,,09_40～44歳,1:男,2 
,,,,10_45～49歳,1:男,1 
,,,,11_50～54歳,1:男,1 
,,,,15_70～74歳,1:男,1 
,,02_057：オーストリア,35：永住者,17_80歳以上,1:男,1 
,,02_058：オランダ,20：技能,09_40～44歳,1:男,1 
,,02_059：カザフスタン,03：教授,07_30～34歳,1:男,1 
,,,31：留学,05_20～24歳,1:男,1 
,,,,07_30～34歳,2:女,1 
,,,33：家族滞在,01_０～４歳,1:男,1 
,,,,07_30～34歳,1:男,1 
,,02_060：北マケドニア,31：留学,06_25～29歳,1:男,1 
,,02_062：キルギス,31：留学,05_20～24歳,2:女,1 
,,,,06_25～29歳,1:男,1 
,,,,07_30～34歳,2:女,1 
,,02_065：サンマリノ,36：日本人の配偶者等,09_40～44歳,1:男,1 
,,02_066：ジョージア,31：留学,07_30～34歳,1:男,1 
,,02_067：スイス,35：永住者,12_55～59歳,1:男,1 
,,,,13_60～64歳,2:女,1 
,,,36：日本人の配偶者等,11_50～54歳,1:男,1 
,,02_068：スウェーデン,35：永住者,10_45～49歳,1:男,1 
,,02_069：スペイン,35：永住者,11_50～54歳,1:男,1 
,,,36：日本人の配偶者等,05_20～24歳,2:女,1 
,,02_075：チェコ,31：留学,05_20～24歳,1:男,1 
,,,,,2:女,1 
,,,,06_25～29歳,2:女,1 
,,02_078：ドイツ,03：教授,15_70～74歳,1:男,1 
,,,16：技術・人文知識・国際業務,06_25～29歳,2:女,1 
,,,31：留学,05_20～24歳,1:男,2 
,,,,,2:女,1 
,,,34：特定活動,04_15～19歳,2:女,1 
,,,35：永住者,10_45～49歳,1:男,1 
,,,36：日本人の配偶者等,14_65～69歳,2:女,1 
,,02_080：ノルウェー,36：日本人の配偶者等,08_35～39歳,1:男,1 
,,02_082：ハンガリー,03：教授,13_60～64歳,1:男,1 
,,02_083：フィンランド,35：永住者,15_70～74歳,2:女,1 
,,02_084：フランス,16：技術・人文知識・国際業務,07_30～34歳,1:男,1 
,,,31：留学,04_15～19歳,1:男,1 
,,,,05_20～24歳,1:男,10 
,,,,,2:女,3 
,,,,06_25～29歳,1:男,1 
,,,,,2:女,1 
,,,34：特定活動,06_25～29歳,1:男,2 
,,,,,2:女,1 
,,,35：永住者,08_35～39歳,1:男,2 
,,,,10_45～49歳,1:男,1 
,,,,11_50～54歳,1:男,2 
,,,,14_65～69歳,1:男,1 
,,,36：日本人の配偶者等,06_25～29歳,1:男,1 
,,,,09_40～44歳,1:男,1 
,,,,11_50～54歳,1:男,1 
,,,38：定住者,09_40～44歳,1:男,1 
,,02_088：ポーランド,16：技術・人文知識・国際業務,07_30～34歳,2:女,1 
,,,31：留学,05_20～24歳,1:男,1 
,,,36：日本人の配偶者等,07_30～34歳,2:女,1 
,,,,08_35～39歳,1:男,1 
,,02_091：マルタ,31：留学,06_25～29歳,1:男,1 
,,02_094：モンテネグロ,19：興行,07_30～34歳,1:男,1 
,,02_099：ルーマニア,35：永住者,03_10～14歳,2:女,1 
,,,,04_15～19歳,2:女,1 
,,,,05_20～24歳,2:女,1 
,,,,09_40～44歳,2:女,2 
,,,,10_45～49歳,2:女,3 
,,,,11_50～54歳,2:女,1 
,,,38：定住者,11_50～54歳,2:女,1 
,,02_101：ロシア,16：技術・人文知識・国際業務,05_20～24歳,1:男,1 
,,,31：留学,05_20～24歳,1:男,1 
,,,35：永住者,05_20～24歳,1:男,1 
,,,,09_40～44歳,2:女,2 
,,,,13_60～64歳,1:男,1 
,,,36：日本人の配偶者等,08_35～39歳,1:男,1 
,,03_102：アルジェリア,05：宗教,08_35～39歳,1:男,1 
,,,37：永住者の配偶者等,08_35～39歳,1:男,1 
,,03_103：アンゴラ,31：留学,06_25～29歳,2:女,1 
,,03_105：エジプト,03：教授,07_30～34歳,2:女,1 
,,,,09_40～44歳,2:女,1 
,,,29：文化活動,08_35～39歳,1:男,1 
,,,31：留学,06_25～29歳,2:女,1 
,,,,07_30～34歳,1:男,1 
,,,,,2:女,2 
,,,,08_35～39歳,1:男,1 
,,,33：家族滞在,01_０～４歳,1:男,1 
,,,,,2:女,1 
,,,,02_５～９歳,1:男,1 
,,,,,2:女,1 
,,,,03_10～14歳,1:男,1 
,,,,06_25～29歳,2:女,1 
,,,,07_30～34歳,2:女,1 
,,,,08_35～39歳,1:男,1 
,,,36：日本人の配偶者等,08_35～39歳,1:男,1 
,,,38：定住者,03_10～14歳,1:男,1 
,,03_109：ガーナ,31：留学,06_25～29歳,1:男,1 
,,,,07_30～34歳,1:男,1 
,,,33：家族滞在,01_０～４歳,1:男,2 
,,,,07_30～34歳,2:女,1 
,,,34：特定活動,08_35～39歳,2:女,1 
,,03_113：ガンビア,31：留学,04_15～19歳,1:男,1 
,,03_114：ギニア,36：日本人の配偶者等,08_35～39歳,1:男,1 
,,03_116：ケニア,16：技術・人文知識・国際業務,06_25～29歳,2:女,1 
,,,31：留学,06_25～29歳,1:男,2 
,,,,07_30～34歳,1:男,2 
,,,,08_35～39歳,1:男,1 
,,,33：家族滞在,06_25～29歳,2:女,1 
,,,34：特定活動,04_15～19歳,2:女,1 
,,03_124：ジブチ,31：留学,08_35～39歳,1:男,1 
,,03_126：スーダン,03：教授,08_35～39歳,1:男,1 
,,,07：高度専門職１号イ,08_35～39歳,1:男,1 
,,,31：留学,07_30～34歳,1:男,1 
,,,,08_35～39歳,1:男,1 
,,,33：家族滞在,01_０～４歳,1:男,1 
,,,,,2:女,1 
,,,,02_５～９歳,2:女,1 
,,,,07_30～34歳,2:女,1 
,,,,08_35～39歳,2:女,1 
,,,38：定住者,08_35～39歳,1:男,1 
,,03_129：セネガル,31：留学,04_15～19歳,2:女,1 
,,03_131：タンザニア,03：教授,08_35～39歳,1:男,1 
,,,31：留学,06_25～29歳,2:女,3 
,,,,07_30～34歳,1:男,4 
,,,,,2:女,2 
,,,,08_35～39歳,1:男,2 
,,,,,2:女,1 
,,,33：家族滞在,01_０～４歳,1:男,2 
,,,,,2:女,5 
,,,,02_５～９歳,1:男,1 
,,,,06_25～29歳,2:女,2 
,,,,07_30～34歳,2:女,2 
,,,36：日本人の配偶者等,09_40～44歳,1:男,1 
,,03_135：トーゴ,31：留学,06_25～29歳,1:男,1 
,,03_136：ナイジェリア,16：技術・人文知識・国際業務,08_35～39歳,2:女,1 
,,,,09_40～44歳,2:女,1 
,,,29：文化活動,08_35～39歳,1:男,1 
,,,31：留学,04_15～19歳,2:女,1 
,,,,06_25～29歳,1:男,1 
,,,,09_40～44歳,1:男,1 
,,,33：家族滞在,01_０～４歳,2:女,1 
,,,,02_５～９歳,2:女,1 
,,,35：永住者,12_55～59歳,1:男,1 
,,,36：日本人の配偶者等,11_50～54歳,1:男,1 
,,03_144：マラウイ,31：留学,06_25～29歳,2:女,1 
,,03_146：南アフリカ共和国,15：教育,07_30～34歳,2:女,1 
,,,16：技術・人文知識・国際業務,06_25～29歳,2:女,1 
,,,,07_30～34歳,2:女,1 
,,,,08_35～39歳,2:女,1 
,,,,09_40～44歳,2:女,1 
,,03_149：モーリタニア,16：技術・人文知識・国際業務,07_30～34歳,1:男,1 
,,,31：留学,07_30～34歳,1:男,1 
,,,33：家族滞在,01_０～４歳,1:男,1 
,,,,07_30～34歳,2:女,1 
,,03_150：モザンビーク,31：留学,06_25～29歳,1:男,1 
,,,33：家族滞在,01_０～４歳,2:女,1 
,,,,07_30～34歳,2:女,1 
,,03_154：ルワンダ,31：留学,09_40～44歳,1:男,1 
,,,33：家族滞在,01_０～４歳,2:女,1 
,,,,07_30～34歳,2:女,1 
,,04_157：エルサルバドル,16：技術・人文知識・国際業務,06_25～29歳,2:女,1 
,,04_158：カナダ,15：教育,05_20～24歳,2:女,2 
,,,,06_25～29歳,1:男,1 
,,,,07_30～34歳,2:女,1 
,,,16：技術・人文知識・国際業務,06_25～29歳,1:男,1 
,,,,07_30～34歳,1:男,1 
,,,,,2:女,1 
,,,,08_35～39歳,1:男,1 
,,,,09_40～44歳,2:女,1 
,,,34：特定活動,07_30～34歳,1:男,1 
,,,35：永住者,09_40～44歳,1:男,1 
,,,,10_45～49歳,1:男,1 
,,,,11_50～54歳,1:男,1 
,,,,12_55～59歳,1:男,1 
,,,,13_60～64歳,1:男,2 
,,,,15_70～74歳,2:女,1 
,,,36：日本人の配偶者等,17_80歳以上,2:女,1 
,,04_163：ジャマイカ,16：技術・人文知識・国際業務,09_40～44歳,2:女,1 
,,04_168：ドミニカ共和国,08：高度専門職１号ロ,07_30～34歳,1:男,1 
,,04_175：米国,03：教授,14_65～69歳,1:男,1 
,,,05：宗教,05_20～24歳,1:男,1 
,,,15：教育,05_20～24歳,1:男,2 
,,,,06_25～29歳,1:男,3 
,,,,,2:女,5 
,,,,07_30～34歳,1:男,1 
,,,,08_35～39歳,2:女,1 
,,,16：技術・人文知識・国際業務,06_25～29歳,1:男,1 
,,,,,2:女,3 
,,,,07_30～34歳,1:男,2 
,,,,08_35～39歳,1:男,1 
,,,,09_40～44歳,1:男,1 
,,,,12_55～59歳,1:男,1 
,,,19：興行,06_25～29歳,1:男,1 
,,,,08_35～39歳,1:男,1 
,,,31：留学,05_20～24歳,2:女,1 
,,,33：家族滞在,01_０～４歳,1:男,2 
,,,,,2:女,3 
,,,,02_５～９歳,2:女,2 
,,,,06_25～29歳,2:女,1 
,,,,07_30～34歳,2:女,1 
,,,34：特定活動,08_35～39歳,1:男,1 
,,,,14_65～69歳,2:女,1 
,,,35：永住者,03_10～14歳,2:女,2 
,,,,05_20～24歳,1:男,1 
,,,,,2:女,1 
,,,,08_35～39歳,1:男,1 
,,,,,2:女,1 
,,,,09_40～44歳,1:男,2 
,,,,,2:女,1 
,,,,11_50～54歳,1:男,3 
,,,,,2:女,2 
,,,,12_55～59歳,1:男,6 
,,,,,2:女,1 
,,,,13_60～64歳,1:男,4 
,,,,,2:女,3 
,,,,14_65～69歳,1:男,1 
,,,,,2:女,1 
,,,,16_75～79歳,1:男,1 
,,,,,2:女,1 
,,,,17_80歳以上,1:男,1 
,,,,,2:女,1 
,,,36：日本人の配偶者等,04_15～19歳,2:女,1 
,,,,06_25～29歳,2:女,2 
,,,,07_30～34歳,1:男,3 
,,,,,2:女,1 
,,,,08_35～39歳,1:男,2 
,,,,,2:女,1 
,,,,09_40～44歳,1:男,4 
,,,,10_45～49歳,1:男,4 
,,,,11_50～54歳,1:男,3 
,,,,13_60～64歳,1:男,1 
,,,,14_65～69歳,1:男,1 
,,,,15_70～74歳,1:男,3 
,,,,17_80歳以上,1:男,1 
,,,,,2:女,2 
,,,38：定住者,08_35～39歳,1:男,1 
,,,,13_60～64歳,1:男,1 
,,04_178：メキシコ,16：技術・人文知識・国際業務,06_25～29歳,1:男,1 
,,,35：永住者,11_50～54歳,2:女,1 
,,,36：日本人の配偶者等,06_25～29歳,2:女,1 
,,,,12_55～59歳,1:男,1 
,,,38：定住者,13_60～64歳,1:男,1 
,,05_179：アルゼンチン,35：永住者,10_45～49歳,1:男,1 
,,05_183：コロンビア,35：永住者,10_45～49歳,1:男,1 
,,05_187：ブラジル,31：留学,06_25～29歳,1:男,1 
,,,,,2:女,1 
,,,,07_30～34歳,1:男,2 
,,,33：家族滞在,07_30～34歳,2:女,1 
,,,35：永住者,06_25～29歳,2:女,1 
,,,,07_30～34歳,1:男,1 
,,,,12_55～59歳,2:女,1 
,,,,14_65～69歳,2:女,1 
,,,,15_70～74歳,2:女,2 
,,,36：日本人の配偶者等,15_70～74歳,2:女,1 
,,,37：永住者の配偶者等,02_５～９歳,2:女,1 
,,05_188：ベネズエラ,19：興行,08_35～39歳,1:男,1 
,,,33：家族滞在,07_30～34歳,2:女,1 
,,05_189：ペルー,16：技術・人文知識・国際業務,07_30～34歳,2:女,1 
,,,35：永住者,14_65～69歳,1:男,1 
,,06_191：オーストラリア,15：教育,05_20～24歳,1:男,2 
,,,16：技術・人文知識・国際業務,07_30～34歳,1:男,1 
,,,,08_35～39歳,1:男,1 
,,,31：留学,06_25～29歳,1:男,1 
,,,,07_30～34歳,1:男,1 
,,,,10_45～49歳,1:男,1 
,,,35：永住者,08_35～39歳,1:男,1 
,,,,09_40～44歳,1:男,1 
,,,,10_45～49歳,2:女,1 
,,,,14_65～69歳,2:女,2 
,,,36：日本人の配偶者等,08_35～39歳,1:男,1 
,,06_194：サモア,31：留学,08_35～39歳,1:男,1 
,,06_198：トンガ,35：永住者,03_10～14歳,1:男,1 
,,,,,2:女,1 
,,,,04_15～19歳,1:男,2 
,,,,09_40～44歳,1:男,1 
,,,,,2:女,1 
,,06_201：ニュージーランド,15：教育,06_25～29歳,1:男,1 
,,,,,2:女,1 
,,,36：日本人の配偶者等,11_50～54歳,1:男,1 
,,06_205：フィジー,38：定住者,08_35～39歳,1:男,1 
,,07_000：無国籍,35：永住者,17_80歳以上,2:女,1 
,,,36：日本人の配偶者等,13_60～64歳,1:男,1 
43：熊本県,熊本市東区,01_001：アフガニスタン,16：技術・人文知識・国際業務,07_30～34歳,1:男,1 
,,,33：家族滞在,01_０～４歳,1:男,2 
,,,,07_30～34歳,2:女,1 
,,01_004：イスラエル,35：永住者,14_65～69歳,1:男,1 
,,01_006：イラン,15：教育,09_40～44歳,2:女,1 
,,01_007：インド,20：技能,10_45～49歳,1:男,1 
,,,21：特定技能１号,06_25～29歳,1:男,1 
,,,24：技能実習１号ロ,05_20～24歳,1:男,2 
,,,,06_25～29歳,1:男,1 
,,,26：技能実習２号ロ,05_20～24歳,1:男,6 
,,,,06_25～29歳,1:男,4 
,,,,07_30～34歳,1:男,3 
,,,,08_35～39歳,1:男,3 
,,01_008：インドネシア,16：技術・人文知識・国際業務,06_25～29歳,1:男,1 
,,,18：介護,05_20～24歳,1:男,1 
,,,21：特定技能１号,04_15～19歳,2:女,1 
,,,,05_20～24歳,1:男,9 
,,,,,2:女,16 
,,,,06_25～29歳,1:男,15 
,,,,,2:女,8 
,,,,07_30～34歳,1:男,11 
,,,,,2:女,3 
,,,,08_35～39歳,2:女,2 
,,,24：技能実習１号ロ,04_15～19歳,1:男,8 
,,,,,2:女,1 
,,,,05_20～24歳,1:男,27 
,,,,,2:女,8 
,,,,06_25～29歳,1:男,16 
,,,,,2:女,1 
,,,25：技能実習２号イ,05_20～24歳,2:女,2 
,,,,06_25～29歳,2:女,2 
,,,,07_30～34歳,1:男,3 
,,,,,2:女,1 
,,,26：技能実習２号ロ,04_15～19歳,1:男,2 
,,,,05_20～24歳,1:男,45 
,,,,,2:女,5 
,,,,06_25～29歳,1:男,23 
,,,,,2:女,1 
,,,,07_30～34歳,1:男,5 
,,,28：技能実習３号ロ,05_20～24歳,1:男,1 
,,,,06_25～29歳,1:男,3 
,,,,08_35～39歳,1:男,1 
,,,31：留学,05_20～24歳,1:男,1 
,,,,09_40～44歳,1:男,1 
,,,,,2:女,3 
,,,33：家族滞在,03_10～14歳,1:男,2 
,,,,04_15～19歳,2:女,1 
,,,,09_40～44歳,1:男,1 
,,,34：特定活動,06_25～29歳,1:男,1 
,,,,08_35～39歳,1:男,1 
,,,35：永住者,06_25～29歳,2:女,1 
,,,,09_40～44歳,2:女,1 
,,,,10_45～49歳,1:男,1 
,,,,11_50～54歳,2:女,1 
,,,36：日本人の配偶者等,11_50～54歳,2:女,2 
,,01_011：韓国,03：教授,09_40～44歳,2:女,1 
,,,16：技術・人文知識・国際業務,05_20～24歳,1:男,1 
,,,,06_25～29歳,1:男,4 
,,,,07_30～34歳,1:男,3 
,,,,08_35～39歳,1:男,1 
,,,,09_40～44歳,1:男,2 
,,,17：企業内転勤,08_35～39歳,1:男,1 
,,,,12_55～59歳,1:男,1 
,,,19：興行,05_20～24歳,1:男,1 
,,,21：特定技能１号,08_35～39歳,1:男,1 
,,,31：留学,04_15～19歳,1:男,1 
,,,,05_20～24歳,1:男,5 
,,,,,2:女,2 
,,,,06_25～29歳,1:男,3 
,,,33：家族滞在,02_５～９歳,1:男,2 
,,,,04_15～19歳,1:男,1 
,,,,07_30～34歳,2:女,1 
,,,,08_35～39歳,1:男,1 
,,,,,2:女,1 
,,,35：永住者,06_25～29歳,1:男,1 
,,,,07_30～34歳,2:女,2 
,,,,08_35～39歳,1:男,1 
,,,,,2:女,2 
,,,,09_40～44歳,1:男,3 
,,,,,2:女,1 
,,,,10_45～49歳,2:女,1 
,,,,11_50～54歳,1:男,4 
,,,,,2:女,5 
,,,,12_55～59歳,1:男,2 
,,,,,2:女,2 
,,,,13_60～64歳,2:女,4 
,,,,14_65～69歳,1:男,1 
,,,,,2:女,3 
,,,,15_70～74歳,2:女,1 
,,,,16_75～79歳,2:女,2 
,,,36：日本人の配偶者等,07_30～34歳,1:男,1 
,,,,08_35～39歳,1:男,1 
,,,,09_40～44歳,1:男,2 
,,,,,2:女,1 
,,,,10_45～49歳,2:女,1 
,,,,11_50～54歳,1:男,1 
,,,,,2:女,1 
,,,,12_55～59歳,2:女,1 
,,,38：定住者,02_５～９歳,1:男,1 
,,,,09_40～44歳,1:男,1 
,,,39：特別永住者,08_35～39歳,1:男,2 
,,,,09_40～44歳,1:男,1 
,,,,,2:女,4 
,,,,11_50～54歳,1:男,2 
,,,,,2:女,3 
,,,,12_55～59歳,1:男,1 
,,,,,2:女,2 
,,,,13_60～64歳,1:男,5 
,,,,,2:女,1 
,,,,14_65～69歳,1:男,2 
,,,,,2:女,2 
,,,,15_70～74歳,1:男,1 
,,,,,2:女,2 
,,,,16_75～79歳,1:男,1 
,,,,,2:女,1 
,,,,17_80歳以上,1:男,1 
,,,,,2:女,3 
,,01_012：（朝鮮）,39：特別永住者,11_50～54歳,2:女,2 
,,,,14_65～69歳,1:男,1 
,,,,15_70～74歳,1:男,1 
,,,,16_75～79歳,1:男,2 
,,,,,2:女,1 
,,,,17_80歳以上,1:男,1 
,,,,,2:女,1 
,,01_014：カンボジア,21：特定技能１号,05_20～24歳,2:女,2 
,,,,06_25～29歳,1:男,5 
,,,,,2:女,5 
,,,,07_30～34歳,1:男,2 
,,,,,2:女,5 
,,,,08_35～39歳,2:女,3 
,,,24：技能実習１号ロ,05_20～24歳,1:男,6 
,,,,07_30～34歳,1:男,1 
,,,,08_35～39歳,1:男,1 
,,,26：技能実習２号ロ,05_20～24歳,1:男,4 
,,,,,2:女,1 
,,,,06_25～29歳,1:男,4 
,,,,,2:女,1 
,,,,07_30～34歳,1:男,7 
,,,,08_35～39歳,1:男,1 
,,,28：技能実習３号ロ,06_25～29歳,1:男,1 
,,,,07_30～34歳,2:女,1 
,,,34：特定活動,05_20～24歳,2:女,1 
,,,,07_30～34歳,2:女,2 
,,,,08_35～39歳,2:女,1 
,,,36：日本人の配偶者等,09_40～44歳,2:女,1 
,,,38：定住者,04_15～19歳,2:女,1 
,,01_019：シンガポール,15：教育,06_25～29歳,2:女,2 
,,,,07_30～34歳,2:女,1 
,,,35：永住者,05_20～24歳,1:男,3 
,,,,09_40～44歳,1:男,1 
,,,,10_45～49歳,2:女,1 
,,,36：日本人の配偶者等,09_40～44歳,2:女,1 
,,01_020：スリランカ,16：技術・人文知識・国際業務,06_25～29歳,1:男,2 
,,,,07_30～34歳,1:男,2 
,,,,08_35～39歳,1:男,5 
,,,,10_45～49歳,1:男,1 
,,,20：技能,07_30～34歳,1:男,1 
,,,,10_45～49歳,1:男,1 
,,,21：特定技能１号,06_25～29歳,1:男,1 
,,,24：技能実習１号ロ,06_25～29歳,1:男,1 
,,,31：留学,06_25～29歳,1:男,2 
,,,,07_30～34歳,1:男,1 
,,,33：家族滞在,01_０～４歳,2:女,3 
,,,,02_５～９歳,1:男,1 
,,,,,2:女,1 
,,,,03_10～14歳,1:男,1 
,,,,06_25～29歳,2:女,1 
,,,,08_35～39歳,2:女,1 
,,,,09_40～44歳,2:女,1 
,,,35：永住者,02_５～９歳,2:女,1 
,,,,09_40～44歳,1:男,1 
,,,,,2:女,1 
,,,,11_50～54歳,1:男,1 
,,,36：日本人の配偶者等,06_25～29歳,1:男,1 
,,,,07_30～34歳,1:男,2 
,,,,08_35～39歳,1:男,1 
,,01_021：タイ,16：技術・人文知識・国際業務,07_30～34歳,2:女,1 
,,,21：特定技能１号,06_25～29歳,1:男,1 
,,,,,2:女,2 
,,,,07_30～34歳,2:女,1 
,,,,08_35～39歳,2:女,1 
,,,26：技能実習２号ロ,05_20～24歳,1:男,1 
,,,,06_25～29歳,1:男,1 
,,,28：技能実習３号ロ,06_25～29歳,1:男,1 
,,,33：家族滞在,07_30～34歳,2:女,1 
,,,34：特定活動,06_25～29歳,1:男,1 
,,,35：永住者,07_30～34歳,2:女,1 
,,,,11_50～54歳,2:女,1 
,,,,12_55～59歳,2:女,1 
,,,,13_60～64歳,2:女,1 
,,,,14_65～69歳,2:女,1 
,,,36：日本人の配偶者等,02_５～９歳,2:女,1 
,,,,07_30～34歳,2:女,1 
,,,,08_35～39歳,2:女,1 
,,,,10_45～49歳,2:女,1 
,,,37：永住者の配偶者等,07_30～34歳,1:男,1 
,,01_022：台湾,08：高度専門職１号ロ,06_25～29歳,2:女,1 
,,,,07_30～34歳,1:男,3 
,,,,08_35～39歳,1:男,4 
,,,,09_40～44歳,1:男,7 
,,,,,2:女,1 
,,,,10_45～49歳,1:男,5 
,,,,11_50～54歳,2:女,1 
,,,11：経営・管理,09_40～44歳,1:男,1 
,,,,12_55～59歳,1:男,1 
,,,15：教育,06_25～29歳,2:女,3 
,,,,07_30～34歳,1:男,2 
,,,16：技術・人文知識・国際業務,05_20～24歳,2:女,3 
,,,,06_25～29歳,1:男,11 
,,,,,2:女,5 
,,,,07_30～34歳,1:男,10 
,,,,,2:女,6 
,,,,08_35～39歳,1:男,3 
,,,,,2:女,4 
,,,,09_40～44歳,1:男,3 
,,,,,2:女,2 
,,,,10_45～49歳,1:男,4 
,,,,,2:女,1 
,,,,11_50～54歳,1:男,1 
,,,,,2:女,2 
,,,17：企業内転勤,05_20～24歳,1:男,1 
,,,,06_25～29歳,1:男,1 
,,,,07_30～34歳,1:男,1 
,,,,,2:女,1 
,,,,08_35～39歳,1:男,2 
,,,,,2:女,1 
,,,,09_40～44歳,1:男,1 
,,,,,2:女,3 
,,,,10_45～49歳,1:男,2 
,,,,,2:女,1 
,,,,11_50～54歳,1:男,1 
,,,,,2:女,1 
,,,33：家族滞在,01_０～４歳,1:男,3 
,,,,,2:女,1 
,,,,02_５～９歳,1:男,6 
,,,,,2:女,5 
,,,,03_10～14歳,1:男,5 
,,,,,2:女,6 
,,,,04_15～19歳,1:男,1 
,,,,,2:女,4 
,,,,07_30～34歳,2:女,4 
,,,,08_35～39歳,2:女,4 
,,,,09_40～44歳,2:女,10 
,,,,10_45～49歳,2:女,3 
,,,,11_50～54歳,1:男,2 
,,,,,2:女,2 
,,,35：永住者,07_30～34歳,1:男,2 
,,,,08_35～39歳,1:男,1 
,,,,,2:女,2 
,,,,09_40～44歳,1:男,5 
,,,,,2:女,4 
,,,,10_45～49歳,1:男,1 
,,,,,2:女,2 
,,,,11_50～54歳,2:女,1 
,,,,12_55～59歳,1:男,1 
,,,,,2:女,1 
,,,,13_60～64歳,1:男,1 
,,,,,2:女,2 
,,,36：日本人の配偶者等,07_30～34歳,2:女,2 
,,,,08_35～39歳,1:男,1 
,,,,,2:女,1 
,,,,09_40～44歳,1:男,1 
,,,,,2:女,1 
,,,,10_45～49歳,1:男,1 
,,,,,2:女,1 
,,,37：永住者の配偶者等,08_35～39歳,2:女,1 
,,,,09_40～44歳,2:女,4 
,,,,10_45～49歳,2:女,1 
,,,38：定住者,01_０～４歳,1:男,1 
,,,,02_５～９歳,1:男,2 
,,,,,2:女,2 
,,,,03_10～14歳,1:男,5 
,,,,,2:女,1 
,,,,04_15～19歳,1:男,1 
,,,,,2:女,1 
,,,39：特別永住者,16_75～79歳,1:男,1 
,,01_023：中国,08：高度専門職１号ロ,07_30～34歳,1:男,1 
,,,,,2:女,1 
,,,,08_35～39歳,1:男,1 
,,,10：高度専門職２号,09_40～44歳,1:男,1 
,,,,10_45～49歳,2:女,1 
,,,11：経営・管理,09_40～44歳,1:男,1 
,,,,,2:女,1 
,,,15：教育,08_35～39歳,2:女,1 
,,,16：技術・人文知識・国際業務,05_20～24歳,1:男,1 
,,,,06_25～29歳,1:男,7 
,,,,,2:女,2 
,,,,07_30～34歳,1:男,4 
,,,,,2:女,3 
,,,,08_35～39歳,1:男,6 
,,,,,2:女,2 
,,,,09_40～44歳,1:男,2 
,,,,10_45～49歳,1:男,3 
,,,,11_50～54歳,1:男,2 
,,,,,2:女,1 
,,,,13_60～64歳,1:男,1 
,,,17：企業内転勤,08_35～39歳,1:男,1 
,,,,09_40～44歳,1:男,1 
,,,20：技能,10_45～49歳,1:男,1 
,,,,11_50～54歳,1:男,1 
,,,21：特定技能１号,06_25～29歳,1:男,1 
,,,,07_30～34歳,1:男,3 
,,,,,2:女,1 
,,,,08_35～39歳,1:男,4 
,,,,,2:女,3 
,,,,10_45～49歳,1:男,1 
,,,,,2:女,1 
,,,24：技能実習１号ロ,06_25～29歳,1:男,1 
,,,,09_40～44歳,2:女,1 
,,,,10_45～49歳,2:女,1 
,,,26：技能実習２号ロ,05_20～24歳,1:男,1 
,,,,09_40～44歳,1:男,1 
,,,,10_45～49歳,1:男,1 
,,,31：留学,04_15～19歳,1:男,1 
,,,,,2:女,2 
,,,,05_20～24歳,1:男,23 
,,,,,2:女,9 
,,,,06_25～29歳,1:男,14 
,,,,,2:女,3 
,,,,07_30～34歳,1:男,1 
,,,,,2:女,1 
,,,33：家族滞在,01_０～４歳,1:男,1 
,,,,,2:女,2 
,,,,02_５～９歳,1:男,2 
,,,,,2:女,3 
,,,,03_10～14歳,1:男,2 
,,,,,2:女,1 
,,,,04_15～19歳,1:男,1 
,,,,07_30～34歳,2:女,2 
,,,,08_35～39歳,1:男,1 
,,,,,2:女,2 
,,,,09_40～44歳,1:男,1 
,,,,,2:女,2 
,,,,10_45～49歳,1:男,1 
,,,,,2:女,2 
,,,34：特定活動,06_25～29歳,1:男,1 
,,,35：永住者,01_０～４歳,1:男,2 
,,,,,2:女,2 
,,,,02_５～９歳,1:男,9 
,,,,,2:女,4 
,,,,03_10～14歳,1:男,8 
,,,,,2:女,8 
,,,,04_15～19歳,1:男,8 
,,,,,2:女,3 
,,,,05_20～24歳,1:男,1 
,,,,,2:女,2 
,,,,06_25～29歳,1:男,4 
,,,,,2:女,1 
,,,,07_30～34歳,1:男,1 
,,,,,2:女,5 
,,,,08_35～39歳,1:男,9 
,,,,,2:女,20 
,,,,09_40～44歳,1:男,9 
,,,,,2:女,16 
,,,,10_45～49歳,1:男,11 
,,,,,2:女,17 
,,,,11_50～54歳,1:男,5 
,,,,,2:女,9 
,,,,12_55～59歳,1:男,6 
,,,,,2:女,17 
,,,,13_60～64歳,1:男,2 
,,,,,2:女,9 
,,,,14_65～69歳,1:男,11 
,,,,,2:女,9 
,,,,15_70～74歳,1:男,9 
,,,,,2:女,3 
,,,,16_75～79歳,1:男,2 
,,,,,2:女,7 
,,,,17_80歳以上,1:男,2 
,,,,,2:女,3 
,,,36：日本人の配偶者等,05_20～24歳,1:男,1 
,,,,07_30～34歳,2:女,2 
,,,,08_35～39歳,1:男,2 
,,,,,2:女,4 
,,,,09_40～44歳,2:女,7 
,,,,10_45～49歳,2:女,1 
,,,,11_50～54歳,1:男,1 
,,,,,2:女,1 
,,,,12_55～59歳,2:女,3 
,,,,13_60～64歳,1:男,1 
,,,,14_65～69歳,2:女,1 
,,,37：永住者の配偶者等,02_５～９歳,2:女,1 
,,,,08_35～39歳,2:女,1 
,,,,09_40～44歳,2:女,2 
,,,38：定住者,02_５～９歳,1:男,1 
,,,,,2:女,1 
,,,,04_15～19歳,2:女,2 
,,,,06_25～29歳,2:女,1 
,,,,11_50～54歳,2:女,1 
,,,,15_70～74歳,1:男,1 
,,01_028：ネパール,16：技術・人文知識・国際業務,06_25～29歳,1:男,8 
,,,,,2:女,2 
,,,,07_30～34歳,1:男,10 
,,,,,2:女,2 
,,,,08_35～39歳,1:男,2 
,,,20：技能,06_25～29歳,1:男,1 
,,,,08_35～39歳,1:男,2 
,,,,09_40～44歳,1:男,1 
,,,,11_50～54歳,1:男,1 
,,,,12_55～59歳,1:男,1 
,,,,13_60～64歳,1:男,1 
,,,21：特定技能１号,04_15～19歳,1:男,2 
,,,,05_20～24歳,1:男,5 
,,,,,2:女,2 
,,,,06_25～29歳,1:男,4 
,,,,,2:女,1 
,,,,07_30～34歳,1:男,2 
,,,24：技能実習１号ロ,05_20～24歳,1:男,3 
,,,,06_25～29歳,1:男,1 
,,,26：技能実習２号ロ,05_20～24歳,1:男,2 
,,,,,2:女,3 
,,,,06_25～29歳,1:男,1 
,,,,,2:女,5 
,,,31：留学,04_15～19歳,1:男,4 
,,,,,2:女,4 
,,,,05_20～24歳,1:男,110 
,,,,,2:女,59 
,,,,06_25～29歳,1:男,50 
,,,,,2:女,17 
,,,,07_30～34歳,1:男,8 
,,,,,2:女,4 
,,,33：家族滞在,01_０～４歳,1:男,3 
,,,,,2:女,2 
,,,,02_５～９歳,1:男,2 
,,,,04_15～19歳,2:女,1 
,,,,05_20～24歳,2:女,3 
,,,,06_25～29歳,2:女,9 
,,,,07_30～34歳,2:女,3 
,,,,09_40～44歳,1:男,1 
,,,35：永住者,02_５～９歳,1:男,1 
,,,,03_10～14歳,1:男,2 
,,,,04_15～19歳,1:男,1 
,,,,,2:女,1 
,,,,05_20～24歳,1:男,2 
,,,,06_25～29歳,1:男,1 
,,,,08_35～39歳,1:男,1 
,,,,,2:女,2 
,,,,09_40～44歳,1:男,2 
,,,,10_45～49歳,2:女,2 
,,,,11_50～54歳,1:男,1 
,,,36：日本人の配偶者等,06_25～29歳,1:男,1 
,,,,,2:女,1 
,,,,08_35～39歳,1:男,1 
,,01_030：パキスタン,11：経営・管理,07_30～34歳,1:男,1 
,,,,12_55～59歳,1:男,1 
,,,16：技術・人文知識・国際業務,06_25～29歳,1:男,1 
,,,,08_35～39歳,1:男,2 
,,,,09_40～44歳,1:男,1 
,,,20：技能,11_50～54歳,1:男,1 
,,,31：留学,05_20～24歳,2:女,1 
,,,,06_25～29歳,1:男,1 
,,,33：家族滞在,01_０～４歳,1:男,1 
,,,,02_５～９歳,1:男,2 
,,,,,2:女,1 
,,,,04_15～19歳,1:男,2 
,,,,05_20～24歳,2:女,1 
,,,,06_25～29歳,2:女,1 
,,,,07_30～34歳,2:女,1 
,,,,10_45～49歳,2:女,1 
,,,36：日本人の配偶者等,07_30～34歳,1:男,1 
,,,38：定住者,05_20～24歳,1:男,1 
,,01_032：バングラデシュ,16：技術・人文知識・国際業務,07_30～34歳,1:男,1 
,,,24：技能実習１号ロ,05_20～24歳,1:男,3 
,,,,06_25～29歳,1:男,1 
,,,31：留学,05_20～24歳,1:男,1 
,,,33：家族滞在,01_０～４歳,1:男,1 
,,,,,2:女,1 
,,,,05_20～24歳,2:女,1 
,,01_034：フィリピン,15：教育,06_25～29歳,1:男,1 
,,,,07_30～34歳,1:男,1 
,,,,,2:女,1 
,,,,08_35～39歳,2:女,1 
,,,16：技術・人文知識・国際業務,06_25～29歳,1:男,1 
,,,,07_30～34歳,1:男,4 
,,,,,2:女,1 
,,,,08_35～39歳,1:男,2 
,,,,,2:女,1 
,,,17：企業内転勤,07_30～34歳,1:男,1 
,,,,08_35～39歳,1:男,2 
,,,,09_40～44歳,1:男,1 
,,,21：特定技能１号,05_20～24歳,2:女,1 
,,,,06_25～29歳,1:男,1 
,,,,,2:女,3 
,,,,07_30～34歳,1:男,6 
,,,,,2:女,2 
,,,,08_35～39歳,1:男,6 
,,,,,2:女,9 
,,,,09_40～44歳,1:男,2 
,,,,,2:女,2 
,,,,10_45～49歳,1:男,2 
,,,,,2:女,1 
,,,24：技能実習１号ロ,05_20～24歳,1:男,2 
,,,,,2:女,2 
,,,,06_25～29歳,1:男,3 
,,,,07_30～34歳,1:男,4 
,,,,,2:女,1 
,,,,08_35～39歳,2:女,1 
,,,,09_40～44歳,2:女,1 
,,,26：技能実習２号ロ,05_20～24歳,1:男,1 
,,,,,2:女,1 
,,,,06_25～29歳,1:男,7 
,,,,,2:女,1 
,,,,07_30～34歳,1:男,9 
,,,,08_35～39歳,1:男,3 
,,,27：技能実習３号イ,08_35～39歳,1:男,1 
,,,28：技能実習３号ロ,06_25～29歳,2:女,1 
,,,,08_35～39歳,1:男,3 
,,,,09_40～44歳,2:女,1 
,,,33：家族滞在,04_15～19歳,2:女,1 
,,,,06_25～29歳,2:女,1 
,,,,10_45～49歳,1:男,1 
,,,34：特定活動,11_50～54歳,2:女,1 
,,,35：永住者,01_０～４歳,2:女,1 
,,,,03_10～14歳,1:男,1 
,,,,04_15～19歳,2:女,3 
,,,,05_20～24歳,1:男,1 
,,,,,2:女,2 
,,,,07_30～34歳,1:男,3 
,,,,,2:女,1 
,,,,08_35～39歳,1:男,1 
,,,,09_40～44歳,1:男,2 
,,,,,2:女,10 
,,,,10_45～49歳,1:男,1 
,,,,,2:女,15 
,,,,11_50～54歳,1:男,1 
,,,,,2:女,21 
,,,,12_55～59歳,2:女,21 
,,,,13_60～64歳,2:女,10 
,,,,14_65～69歳,2:女,5 
,,,,16_75～79歳,2:女,1 
,,,36：日本人の配偶者等,06_25～29歳,2:女,1 
,,,,09_40～44歳,2:女,2 
,,,,11_50～54歳,2:女,2 
,,,,13_60～64歳,2:女,1 
,,,37：永住者の配偶者等,01_０～４歳,1:男,1 
,,,,09_40～44歳,2:女,1 
,,,,11_50～54歳,2:女,1 
,,,38：定住者,03_10～14歳,2:女,1 
,,,,04_15～19歳,1:男,1 
,,,,06_25～29歳,1:男,2 
,,,,08_35～39歳,1:男,1 
,,,,,2:女,3 
,,,,10_45～49歳,2:女,1 
,,,,11_50～54歳,2:女,2 
,,,,14_65～69歳,2:女,1 
,,01_037：ベトナム,03：教授,07_30～34歳,2:女,1 
,,,11：経営・管理,07_30～34歳,1:男,1 
,,,16：技術・人文知識・国際業務,05_20～24歳,1:男,5 
,,,,06_25～29歳,1:男,14 
,,,,,2:女,6 
,,,,07_30～34歳,1:男,13 
,,,,,2:女,4 
,,,,08_35～39歳,1:男,9 
,,,,,2:女,1 
,,,,09_40～44歳,1:男,2 
,,,18：介護,06_25～29歳,2:女,2 
,,,,07_30～34歳,2:女,1 
,,,21：特定技能１号,05_20～24歳,1:男,7 
,,,,,2:女,6 
,,,,06_25～29歳,1:男,22 
,,,,,2:女,14 
,,,,07_30～34歳,1:男,17 
,,,,,2:女,8 
,,,,08_35～39歳,1:男,4 
,,,,,2:女,6 
,,,,09_40～44歳,1:男,2 
,,,,,2:女,1 
,,,22：特定技能２号,06_25～29歳,1:男,1 
,,,,07_30～34歳,1:男,2 
,,,,,2:女,1 
,,,,08_35～39歳,2:女,1 
,,,24：技能実習１号ロ,04_15～19歳,1:男,8 
,,,,,2:女,5 
,,,,05_20～24歳,1:男,13 
,,,,,2:女,1 
,,,,06_25～29歳,1:男,5 
,,,,,2:女,3 
,,,,07_30～34歳,1:男,4 
,,,,,2:女,2 
,,,,08_35～39歳,1:男,3 
,,,26：技能実習２号ロ,05_20～24歳,1:男,29 
,,,,,2:女,26 
,,,,06_25～29歳,1:男,14 
,,,,,2:女,2 
,,,,07_30～34歳,1:男,5 
,,,,,2:女,2 
,,,,08_35～39歳,1:男,3 
,,,,09_40～44歳,1:男,2 
,,,28：技能実習３号ロ,05_20～24歳,1:男,3 
,,,,06_25～29歳,1:男,1 
,,,,07_30～34歳,1:男,1 
,,,,08_35～39歳,1:男,1 
,,,,,2:女,1 
,,,31：留学,04_15～19歳,1:男,1 
,,,,05_20～24歳,1:男,7 
,,,,,2:女,5 
,,,,06_25～29歳,1:男,1 
,,,,07_30～34歳,1:男,2 
,,,33：家族滞在,01_０～４歳,1:男,14 
,,,,,2:女,8 
,,,,02_５～９歳,1:男,2 
,,,,,2:女,6 
,,,,03_10～14歳,1:男,1 
,,,,,2:女,1 
,,,,05_20～24歳,2:女,2 
,,,,06_25～29歳,1:男,1 
,,,,,2:女,6 
,,,,07_30～34歳,2:女,13 
,,,,08_35～39歳,1:男,1 
,,,,,2:女,2 
,,,34：特定活動,01_０～４歳,1:男,2 
,,,,05_20～24歳,1:男,1 
,,,,,2:女,3 
,,,,06_25～29歳,1:男,2 
,,,,,2:女,1 
,,,,07_30～34歳,2:女,1 
,,,35：永住者,01_０～４歳,1:男,1 
,,,,02_５～９歳,2:女,1 
,,,,07_30～34歳,1:男,1 
,,,,,2:女,2 
,,,,08_35～39歳,1:男,1 
,,,,,2:女,2 
,,,,09_40～44歳,2:女,2 
,,,36：日本人の配偶者等,06_25～29歳,2:女,2 
,,,,07_30～34歳,1:男,1 
,,,,,2:女,1 
,,,,09_40～44歳,2:女,3 
,,,37：永住者の配偶者等,08_35～39歳,1:男,1 
,,,38：定住者,03_10～14歳,2:女,1 
,,,,04_15～19歳,2:女,1 
,,01_038：マレーシア,35：永住者,10_45～49歳,2:女,1 
,,,,13_60～64歳,2:女,2 
,,01_039：ミャンマー,16：技術・人文知識・国際業務,06_25～29歳,1:男,1 
,,,,,2:女,4 
,,,,07_30～34歳,1:男,2 
,,,,,2:女,4 
,,,,08_35～39歳,1:男,1 
,,,,,2:女,1 
,,,21：特定技能１号,04_15～19歳,2:女,2 
,,,,05_20～24歳,1:男,6 
,,,,,2:女,50 
,,,,06_25～29歳,1:男,4 
,,,,,2:女,41 
,,,,07_30～34歳,1:男,1 
,,,,,2:女,9 
,,,24：技能実習１号ロ,04_15～19歳,1:男,1 
,,,,,2:女,1 
,,,,05_20～24歳,1:男,1 
,,,,,2:女,5 
,,,,06_25～29歳,2:女,5 
,,,26：技能実習２号ロ,04_15～19歳,2:女,1 
,,,,05_20～24歳,1:男,9 
,,,,,2:女,11 
,,,,06_25～29歳,1:男,5 
,,,,,2:女,10 
,,,,07_30～34歳,1:男,2 
,,,,,2:女,2 
,,,,08_35～39歳,2:女,1 
,,,28：技能実習３号ロ,08_35～39歳,1:男,1 
,,,33：家族滞在,07_30～34歳,2:女,1 
,,,34：特定活動,06_25～29歳,1:男,1 
,,,,07_30～34歳,1:男,1 
,,,36：日本人の配偶者等,07_30～34歳,2:女,1 
,,01_040：モルディブ,35：永住者,11_50～54歳,1:男,1 
,,01_041：モンゴル,26：技能実習２号ロ,06_25～29歳,1:男,1 
,,,31：留学,05_20～24歳,2:女,1 
,,02_046：アイルランド,15：教育,06_25～29歳,1:男,2 
,,,35：永住者,09_40～44歳,2:女,1 
,,02_051：イタリア,35：永住者,12_55～59歳,1:男,1 
,,,36：日本人の配偶者等,09_40～44歳,1:男,1 
,,,,10_45～49歳,1:男,1 
,,02_054：英国,15：教育,05_20～24歳,2:女,1 
,,,,07_30～34歳,1:男,1 
,,,,,2:女,1 
,,,,10_45～49歳,1:男,1 
,,,16：技術・人文知識・国際業務,06_25～29歳,1:男,1 
,,,,07_30～34歳,2:女,1 
,,,,08_35～39歳,1:男,2 
,,,33：家族滞在,01_０～４歳,1:男,1 
,,,,,2:女,1 
,,,,07_30～34歳,2:女,1 
,,,35：永住者,10_45～49歳,1:男,1 
,,,,13_60～64歳,1:男,2 
,,,36：日本人の配偶者等,07_30～34歳,1:男,1 
,,,,08_35～39歳,2:女,1 
,,,,12_55～59歳,2:女,1 
,,02_058：オランダ,16：技術・人文知識・国際業務,07_30～34歳,1:男,1 
,,02_064：コソボ共和国,35：永住者,09_40～44歳,1:男,1 
,,02_069：スペイン,35：永住者,11_50～54歳,1:男,1 
,,02_078：ドイツ,08：高度専門職１号ロ,07_30～34歳,1:男,1 
,,,33：家族滞在,01_０～４歳,1:男,2 
,,,,02_５～９歳,2:女,1 
,,,35：永住者,10_45～49歳,1:男,1 
,,,,12_55～59歳,1:男,1 
,,,,13_60～64歳,1:男,1 
,,,36：日本人の配偶者等,08_35～39歳,1:男,2 
,,02_083：フィンランド,35：永住者,07_30～34歳,1:男,1 
,,02_084：フランス,16：技術・人文知識・国際業務,07_30～34歳,1:男,2 
,,,,08_35～39歳,1:男,1 
,,,36：日本人の配偶者等,06_25～29歳,1:男,1 
,,,,10_45～49歳,1:男,1 
,,02_085：ブルガリア,35：永住者,11_50～54歳,2:女,1 
,,02_087：ベルギー,35：永住者,08_35～39歳,1:男,1 
,,02_097：リトアニア,16：技術・人文知識・国際業務,07_30～34歳,2:女,1 
,,02_099：ルーマニア,34：特定活動,16_75～79歳,2:女,1 
,,,35：永住者,09_40～44歳,1:男,1 
,,,,,2:女,1 
,,,,10_45～49歳,2:女,2 
,,,,12_55～59歳,2:女,1 
,,02_101：ロシア,31：留学,08_35～39歳,1:男,1 
,,,36：日本人の配偶者等,10_45～49歳,2:女,1 
,,,,11_50～54歳,1:男,1 
,,03_105：エジプト,07：高度専門職１号イ,09_40～44歳,1:男,1 
,,03_109：ガーナ,31：留学,08_35～39歳,1:男,1 
,,,,09_40～44歳,1:男,1 
,,,,,2:女,1 
,,,33：家族滞在,03_10～14歳,1:男,1 
,,,,08_35～39歳,2:女,1 
,,03_117：コートジボワール,31：留学,09_40～44歳,1:男,1 
,,,33：家族滞在,09_40～44歳,2:女,1 
,,03_124：ジブチ,31：留学,07_30～34歳,1:男,1 
,,03_129：セネガル,31：留学,06_25～29歳,2:女,1 
,,03_136：ナイジェリア,35：永住者,09_40～44歳,1:男,1 
,,,,10_45～49歳,1:男,1 
,,03_145：マリ,33：家族滞在,01_０～４歳,2:女,1 
,,,,07_30～34歳,1:男,1 
,,03_146：南アフリカ共和国,15：教育,05_20～24歳,2:女,1 
,,,,06_25～29歳,2:女,1 
,,,,07_30～34歳,1:男,2 
,,,35：永住者,09_40～44歳,1:男,1 
,,03_151：モロッコ,35：永住者,09_40～44歳,1:男,1 
,,04_158：カナダ,15：教育,06_25～29歳,2:女,1 
,,,,07_30～34歳,2:女,1 
,,,34：特定活動,05_20～24歳,1:男,1 
,,,35：永住者,08_35～39歳,1:男,1 
,,,,10_45～49歳,1:男,1 
,,,,14_65～69歳,1:男,1 
,,,,17_80歳以上,2:女,1 
,,,36：日本人の配偶者等,07_30～34歳,1:男,1 
,,,,08_35～39歳,1:男,1 
,,04_163：ジャマイカ,15：教育,08_35～39歳,2:女,1 
,,04_169：トリニダード・トバゴ,15：教育,07_30～34歳,2:女,1 
,,,16：技術・人文知識・国際業務,08_35～39歳,1:男,1 
,,04_175：米国,11：経営・管理,08_35～39歳,1:男,1 
,,,15：教育,05_20～24歳,1:男,1 
,,,,,2:女,2 
,,,,06_25～29歳,1:男,4 
,,,,,2:女,6 
,,,,07_30～34歳,2:女,4 
,,,,08_35～39歳,1:男,2 
,,,,11_50～54歳,2:女,1 
,,,16：技術・人文知識・国際業務,06_25～29歳,1:男,1 
,,,,,2:女,1 
,,,,07_30～34歳,1:男,3 
,,,,08_35～39歳,1:男,3 
,,,,,2:女,1 
,,,31：留学,04_15～19歳,2:女,1 
,,,,05_20～24歳,1:男,1 
,,,,06_25～29歳,1:男,1 
,,,34：特定活動,03_10～14歳,1:男,1 
,,,35：永住者,09_40～44歳,1:男,1 
,,,,10_45～49歳,1:男,2 
,,,,,2:女,1 
,,,,11_50～54歳,1:男,1 
,,,,12_55～59歳,1:男,4 
,,,,13_60～64歳,1:男,1 
,,,,,2:女,1 
,,,,14_65～69歳,1:男,5 
,,,,,2:女,1 
,,,,15_70～74歳,1:男,1 
,,,,17_80歳以上,1:男,1 
,,,,,2:女,1 
,,,36：日本人の配偶者等,06_25～29歳,1:男,1 
,,,,08_35～39歳,1:男,2 
,,,,09_40～44歳,1:男,2 
,,,,,2:女,1 
,,,,12_55～59歳,1:男,1 
,,,,13_60～64歳,1:男,1 
,,,,,2:女,1 
,,,,14_65～69歳,1:男,1 
,,,,15_70～74歳,1:男,2 
,,,38：定住者,11_50～54歳,2:女,1 
,,,,13_60～64歳,1:男,1 
,,04_178：メキシコ,15：教育,08_35～39歳,1:男,1 
,,,16：技術・人文知識・国際業務,07_30～34歳,1:男,1 
,,,33：家族滞在,08_35～39歳,1:男,1 
,,,35：永住者,08_35～39歳,2:女,1 
,,,36：日本人の配偶者等,07_30～34歳,2:女,1 
,,05_179：アルゼンチン,15：教育,08_35～39歳,2:女,1 
,,05_183：コロンビア,36：日本人の配偶者等,08_35～39歳,1:男,1 
,,05_187：ブラジル,35：永住者,07_30～34歳,2:女,1 
,,,,10_45～49歳,2:女,1 
,,,,11_50～54歳,1:男,1 
,,,,12_55～59歳,1:男,1 
,,,,,2:女,1 
,,,,16_75～79歳,2:女,1 
,,05_188：ベネズエラ,36：日本人の配偶者等,09_40～44歳,1:男,1 
,,05_189：ペルー,15：教育,10_45～49歳,2:女,1 
,,,33：家族滞在,04_15～19歳,2:女,1 
,,05_190：ボリビア,38：定住者,04_15～19歳,2:女,1 
,,06_191：オーストラリア,15：教育,06_25～29歳,2:女,1 
,,,36：日本人の配偶者等,09_40～44歳,1:男,1 
,,,,14_65～69歳,1:男,1 
,,06_201：ニュージーランド,15：教育,06_25～29歳,1:男,1 
,,,35：永住者,10_45～49歳,1:男,1 
43：熊本県,熊本市西区,01_007：インド,16：技術・人文知識・国際業務,07_30～34歳,1:男,1 
,,,20：技能,07_30～34歳,1:男,1 
,,,,10_45～49歳,1:男,1 
,,01_008：インドネシア,16：技術・人文知識・国際業務,06_25～29歳,1:男,2 
,,,,09_40～44歳,1:男,1 
,,,21：特定技能１号,04_15～19歳,1:男,1 
,,,,,2:女,5 
,,,,05_20～24歳,1:男,24 
,,,,,2:女,25 
,,,,06_25～29歳,1:男,17 
,,,,,2:女,4 
,,,,07_30～34歳,1:男,17 
,,,,08_35～39歳,1:男,2 
,,,,09_40～44歳,1:男,3 
,,,24：技能実習１号ロ,04_15～19歳,2:女,1 
,,,,05_20～24歳,1:男,9 
,,,,,2:女,16 
,,,,06_25～29歳,1:男,2 
,,,,,2:女,3 
,,,26：技能実習２号ロ,05_20～24歳,1:男,9 
,,,,,2:女,9 
,,,,06_25～29歳,1:男,3 
,,,,,2:女,4 
,,,,07_30～34歳,1:男,2 
,,,31：留学,05_20～24歳,1:男,1 
,,,34：特定活動,05_20～24歳,1:男,9 
,,,,06_25～29歳,1:男,4 
,,,,07_30～34歳,1:男,3 
,,,,08_35～39歳,1:男,5 
,,,,09_40～44歳,1:男,1 
,,,35：永住者,11_50～54歳,1:男,1 
,,01_011：韓国,03：教授,09_40～44歳,1:男,1 
,,,05：宗教,05_20～24歳,2:女,2 
,,,,10_45～49歳,1:男,1 
,,,16：技術・人文知識・国際業務,05_20～24歳,2:女,1 
,,,,06_25～29歳,1:男,4 
,,,,07_30～34歳,1:男,3 
,,,,08_35～39歳,1:男,1 
,,,,09_40～44歳,2:女,1 
,,,31：留学,05_20～24歳,1:男,1 
,,,,,2:女,1 
,,,,07_30～34歳,2:女,1 
,,,33：家族滞在,02_５～９歳,2:女,1 
,,,,09_40～44歳,2:女,1 
,,,34：特定活動,05_20～24歳,1:男,1 
,,,,06_25～29歳,1:男,2 
,,,35：永住者,04_15～19歳,1:男,1 
,,,,,2:女,1 
,,,,06_25～29歳,1:男,1 
,,,,09_40～44歳,1:男,2 
,,,,,2:女,1 
,,,,10_45～49歳,1:男,1 
,,,,,2:女,1 
,,,,11_50～54歳,1:男,1 
,,,,,2:女,2 
,,,,12_55～59歳,1:男,1 
,,,,,2:女,1 
,,,,13_60～64歳,2:女,2 
,,,,14_65～69歳,2:女,1 
,,,,15_70～74歳,2:女,2 
,,,,16_75～79歳,2:女,2 
,,,36：日本人の配偶者等,07_30～34歳,1:男,1 
,,,,08_35～39歳,1:男,2 
,,,,09_40～44歳,1:男,1 
,,,,,2:女,1 
,,,,10_45～49歳,1:男,1 
,,,38：定住者,14_65～69歳,2:女,1 
,,,39：特別永住者,07_30～34歳,2:女,1 
,,,,10_45～49歳,2:女,1 
,,,,11_50～54歳,2:女,1 
,,,,12_55～59歳,1:男,1 
,,,,13_60～64歳,2:女,2 
,,,,14_65～69歳,1:男,2 
,,,,,2:女,2 
,,,,15_70～74歳,1:男,1 
,,,,,2:女,1 
,,,,16_75～79歳,1:男,5 
,,,,17_80歳以上,1:男,2 
,,,,,2:女,2 
,,01_012：（朝鮮）,39：特別永住者,16_75～79歳,2:女,1 
,,01_014：カンボジア,21：特定技能１号,05_20～24歳,1:男,1 
,,,,,2:女,1 
,,,,06_25～29歳,1:男,5 
,,,,,2:女,3 
,,,,07_30～34歳,2:女,6 
,,,,08_35～39歳,2:女,1 
,,,22：特定技能２号,07_30～34歳,1:男,1 
,,,,,2:女,1 
,,,24：技能実習１号ロ,04_15～19歳,1:男,1 
,,,,05_20～24歳,1:男,1 
,,,,,2:女,1 
,,,26：技能実習２号ロ,05_20～24歳,1:男,1 
,,,,,2:女,3 
,,,,08_35～39歳,1:男,1 
,,,28：技能実習３号ロ,05_20～24歳,1:男,1 
,,,,06_25～29歳,1:男,1 
,,01_019：シンガポール,15：教育,06_25～29歳,1:男,1 
,,01_020：スリランカ,11：経営・管理,11_50～54歳,1:男,1 
,,,16：技術・人文知識・国際業務,06_25～29歳,2:女,1 
,,,,07_30～34歳,1:男,1 
,,,20：技能,08_35～39歳,1:男,1 
,,,,09_40～44歳,1:男,1 
,,,21：特定技能１号,06_25～29歳,2:女,2 
,,,31：留学,05_20～24歳,1:男,3 
,,,33：家族滞在,02_５～９歳,2:女,1 
,,,,03_10～14歳,2:女,1 
,,,,07_30～34歳,2:女,1 
,,,,10_45～49歳,2:女,1 
,,,35：永住者,09_40～44歳,1:男,1 
,,01_021：タイ,16：技術・人文知識・国際業務,07_30～34歳,1:男,1 
,,,21：特定技能１号,05_20～24歳,2:女,1 
,,,,06_25～29歳,1:男,1 
,,,,,2:女,4 
,,,,07_30～34歳,2:女,2 
,,,24：技能実習１号ロ,05_20～24歳,1:男,1 
,,,,,2:女,3 
,,,,06_25～29歳,1:男,1 
,,,26：技能実習２号ロ,06_25～29歳,2:女,3 
,,,28：技能実習３号ロ,05_20～24歳,1:男,1 
,,,,,2:女,2 
,,,,06_25～29歳,1:男,1 
,,01_022：台湾,08：高度専門職１号ロ,07_30～34歳,1:男,2 
,,,,08_35～39歳,2:女,1 
,,,,09_40～44歳,1:男,1 
,,,,12_55～59歳,1:男,1 
,,,16：技術・人文知識・国際業務,05_20～24歳,1:男,1 
,,,,06_25～29歳,1:男,1 
,,,,,2:女,2 
,,,,07_30～34歳,1:男,2 
,,,,,2:女,2 
,,,,08_35～39歳,2:女,2 
,,,,09_40～44歳,1:男,2 
,,,,10_45～49歳,2:女,1 
,,,,11_50～54歳,1:男,1 
,,,17：企業内転勤,12_55～59歳,1:男,1 
,,,31：留学,10_45～49歳,1:男,1 
,,,33：家族滞在,01_０～４歳,1:男,1 
,,,,08_35～39歳,2:女,1 
,,,,09_40～44歳,2:女,1 
,,,35：永住者,07_30～34歳,2:女,3 
,,,,08_35～39歳,1:男,1 
,,,,09_40～44歳,1:男,1 
,,,,10_45～49歳,1:男,1 
,,,,13_60～64歳,2:女,1 
,,,,14_65～69歳,2:女,1 
,,,36：日本人の配偶者等,09_40～44歳,1:男,2 
,,,,10_45～49歳,2:女,2 
,,01_023：中国,08：高度専門職１号ロ,07_30～34歳,2:女,1 
,,,11：経営・管理,08_35～39歳,1:男,1 
,,,,09_40～44歳,1:男,1 
,,,,13_60～64歳,1:男,1 
,,,13：医療,07_30～34歳,1:男,1 
,,,16：技術・人文知識・国際業務,06_25～29歳,1:男,3 
,,,,,2:女,1 
,,,,07_30～34歳,1:男,5 
,,,,08_35～39歳,1:男,1 
,,,,,2:女,1 
,,,,09_40～44歳,1:男,1 
,,,,,2:女,2 
,,,18：介護,07_30～34歳,2:女,1 
,,,20：技能,09_40～44歳,1:男,1 
,,,,10_45～49歳,1:男,1 
,,,21：特定技能１号,07_30～34歳,1:男,2 
,,,,10_45～49歳,2:女,1 
,,,24：技能実習１号ロ,07_30～34歳,1:男,1 
,,,29：文化活動,07_30～34歳,1:男,1 
,,,,09_40～44歳,1:男,1 
,,,31：留学,04_15～19歳,1:男,1 
,,,,,2:女,1 
,,,,05_20～24歳,1:男,18 
,,,,,2:女,5 
,,,,06_25～29歳,1:男,6 
,,,,,2:女,1 
,,,,07_30～34歳,1:男,3 
,,,,,2:女,1 
,,,33：家族滞在,01_０～４歳,2:女,1 
,,,,02_５～９歳,1:男,3 
,,,,,2:女,2 
,,,,03_10～14歳,1:男,2 
,,,,04_15～19歳,1:男,1 
,,,,08_35～39歳,2:女,1 
,,,,09_40～44歳,2:女,2 
,,,,10_45～49歳,2:女,1 
,,,,13_60～64歳,2:女,1 
,,,34：特定活動,06_25～29歳,2:女,1 
,,,35：永住者,01_０～４歳,1:男,2 
,,,,,2:女,1 
,,,,02_５～９歳,2:女,5 
,,,,03_10～14歳,1:男,5 
,,,,,2:女,3 
,,,,04_15～19歳,1:男,4 
,,,,,2:女,2 
,,,,05_20～24歳,1:男,5 
,,,,,2:女,3 
,,,,06_25～29歳,1:男,2 
,,,,,2:女,6 
,,,,07_30～34歳,1:男,2 
,,,,,2:女,5 
,,,,08_35～39歳,1:男,9 
,,,,,2:女,8 
,,,,09_40～44歳,1:男,2 
,,,,,2:女,6 
,,,,10_45～49歳,1:男,3 
,,,,,2:女,11 
,,,,11_50～54歳,1:男,3 
,,,,,2:女,14 
,,,,12_55～59歳,1:男,9 
,,,,,2:女,13 
,,,,13_60～64歳,1:男,5 
,,,,,2:女,4 
,,,,14_65～69歳,2:女,1 
,,,,15_70～74歳,1:男,1 
,,,,16_75～79歳,1:男,2 
,,,,,2:女,2 
,,,36：日本人の配偶者等,07_30～34歳,2:女,1 
,,,,08_35～39歳,2:女,2 
,,,,09_40～44歳,2:女,1 
,,,,10_45～49歳,2:女,3 
,,,,11_50～54歳,2:女,1 
,,,,13_60～64歳,2:女,1 
,,,37：永住者の配偶者等,01_０～４歳,1:男,2 
,,,,,2:女,1 
,,,,02_５～９歳,1:男,4 
,,,,03_10～14歳,2:女,1 
,,,,06_25～29歳,1:男,2 
,,,,07_30～34歳,1:男,1 
,,,,,2:女,2 
,,,,08_35～39歳,1:男,1 
,,,,,2:女,3 
,,,,10_45～49歳,1:男,3 
,,,,,2:女,1 
,,,,11_50～54歳,2:女,1 
,,,,12_55～59歳,2:女,1 
,,,38：定住者,04_15～19歳,1:男,1 
,,01_028：ネパール,16：技術・人文知識・国際業務,06_25～29歳,1:男,2 
,,,,,2:女,4 
,,,,07_30～34歳,1:男,7 
,,,,,2:女,2 
,,,,08_35～39歳,1:男,1 
,,,18：介護,07_30～34歳,2:女,1 
,,,20：技能,08_35～39歳,1:男,1 
,,,21：特定技能１号,04_15～19歳,2:女,1 
,,,,05_20～24歳,1:男,1 
,,,,,2:女,2 
,,,,07_30～34歳,2:女,2 
,,,31：留学,04_15～19歳,1:男,3 
,,,,05_20～24歳,1:男,16 
,,,,,2:女,2 
,,,,06_25～29歳,1:男,5 
,,,,07_30～34歳,1:男,1 
,,,33：家族滞在,01_０～４歳,1:男,3 
,,,,02_５～９歳,1:男,1 
,,,,05_20～24歳,2:女,1 
,,,,06_25～29歳,2:女,1 
,,,,07_30～34歳,1:男,3 
,,,,,2:女,4 
,,,35：永住者,01_０～４歳,1:男,1 
,,,,02_５～９歳,1:男,1 
,,,,07_30～34歳,1:男,2 
,,,,,2:女,1 
,,,37：永住者の配偶者等,01_０～４歳,1:男,1 
,,,,06_25～29歳,2:女,1 
,,01_030：パキスタン,16：技術・人文知識・国際業務,06_25～29歳,1:男,1 
,,,,08_35～39歳,1:男,1 
,,,,10_45～49歳,1:男,1 
,,01_032：バングラデシュ,03：教授,08_35～39歳,2:女,1 
,,,18：介護,06_25～29歳,1:男,1 
,,,26：技能実習２号ロ,05_20～24歳,1:男,2 
,,,,06_25～29歳,1:男,3 
,,,33：家族滞在,01_０～４歳,1:男,1 
,,,,03_10～14歳,2:女,1 
,,,,05_20～24歳,2:女,1 
,,01_034：フィリピン,15：教育,06_25～29歳,2:女,1 
,,,17：企業内転勤,08_35～39歳,1:男,1 
,,,21：特定技能１号,05_20～24歳,2:女,3 
,,,,06_25～29歳,1:男,3 
,,,,,2:女,5 
,,,,07_30～34歳,1:男,3 
,,,24：技能実習１号ロ,06_25～29歳,1:男,1 
,,,26：技能実習２号ロ,05_20～24歳,1:男,1 
,,,,,2:女,1 
,,,,06_25～29歳,1:男,7 
,,,,07_30～34歳,1:男,5 
,,,28：技能実習３号ロ,07_30～34歳,1:男,1 
,,,31：留学,04_15～19歳,2:女,1 
,,,,05_20～24歳,2:女,1 
,,,,07_30～34歳,1:男,1 
,,,35：永住者,05_20～24歳,1:男,1 
,,,,07_30～34歳,1:男,1 
,,,,09_40～44歳,2:女,5 
,,,,10_45～49歳,2:女,5 
,,,,11_50～54歳,2:女,9 
,,,,12_55～59歳,2:女,8 
,,,,13_60～64歳,2:女,4 
,,,,16_75～79歳,2:女,1 
,,,,17_80歳以上,1:男,1 
,,,36：日本人の配偶者等,04_15～19歳,2:女,1 
,,,,05_20～24歳,1:男,1 
,,,,07_30～34歳,2:女,1 
,,,,08_35～39歳,2:女,3 
,,,,10_45～49歳,2:女,3 
,,,,13_60～64歳,2:女,1 
,,,38：定住者,04_15～19歳,1:男,1 
,,,,05_20～24歳,2:女,1 
,,,,08_35～39歳,1:男,1 
,,,,09_40～44歳,2:女,1 
,,01_037：ベトナム,05：宗教,10_45～49歳,2:女,1 
,,,11：経営・管理,06_25～29歳,1:男,1 
,,,16：技術・人文知識・国際業務,05_20～24歳,1:男,1 
,,,,,2:女,1 
,,,,06_25～29歳,1:男,4 
,,,,,2:女,1 
,,,,07_30～34歳,1:男,1 
,,,,,2:女,1 
,,,,09_40～44歳,2:女,1 
,,,17：企業内転勤,09_40～44歳,2:女,1 
,,,18：介護,08_35～39歳,2:女,1 
,,,,09_40～44歳,2:女,1 
,,,21：特定技能１号,05_20～24歳,1:男,8 
,,,,,2:女,10 
,,,,06_25～29歳,1:男,36 
,,,,,2:女,27 
,,,,07_30～34歳,1:男,14 
,,,,,2:女,12 
,,,,08_35～39歳,1:男,7 
,,,,,2:女,13 
,,,,09_40～44歳,1:男,3 
,,,,,2:女,4 
,,,22：特定技能２号,07_30～34歳,1:男,1 
,,,,,2:女,1 
,,,24：技能実習１号ロ,04_15～19歳,2:女,14 
,,,,05_20～24歳,1:男,5 
,,,,,2:女,7 
,,,,06_25～29歳,1:男,4 
,,,,,2:女,6 
,,,,07_30～34歳,1:男,1 
,,,,,2:女,2 
,,,,08_35～39歳,2:女,2 
,,,,09_40～44歳,2:女,1 
,,,26：技能実習２号ロ,05_20～24歳,1:男,14 
,,,,,2:女,16 
,,,,06_25～29歳,1:男,5 
,,,,,2:女,4 
,,,,07_30～34歳,1:男,1 
,,,,,2:女,1 
,,,,08_35～39歳,1:男,1 
,,,,,2:女,3 
,,,,09_40～44歳,1:男,1 
,,,28：技能実習３号ロ,07_30～34歳,2:女,1 
,,,31：留学,04_15～19歳,1:男,1 
,,,,,2:女,1 
,,,,05_20～24歳,1:男,1 
,,,,,2:女,1 
,,,,06_25～29歳,2:女,1 
,,,33：家族滞在,01_０～４歳,2:女,1 
,,,,05_20～24歳,2:女,1 
,,,,10_45～49歳,1:男,1 
,,,34：特定活動,05_20～24歳,1:男,3 
,,,,,2:女,6 
,,,,07_30～34歳,1:男,4 
,,,,,2:女,1 
,,,,08_35～39歳,1:男,1 
,,,35：永住者,07_30～34歳,1:男,1 
,,,,,2:女,1 
,,01_038：マレーシア,31：留学,05_20～24歳,1:男,2 
,,,,,2:女,3 
,,,35：永住者,11_50～54歳,1:男,1 
,,01_039：ミャンマー,16：技術・人文知識・国際業務,06_25～29歳,2:女,1 
,,,,07_30～34歳,1:男,1 
,,,,08_35～39歳,2:女,2 
,,,21：特定技能１号,05_20～24歳,1:男,11 
,,,,,2:女,26 
,,,,06_25～29歳,2:女,21 
,,,,07_30～34歳,2:女,2 
,,,,08_35～39歳,2:女,2 
,,,,09_40～44歳,2:女,1 
,,,24：技能実習１号ロ,04_15～19歳,1:男,3 
,,,,05_20～24歳,1:男,2 
,,,,,2:女,7 
,,,,06_25～29歳,2:女,3 
,,,26：技能実習２号ロ,05_20～24歳,2:女,11 
,,,,06_25～29歳,1:男,1 
,,,,,2:女,8 
,,,,07_30～34歳,2:女,4 
,,,31：留学,05_20～24歳,2:女,1 
,,,34：特定活動,05_20～24歳,1:男,1 
,,,,06_25～29歳,1:男,3 
,,,,07_30～34歳,1:男,1 
,,,36：日本人の配偶者等,15_70～74歳,2:女,1 
,,02_046：アイルランド,36：日本人の配偶者等,07_30～34歳,1:男,1 
,,02_051：イタリア,05：宗教,14_65～69歳,1:男,1 
,,,16：技術・人文知識・国際業務,07_30～34歳,1:男,1 
,,02_053：ウズベキスタン,16：技術・人文知識・国際業務,08_35～39歳,1:男,1 
,,,33：家族滞在,01_０～４歳,2:女,1 
,,,,02_５～９歳,1:男,1 
,,,,07_30～34歳,2:女,1 
,,02_054：英国,15：教育,06_25～29歳,1:男,1 
,,,16：技術・人文知識・国際業務,06_25～29歳,1:男,1 
,,,,07_30～34歳,1:男,1 
,,,35：永住者,08_35～39歳,1:男,1 
,,,,09_40～44歳,1:男,1 
,,,,10_45～49歳,1:男,2 
,,,,11_50～54歳,1:男,2 
,,,,12_55～59歳,1:男,1 
,,02_058：オランダ,35：永住者,11_50～54歳,1:男,1 
,,02_069：スペイン,36：日本人の配偶者等,08_35～39歳,1:男,1 
,,02_078：ドイツ,31：留学,05_20～24歳,2:女,1 
,,,34：特定活動,07_30～34歳,2:女,1 
,,02_083：フィンランド,35：永住者,13_60～64歳,2:女,1 
,,,36：日本人の配偶者等,10_45～49歳,1:男,1 
,,02_084：フランス,34：特定活動,08_35～39歳,1:男,1 
,,,35：永住者,09_40～44歳,1:男,4 
,,,36：日本人の配偶者等,11_50～54歳,1:男,1 
,,,,,2:女,1 
,,02_099：ルーマニア,35：永住者,09_40～44歳,2:女,1 
,,02_101：ロシア,16：技術・人文知識・国際業務,07_30～34歳,1:男,1 
,,,31：留学,06_25～29歳,2:女,1 
,,,33：家族滞在,01_０～４歳,1:男,1 
,,03_105：エジプト,33：家族滞在,01_０～４歳,2:女,1 
,,,,09_40～44歳,2:女,1 
,,,35：永住者,10_45～49歳,1:男,1 
,,03_109：ガーナ,31：留学,07_30～34歳,1:男,3 
,,,,,2:女,1 
,,,,08_35～39歳,1:男,2 
,,,33：家族滞在,01_０～４歳,1:男,1 
,,,,,2:女,2 
,,,,06_25～29歳,2:女,3 
,,03_116：ケニア,38：定住者,11_50～54歳,1:男,1 
,,03_129：セネガル,36：日本人の配偶者等,08_35～39歳,1:男,1 
,,03_134：チュニジア,36：日本人の配偶者等,05_20～24歳,1:男,1 
,,03_136：ナイジェリア,35：永住者,12_55～59歳,1:男,1 
,,03_146：南アフリカ共和国,16：技術・人文知識・国際業務,07_30～34歳,1:男,1 
,,04_158：カナダ,16：技術・人文知識・国際業務,07_30～34歳,1:男,2 
,,,35：永住者,09_40～44歳,2:女,1 
,,,,10_45～49歳,1:男,1 
,,,,12_55～59歳,1:男,1 
,,,,15_70～74歳,1:男,1 
,,,36：日本人の配偶者等,09_40～44歳,1:男,2 
,,04_163：ジャマイカ,15：教育,06_25～29歳,2:女,1 
,,04_175：米国,03：教授,08_35～39歳,2:女,1 
,,,,10_45～49歳,1:男,1 
,,,15：教育,07_30～34歳,2:女,1 
,,,,08_35～39歳,1:男,1 
,,,,09_40～44歳,2:女,1 
,,,16：技術・人文知識・国際業務,05_20～24歳,1:男,1 
,,,,,2:女,1 
,,,,06_25～29歳,2:女,2 
,,,,09_40～44歳,1:男,1 
,,,33：家族滞在,03_10～14歳,2:女,1 
,,,35：永住者,09_40～44歳,1:男,1 
,,,,10_45～49歳,1:男,2 
,,,,12_55～59歳,1:男,1 
,,,,,2:女,1 
,,,,13_60～64歳,1:男,3 
,,,,15_70～74歳,1:男,2 
,,,,,2:女,1 
,,,36：日本人の配偶者等,04_15～19歳,2:女,1 
,,,,07_30～34歳,1:男,2 
,,,,,2:女,1 
,,,,10_45～49歳,1:男,1 
,,,,12_55～59歳,1:男,1 
,,,38：定住者,17_80歳以上,2:女,1 
,,05_187：ブラジル,35：永住者,06_25～29歳,1:男,1 
,,,,07_30～34歳,1:男,1 
,,05_188：ベネズエラ,36：日本人の配偶者等,07_30～34歳,1:男,1 
,,,38：定住者,07_30～34歳,2:女,1 
,,06_191：オーストラリア,35：永住者,12_55～59歳,1:男,1 
,,,36：日本人の配偶者等,03_10～14歳,1:男,1 
,,,,09_40～44歳,1:男,1 
,,06_201：ニュージーランド,15：教育,06_25～29歳,2:女,1 
,,,,08_35～39歳,1:男,1 
,,,16：技術・人文知識・国際業務,07_30～34歳,1:男,1 
,,07_000：無国籍,35：永住者,16_75～79歳,1:男,1 
43：熊本県,熊本市南区,01_001：アフガニスタン,11：経営・管理,08_35～39歳,1:男,1 
,,01_004：イスラエル,36：日本人の配偶者等,08_35～39歳,1:男,1 
,,01_007：インド,16：技術・人文知識・国際業務,06_25～29歳,1:男,2 
,,,20：技能,09_40～44歳,1:男,1 
,,01_008：インドネシア,16：技術・人文知識・国際業務,06_25～29歳,2:女,2 
,,,,07_30～34歳,1:男,1 
,,,,,2:女,1 
,,,,08_35～39歳,1:男,1 
,,,,,2:女,1 
,,,21：特定技能１号,04_15～19歳,2:女,2 
,,,,05_20～24歳,1:男,20 
,,,,,2:女,32 
,,,,06_25～29歳,1:男,25 
,,,,,2:女,19 
,,,,07_30～34歳,1:男,15 
,,,,,2:女,3 
,,,,08_35～39歳,1:男,2 
,,,,,2:女,2 
,,,22：特定技能２号,06_25～29歳,1:男,1 
,,,24：技能実習１号ロ,04_15～19歳,1:男,9 
,,,,,2:女,10 
,,,,05_20～24歳,1:男,51 
,,,,,2:女,35 
,,,,06_25～29歳,1:男,16 
,,,,,2:女,13 
,,,,07_30～34歳,1:男,4 
,,,,,2:女,3 
,,,26：技能実習２号ロ,04_15～19歳,1:男,1 
,,,,05_20～24歳,1:男,48 
,,,,,2:女,21 
,,,,06_25～29歳,1:男,26 
,,,,,2:女,25 
,,,,07_30～34歳,2:女,2 
,,,28：技能実習３号ロ,05_20～24歳,1:男,2 
,,,,,2:女,1 
,,,,06_25～29歳,1:男,11 
,,,,07_30～34歳,1:男,3 
,,,,08_35～39歳,1:男,2 
,,,33：家族滞在,01_０～４歳,2:女,1 
,,,,07_30～34歳,2:女,2 
,,,34：特定活動,05_20～24歳,1:男,3 
,,,,06_25～29歳,1:男,7 
,,,,,2:女,1 
,,,,07_30～34歳,1:男,3 
,,,,08_35～39歳,1:男,1 
,,,35：永住者,11_50～54歳,2:女,1 
,,,,14_65～69歳,2:女,1 
,,,36：日本人の配偶者等,07_30～34歳,1:男,1 
,,,,,2:女,2 
,,,,09_40～44歳,2:女,1 
,,,,13_60～64歳,1:男,1 
,,01_011：韓国,13：医療,06_25～29歳,1:男,1 
,,,16：技術・人文知識・国際業務,06_25～29歳,1:男,1 
,,,,07_30～34歳,1:男,1 
,,,35：永住者,07_30～34歳,1:男,1 
,,,,,2:女,1 
,,,,08_35～39歳,1:男,2 
,,,,11_50～54歳,1:男,1 
,,,,12_55～59歳,1:男,1 
,,,,13_60～64歳,2:女,1 
,,,,14_65～69歳,1:男,1 
,,,,,2:女,1 
,,,36：日本人の配偶者等,06_25～29歳,1:男,1 
,,,,07_30～34歳,2:女,2 
,,,,11_50～54歳,1:男,1 
,,,,13_60～64歳,1:男,1 
,,,39：特別永住者,01_０～４歳,2:女,1 
,,,,02_５～９歳,1:男,1 
,,,,03_10～14歳,2:女,1 
,,,,07_30～34歳,2:女,1 
,,,,08_35～39歳,2:女,1 
,,,,09_40～44歳,1:男,1 
,,,,10_45～49歳,1:男,2 
,,,,,2:女,2 
,,,,11_50～54歳,2:女,1 
,,,,12_55～59歳,1:男,1 
,,,,,2:女,2 
,,,,13_60～64歳,1:男,1 
,,,,14_65～69歳,2:女,1 
,,,,15_70～74歳,1:男,1 
,,,,,2:女,2 
,,,,16_75～79歳,1:男,4 
,,,,17_80歳以上,1:男,2 
,,,,,2:女,2 
,,01_012：（朝鮮）,39：特別永住者,15_70～74歳,2:女,1 
,,01_014：カンボジア,21：特定技能１号,05_20～24歳,2:女,2 
,,,,06_25～29歳,1:男,9 
,,,,,2:女,4 
,,,,07_30～34歳,1:男,3 
,,,,,2:女,3 
,,,,08_35～39歳,1:男,2 
,,,,,2:女,1 
,,,,09_40～44歳,1:男,2 
,,,,,2:女,4 
,,,,10_45～49歳,2:女,1 
,,,22：特定技能２号,06_25～29歳,1:男,1 
,,,24：技能実習１号ロ,05_20～24歳,1:男,3 
,,,,,2:女,3 
,,,,06_25～29歳,1:男,1 
,,,,,2:女,1 
,,,,07_30～34歳,1:男,1 
,,,26：技能実習２号ロ,05_20～24歳,1:男,6 
,,,,,2:女,3 
,,,,06_25～29歳,1:男,8 
,,,,,2:女,1 
,,,,07_30～34歳,1:男,2 
,,,,,2:女,5 
,,,28：技能実習３号ロ,05_20～24歳,2:女,2 
,,,,06_25～29歳,1:男,1 
,,,,,2:女,2 
,,,,08_35～39歳,2:女,1 
,,,,09_40～44歳,2:女,1 
,,,33：家族滞在,01_０～４歳,2:女,1 
,,,34：特定活動,05_20～24歳,2:女,1 
,,,,06_25～29歳,1:男,1 
,,,36：日本人の配偶者等,10_45～49歳,2:女,1 
,,01_019：シンガポール,15：教育,09_40～44歳,1:男,1 
,,,35：永住者,14_65～69歳,1:男,1 
,,01_020：スリランカ,16：技術・人文知識・国際業務,06_25～29歳,1:男,1 
,,,,07_30～34歳,1:男,2 
,,,21：特定技能１号,06_25～29歳,2:女,2 
,,,,07_30～34歳,1:男,3 
,,,24：技能実習１号ロ,05_20～24歳,1:男,1 
,,,26：技能実習２号ロ,06_25～29歳,1:男,1 
,,,33：家族滞在,01_０～４歳,2:女,1 
,,,,06_25～29歳,2:女,1 
,,,,07_30～34歳,2:女,1 
,,,36：日本人の配偶者等,08_35～39歳,1:男,1 
,,01_021：タイ,21：特定技能１号,06_25～29歳,1:男,4 
,,,26：技能実習２号ロ,05_20～24歳,1:男,2 
,,,,06_25～29歳,1:男,1 
,,,28：技能実習３号ロ,06_25～29歳,1:男,1 
,,,35：永住者,10_45～49歳,2:女,1 
,,,,11_50～54歳,2:女,1 
,,,,13_60～64歳,2:女,1 
,,,36：日本人の配偶者等,10_45～49歳,2:女,1 
,,01_022：台湾,16：技術・人文知識・国際業務,05_20～24歳,2:女,1 
,,,,07_30～34歳,2:女,1 
,,,,09_40～44歳,1:男,1 
,,,,10_45～49歳,1:男,1 
,,,35：永住者,16_75～79歳,2:女,1 
,,01_023：中国,11：経営・管理,07_30～34歳,1:男,2 
,,,,11_50～54歳,1:男,1 
,,,16：技術・人文知識・国際業務,06_25～29歳,1:男,2 
,,,,,2:女,1 
,,,,07_30～34歳,1:男,2 
,,,,,2:女,1 
,,,,10_45～49歳,2:女,1 
,,,20：技能,10_45～49歳,1:男,2 
,,,,12_55～59歳,1:男,3 
,,,,,2:女,1 
,,,21：特定技能１号,06_25～29歳,1:男,2 
,,,,08_35～39歳,1:男,1 
,,,,,2:女,1 
,,,,09_40～44歳,1:男,1 
,,,,,2:女,3 
,,,,10_45～49歳,2:女,1 
,,,,11_50～54歳,2:女,1 
,,,22：特定技能２号,09_40～44歳,2:女,1 
,,,24：技能実習１号ロ,07_30～34歳,1:男,1 
,,,,08_35～39歳,1:男,1 
,,,,09_40～44歳,1:男,1 
,,,,,2:女,1 
,,,26：技能実習２号ロ,05_20～24歳,1:男,1 
,,,,07_30～34歳,1:男,2 
,,,,08_35～39歳,1:男,1 
,,,,09_40～44歳,1:男,1 
,,,,10_45～49歳,1:男,1 
,,,31：留学,05_20～24歳,1:男,4 
,,,,06_25～29歳,1:男,1 
,,,,,2:女,2 
,,,,07_30～34歳,2:女,1 
,,,33：家族滞在,01_０～４歳,2:女,1 
,,,,02_５～９歳,2:女,1 
,,,,03_10～14歳,1:男,1 
,,,,06_25～29歳,2:女,1 
,,,,07_30～34歳,2:女,1 
,,,,10_45～49歳,2:女,1 
,,,,11_50～54歳,2:女,1 
,,,,12_55～59歳,1:男,1 
,,,,,2:女,1 
,,,,13_60～64歳,1:男,1 
,,,35：永住者,01_０～４歳,1:男,1 
,,,,02_５～９歳,1:男,1 
,,,,03_10～14歳,1:男,4 
,,,,,2:女,4 
,,,,04_15～19歳,1:男,2 
,,,,,2:女,1 
,,,,05_20～24歳,1:男,3 
,,,,,2:女,3 
,,,,06_25～29歳,1:男,2 
,,,,07_30～34歳,1:男,1 
,,,,,2:女,1 
,,,,08_35～39歳,1:男,5 
,,,,,2:女,4 
,,,,09_40～44歳,1:男,3 
,,,,,2:女,8 
,,,,10_45～49歳,1:男,6 
,,,,,2:女,10 
,,,,11_50～54歳,1:男,3 
,,,,,2:女,9 
,,,,12_55～59歳,1:男,2 
,,,,,2:女,8 
,,,,13_60～64歳,1:男,1 
,,,,,2:女,5 
,,,,14_65～69歳,2:女,1 
,,,,15_70～74歳,2:女,2 
,,,,16_75～79歳,2:女,2 
,,,,17_80歳以上,1:男,1 
,,,,,2:女,1 
,,,36：日本人の配偶者等,07_30～34歳,2:女,1 
,,,,10_45～49歳,2:女,3 
,,,,11_50～54歳,1:男,2 
,,,,,2:女,3 
,,,,12_55～59歳,1:男,1 
,,,37：永住者の配偶者等,08_35～39歳,2:女,3 
,,,,14_65～69歳,1:男,1 
,,,38：定住者,02_５～９歳,1:男,3 
,,,,,2:女,1 
,,,,04_15～19歳,1:男,4 
,,,,05_20～24歳,1:男,1 
,,,,,2:女,1 
,,01_026：トルコ,35：永住者,10_45～49歳,1:男,1 
,,01_028：ネパール,11：経営・管理,09_40～44歳,1:男,1 
,,,16：技術・人文知識・国際業務,06_25～29歳,1:男,4 
,,,,,2:女,1 
,,,,07_30～34歳,1:男,2 
,,,18：介護,06_25～29歳,1:男,1 
,,,20：技能,06_25～29歳,1:男,3 
,,,,07_30～34歳,1:男,4 
,,,,08_35～39歳,1:男,2 
,,,,09_40～44歳,1:男,2 
,,,21：特定技能１号,05_20～24歳,1:男,4 
,,,,06_25～29歳,1:男,1 
,,,,,2:女,1 
,,,,07_30～34歳,2:女,1 
,,,33：家族滞在,01_０～４歳,1:男,2 
,,,,,2:女,1 
,,,,03_10～14歳,1:男,1 
,,,,04_15～19歳,2:女,1 
,,,,05_20～24歳,1:男,1 
,,,,06_25～29歳,2:女,3 
,,,,07_30～34歳,2:女,4 
,,,,09_40～44歳,2:女,1 
,,01_030：パキスタン,11：経営・管理,06_25～29歳,1:男,1 
,,,,08_35～39歳,1:男,1 
,,,16：技術・人文知識・国際業務,05_20～24歳,1:男,1 
,,,,06_25～29歳,1:男,4 
,,,,07_30～34歳,1:男,4 
,,,,08_35～39歳,1:男,5 
,,,,09_40～44歳,1:男,1 
,,,,10_45～49歳,1:男,1 
,,,,13_60～64歳,1:男,1 
,,,31：留学,02_５～９歳,1:男,1 
,,,,03_10～14歳,2:女,1 
,,,,04_15～19歳,1:男,3 
,,,,06_25～29歳,1:男,1 
,,,,07_30～34歳,1:男,1 
,,,33：家族滞在,01_０～４歳,1:男,2 
,,,,,2:女,2 
,,,,04_15～19歳,1:男,1 
,,,,05_20～24歳,1:男,1 
,,,,,2:女,2 
,,,,07_30～34歳,2:女,1 
,,,,10_45～49歳,2:女,1 
,,,36：日本人の配偶者等,06_25～29歳,1:男,1 
,,,38：定住者,05_20～24歳,1:男,1 
,,01_032：バングラデシュ,16：技術・人文知識・国際業務,06_25～29歳,1:男,3 
,,,,,2:女,1 
,,,,07_30～34歳,1:男,2 
,,,26：技能実習２号ロ,06_25～29歳,1:男,2 
,,,31：留学,05_20～24歳,1:男,1 
,,,,06_25～29歳,1:男,1 
,,,33：家族滞在,01_０～４歳,1:男,1 
,,,,05_20～24歳,2:女,3 
,,01_034：フィリピン,16：技術・人文知識・国際業務,07_30～34歳,2:女,1 
,,,,08_35～39歳,1:男,1 
,,,17：企業内転勤,07_30～34歳,1:男,1 
,,,21：特定技能１号,05_20～24歳,2:女,1 
,,,,06_25～29歳,1:男,1 
,,,,,2:女,3 
,,,,07_30～34歳,1:男,4 
,,,,,2:女,8 
,,,,08_35～39歳,1:男,8 
,,,,,2:女,6 
,,,,09_40～44歳,2:女,3 
,,,,10_45～49歳,2:女,1 
,,,24：技能実習１号ロ,05_20～24歳,1:男,4 
,,,,,2:女,3 
,,,,06_25～29歳,1:男,8 
,,,,,2:女,3 
,,,,07_30～34歳,1:男,7 
,,,,,2:女,3 
,,,,08_35～39歳,1:男,1 
,,,,10_45～49歳,2:女,1 
,,,25：技能実習２号イ,06_25～29歳,1:男,1 
,,,26：技能実習２号ロ,05_20～24歳,1:男,1 
,,,,06_25～29歳,1:男,9 
,,,,,2:女,5 
,,,,07_30～34歳,1:男,10 
,,,,,2:女,2 
,,,,08_35～39歳,1:男,3 
,,,,,2:女,4 
,,,,09_40～44歳,2:女,1 
,,,27：技能実習３号イ,06_25～29歳,1:男,1 
,,,28：技能実習３号ロ,06_25～29歳,1:男,2 
,,,,07_30～34歳,1:男,6 
,,,,08_35～39歳,1:男,1 
,,,31：留学,04_15～19歳,2:女,1 
,,,33：家族滞在,01_０～４歳,2:女,2 
,,,,03_10～14歳,1:男,1 
,,,,04_15～19歳,1:男,1 
,,,,,2:女,1 
,,,,08_35～39歳,2:女,1 
,,,,09_40～44歳,2:女,1 
,,,35：永住者,07_30～34歳,1:男,1 
,,,,,2:女,1 
,,,,09_40～44歳,2:女,2 
,,,,10_45～49歳,1:男,1 
,,,,,2:女,5 
,,,,11_50～54歳,2:女,8 
,,,,12_55～59歳,1:男,1 
,,,,,2:女,8 
,,,,13_60～64歳,2:女,1 
,,,,14_65～69歳,2:女,1 
,,,36：日本人の配偶者等,07_30～34歳,2:女,1 
,,,,08_35～39歳,1:男,1 
,,,,,2:女,1 
,,,,09_40～44歳,2:女,2 
,,,,10_45～49歳,2:女,1 
,,,,11_50～54歳,2:女,2 
,,,38：定住者,01_０～４歳,1:男,1 
,,,,02_５～９歳,1:男,1 
,,,,03_10～14歳,2:女,1 
,,,,04_15～19歳,2:女,3 
,,,,06_25～29歳,1:男,1 
,,,,07_30～34歳,2:女,1 
,,,,09_40～44歳,2:女,1 
,,,,10_45～49歳,2:女,1 
,,,,11_50～54歳,2:女,1 
,,,,13_60～64歳,2:女,1 
,,01_037：ベトナム,16：技術・人文知識・国際業務,05_20～24歳,1:男,6 
,,,,06_25～29歳,1:男,10 
,,,,,2:女,1 
,,,,07_30～34歳,1:男,4 
,,,,,2:女,1 
,,,18：介護,06_25～29歳,2:女,2 
,,,21：特定技能１号,05_20～24歳,1:男,8 
,,,,,2:女,12 
,,,,06_25～29歳,1:男,38 
,,,,,2:女,17 
,,,,07_30～34歳,1:男,24 
,,,,,2:女,18 
,,,,08_35～39歳,1:男,6 
,,,,,2:女,10 
,,,,09_40～44歳,2:女,2 
,,,22：特定技能２号,06_25～29歳,1:男,1 
,,,,,2:女,3 
,,,,07_30～34歳,2:女,1 
,,,,08_35～39歳,2:女,2 
,,,24：技能実習１号ロ,04_15～19歳,1:男,1 
,,,,,2:女,2 
,,,,05_20～24歳,1:男,7 
,,,,,2:女,3 
,,,,06_25～29歳,1:男,3 
,,,,,2:女,2 
,,,,07_30～34歳,1:男,1 
,,,,,2:女,1 
,,,,08_35～39歳,2:女,1 
,,,,09_40～44歳,2:女,1 
,,,26：技能実習２号ロ,04_15～19歳,1:男,1 
,,,,05_20～24歳,1:男,13 
,,,,,2:女,11 
,,,,06_25～29歳,1:男,7 
,,,,,2:女,4 
,,,,07_30～34歳,1:男,5 
,,,,,2:女,6 
,,,,08_35～39歳,1:男,1 
,,,,,2:女,3 
,,,,09_40～44歳,2:女,3 
,,,,10_45～49歳,2:女,3 
,,,28：技能実習３号ロ,05_20～24歳,1:男,1 
,,,,,2:女,1 
,,,,07_30～34歳,1:男,1 
,,,,,2:女,1 
,,,,08_35～39歳,2:女,1 
,,,,10_45～49歳,2:女,1 
,,,31：留学,02_５～９歳,1:男,1 
,,,33：家族滞在,01_０～４歳,1:男,2 
,,,,,2:女,3 
,,,,06_25～29歳,2:女,3 
,,,,07_30～34歳,2:女,1 
,,,34：特定活動,01_０～４歳,1:男,2 
,,,,05_20～24歳,1:男,4 
,,,,06_25～29歳,1:男,5 
,,,,07_30～34歳,1:男,5 
,,,,,2:女,1 
,,,,08_35～39歳,1:男,2 
,,,35：永住者,08_35～39歳,2:女,1 
,,,,09_40～44歳,2:女,1 
,,,36：日本人の配偶者等,06_25～29歳,2:女,1 
,,,,07_30～34歳,1:男,1 
,,,,08_35～39歳,1:男,1 
,,,,,2:女,2 
,,,38：定住者,02_５～９歳,1:男,1 
,,,,03_10～14歳,2:女,1 
,,01_039：ミャンマー,16：技術・人文知識・国際業務,06_25～29歳,1:男,1 
,,,,,2:女,2 
,,,,09_40～44歳,1:男,2 
,,,18：介護,06_25～29歳,2:女,1 
,,,,07_30～34歳,1:男,1 
,,,21：特定技能１号,05_20～24歳,1:男,6 
,,,,,2:女,16 
,,,,06_25～29歳,2:女,9 
,,,,07_30～34歳,1:男,3 
,,,,,2:女,4 
,,,24：技能実習１号ロ,04_15～19歳,2:女,1 
,,,,05_20～24歳,2:女,17 
,,,,06_25～29歳,2:女,7 
,,,,07_30～34歳,2:女,2 
,,,26：技能実習２号ロ,05_20～24歳,1:男,10 
,,,,,2:女,30 
,,,,06_25～29歳,1:男,8 
,,,,,2:女,27 
,,,,07_30～34歳,1:男,1 
,,,,,2:女,4 
,,,,08_35～39歳,2:女,2 
,,,33：家族滞在,01_０～４歳,1:男,1 
,,,,05_20～24歳,2:女,1 
,,,34：特定活動,05_20～24歳,1:男,1 
,,,,,2:女,2 
,,,,06_25～29歳,1:男,5 
,,01_041：モンゴル,16：技術・人文知識・国際業務,07_30～34歳,1:男,1 
,,,21：特定技能１号,07_30～34歳,1:男,1 
,,01_043：ラオス,26：技能実習２号ロ,05_20～24歳,1:男,1 
,,,,06_25～29歳,1:男,1 
,,,,07_30～34歳,1:男,1 
,,,34：特定活動,06_25～29歳,1:男,1 
,,02_052：ウクライナ,34：特定活動,08_35～39歳,1:男,1 
,,,,,2:女,1 
,,02_054：英国,35：永住者,07_30～34歳,1:男,1 
,,,,08_35～39歳,1:男,1 
,,,,12_55～59歳,1:男,1 
,,02_075：チェコ,36：日本人の配偶者等,09_40～44歳,1:男,1 
,,02_078：ドイツ,16：技術・人文知識・国際業務,07_30～34歳,2:女,1 
,,,36：日本人の配偶者等,08_35～39歳,2:女,1 
,,,,09_40～44歳,1:男,1 
,,02_080：ノルウェー,31：留学,04_15～19歳,1:男,1 
,,02_099：ルーマニア,35：永住者,11_50～54歳,2:女,2 
,,,36：日本人の配偶者等,11_50～54歳,1:男,1 
,,02_101：ロシア,36：日本人の配偶者等,11_50～54歳,2:女,1 
,,03_112：カメルーン,16：技術・人文知識・国際業務,09_40～44歳,1:男,1 
,,03_126：スーダン,35：永住者,02_５～９歳,1:男,1 
,,,,03_10～14歳,1:男,1 
,,,,08_35～39歳,1:男,1 
,,,,,2:女,1 
,,,38：定住者,01_０～４歳,1:男,1 
,,03_136：ナイジェリア,35：永住者,12_55～59歳,1:男,1 
,,03_146：南アフリカ共和国,16：技術・人文知識・国際業務,07_30～34歳,2:女,1 
,,,,08_35～39歳,1:男,1 
,,04_158：カナダ,15：教育,07_30～34歳,1:男,1 
,,,36：日本人の配偶者等,08_35～39歳,1:男,1 
,,,,09_40～44歳,1:男,1 
,,04_162：コスタリカ,36：日本人の配偶者等,06_25～29歳,1:男,1 
,,04_174：バルバドス,15：教育,07_30～34歳,2:女,1 
,,04_175：米国,15：教育,05_20～24歳,1:男,1 
,,,,,2:女,1 
,,,,07_30～34歳,1:男,2 
,,,,,2:女,2 
,,,,08_35～39歳,1:男,1 
,,,33：家族滞在,07_30～34歳,1:男,1 
,,,34：特定活動,07_30～34歳,1:男,1 
,,,35：永住者,10_45～49歳,1:男,2 
,,,,12_55～59歳,1:男,1 
,,,,14_65～69歳,2:女,1 
,,,,15_70～74歳,1:男,1 
,,,,16_75～79歳,1:男,1 
,,,,17_80歳以上,2:女,1 
,,,36：日本人の配偶者等,06_25～29歳,1:男,1 
,,,,07_30～34歳,1:男,2 
,,,,08_35～39歳,1:男,1 
,,,,09_40～44歳,1:男,2 
,,,,17_80歳以上,1:男,1 
,,04_176：ベリーズ,35：永住者,09_40～44歳,1:男,1 
,,04_178：メキシコ,35：永住者,09_40～44歳,1:男,1 
,,,,10_45～49歳,1:男,1 
,,,,12_55～59歳,1:男,1 
,,,36：日本人の配偶者等,07_30～34歳,1:男,1 
,,,38：定住者,13_60～64歳,2:女,1 
,,05_187：ブラジル,35：永住者,08_35～39歳,1:男,1 
,,,,10_45～49歳,1:男,1 
,,,,12_55～59歳,2:女,1 
,,,38：定住者,03_10～14歳,2:女,2 
,,,,10_45～49歳,2:女,1 
,,06_191：オーストラリア,03：教授,11_50～54歳,1:男,1 
,,,35：永住者,09_40～44歳,1:男,1 
,,,,15_70～74歳,1:男,1 
,,,,16_75～79歳,1:男,1 
,,06_201：ニュージーランド,15：教育,06_25～29歳,2:女,1 
,,,31：留学,04_15～19歳,2:女,1 
,,,35：永住者,08_35～39歳,1:男,1 
,,,,11_50～54歳,1:男,1 
43：熊本県,熊本市北区,01_001：アフガニスタン,16：技術・人文知識・国際業務,08_35～39歳,1:男,1 
,,,33：家族滞在,01_０～４歳,2:女,1 
,,,,02_５～９歳,1:男,1 
,,,,03_10～14歳,1:男,1 
,,,,,2:女,1 
,,,,04_15～19歳,2:女,1 
,,,,08_35～39歳,2:女,1 
,,01_006：イラン,16：技術・人文知識・国際業務,10_45～49歳,1:男,1 
,,01_007：インド,16：技術・人文知識・国際業務,06_25～29歳,1:男,1 
,,,20：技能,07_30～34歳,1:男,3 
,,,,09_40～44歳,1:男,1 
,,,,10_45～49歳,1:男,1 
,,,,12_55～59歳,1:男,1 
,,,21：特定技能１号,06_25～29歳,1:男,1 
,,,34：特定活動,05_20～24歳,1:男,1 
,,01_008：インドネシア,16：技術・人文知識・国際業務,06_25～29歳,1:男,1 
,,,,08_35～39歳,2:女,1 
,,,21：特定技能１号,04_15～19歳,2:女,3 
,,,,05_20～24歳,1:男,12 
,,,,,2:女,39 
,,,,06_25～29歳,1:男,17 
,,,,,2:女,19 
,,,,07_30～34歳,1:男,6 
,,,,08_35～39歳,1:男,3 
,,,,09_40～44歳,1:男,3 
,,,,10_45～49歳,1:男,2 
,,,24：技能実習１号ロ,04_15～19歳,1:男,1 
,,,,,2:女,3 
,,,,05_20～24歳,1:男,24 
,,,,,2:女,9 
,,,,06_25～29歳,1:男,6 
,,,,,2:女,2 
,,,,07_30～34歳,1:男,2 
,,,26：技能実習２号ロ,04_15～19歳,1:男,1 
,,,,05_20～24歳,1:男,31 
,,,,,2:女,15 
,,,,06_25～29歳,1:男,25 
,,,,,2:女,8 
,,,,07_30～34歳,1:男,1 
,,,28：技能実習３号ロ,05_20～24歳,2:女,1 
,,,,06_25～29歳,1:男,2 
,,,33：家族滞在,06_25～29歳,2:女,1 
,,,34：特定活動,05_20～24歳,2:女,1 
,,,,06_25～29歳,1:男,2 
,,,,,2:女,1 
,,,35：永住者,09_40～44歳,2:女,1 
,,,,11_50～54歳,1:男,2 
,,,36：日本人の配偶者等,09_40～44歳,2:女,2 
,,,,10_45～49歳,1:男,2 
,,,37：永住者の配偶者等,10_45～49歳,2:女,1 
,,,38：定住者,04_15～19歳,2:女,1 
,,,,11_50～54歳,2:女,1 
,,01_011：韓国,03：教授,09_40～44歳,1:男,1 
,,,,11_50～54歳,2:女,1 
,,,08：高度専門職１号ロ,07_30～34歳,1:男,1 
,,,16：技術・人文知識・国際業務,06_25～29歳,2:女,2 
,,,,07_30～34歳,1:男,4 
,,,,10_45～49歳,1:男,1 
,,,,14_65～69歳,1:男,1 
,,,17：企業内転勤,06_25～29歳,2:女,1 
,,,,11_50～54歳,1:男,1 
,,,31：留学,06_25～29歳,2:女,1 
,,,33：家族滞在,01_０～４歳,2:女,1 
,,,,08_35～39歳,2:女,1 
,,,34：特定活動,16_75～79歳,2:女,1 
,,,35：永住者,04_15～19歳,1:男,1 
,,,,07_30～34歳,1:男,1 
,,,,08_35～39歳,1:男,1 
,,,,09_40～44歳,2:女,1 
,,,,10_45～49歳,1:男,1 
,,,,,2:女,1 
,,,,11_50～54歳,1:男,2 
,,,,,2:女,3 
,,,,12_55～59歳,2:女,3 
,,,,13_60～64歳,1:男,1 
,,,,,2:女,2 
,,,,14_65～69歳,2:女,4 
,,,,15_70～74歳,2:女,1 
,,,36：日本人の配偶者等,06_25～29歳,1:男,1 
,,,,08_35～39歳,2:女,1 
,,,,09_40～44歳,1:男,2 
,,,,10_45～49歳,1:男,1 
,,,,11_50～54歳,1:男,2 
,,,,13_60～64歳,2:女,1 
,,,,14_65～69歳,2:女,1 
,,,37：永住者の配偶者等,10_45～49歳,2:女,1 
,,,39：特別永住者,01_０～４歳,1:男,1 
,,,,07_30～34歳,1:男,1 
,,,,,2:女,1 
,,,,09_40～44歳,1:男,2 
,,,,10_45～49歳,2:女,1 
,,,,11_50～54歳,1:男,1 
,,,,,2:女,2 
,,,,12_55～59歳,1:男,1 
,,,,13_60～64歳,2:女,1 
,,,,14_65～69歳,1:男,4 
,,,,,2:女,2 
,,,,15_70～74歳,2:女,1 
,,,,16_75～79歳,1:男,2 
,,,,,2:女,4 
,,,,17_80歳以上,1:男,2 
,,,,,2:女,4 
,,01_012：（朝鮮）,39：特別永住者,05_20～24歳,1:男,1 
,,,,15_70～74歳,2:女,2 
,,01_014：カンボジア,21：特定技能１号,05_20～24歳,2:女,1 
,,,,06_25～29歳,2:女,7 
,,,,07_30～34歳,2:女,3 
,,,,08_35～39歳,2:女,4 
,,,24：技能実習１号ロ,05_20～24歳,1:男,1 
,,,,,2:女,1 
,,,26：技能実習２号ロ,05_20～24歳,1:男,3 
,,,,,2:女,8 
,,,,06_25～29歳,1:男,1 
,,,,,2:女,4 
,,,,07_30～34歳,1:男,1 
,,,,08_35～39歳,1:男,1 
,,,,,2:女,1 
,,,28：技能実習３号ロ,05_20～24歳,2:女,1 
,,,,07_30～34歳,2:女,1 
,,,,09_40～44歳,2:女,1 
,,,34：特定活動,07_30～34歳,1:男,1 
,,,36：日本人の配偶者等,07_30～34歳,2:女,1 
,,01_019：シンガポール,16：技術・人文知識・国際業務,06_25～29歳,2:女,1 
,,,31：留学,05_20～24歳,2:女,1 
,,01_020：スリランカ,16：技術・人文知識・国際業務,06_25～29歳,1:男,1 
,,,,,2:女,1 
,,,,11_50～54歳,1:男,1 
,,,21：特定技能１号,05_20～24歳,2:女,2 
,,,,06_25～29歳,2:女,1 
,,,,08_35～39歳,2:女,2 
,,,33：家族滞在,02_５～９歳,1:男,1 
,,,,04_15～19歳,2:女,2 
,,,,06_25～29歳,2:女,1 
,,,,08_35～39歳,2:女,1 
,,,34：特定活動,05_20～24歳,2:女,1 
,,01_021：タイ,16：技術・人文知識・国際業務,07_30～34歳,1:男,1 
,,,,,2:女,1 
,,,21：特定技能１号,06_25～29歳,1:男,4 
,,,,,2:女,1 
,,,,07_30～34歳,1:男,1 
,,,,,2:女,1 
,,,,08_35～39歳,1:男,3 
,,,,,2:女,2 
,,,24：技能実習１号ロ,05_20～24歳,2:女,1 
,,,,06_25～29歳,1:男,1 
,,,,,2:女,1 
,,,26：技能実習２号ロ,05_20～24歳,1:男,1 
,,,,,2:女,1 
,,,,06_25～29歳,2:女,3 
,,,,07_30～34歳,1:男,2 
,,,,08_35～39歳,1:男,1 
,,,,,2:女,1 
,,,35：永住者,06_25～29歳,2:女,1 
,,,,10_45～49歳,2:女,2 
,,,,13_60～64歳,2:女,1 
,,,,16_75～79歳,2:女,1 
,,,36：日本人の配偶者等,12_55～59歳,2:女,2 
,,,38：定住者,05_20～24歳,1:男,1 
,,,,08_35～39歳,2:女,1 
,,01_022：台湾,08：高度専門職１号ロ,06_25～29歳,1:男,2 
,,,,07_30～34歳,1:男,6 
,,,,,2:女,3 
,,,,08_35～39歳,1:男,9 
,,,,,2:女,1 
,,,,09_40～44歳,1:男,9 
,,,,,2:女,1 
,,,,10_45～49歳,1:男,5 
,,,,11_50～54歳,1:男,1 
,,,11：経営・管理,10_45～49歳,1:男,1 
,,,16：技術・人文知識・国際業務,05_20～24歳,1:男,1 
,,,,,2:女,1 
,,,,06_25～29歳,1:男,3 
,,,,,2:女,7 
,,,,07_30～34歳,1:男,11 
,,,,,2:女,5 
,,,,08_35～39歳,1:男,7 
,,,,,2:女,1 
,,,,09_40～44歳,1:男,1 
,,,,,2:女,1 
,,,,10_45～49歳,1:男,2 
,,,,11_50～54歳,2:女,1 
,,,17：企業内転勤,06_25～29歳,1:男,2 
,,,,,2:女,3 
,,,,07_30～34歳,1:男,5 
,,,,,2:女,4 
,,,,08_35～39歳,1:男,1 
,,,,,2:女,5 
,,,,09_40～44歳,1:男,3 
,,,,,2:女,1 
,,,,10_45～49歳,1:男,3 
,,,,,2:女,1 
,,,33：家族滞在,01_０～４歳,1:男,9 
,,,,,2:女,9 
,,,,02_５～９歳,1:男,12 
,,,,,2:女,6 
,,,,03_10～14歳,2:女,12 
,,,,04_15～19歳,1:男,3 
,,,,,2:女,1 
,,,,07_30～34歳,2:女,7 
,,,,08_35～39歳,2:女,10 
,,,,09_40～44歳,1:男,1 
,,,,,2:女,9 
,,,,10_45～49歳,1:男,1 
,,,,,2:女,3 
,,,,11_50～54歳,1:男,1 
,,,,,2:女,3 
,,,35：永住者,07_30～34歳,1:男,3 
,,,,08_35～39歳,1:男,1 
,,,,,2:女,2 
,,,,09_40～44歳,1:男,3 
,,,,,2:女,2 
,,,,10_45～49歳,1:男,2 
,,,,,2:女,2 
,,,,11_50～54歳,2:女,2 
,,,,12_55～59歳,2:女,1 
,,,,13_60～64歳,1:男,1 
,,,,,2:女,1 
,,,,14_65～69歳,2:女,3 
,,,36：日本人の配偶者等,05_20～24歳,2:女,1 
,,,,08_35～39歳,1:男,1 
,,,37：永住者の配偶者等,09_40～44歳,2:女,2 
,,,38：定住者,02_５～９歳,1:男,5 
,,,,03_10～14歳,1:男,1 
,,01_023：中国,07：高度専門職１号イ,08_35～39歳,1:男,1 
,,,11：経営・管理,13_60～64歳,2:女,1 
,,,,14_65～69歳,1:男,1 
,,,13：医療,08_35～39歳,2:女,1 
,,,16：技術・人文知識・国際業務,05_20～24歳,1:男,1 
,,,,06_25～29歳,1:男,6 
,,,,,2:女,2 
,,,,07_30～34歳,1:男,3 
,,,,,2:女,3 
,,,,08_35～39歳,1:男,2 
,,,,,2:女,1 
,,,,09_40～44歳,1:男,3 
,,,,10_45～49歳,2:女,1 
,,,20：技能,11_50～54歳,2:女,1 
,,,21：特定技能１号,09_40～44歳,2:女,4 
,,,,10_45～49歳,2:女,6 
,,,,11_50～54歳,1:男,1 
,,,,,2:女,2 
,,,24：技能実習１号ロ,07_30～34歳,1:男,2 
,,,31：留学,05_20～24歳,2:女,2 
,,,,06_25～29歳,1:男,2 
,,,,07_30～34歳,1:男,3 
,,,33：家族滞在,01_０～４歳,1:男,1 
,,,,,2:女,1 
,,,,02_５～９歳,2:女,1 
,,,,06_25～29歳,2:女,1 
,,,,07_30～34歳,2:女,2 
,,,,08_35～39歳,1:男,1 
,,,,11_50～54歳,1:男,1 
,,,,12_55～59歳,1:男,1 
,,,,14_65～69歳,2:女,1 
,,,34：特定活動,08_35～39歳,1:男,1 
,,,,17_80歳以上,2:女,1 
,,,35：永住者,01_０～４歳,2:女,1 
,,,,02_５～９歳,1:男,2 
,,,,,2:女,2 
,,,,03_10～14歳,1:男,2 
,,,,04_15～19歳,1:男,1 
,,,,,2:女,3 
,,,,05_20～24歳,1:男,3 
,,,,,2:女,1 
,,,,06_25～29歳,1:男,3 
,,,,,2:女,2 
,,,,07_30～34歳,1:男,3 
,,,,,2:女,5 
,,,,08_35～39歳,1:男,1 
,,,,,2:女,7 
,,,,09_40～44歳,1:男,5 
,,,,,2:女,14 
,,,,10_45～49歳,1:男,3 
,,,,,2:女,7 
,,,,11_50～54歳,1:男,3 
,,,,,2:女,14 
,,,,12_55～59歳,1:男,5 
,,,,,2:女,10 
,,,,13_60～64歳,1:男,2 
,,,,,2:女,3 
,,,,14_65～69歳,1:男,1 
,,,,,2:女,1 
,,,,15_70～74歳,1:男,1 
,,,,,2:女,3 
,,,,16_75～79歳,1:男,1 
,,,,,2:女,3 
,,,,17_80歳以上,2:女,1 
,,,36：日本人の配偶者等,07_30～34歳,2:女,4 
,,,,08_35～39歳,1:男,1 
,,,,,2:女,3 
,,,,09_40～44歳,1:男,1 
,,,,10_45～49歳,2:女,1 
,,,,11_50～54歳,2:女,1 
,,,37：永住者の配偶者等,07_30～34歳,1:男,2 
,,,,12_55～59歳,1:男,1 
,,,38：定住者,01_０～４歳,1:男,1 
,,,,,2:女,1 
,,,,04_15～19歳,2:女,1 
,,,,05_20～24歳,1:男,1 
,,,,07_30～34歳,1:男,1 
,,,,,2:女,1 
,,,,09_40～44歳,2:女,1 
,,,,12_55～59歳,2:女,1 
,,,,15_70～74歳,1:男,1 
,,01_028：ネパール,11：経営・管理,06_25～29歳,1:男,1 
,,,,09_40～44歳,1:男,1 
,,,16：技術・人文知識・国際業務,06_25～29歳,1:男,14 
,,,,,2:女,4 
,,,,07_30～34歳,1:男,6 
,,,,,2:女,4 
,,,,08_35～39歳,1:男,4 
,,,,,2:女,3 
,,,,09_40～44歳,1:男,2 
,,,20：技能,10_45～49歳,1:男,2 
,,,21：特定技能１号,04_15～19歳,2:女,1 
,,,,05_20～24歳,1:男,7 
,,,,,2:女,7 
,,,,06_25～29歳,1:男,6 
,,,,,2:女,10 
,,,,07_30～34歳,1:男,7 
,,,,,2:女,2 
,,,,08_35～39歳,1:男,2 
,,,,09_40～44歳,1:男,2 
,,,,,2:女,1 
,,,31：留学,04_15～19歳,1:男,2 
,,,,,2:女,2 
,,,,05_20～24歳,1:男,20 
,,,,,2:女,21 
,,,,06_25～29歳,1:男,8 
,,,,,2:女,6 
,,,33：家族滞在,01_０～４歳,1:男,4 
,,,,,2:女,2 
,,,,02_５～９歳,2:女,1 
,,,,04_15～19歳,1:男,2 
,,,,,2:女,1 
,,,,05_20～24歳,2:女,5 
,,,,06_25～29歳,2:女,7 
,,,,07_30～34歳,1:男,1 
,,,,,2:女,3 
,,,,08_35～39歳,1:男,2 
,,,,,2:女,2 
,,,,09_40～44歳,2:女,1 
,,,34：特定活動,06_25～29歳,1:男,1 
,,,35：永住者,02_５～９歳,1:男,1 
,,,,,2:女,2 
,,,,03_10～14歳,1:男,1 
,,,,08_35～39歳,1:男,1 
,,,,,2:女,2 
,,,36：日本人の配偶者等,06_25～29歳,1:男,1 
,,01_030：パキスタン,11：経営・管理,06_25～29歳,1:男,2 
,,,,09_40～44歳,1:男,2 
,,,16：技術・人文知識・国際業務,06_25～29歳,1:男,1 
,,,,07_30～34歳,1:男,1 
,,,,08_35～39歳,1:男,2 
,,,,12_55～59歳,1:男,1 
,,,33：家族滞在,01_０～４歳,1:男,1 
,,,,,2:女,1 
,,,,02_５～９歳,2:女,2 
,,,,06_25～29歳,2:女,1 
,,,,08_35～39歳,2:女,1 
,,,35：永住者,03_10～14歳,1:男,1 
,,,,12_55～59歳,1:男,1 
,,,37：永住者の配偶者等,01_０～４歳,2:女,1 
,,,,03_10～14歳,1:男,1 
,,,,10_45～49歳,2:女,1 
,,01_032：バングラデシュ,26：技能実習２号ロ,06_25～29歳,1:男,2 
,,01_034：フィリピン,15：教育,08_35～39歳,2:女,1 
,,,,11_50～54歳,2:女,1 
,,,21：特定技能１号,05_20～24歳,1:男,1 
,,,,,2:女,2 
,,,,06_25～29歳,1:男,1 
,,,,,2:女,7 
,,,,07_30～34歳,1:男,6 
,,,,,2:女,11 
,,,,08_35～39歳,1:男,2 
,,,,,2:女,6 
,,,,09_40～44歳,1:男,2 
,,,,,2:女,1 
,,,22：特定技能２号,07_30～34歳,1:男,1 
,,,,08_35～39歳,2:女,1 
,,,24：技能実習１号ロ,05_20～24歳,1:男,1 
,,,,,2:女,1 
,,,,06_25～29歳,1:男,3 
,,,,,2:女,2 
,,,,07_30～34歳,1:男,4 
,,,26：技能実習２号ロ,05_20～24歳,2:女,4 
,,,,06_25～29歳,1:男,2 
,,,,,2:女,7 
,,,,07_30～34歳,1:男,6 
,,,,,2:女,6 
,,,,08_35～39歳,1:男,1 
,,,,09_40～44歳,2:女,1 
,,,28：技能実習３号ロ,05_20～24歳,2:女,1 
,,,,06_25～29歳,2:女,1 
,,,,07_30～34歳,2:女,1 
,,,33：家族滞在,07_30～34歳,1:男,1 
,,,35：永住者,04_15～19歳,2:女,1 
,,,,05_20～24歳,2:女,1 
,,,,06_25～29歳,1:男,1 
,,,,07_30～34歳,1:男,1 
,,,,,2:女,1 
,,,,08_35～39歳,2:女,1 
,,,,09_40～44歳,1:男,1 
,,,,,2:女,5 
,,,,10_45～49歳,1:男,1 
,,,,,2:女,11 
,,,,11_50～54歳,2:女,11 
,,,,12_55～59歳,1:男,1 
,,,,,2:女,19 
,,,,13_60～64歳,2:女,7 
,,,,14_65～69歳,2:女,1 
,,,,15_70～74歳,2:女,1 
,,,,16_75～79歳,2:女,1 
,,,36：日本人の配偶者等,06_25～29歳,1:男,1 
,,,,07_30～34歳,1:男,1 
,,,,,2:女,4 
,,,,08_35～39歳,2:女,5 
,,,,09_40～44歳,2:女,1 
,,,,10_45～49歳,2:女,3 
,,,37：永住者の配偶者等,02_５～９歳,1:男,1 
,,,,,2:女,1 
,,,,07_30～34歳,2:女,1 
,,,38：定住者,01_０～４歳,2:女,1 
,,,,02_５～９歳,2:女,1 
,,,,03_10～14歳,1:男,1 
,,,,04_15～19歳,2:女,1 
,,,,06_25～29歳,2:女,1 
,,,,07_30～34歳,2:女,3 
,,,,09_40～44歳,2:女,2 
,,,,10_45～49歳,2:女,1 
,,01_037：ベトナム,16：技術・人文知識・国際業務,05_20～24歳,1:男,11 
,,,,,2:女,1 
,,,,06_25～29歳,1:男,31 
,,,,,2:女,5 
,,,,07_30～34歳,1:男,32 
,,,,,2:女,3 
,,,,08_35～39歳,1:男,19 
,,,,,2:女,2 
,,,,09_40～44歳,1:男,5 
,,,18：介護,06_25～29歳,2:女,2 
,,,,07_30～34歳,2:女,1 
,,,,08_35～39歳,2:女,1 
,,,21：特定技能１号,05_20～24歳,1:男,7 
,,,,,2:女,20 
,,,,06_25～29歳,1:男,25 
,,,,,2:女,33 
,,,,07_30～34歳,1:男,17 
,,,,,2:女,36 
,,,,08_35～39歳,1:男,9 
,,,,,2:女,20 
,,,,09_40～44歳,1:男,1 
,,,,,2:女,2 
,,,22：特定技能２号,06_25～29歳,2:女,1 
,,,,08_35～39歳,1:男,1 
,,,,09_40～44歳,2:女,1 
,,,24：技能実習１号ロ,04_15～19歳,1:男,2 
,,,,,2:女,7 
,,,,05_20～24歳,1:男,11 
,,,,,2:女,7 
,,,,06_25～29歳,1:男,1 
,,,,,2:女,3 
,,,,07_30～34歳,1:男,4 
,,,,,2:女,3 
,,,,08_35～39歳,1:男,1 
,,,,,2:女,4 
,,,,09_40～44歳,2:女,1 
,,,26：技能実習２号ロ,05_20～24歳,1:男,23 
,,,,,2:女,50 
,,,,06_25～29歳,1:男,3 
,,,,,2:女,15 
,,,,07_30～34歳,1:男,5 
,,,,,2:女,9 
,,,,08_35～39歳,1:男,4 
,,,,,2:女,5 
,,,,09_40～44歳,1:男,1 
,,,,,2:女,4 
,,,,10_45～49歳,2:女,1 
,,,28：技能実習３号ロ,05_20～24歳,1:男,1 
,,,,,2:女,4 
,,,,06_25～29歳,1:男,2 
,,,,,2:女,3 
,,,,07_30～34歳,1:男,1 
,,,,08_35～39歳,2:女,1 
,,,31：留学,05_20～24歳,2:女,2 
,,,,07_30～34歳,1:男,1 
,,,33：家族滞在,01_０～４歳,1:男,9 
,,,,,2:女,8 
,,,,02_５～９歳,1:男,6 
,,,,,2:女,3 
,,,,03_10～14歳,1:男,1 
,,,,,2:女,2 
,,,,05_20～24歳,2:女,2 
,,,,06_25～29歳,2:女,12 
,,,,07_30～34歳,2:女,5 
,,,,08_35～39歳,1:男,1 
,,,,,2:女,2 
,,,,09_40～44歳,1:男,1 
,,,,,2:女,3 
,,,34：特定活動,01_０～４歳,2:女,1 
,,,,05_20～24歳,1:男,3 
,,,,,2:女,1 
,,,,06_25～29歳,1:男,1 
,,,,07_30～34歳,1:男,1 
,,,,,2:女,2 
,,,,08_35～39歳,1:男,2 
,,,35：永住者,01_０～４歳,1:男,1 
,,,,,2:女,1 
,,,,06_25～29歳,2:女,1 
,,,,07_30～34歳,1:男,1 
,,,,08_35～39歳,1:男,1 
,,,36：日本人の配偶者等,06_25～29歳,2:女,3 
,,,,07_30～34歳,1:男,1 
,,,,,2:女,2 
,,,,08_35～39歳,1:男,1 
,,,,,2:女,2 
,,,,09_40～44歳,2:女,2 
,,,,10_45～49歳,2:女,1 
,,,38：定住者,03_10～14歳,2:女,1 
,,,,04_15～19歳,1:男,1 
,,01_038：マレーシア,08：高度専門職１号ロ,06_25～29歳,1:男,1 
,,,16：技術・人文知識・国際業務,06_25～29歳,1:男,2 
,,,,07_30～34歳,1:男,2 
,,,33：家族滞在,01_０～４歳,2:女,1 
,,,,07_30～34歳,2:女,1 
,,,35：永住者,15_70～74歳,2:女,1 
,,,36：日本人の配偶者等,10_45～49歳,2:女,1 
,,01_039：ミャンマー,16：技術・人文知識・国際業務,06_25～29歳,2:女,1 
,,,,07_30～34歳,1:男,3 
,,,,,2:女,1 
,,,,08_35～39歳,2:女,1 
,,,21：特定技能１号,04_15～19歳,2:女,1 
,,,,05_20～24歳,1:男,6 
,,,,,2:女,30 
,,,,06_25～29歳,1:男,1 
,,,,,2:女,11 
,,,,07_30～34歳,1:男,1 
,,,,,2:女,3 
,,,,08_35～39歳,2:女,1 
,,,24：技能実習１号ロ,05_20～24歳,1:男,2 
,,,,,2:女,3 
,,,,06_25～29歳,2:女,2 
,,,26：技能実習２号ロ,05_20～24歳,1:男,9 
,,,,,2:女,4 
,,,,06_25～29歳,1:男,3 
,,,,,2:女,11 
,,,,07_30～34歳,1:男,1 
,,,,,2:女,3 
,,,,08_35～39歳,1:男,2 
,,,33：家族滞在,01_０～４歳,2:女,1 
,,,,03_10～14歳,1:男,1 
,,,34：特定活動,06_25～29歳,2:女,1 
,,,,07_30～34歳,1:男,1 
,,,35：永住者,09_40～44歳,1:男,1 
,,,,16_75～79歳,2:女,1 
,,,36：日本人の配偶者等,05_20～24歳,2:女,1 
,,,,11_50～54歳,2:女,1 
,,01_043：ラオス,21：特定技能１号,05_20～24歳,1:男,1 
,,,32：研修,05_20～24歳,2:女,1 
,,,,06_25～29歳,2:女,1 
,,,,07_30～34歳,2:女,1 
,,,,09_40～44歳,1:男,1 
,,02_053：ウズベキスタン,16：技術・人文知識・国際業務,07_30～34歳,1:男,1 
,,,33：家族滞在,01_０～４歳,1:男,1 
,,,,06_25～29歳,2:女,1 
,,,35：永住者,09_40～44歳,1:男,1 
,,02_054：英国,03：教授,09_40～44歳,1:男,1 
,,,15：教育,07_30～34歳,1:男,1 
,,,,,2:女,1 
,,,,08_35～39歳,1:男,1 
,,,16：技術・人文知識・国際業務,07_30～34歳,1:男,1 
,,,35：永住者,08_35～39歳,1:男,1 
,,,,10_45～49歳,1:男,1 
,,,,,2:女,1 
,,,,12_55～59歳,2:女,1 
,,,,15_70～74歳,1:男,1 
,,,36：日本人の配偶者等,08_35～39歳,1:男,1 
,,,,13_60～64歳,1:男,1 
,,02_058：オランダ,35：永住者,14_65～69歳,1:男,1 
,,02_069：スペイン,36：日本人の配偶者等,11_50～54歳,2:女,1 
,,02_070：スロバキア,36：日本人の配偶者等,06_25～29歳,1:男,1 
,,02_077：デンマーク,31：留学,08_35～39歳,2:女,1 
,,02_078：ドイツ,31：留学,04_15～19歳,2:女,1 
,,,33：家族滞在,06_25～29歳,2:女,1 
,,,35：永住者,09_40～44歳,1:男,1 
,,,,11_50～54歳,2:女,1 
,,02_080：ノルウェー,31：留学,04_15～19歳,1:男,1 
,,02_082：ハンガリー,17：企業内転勤,07_30～34歳,1:男,1 
,,,33：家族滞在,06_25～29歳,2:女,1 
,,02_084：フランス,36：日本人の配偶者等,06_25～29歳,2:女,1 
,,02_093：モルドバ,35：永住者,09_40～44歳,2:女,1 
,,02_099：ルーマニア,36：日本人の配偶者等,09_40～44歳,2:女,1 
,,02_101：ロシア,16：技術・人文知識・国際業務,08_35～39歳,1:男,1 
,,,33：家族滞在,07_30～34歳,2:女,1 
,,,35：永住者,13_60～64歳,2:女,1 
,,,36：日本人の配偶者等,09_40～44歳,2:女,1 
,,03_114：ギニア,36：日本人の配偶者等,08_35～39歳,1:男,1 
,,,38：定住者,04_15～19歳,1:男,1 
,,03_132：チャド,31：留学,08_35～39歳,1:男,1 
,,03_146：南アフリカ共和国,16：技術・人文知識・国際業務,06_25～29歳,2:女,1 
,,04_158：カナダ,15：教育,07_30～34歳,2:女,1 
,,,34：特定活動,06_25～29歳,1:男,1 
,,,35：永住者,11_50～54歳,1:男,1 
,,,,12_55～59歳,1:男,1 
,,04_163：ジャマイカ,15：教育,07_30～34歳,2:女,1 
,,,16：技術・人文知識・国際業務,07_30～34歳,1:男,1 
,,,33：家族滞在,01_０～４歳,2:女,1 
,,,,02_５～９歳,1:男,1 
,,04_175：米国,03：教授,07_30～34歳,2:女,1 
,,,08：高度専門職１号ロ,06_25～29歳,1:男,1 
,,,15：教育,05_20～24歳,1:男,1 
,,,,06_25～29歳,2:女,1 
,,,,07_30～34歳,2:女,1 
,,,16：技術・人文知識・国際業務,06_25～29歳,2:女,1 
,,,17：企業内転勤,07_30～34歳,1:男,1 
,,,,14_65～69歳,1:男,1 
,,,33：家族滞在,06_25～29歳,2:女,1 
,,,,14_65～69歳,2:女,1 
,,,35：永住者,04_15～19歳,2:女,1 
,,,,05_20～24歳,2:女,1 
,,,,09_40～44歳,2:女,1 
,,,,10_45～49歳,1:男,1 
,,,,11_50～54歳,1:男,2 
,,,,,2:女,1 
,,,,12_55～59歳,2:女,1 
,,,,13_60～64歳,1:男,2 
,,,,14_65～69歳,1:男,2 
,,,,,2:女,1 
,,,,16_75～79歳,2:女,2 
,,,,17_80歳以上,1:男,1 
,,,36：日本人の配偶者等,08_35～39歳,1:男,1 
,,,,09_40～44歳,1:男,3 
,,,,10_45～49歳,1:男,1 
,,,,,2:女,1 
,,,,12_55～59歳,1:男,2 
,,,,14_65～69歳,1:男,1 
,,,37：永住者の配偶者等,07_30～34歳,1:男,1 
,,04_178：メキシコ,36：日本人の配偶者等,08_35～39歳,1:男,1 
,,05_187：ブラジル,35：永住者,10_45～49歳,1:男,1 
,,,,15_70～74歳,2:女,1 
,,,36：日本人の配偶者等,11_50～54歳,1:男,1 
,,,38：定住者,06_25～29歳,1:男,1 
,,06_191：オーストラリア,15：教育,07_30～34歳,1:男,1 
,,,35：永住者,09_40～44歳,1:男,1 
,,,,11_50～54歳,1:男,1 
,,,,12_55～59歳,1:男,2 
,,,36：日本人の配偶者等,08_35～39歳,1:男,1 
,,,,,2:女,1 
,,,,14_65～69歳,2:女,1 
,,06_201：ニュージーランド,35：永住者,09_40～44歳,1:男,1 
,,07_000：無国籍,35：永住者,09_40～44歳,2:女,1 
43：熊本県,八代市,01_007：インド,16：技術・人文知識・国際業務,-,-,1 
,,,20：技能,-,-,1 
,,01_008：インドネシア,16：技術・人文知識・国際業務,-,-,10 
,,,21：特定技能１号,-,-,303 
,,,24：技能実習１号ロ,-,-,221 
,,,26：技能実習２号ロ,-,-,244 
,,,28：技能実習３号ロ,-,-,23 
,,,31：留学,-,-,3 
,,,33：家族滞在,-,-,1 
,,,34：特定活動,-,-,8 
,,,36：日本人の配偶者等,-,-,5 
,,01_011：韓国,16：技術・人文知識・国際業務,-,-,6 
,,,34：特定活動,-,-,1 
,,,35：永住者,-,-,3 
,,,36：日本人の配偶者等,-,-,6 
,,,39：特別永住者,-,-,21 
,,01_012：（朝鮮）,39：特別永住者,-,-,10 
,,01_014：カンボジア,16：技術・人文知識・国際業務,-,-,4 
,,,18：介護,-,-,8 
,,,21：特定技能１号,-,-,220 
,,,22：特定技能２号,-,-,4 
,,,24：技能実習１号ロ,-,-,102 
,,,26：技能実習２号ロ,-,-,173 
,,,28：技能実習３号ロ,-,-,39 
,,,31：留学,-,-,3 
,,,34：特定活動,-,-,23 
,,01_019：シンガポール,35：永住者,-,-,2 
,,01_020：スリランカ,21：特定技能１号,-,-,3 
,,,24：技能実習１号ロ,-,-,4 
,,,26：技能実習２号ロ,-,-,5 
,,,34：特定活動,-,-,3 
,,01_021：タイ,16：技術・人文知識・国際業務,-,-,2 
,,,18：介護,-,-,3 
,,,21：特定技能１号,-,-,23 
,,,24：技能実習１号ロ,-,-,8 
,,,26：技能実習２号ロ,-,-,22 
,,,28：技能実習３号ロ,-,-,1 
,,,31：留学,-,-,2 
,,,33：家族滞在,-,-,2 
,,,34：特定活動,-,-,3 
,,,35：永住者,-,-,4 
,,,36：日本人の配偶者等,-,-,4 
,,,38：定住者,-,-,1 
,,01_022：台湾,16：技術・人文知識・国際業務,-,-,3 
,,,17：企業内転勤,-,-,1 
,,,34：特定活動,-,-,1 
,,,35：永住者,-,-,4 
,,,37：永住者の配偶者等,-,-,1 
,,01_023：中国,08：高度専門職１号ロ,-,-,1 
,,,11：経営・管理,-,-,2 
,,,16：技術・人文知識・国際業務,-,-,16 
,,,20：技能,-,-,2 
,,,21：特定技能１号,-,-,31 
,,,22：特定技能２号,-,-,4 
,,,24：技能実習１号ロ,-,-,12 
,,,26：技能実習２号ロ,-,-,21 
,,,28：技能実習３号ロ,-,-,5 
,,,31：留学,-,-,2 
,,,33：家族滞在,-,-,9 
,,,34：特定活動,-,-,2 
,,,35：永住者,-,-,90 
,,,36：日本人の配偶者等,-,-,17 
,,,37：永住者の配偶者等,-,-,5 
,,,38：定住者,-,-,16 
,,01_028：ネパール,16：技術・人文知識・国際業務,-,-,10 
,,,20：技能,-,-,2 
,,,21：特定技能１号,-,-,4 
,,,33：家族滞在,-,-,5 
,,01_030：パキスタン,11：経営・管理,-,-,1 
,,,24：技能実習１号ロ,-,-,2 
,,01_032：バングラデシュ,24：技能実習１号ロ,-,-,2 
,,,26：技能実習２号ロ,-,-,3 
,,01_034：フィリピン,15：教育,-,-,1 
,,,16：技術・人文知識・国際業務,-,-,24 
,,,21：特定技能１号,-,-,399 
,,,22：特定技能２号,-,-,3 
,,,24：技能実習１号ロ,-,-,302 
,,,26：技能実習２号ロ,-,-,439 
,,,28：技能実習３号ロ,-,-,69 
,,,33：家族滞在,-,-,12 
,,,34：特定活動,-,-,6 
,,,35：永住者,-,-,90 
,,,36：日本人の配偶者等,-,-,38 
,,,37：永住者の配偶者等,-,-,1 
,,,38：定住者,-,-,32 
,,01_037：ベトナム,11：経営・管理,-,-,1 
,,,16：技術・人文知識・国際業務,-,-,68 
,,,21：特定技能１号,-,-,500 
,,,22：特定技能２号,-,-,13 
,,,24：技能実習１号ロ,-,-,124 
,,,26：技能実習２号ロ,-,-,234 
,,,28：技能実習３号ロ,-,-,26 
,,,33：家族滞在,-,-,23 
,,,34：特定活動,-,-,26 
,,,35：永住者,-,-,8 
,,,36：日本人の配偶者等,-,-,7 
,,,38：定住者,-,-,2 
,,01_038：マレーシア,16：技術・人文知識・国際業務,-,-,2 
,,,31：留学,-,-,3 
,,01_039：ミャンマー,16：技術・人文知識・国際業務,-,-,6 
,,,21：特定技能１号,-,-,96 
,,,24：技能実習１号ロ,-,-,9 
,,,26：技能実習２号ロ,-,-,42 
,,,28：技能実習３号ロ,-,-,1 
,,01_041：モンゴル,35：永住者,-,-,2 
,,,36：日本人の配偶者等,-,-,1 
,,,37：永住者の配偶者等,-,-,1 
,,01_043：ラオス,31：留学,-,-,1 
,,02_046：アイルランド,35：永住者,-,-,1 
,,02_054：英国,15：教育,-,-,2 
,,,35：永住者,-,-,2 
,,02_062：キルギス,34：特定活動,-,-,1 
,,02_075：チェコ,36：日本人の配偶者等,-,-,1 
,,02_078：ドイツ,36：日本人の配偶者等,-,-,1 
,,02_084：フランス,34：特定活動,-,-,1 
,,02_101：ロシア,36：日本人の配偶者等,-,-,1 
,,03_136：ナイジェリア,16：技術・人文知識・国際業務,-,-,1 
,,03_146：南アフリカ共和国,35：永住者,-,-,1 
,,04_158：カナダ,35：永住者,-,-,2 
,,04_175：米国,15：教育,-,-,13 
,,,16：技術・人文知識・国際業務,-,-,1 
,,,35：永住者,-,-,1 
,,,36：日本人の配偶者等,-,-,3 
,,05_187：ブラジル,35：永住者,-,-,7 
,,,38：定住者,-,-,4 
,,06_191：オーストラリア,15：教育,-,-,1 
,,,35：永住者,-,-,2 
,,06_204：パラオ,36：日本人の配偶者等,-,-,1 
43：熊本県,人吉市,01_007：インド,21：特定技能１号,-,-,4 
,,01_008：インドネシア,21：特定技能１号,-,-,24 
,,,24：技能実習１号ロ,-,-,18 
,,,26：技能実習２号ロ,-,-,18 
,,,34：特定活動,-,-,8 
,,,36：日本人の配偶者等,-,-,2 
,,01_011：韓国,11：経営・管理,-,-,1 
,,,35：永住者,-,-,1 
,,,39：特別永住者,-,-,6 
,,01_014：カンボジア,16：技術・人文知識・国際業務,-,-,1 
,,,24：技能実習１号ロ,-,-,1 
,,,26：技能実習２号ロ,-,-,6 
,,,28：技能実習３号ロ,-,-,6 
,,01_020：スリランカ,21：特定技能１号,-,-,1 
,,,24：技能実習１号ロ,-,-,2 
,,01_021：タイ,24：技能実習１号ロ,-,-,2 
,,,35：永住者,-,-,1 
,,01_022：台湾,11：経営・管理,-,-,2 
,,,16：技術・人文知識・国際業務,-,-,3 
,,,21：特定技能１号,-,-,1 
,,,33：家族滞在,-,-,2 
,,,34：特定活動,-,-,1 
,,,36：日本人の配偶者等,-,-,1 
,,01_023：中国,11：経営・管理,-,-,2 
,,,16：技術・人文知識・国際業務,-,-,5 
,,,21：特定技能１号,-,-,1 
,,,33：家族滞在,-,-,4 
,,,35：永住者,-,-,2 
,,,36：日本人の配偶者等,-,-,2 
,,01_028：ネパール,16：技術・人文知識・国際業務,-,-,16 
,,,20：技能,-,-,2 
,,,24：技能実習１号ロ,-,-,3 
,,,33：家族滞在,-,-,9 
,,01_034：フィリピン,15：教育,-,-,2 
,,,21：特定技能１号,-,-,5 
,,,24：技能実習１号ロ,-,-,3 
,,,26：技能実習２号ロ,-,-,3 
,,,33：家族滞在,-,-,3 
,,,35：永住者,-,-,23 
,,,36：日本人の配偶者等,-,-,4 
,,,38：定住者,-,-,5 
,,01_037：ベトナム,16：技術・人文知識・国際業務,-,-,7 
,,,21：特定技能１号,-,-,10 
,,,24：技能実習１号ロ,-,-,21 
,,,26：技能実習２号ロ,-,-,43 
,,,28：技能実習３号ロ,-,-,5 
,,,31：留学,-,-,1 
,,,33：家族滞在,-,-,5 
,,,34：特定活動,-,-,7 
,,,36：日本人の配偶者等,-,-,3 
,,01_039：ミャンマー,21：特定技能１号,-,-,20 
,,,24：技能実習１号ロ,-,-,3 
,,,26：技能実習２号ロ,-,-,34 
,,,36：日本人の配偶者等,-,-,1 
,,01_041：モンゴル,26：技能実習２号ロ,-,-,1 
,,02_054：英国,35：永住者,-,-,1 
,,02_099：ルーマニア,35：永住者,-,-,1 
,,03_137：ナミビア,35：永住者,-,-,1 
,,04_158：カナダ,36：日本人の配偶者等,-,-,1 
,,04_175：米国,15：教育,-,-,4 
,,,16：技術・人文知識・国際業務,-,-,1 
,,,35：永住者,-,-,1 
,,,36：日本人の配偶者等,-,-,3 
,,05_187：ブラジル,35：永住者,-,-,2 
,,06_191：オーストラリア,15：教育,-,-,1 
,,,35：永住者,-,-,1 
,,,36：日本人の配偶者等,-,-,1 
43：熊本県,荒尾市,01_007：インド,21：特定技能１号,-,-,1 
,,,26：技能実習２号ロ,-,-,1 
,,01_008：インドネシア,16：技術・人文知識・国際業務,-,-,2 
,,,21：特定技能１号,-,-,37 
,,,24：技能実習１号ロ,-,-,7 
,,,26：技能実習２号ロ,-,-,15 
,,,31：留学,-,-,1 
,,,33：家族滞在,-,-,1 
,,,34：特定活動,-,-,6 
,,,35：永住者,-,-,2 
,,01_011：韓国,05：宗教,-,-,2 
,,,16：技術・人文知識・国際業務,-,-,3 
,,,34：特定活動,-,-,1 
,,,35：永住者,-,-,10 
,,,36：日本人の配偶者等,-,-,1 
,,,39：特別永住者,-,-,19 
,,01_012：（朝鮮）,39：特別永住者,-,-,1 
,,01_014：カンボジア,16：技術・人文知識・国際業務,-,-,1 
,,,21：特定技能１号,-,-,3 
,,,24：技能実習１号ロ,-,-,5 
,,,26：技能実習２号ロ,-,-,3 
,,01_020：スリランカ,16：技術・人文知識・国際業務,-,-,8 
,,,33：家族滞在,-,-,1 
,,01_021：タイ,21：特定技能１号,-,-,8 
,,,24：技能実習１号ロ,-,-,3 
,,,26：技能実習２号ロ,-,-,3 
,,,31：留学,-,-,1 
,,,36：日本人の配偶者等,-,-,1 
,,01_022：台湾,16：技術・人文知識・国際業務,-,-,1 
,,01_023：中国,11：経営・管理,-,-,1 
,,,16：技術・人文知識・国際業務,-,-,4 
,,,20：技能,-,-,4 
,,,21：特定技能１号,-,-,1 
,,,33：家族滞在,-,-,2 
,,,35：永住者,-,-,21 
,,,36：日本人の配偶者等,-,-,5 
,,,37：永住者の配偶者等,-,-,2 
,,,38：定住者,-,-,4 
,,01_028：ネパール,16：技術・人文知識・国際業務,-,-,20 
,,,35：永住者,-,-,1 
,,01_030：パキスタン,11：経営・管理,-,-,2 
,,,16：技術・人文知識・国際業務,-,-,8 
,,,20：技能,-,-,1 
,,,33：家族滞在,-,-,3 
,,,34：特定活動,-,-,1 
,,01_034：フィリピン,16：技術・人文知識・国際業務,-,-,2 
,,,21：特定技能１号,-,-,28 
,,,22：特定技能２号,-,-,2 
,,,24：技能実習１号ロ,-,-,17 
,,,26：技能実習２号ロ,-,-,23 
,,,33：家族滞在,-,-,3 
,,,34：特定活動,-,-,1 
,,,35：永住者,-,-,24 
,,,36：日本人の配偶者等,-,-,8 
,,,38：定住者,-,-,9 
,,01_037：ベトナム,16：技術・人文知識・国際業務,-,-,3 
,,,21：特定技能１号,-,-,26 
,,,22：特定技能２号,-,-,4 
,,,24：技能実習１号ロ,-,-,13 
,,,26：技能実習２号ロ,-,-,21 
,,,28：技能実習３号ロ,-,-,2 
,,,34：特定活動,-,-,1 
,,,35：永住者,-,-,1 
,,,36：日本人の配偶者等,-,-,1 
,,01_038：マレーシア,35：永住者,-,-,1 
,,,36：日本人の配偶者等,-,-,1 
,,01_039：ミャンマー,16：技術・人文知識・国際業務,-,-,5 
,,,17：企業内転勤,-,-,2 
,,,21：特定技能１号,-,-,12 
,,,24：技能実習１号ロ,-,-,10 
,,,26：技能実習２号ロ,-,-,41 
,,,28：技能実習３号ロ,-,-,5 
,,,33：家族滞在,-,-,2 
,,,34：特定活動,-,-,7 
,,,35：永住者,-,-,1 
,,01_043：ラオス,26：技能実習２号ロ,-,-,5 
,,02_046：アイルランド,16：技術・人文知識・国際業務,-,-,1 
,,02_051：イタリア,36：日本人の配偶者等,-,-,1 
,,02_053：ウズベキスタン,21：特定技能１号,-,-,1 
,,,34：特定活動,-,-,1 
,,02_054：英国,35：永住者,-,-,1 
,,,36：日本人の配偶者等,-,-,1 
,,02_068：スウェーデン,38：定住者,-,-,1 
,,02_078：ドイツ,36：日本人の配偶者等,-,-,1 
,,02_101：ロシア,35：永住者,-,-,2 
,,,36：日本人の配偶者等,-,-,1 
,,03_116：ケニア,31：留学,-,-,1 
,,03_148：モーリシャス,35：永住者,-,-,1 
,,04_158：カナダ,15：教育,-,-,3 
,,,36：日本人の配偶者等,-,-,1 
,,04_175：米国,15：教育,-,-,2 
,,,36：日本人の配偶者等,-,-,1 
,,05_187：ブラジル,38：定住者,-,-,1 
,,06_191：オーストラリア,15：教育,-,-,1 
,,,36：日本人の配偶者等,-,-,1 
43：熊本県,水俣市,01_008：インドネシア,21：特定技能１号,-,-,35 
,,,24：技能実習１号ロ,-,-,5 
,,,26：技能実習２号ロ,-,-,4 
,,,35：永住者,-,-,1 
,,01_011：韓国,35：永住者,-,-,4 
,,,38：定住者,-,-,1 
,,,39：特別永住者,-,-,7 
,,01_012：（朝鮮）,39：特別永住者,-,-,3 
,,01_014：カンボジア,21：特定技能１号,-,-,2 
,,01_020：スリランカ,16：技術・人文知識・国際業務,-,-,1 
,,,21：特定技能１号,-,-,4 
,,,24：技能実習１号ロ,-,-,10 
,,,26：技能実習２号ロ,-,-,13 
,,01_021：タイ,24：技能実習１号ロ,-,-,1 
,,,26：技能実習２号ロ,-,-,1 
,,,36：日本人の配偶者等,-,-,2 
,,01_023：中国,16：技術・人文知識・国際業務,-,-,1 
,,,35：永住者,-,-,1 
,,,36：日本人の配偶者等,-,-,1 
,,01_028：ネパール,16：技術・人文知識・国際業務,-,-,1 
,,,21：特定技能１号,-,-,1 
,,01_030：パキスタン,11：経営・管理,-,-,1 
,,01_034：フィリピン,15：教育,-,-,1 
,,,16：技術・人文知識・国際業務,-,-,1 
,,,21：特定技能１号,-,-,4 
,,,26：技能実習２号ロ,-,-,2 
,,,35：永住者,-,-,27 
,,,36：日本人の配偶者等,-,-,1 
,,01_037：ベトナム,21：特定技能１号,-,-,1 
,,,24：技能実習１号ロ,-,-,5 
,,,26：技能実習２号ロ,-,-,3 
,,,28：技能実習３号ロ,-,-,4 
,,,34：特定活動,-,-,2 
,,01_039：ミャンマー,16：技術・人文知識・国際業務,-,-,2 
,,,21：特定技能１号,-,-,18 
,,,26：技能実習２号ロ,-,-,5 
,,,33：家族滞在,-,-,1 
,,,34：特定活動,-,-,2 
,,,35：永住者,-,-,1 
,,02_054：英国,15：教育,-,-,1 
,,02_062：キルギス,16：技術・人文知識・国際業務,-,-,1 
,,04_158：カナダ,15：教育,-,-,1 
,,04_175：米国,15：教育,-,-,2 
,,,16：技術・人文知識・国際業務,-,-,2 
,,,33：家族滞在,-,-,3 
,,,36：日本人の配偶者等,-,-,2 
,,05_187：ブラジル,35：永住者,-,-,1 
43：熊本県,玉名市,01_007：インド,16：技術・人文知識・国際業務,-,-,2 
,,,20：技能,-,-,2 
,,,21：特定技能１号,-,-,7 
,,,26：技能実習２号ロ,-,-,2 
,,,34：特定活動,-,-,1 
,,01_008：インドネシア,16：技術・人文知識・国際業務,-,-,7 
,,,21：特定技能１号,-,-,226 
,,,24：技能実習１号ロ,-,-,70 
,,,26：技能実習２号ロ,-,-,104 
,,,28：技能実習３号ロ,-,-,3 
,,,33：家族滞在,-,-,6 
,,,34：特定活動,-,-,23 
,,,35：永住者,-,-,3 
,,,36：日本人の配偶者等,-,-,4 
,,,38：定住者,-,-,1 
,,01_011：韓国,35：永住者,-,-,5 
,,,36：日本人の配偶者等,-,-,1 
,,,39：特別永住者,-,-,9 
,,01_012：（朝鮮）,39：特別永住者,-,-,1 
,,01_014：カンボジア,21：特定技能１号,-,-,45 
,,,24：技能実習１号ロ,-,-,20 
,,,26：技能実習２号ロ,-,-,44 
,,,28：技能実習３号ロ,-,-,8 
,,,34：特定活動,-,-,5 
,,01_020：スリランカ,16：技術・人文知識・国際業務,-,-,3 
,,,21：特定技能１号,-,-,3 
,,,24：技能実習１号ロ,-,-,3 
,,,33：家族滞在,-,-,1 
,,01_021：タイ,16：技術・人文知識・国際業務,-,-,2 
,,,21：特定技能１号,-,-,20 
,,,24：技能実習１号ロ,-,-,10 
,,,26：技能実習２号ロ,-,-,24 
,,,28：技能実習３号ロ,-,-,3 
,,,35：永住者,-,-,2 
,,,36：日本人の配偶者等,-,-,1 
,,01_022：台湾,16：技術・人文知識・国際業務,-,-,1 
,,,20：技能,-,-,1 
,,,36：日本人の配偶者等,-,-,1 
,,01_023：中国,11：経営・管理,-,-,1 
,,,16：技術・人文知識・国際業務,-,-,2 
,,,21：特定技能１号,-,-,7 
,,,31：留学,-,-,1 
,,,33：家族滞在,-,-,3 
,,,34：特定活動,-,-,1 
,,,35：永住者,-,-,18 
,,,36：日本人の配偶者等,-,-,2 
,,,37：永住者の配偶者等,-,-,1 
,,,38：定住者,-,-,2 
,,01_028：ネパール,11：経営・管理,-,-,1 
,,,16：技術・人文知識・国際業務,-,-,16 
,,,18：介護,-,-,1 
,,,20：技能,-,-,2 
,,,21：特定技能１号,-,-,17 
,,,33：家族滞在,-,-,7 
,,01_030：パキスタン,11：経営・管理,-,-,1 
,,,16：技術・人文知識・国際業務,-,-,2 
,,01_032：バングラデシュ,16：技術・人文知識・国際業務,-,-,2 
,,,24：技能実習１号ロ,-,-,2 
,,,33：家族滞在,-,-,4 
,,01_034：フィリピン,21：特定技能１号,-,-,51 
,,,22：特定技能２号,-,-,1 
,,,24：技能実習１号ロ,-,-,9 
,,,26：技能実習２号ロ,-,-,27 
,,,28：技能実習３号ロ,-,-,5 
,,,35：永住者,-,-,23 
,,,36：日本人の配偶者等,-,-,7 
,,,38：定住者,-,-,3 
,,01_037：ベトナム,11：経営・管理,-,-,1 
,,,16：技術・人文知識・国際業務,-,-,8 
,,,21：特定技能１号,-,-,210 
,,,22：特定技能２号,-,-,6 
,,,24：技能実習１号ロ,-,-,78 
,,,26：技能実習２号ロ,-,-,124 
,,,28：技能実習３号ロ,-,-,21 
,,,33：家族滞在,-,-,2 
,,,34：特定活動,-,-,25 
,,,35：永住者,-,-,4 
,,,37：永住者の配偶者等,-,-,1 
,,,38：定住者,-,-,1 
,,01_038：マレーシア,36：日本人の配偶者等,-,-,1 
,,01_039：ミャンマー,16：技術・人文知識・国際業務,-,-,4 
,,,18：介護,-,-,4 
,,,21：特定技能１号,-,-,33 
,,,24：技能実習１号ロ,-,-,25 
,,,26：技能実習２号ロ,-,-,53 
,,,33：家族滞在,-,-,2 
,,,34：特定活動,-,-,10 
,,,35：永住者,-,-,1 
,,02_054：英国,15：教育,-,-,1 
,,,35：永住者,-,-,2 
,,,36：日本人の配偶者等,-,-,2 
,,02_088：ポーランド,35：永住者,-,-,1 
,,04_158：カナダ,35：永住者,-,-,1 
,,,36：日本人の配偶者等,-,-,2 
,,04_175：米国,15：教育,-,-,10 
,,,33：家族滞在,-,-,1 
,,,35：永住者,-,-,3 
,,,36：日本人の配偶者等,-,-,2 
,,05_187：ブラジル,35：永住者,-,-,1 
43：熊本県,山鹿市,01_007：インド,16：技術・人文知識・国際業務,-,-,2 
,,01_008：インドネシア,21：特定技能１号,-,-,46 
,,,24：技能実習１号ロ,-,-,9 
,,,26：技能実習２号ロ,-,-,37 
,,,28：技能実習３号ロ,-,-,1 
,,,34：特定活動,-,-,5 
,,,35：永住者,-,-,2 
,,,36：日本人の配偶者等,-,-,1 
,,01_011：韓国,16：技術・人文知識・国際業務,-,-,2 
,,,20：技能,-,-,1 
,,,35：永住者,-,-,7 
,,,36：日本人の配偶者等,-,-,3 
,,,39：特別永住者,-,-,5 
,,01_014：カンボジア,21：特定技能１号,-,-,9 
,,,26：技能実習２号ロ,-,-,15 
,,,34：特定活動,-,-,2 
,,01_019：シンガポール,35：永住者,-,-,1 
,,01_020：スリランカ,21：特定技能１号,-,-,7 
,,01_021：タイ,16：技術・人文知識・国際業務,-,-,2 
,,,21：特定技能１号,-,-,1 
,,,26：技能実習２号ロ,-,-,8 
,,,35：永住者,-,-,1 
,,01_022：台湾,16：技術・人文知識・国際業務,-,-,2 
,,,35：永住者,-,-,1 
,,,36：日本人の配偶者等,-,-,2 
,,01_023：中国,11：経営・管理,-,-,2 
,,,16：技術・人文知識・国際業務,-,-,1 
,,,20：技能,-,-,2 
,,,21：特定技能１号,-,-,2 
,,,26：技能実習２号ロ,-,-,1 
,,,33：家族滞在,-,-,7 
,,,35：永住者,-,-,23 
,,,36：日本人の配偶者等,-,-,3 
,,,37：永住者の配偶者等,-,-,1 
,,01_028：ネパール,11：経営・管理,-,-,1 
,,,16：技術・人文知識・国際業務,-,-,2 
,,,20：技能,-,-,3 
,,,21：特定技能１号,-,-,7 
,,,24：技能実習１号ロ,-,-,4 
,,,33：家族滞在,-,-,2 
,,01_034：フィリピン,15：教育,-,-,2 
,,,21：特定技能１号,-,-,29 
,,,24：技能実習１号ロ,-,-,5 
,,,26：技能実習２号ロ,-,-,18 
,,,28：技能実習３号ロ,-,-,6 
,,,33：家族滞在,-,-,2 
,,,35：永住者,-,-,43 
,,,36：日本人の配偶者等,-,-,12 
,,,37：永住者の配偶者等,-,-,2 
,,,38：定住者,-,-,9 
,,01_037：ベトナム,16：技術・人文知識・国際業務,-,-,10 
,,,21：特定技能１号,-,-,48 
,,,22：特定技能２号,-,-,1 
,,,24：技能実習１号ロ,-,-,36 
,,,26：技能実習２号ロ,-,-,47 
,,,28：技能実習３号ロ,-,-,7 
,,,31：留学,-,-,1 
,,,33：家族滞在,-,-,5 
,,,34：特定活動,-,-,4 
,,,36：日本人の配偶者等,-,-,1 
,,,38：定住者,-,-,2 
,,01_038：マレーシア,35：永住者,-,-,1 
,,01_039：ミャンマー,21：特定技能１号,-,-,31 
,,,24：技能実習１号ロ,-,-,13 
,,,26：技能実習２号ロ,-,-,20 
,,,34：特定活動,-,-,4 
,,,35：永住者,-,-,1 
,,,36：日本人の配偶者等,-,-,1 
,,01_043：ラオス,24：技能実習１号ロ,-,-,1 
,,02_054：英国,15：教育,-,-,2 
,,,35：永住者,-,-,3 
,,02_077：デンマーク,34：特定活動,-,-,1 
,,02_084：フランス,36：日本人の配偶者等,-,-,1 
,,03_107：エチオピア,36：日本人の配偶者等,-,-,1 
,,03_146：南アフリカ共和国,15：教育,-,-,1 
,,04_158：カナダ,35：永住者,-,-,1 
,,,36：日本人の配偶者等,-,-,1 
,,04_175：米国,15：教育,-,-,2 
,,,16：技術・人文知識・国際業務,-,-,1 
,,,35：永住者,-,-,3 
,,,36：日本人の配偶者等,-,-,3 
,,05_187：ブラジル,35：永住者,-,-,5 
,,,38：定住者,-,-,3 
,,06_191：オーストラリア,35：永住者,-,-,1 
,,,36：日本人の配偶者等,-,-,1 
,,06_201：ニュージーランド,36：日本人の配偶者等,-,-,1 
43：熊本県,菊池市,01_007：インド,16：技術・人文知識・国際業務,-,-,1 
,,,20：技能,-,-,2 
,,01_008：インドネシア,16：技術・人文知識・国際業務,-,-,3 
,,,21：特定技能１号,-,-,65 
,,,24：技能実習１号ロ,-,-,55 
,,,26：技能実習２号ロ,-,-,88 
,,,28：技能実習３号ロ,-,-,9 
,,,34：特定活動,-,-,4 
,,01_011：韓国,35：永住者,-,-,5 
,,,36：日本人の配偶者等,-,-,2 
,,,39：特別永住者,-,-,10 
,,01_012：（朝鮮）,39：特別永住者,-,-,3 
,,01_014：カンボジア,21：特定技能１号,-,-,3 
,,,24：技能実習１号ロ,-,-,5 
,,,26：技能実習２号ロ,-,-,12 
,,,34：特定活動,-,-,1 
,,,36：日本人の配偶者等,-,-,1 
,,01_020：スリランカ,16：技術・人文知識・国際業務,-,-,2 
,,,21：特定技能１号,-,-,7 
,,01_021：タイ,21：特定技能１号,-,-,12 
,,,24：技能実習１号ロ,-,-,11 
,,,26：技能実習２号ロ,-,-,27 
,,,28：技能実習３号ロ,-,-,2 
,,,34：特定活動,-,-,5 
,,,35：永住者,-,-,1 
,,,36：日本人の配偶者等,-,-,1 
,,01_022：台湾,08：高度専門職１号ロ,-,-,2 
,,,11：経営・管理,-,-,1 
,,,16：技術・人文知識・国際業務,-,-,8 
,,,17：企業内転勤,-,-,13 
,,,33：家族滞在,-,-,2 
,,,34：特定活動,-,-,2 
,,,35：永住者,-,-,1 
,,,36：日本人の配偶者等,-,-,2 
,,01_023：中国,16：技術・人文知識・国際業務,-,-,6 
,,,20：技能,-,-,2 
,,,21：特定技能１号,-,-,2 
,,,26：技能実習２号ロ,-,-,3 
,,,33：家族滞在,-,-,3 
,,,35：永住者,-,-,29 
,,,36：日本人の配偶者等,-,-,4 
,,,37：永住者の配偶者等,-,-,7 
,,,38：定住者,-,-,2 
,,01_028：ネパール,16：技術・人文知識・国際業務,-,-,14 
,,,21：特定技能１号,-,-,11 
,,,24：技能実習１号ロ,-,-,7 
,,,26：技能実習２号ロ,-,-,5 
,,,33：家族滞在,-,-,7 
,,01_030：パキスタン,16：技術・人文知識・国際業務,-,-,1 
,,,35：永住者,-,-,6 
,,01_032：バングラデシュ,16：技術・人文知識・国際業務,-,-,1 
,,,21：特定技能１号,-,-,1 
,,01_034：フィリピン,21：特定技能１号,-,-,65 
,,,22：特定技能２号,-,-,1 
,,,24：技能実習１号ロ,-,-,24 
,,,26：技能実習２号ロ,-,-,53 
,,,28：技能実習３号ロ,-,-,35 
,,,34：特定活動,-,-,1 
,,,35：永住者,-,-,55 
,,,36：日本人の配偶者等,-,-,15 
,,,37：永住者の配偶者等,-,-,2 
,,,38：定住者,-,-,16 
,,01_037：ベトナム,11：経営・管理,-,-,1 
,,,16：技術・人文知識・国際業務,-,-,67 
,,,21：特定技能１号,-,-,217 
,,,22：特定技能２号,-,-,7 
,,,24：技能実習１号ロ,-,-,89 
,,,26：技能実習２号ロ,-,-,323 
,,,33：家族滞在,-,-,35 
,,,34：特定活動,-,-,30 
,,,35：永住者,-,-,5 
,,,36：日本人の配偶者等,-,-,7 
,,01_039：ミャンマー,16：技術・人文知識・国際業務,-,-,2 
,,,21：特定技能１号,-,-,12 
,,,24：技能実習１号ロ,-,-,20 
,,,26：技能実習２号ロ,-,-,27 
,,,34：特定活動,-,-,4 
,,,36：日本人の配偶者等,-,-,2 
,,,38：定住者,-,-,1 
,,01_041：モンゴル,26：技能実習２号ロ,-,-,1 
,,02_051：イタリア,35：永住者,-,-,2 
,,02_054：英国,35：永住者,-,-,4 
,,,37：永住者の配偶者等,-,-,1 
,,02_084：フランス,35：永住者,-,-,1 
,,03_125：ジンバブエ,15：教育,-,-,1 
,,03_146：南アフリカ共和国,15：教育,-,-,1 
,,03_154：ルワンダ,15：教育,-,-,1 
,,04_158：カナダ,16：技術・人文知識・国際業務,-,-,1 
,,,35：永住者,-,-,1 
,,04_175：米国,35：永住者,-,-,9 
,,,36：日本人の配偶者等,-,-,2 
,,06_191：オーストラリア,36：日本人の配偶者等,-,-,1 
,,06_201：ニュージーランド,36：日本人の配偶者等,-,-,1 
43：熊本県,宇土市,01_008：インドネシア,16：技術・人文知識・国際業務,-,-,1 
,,,21：特定技能１号,-,-,52 
,,,24：技能実習１号ロ,-,-,29 
,,,26：技能実習２号ロ,-,-,15 
,,,28：技能実習３号ロ,-,-,2 
,,,34：特定活動,-,-,5 
,,,36：日本人の配偶者等,-,-,1 
,,,38：定住者,-,-,3 
,,01_011：韓国,05：宗教,-,-,1 
,,,33：家族滞在,-,-,4 
,,,35：永住者,-,-,1 
,,,36：日本人の配偶者等,-,-,1 
,,,39：特別永住者,-,-,2 
,,01_014：カンボジア,16：技術・人文知識・国際業務,-,-,2 
,,,21：特定技能１号,-,-,10 
,,,24：技能実習１号ロ,-,-,3 
,,,26：技能実習２号ロ,-,-,6 
,,,33：家族滞在,-,-,1 
,,01_018：シリア,16：技術・人文知識・国際業務,-,-,2 
,,,34：特定活動,-,-,6 
,,,38：定住者,-,-,9 
,,01_020：スリランカ,21：特定技能１号,-,-,2 
,,,26：技能実習２号ロ,-,-,3 
,,,36：日本人の配偶者等,-,-,1 
,,01_021：タイ,24：技能実習１号ロ,-,-,2 
,,,28：技能実習３号ロ,-,-,1 
,,,35：永住者,-,-,1 
,,01_022：台湾,35：永住者,-,-,1 
,,01_023：中国,11：経営・管理,-,-,2 
,,,16：技術・人文知識・国際業務,-,-,2 
,,,20：技能,-,-,1 
,,,33：家族滞在,-,-,4 
,,,35：永住者,-,-,13 
,,,36：日本人の配偶者等,-,-,2 
,,,38：定住者,-,-,1 
,,01_028：ネパール,16：技術・人文知識・国際業務,-,-,3 
,,,20：技能,-,-,2 
,,,21：特定技能１号,-,-,12 
,,,24：技能実習１号ロ,-,-,20 
,,,26：技能実習２号ロ,-,-,9 
,,,33：家族滞在,-,-,5 
,,01_030：パキスタン,11：経営・管理,-,-,3 
,,,16：技術・人文知識・国際業務,-,-,2 
,,,33：家族滞在,-,-,17 
,,01_034：フィリピン,15：教育,-,-,1 
,,,21：特定技能１号,-,-,2 
,,,26：技能実習２号ロ,-,-,3 
,,,33：家族滞在,-,-,1 
,,,34：特定活動,-,-,1 
,,,35：永住者,-,-,8 
,,,36：日本人の配偶者等,-,-,7 
,,,38：定住者,-,-,8 
,,01_037：ベトナム,16：技術・人文知識・国際業務,-,-,10 
,,,21：特定技能１号,-,-,73 
,,,22：特定技能２号,-,-,3 
,,,24：技能実習１号ロ,-,-,15 
,,,26：技能実習２号ロ,-,-,55 
,,,28：技能実習３号ロ,-,-,2 
,,,33：家族滞在,-,-,4 
,,,34：特定活動,-,-,2 
,,,35：永住者,-,-,6 
,,,36：日本人の配偶者等,-,-,2 
,,01_039：ミャンマー,21：特定技能１号,-,-,1 
,,,24：技能実習１号ロ,-,-,1 
,,,26：技能実習２号ロ,-,-,28 
,,,36：日本人の配偶者等,-,-,1 
,,01_043：ラオス,24：技能実習１号ロ,-,-,3 
,,02_054：英国,15：教育,-,-,1 
,,02_088：ポーランド,35：永住者,-,-,2 
,,02_101：ロシア,36：日本人の配偶者等,-,-,1 
,,03_146：南アフリカ共和国,15：教育,-,-,1 
,,04_158：カナダ,15：教育,-,-,2 
,,04_163：ジャマイカ,36：日本人の配偶者等,-,-,1 
,,04_175：米国,15：教育,-,-,4 
,,,35：永住者,-,-,1 
,,,36：日本人の配偶者等,-,-,2 
,,05_179：アルゼンチン,36：日本人の配偶者等,-,-,1 
,,05_187：ブラジル,35：永住者,-,-,1 
,,,36：日本人の配偶者等,-,-,1 
,,05_189：ペルー,35：永住者,-,-,1 
,,06_201：ニュージーランド,35：永住者,-,-,1 
43：熊本県,上天草市,01_008：インドネシア,21：特定技能１号,-,-,24 
,,,24：技能実習１号ロ,-,-,12 
,,,26：技能実習２号ロ,-,-,11 
,,,34：特定活動,-,-,4 
,,01_014：カンボジア,21：特定技能１号,-,-,2 
,,,24：技能実習１号ロ,-,-,5 
,,,26：技能実習２号ロ,-,-,8 
,,,34：特定活動,-,-,2 
,,01_020：スリランカ,16：技術・人文知識・国際業務,-,-,3 
,,01_021：タイ,21：特定技能１号,-,-,3 
,,01_023：中国,16：技術・人文知識・国際業務,-,-,2 
,,,20：技能,-,-,2 
,,,33：家族滞在,-,-,2 
,,,35：永住者,-,-,7 
,,01_028：ネパール,04：芸術,-,-,6 
,,,16：技術・人文知識・国際業務,-,-,2 
,,,21：特定技能１号,-,-,2 
,,01_034：フィリピン,19：興行,-,-,3 
,,,21：特定技能１号,-,-,13 
,,,26：技能実習２号ロ,-,-,3 
,,,35：永住者,-,-,12 
,,,36：日本人の配偶者等,-,-,3 
,,,38：定住者,-,-,2 
,,01_037：ベトナム,21：特定技能１号,-,-,19 
,,,24：技能実習１号ロ,-,-,10 
,,,26：技能実習２号ロ,-,-,12 
,,,28：技能実習３号ロ,-,-,1 
,,,34：特定活動,-,-,2 
,,,36：日本人の配偶者等,-,-,1 
,,01_039：ミャンマー,21：特定技能１号,-,-,6 
,,,24：技能実習１号ロ,-,-,3 
,,,26：技能実習２号ロ,-,-,12 
,,,28：技能実習３号ロ,-,-,1 
,,,34：特定活動,-,-,1 
,,,35：永住者,-,-,1 
,,02_054：英国,15：教育,-,-,1 
,,,35：永住者,-,-,1 
,,02_087：ベルギー,36：日本人の配偶者等,-,-,1 
,,04_158：カナダ,35：永住者,-,-,1 
,,04_162：コスタリカ,36：日本人の配偶者等,-,-,1 
,,04_175：米国,15：教育,-,-,4 
,,,36：日本人の配偶者等,-,-,3 
,,05_187：ブラジル,35：永住者,-,-,1 
,,06_191：オーストラリア,15：教育,-,-,1 
43：熊本県,宇城市,01_001：アフガニスタン,11：経営・管理,-,-,1 
,,,35：永住者,-,-,1 
,,01_007：インド,20：技能,-,-,2 
,,01_008：インドネシア,16：技術・人文知識・国際業務,-,-,5 
,,,21：特定技能１号,-,-,80 
,,,24：技能実習１号ロ,-,-,65 
,,,26：技能実習２号ロ,-,-,73 
,,,28：技能実習３号ロ,-,-,6 
,,,33：家族滞在,-,-,5 
,,,34：特定活動,-,-,10 
,,,36：日本人の配偶者等,-,-,1 
,,01_011：韓国,11：経営・管理,-,-,2 
,,,35：永住者,-,-,4 
,,,36：日本人の配偶者等,-,-,3 
,,,39：特別永住者,-,-,2 
,,01_012：（朝鮮）,39：特別永住者,-,-,4 
,,01_014：カンボジア,16：技術・人文知識・国際業務,-,-,3 
,,,21：特定技能１号,-,-,15 
,,,24：技能実習１号ロ,-,-,13 
,,,26：技能実習２号ロ,-,-,17 
,,,28：技能実習３号ロ,-,-,4 
,,,33：家族滞在,-,-,1 
,,,34：特定活動,-,-,5 
,,01_020：スリランカ,16：技術・人文知識・国際業務,-,-,18 
,,,21：特定技能１号,-,-,4 
,,,24：技能実習１号ロ,-,-,2 
,,,33：家族滞在,-,-,4 
,,01_021：タイ,36：日本人の配偶者等,-,-,1 
,,01_022：台湾,16：技術・人文知識・国際業務,-,-,1 
,,,35：永住者,-,-,1 
,,,36：日本人の配偶者等,-,-,1 
,,01_023：中国,11：経営・管理,-,-,1 
,,,16：技術・人文知識・国際業務,-,-,2 
,,,20：技能,-,-,1 
,,,21：特定技能１号,-,-,7 
,,,24：技能実習１号ロ,-,-,2 
,,,26：技能実習２号ロ,-,-,9 
,,,28：技能実習３号ロ,-,-,2 
,,,33：家族滞在,-,-,3 
,,,35：永住者,-,-,22 
,,,36：日本人の配偶者等,-,-,6 
,,,37：永住者の配偶者等,-,-,2 
,,,38：定住者,-,-,3 
,,01_028：ネパール,16：技術・人文知識・国際業務,-,-,17 
,,,18：介護,-,-,1 
,,,21：特定技能１号,-,-,7 
,,,24：技能実習１号ロ,-,-,4 
,,,26：技能実習２号ロ,-,-,1 
,,,28：技能実習３号ロ,-,-,1 
,,,33：家族滞在,-,-,11 
,,,34：特定活動,-,-,2 
,,01_030：パキスタン,11：経営・管理,-,-,2 
,,,16：技術・人文知識・国際業務,-,-,8 
,,,20：技能,-,-,1 
,,,33：家族滞在,-,-,11 
,,,35：永住者,-,-,1 
,,,37：永住者の配偶者等,-,-,1 
,,,38：定住者,-,-,10 
,,01_032：バングラデシュ,16：技術・人文知識・国際業務,-,-,6 
,,,24：技能実習１号ロ,-,-,3 
,,,26：技能実習２号ロ,-,-,4 
,,,33：家族滞在,-,-,8 
,,,34：特定活動,-,-,2 
,,01_034：フィリピン,16：技術・人文知識・国際業務,-,-,2 
,,,21：特定技能１号,-,-,53 
,,,24：技能実習１号ロ,-,-,32 
,,,26：技能実習２号ロ,-,-,39 
,,,34：特定活動,-,-,1 
,,,35：永住者,-,-,18 
,,,36：日本人の配偶者等,-,-,5 
,,,38：定住者,-,-,1 
,,01_037：ベトナム,08：高度専門職１号ロ,-,-,1 
,,,11：経営・管理,-,-,2 
,,,16：技術・人文知識・国際業務,-,-,47 
,,,21：特定技能１号,-,-,96 
,,,22：特定技能２号,-,-,2 
,,,24：技能実習１号ロ,-,-,38 
,,,26：技能実習２号ロ,-,-,109 
,,,28：技能実習３号ロ,-,-,23 
,,,33：家族滞在,-,-,12 
,,,34：特定活動,-,-,14 
,,,35：永住者,-,-,1 
,,,36：日本人の配偶者等,-,-,2 
,,01_039：ミャンマー,16：技術・人文知識・国際業務,-,-,1 
,,,21：特定技能１号,-,-,36 
,,,24：技能実習１号ロ,-,-,25 
,,,26：技能実習２号ロ,-,-,39 
,,02_054：英国,15：教育,-,-,1 
,,,35：永住者,-,-,1 
,,02_070：スロバキア,35：永住者,-,-,1 
,,02_078：ドイツ,36：日本人の配偶者等,-,-,1 
,,02_084：フランス,36：日本人の配偶者等,-,-,1 
,,02_099：ルーマニア,35：永住者,-,-,1 
,,02_101：ロシア,36：日本人の配偶者等,-,-,1 
,,03_104：ウガンダ,35：永住者,-,-,1 
,,03_136：ナイジェリア,35：永住者,-,-,1 
,,04_158：カナダ,35：永住者,-,-,2 
,,,36：日本人の配偶者等,-,-,1 
,,04_175：米国,15：教育,-,-,3 
,,,35：永住者,-,-,4 
,,05_187：ブラジル,35：永住者,-,-,5 
,,,36：日本人の配偶者等,-,-,1 
,,,37：永住者の配偶者等,-,-,1 
,,,38：定住者,-,-,4 
,,06_191：オーストラリア,35：永住者,-,-,1 
,,06_201：ニュージーランド,15：教育,-,-,1 
43：熊本県,阿蘇市,01_007：インド,20：技能,-,-,3 
,,,21：特定技能１号,-,-,1 
,,01_008：インドネシア,16：技術・人文知識・国際業務,-,-,1 
,,,21：特定技能１号,-,-,37 
,,,24：技能実習１号ロ,-,-,33 
,,,26：技能実習２号ロ,-,-,61 
,,,28：技能実習３号ロ,-,-,9 
,,,34：特定活動,-,-,5 
,,,36：日本人の配偶者等,-,-,1 
,,01_011：韓国,16：技術・人文知識・国際業務,-,-,2 
,,,34：特定活動,-,-,1 
,,,35：永住者,-,-,1 
,,,39：特別永住者,-,-,4 
,,01_012：（朝鮮）,39：特別永住者,-,-,1 
,,01_014：カンボジア,16：技術・人文知識・国際業務,-,-,2 
,,,17：企業内転勤,-,-,1 
,,,21：特定技能１号,-,-,70 
,,,22：特定技能２号,-,-,4 
,,,24：技能実習１号ロ,-,-,35 
,,,26：技能実習２号ロ,-,-,48 
,,,33：家族滞在,-,-,1 
,,,34：特定活動,-,-,1 
,,,36：日本人の配偶者等,-,-,1 
,,01_019：シンガポール,36：日本人の配偶者等,-,-,1 
,,01_020：スリランカ,16：技術・人文知識・国際業務,-,-,2 
,,,21：特定技能１号,-,-,17 
,,,33：家族滞在,-,-,1 
,,01_021：タイ,21：特定技能１号,-,-,4 
,,01_022：台湾,11：経営・管理,-,-,1 
,,,16：技術・人文知識・国際業務,-,-,1 
,,,34：特定活動,-,-,5 
,,,36：日本人の配偶者等,-,-,1 
,,,39：特別永住者,-,-,1 
,,01_023：中国,04：芸術,-,-,1 
,,,16：技術・人文知識・国際業務,-,-,9 
,,,21：特定技能１号,-,-,5 
,,,34：特定活動,-,-,4 
,,,35：永住者,-,-,20 
,,,36：日本人の配偶者等,-,-,4 
,,,38：定住者,-,-,1 
,,,39：特別永住者,-,-,1 
,,01_028：ネパール,16：技術・人文知識・国際業務,-,-,25 
,,,18：介護,-,-,1 
,,,20：技能,-,-,3 
,,,21：特定技能１号,-,-,18 
,,,24：技能実習１号ロ,-,-,8 
,,,33：家族滞在,-,-,16 
,,,34：特定活動,-,-,3 
,,,35：永住者,-,-,1 
,,,36：日本人の配偶者等,-,-,1 
,,,37：永住者の配偶者等,-,-,1 
,,,38：定住者,-,-,2 
,,01_030：パキスタン,11：経営・管理,-,-,2 
,,,16：技術・人文知識・国際業務,-,-,1 
,,,36：日本人の配偶者等,-,-,1 
,,01_032：バングラデシュ,34：特定活動,-,-,1 
,,01_034：フィリピン,16：技術・人文知識・国際業務,-,-,2 
,,,21：特定技能１号,-,-,26 
,,,24：技能実習１号ロ,-,-,12 
,,,26：技能実習２号ロ,-,-,15 
,,,28：技能実習３号ロ,-,-,3 
,,,32：研修,-,-,2 
,,,33：家族滞在,-,-,1 
,,,35：永住者,-,-,25 
,,,36：日本人の配偶者等,-,-,11 
,,,38：定住者,-,-,13 
,,01_037：ベトナム,16：技術・人文知識・国際業務,-,-,2 
,,,18：介護,-,-,1 
,,,21：特定技能１号,-,-,56 
,,,22：特定技能２号,-,-,5 
,,,24：技能実習１号ロ,-,-,13 
,,,26：技能実習２号ロ,-,-,55 
,,,28：技能実習３号ロ,-,-,7 
,,,35：永住者,-,-,3 
,,,36：日本人の配偶者等,-,-,1 
,,,37：永住者の配偶者等,-,-,1 
,,01_039：ミャンマー,16：技術・人文知識・国際業務,-,-,3 
,,,21：特定技能１号,-,-,72 
,,,24：技能実習１号ロ,-,-,8 
,,,26：技能実習２号ロ,-,-,12 
,,01_043：ラオス,26：技能実習２号ロ,-,-,3 
,,02_054：英国,15：教育,-,-,1 
,,,29：文化活動,-,-,1 
,,,35：永住者,-,-,2 
,,,36：日本人の配偶者等,-,-,1 
,,02_084：フランス,16：技術・人文知識・国際業務,-,-,1 
,,,35：永住者,-,-,1 
,,02_088：ポーランド,36：日本人の配偶者等,-,-,1 
,,03_136：ナイジェリア,35：永住者,-,-,1 
,,04_158：カナダ,36：日本人の配偶者等,-,-,1 
,,04_175：米国,15：教育,-,-,3 
,,,16：技術・人文知識・国際業務,-,-,1 
,,,33：家族滞在,-,-,1 
,,,34：特定活動,-,-,1 
,,,35：永住者,-,-,4 
,,,36：日本人の配偶者等,-,-,2 
,,05_187：ブラジル,35：永住者,-,-,1 
43：熊本県,天草市,01_007：インド,21：特定技能１号,-,-,8 
,,,24：技能実習１号ロ,-,-,2 
,,,26：技能実習２号ロ,-,-,3 
,,01_008：インドネシア,16：技術・人文知識・国際業務,-,-,1 
,,,18：介護,-,-,1 
,,,21：特定技能１号,-,-,106 
,,,24：技能実習１号ロ,-,-,37 
,,,26：技能実習２号ロ,-,-,23 
,,,28：技能実習３号ロ,-,-,1 
,,,34：特定活動,-,-,4 
,,01_011：韓国,16：技術・人文知識・国際業務,-,-,2 
,,,35：永住者,-,-,6 
,,,36：日本人の配偶者等,-,-,4 
,,,39：特別永住者,-,-,6 
,,01_014：カンボジア,21：特定技能１号,-,-,8 
,,,24：技能実習１号ロ,-,-,4 
,,,26：技能実習２号ロ,-,-,9 
,,01_021：タイ,34：特定活動,-,-,2 
,,,35：永住者,-,-,1 
,,01_022：台湾,36：日本人の配偶者等,-,-,1 
,,,39：特別永住者,-,-,1 
,,01_023：中国,16：技術・人文知識・国際業務,-,-,1 
,,,20：技能,-,-,1 
,,,21：特定技能１号,-,-,2 
,,,24：技能実習１号ロ,-,-,1 
,,,26：技能実習２号ロ,-,-,3 
,,,28：技能実習３号ロ,-,-,3 
,,,33：家族滞在,-,-,1 
,,,35：永住者,-,-,19 
,,,36：日本人の配偶者等,-,-,2 
,,01_028：ネパール,20：技能,-,-,1 
,,,21：特定技能１号,-,-,22 
,,,24：技能実習１号ロ,-,-,7 
,,,34：特定活動,-,-,2 
,,01_034：フィリピン,21：特定技能１号,-,-,6 
,,,24：技能実習１号ロ,-,-,2 
,,,26：技能実習２号ロ,-,-,6 
,,,35：永住者,-,-,35 
,,,36：日本人の配偶者等,-,-,1 
,,01_037：ベトナム,16：技術・人文知識・国際業務,-,-,3 
,,,21：特定技能１号,-,-,46 
,,,22：特定技能２号,-,-,2 
,,,24：技能実習１号ロ,-,-,35 
,,,26：技能実習２号ロ,-,-,59 
,,,28：技能実習３号ロ,-,-,15 
,,,33：家族滞在,-,-,1 
,,,34：特定活動,-,-,5 
,,,36：日本人の配偶者等,-,-,2 
,,01_038：マレーシア,35：永住者,-,-,1 
,,01_039：ミャンマー,16：技術・人文知識・国際業務,-,-,1 
,,,21：特定技能１号,-,-,45 
,,,24：技能実習１号ロ,-,-,27 
,,,26：技能実習２号ロ,-,-,102 
,,,28：技能実習３号ロ,-,-,4 
,,,34：特定活動,-,-,8 
,,01_041：モンゴル,21：特定技能１号,-,-,1 
,,02_054：英国,35：永住者,-,-,2 
,,,36：日本人の配偶者等,-,-,1 
,,02_078：ドイツ,35：永住者,-,-,1 
,,02_101：ロシア,35：永住者,-,-,1 
,,03_143：マダガスカル,21：特定技能１号,-,-,1 
,,03_146：南アフリカ共和国,15：教育,-,-,1 
,,04_158：カナダ,15：教育,-,-,1 
,,,16：技術・人文知識・国際業務,-,-,2 
,,,34：特定活動,-,-,1 
,,,36：日本人の配偶者等,-,-,1 
,,04_175：米国,15：教育,-,-,11 
,,,35：永住者,-,-,1 
,,,36：日本人の配偶者等,-,-,3 
,,05_183：コロンビア,35：永住者,-,-,1 
,,05_187：ブラジル,35：永住者,-,-,1 
,,06_191：オーストラリア,35：永住者,-,-,2 
,,06_201：ニュージーランド,15：教育,-,-,1 
43：熊本県,合志市,01_007：インド,20：技能,-,-,4 
,,,35：永住者,-,-,6 
,,,37：永住者の配偶者等,-,-,1 
,,01_008：インドネシア,16：技術・人文知識・国際業務,-,-,1 
,,,21：特定技能１号,-,-,30 
,,,24：技能実習１号ロ,-,-,33 
,,,26：技能実習２号ロ,-,-,35 
,,,28：技能実習３号ロ,-,-,3 
,,,31：留学,-,-,1 
,,,35：永住者,-,-,1 
,,,36：日本人の配偶者等,-,-,1 
,,01_011：韓国,05：宗教,-,-,1 
,,,16：技術・人文知識・国際業務,-,-,5 
,,,17：企業内転勤,-,-,1 
,,,33：家族滞在,-,-,7 
,,,35：永住者,-,-,9 
,,,36：日本人の配偶者等,-,-,4 
,,,38：定住者,-,-,1 
,,,39：特別永住者,-,-,11 
,,01_014：カンボジア,16：技術・人文知識・国際業務,-,-,1 
,,,21：特定技能１号,-,-,13 
,,,24：技能実習１号ロ,-,-,7 
,,,26：技能実習２号ロ,-,-,11 
,,,28：技能実習３号ロ,-,-,2 
,,,34：特定活動,-,-,4 
,,01_020：スリランカ,26：技能実習２号ロ,-,-,8 
,,,35：永住者,-,-,1 
,,01_021：タイ,21：特定技能１号,-,-,4 
,,,26：技能実習２号ロ,-,-,1 
,,,31：留学,-,-,3 
,,,35：永住者,-,-,1 
,,01_022：台湾,08：高度専門職１号ロ,-,-,44 
,,,11：経営・管理,-,-,4 
,,,16：技術・人文知識・国際業務,-,-,23 
,,,17：企業内転勤,-,-,23 
,,,31：留学,-,-,2 
,,,33：家族滞在,-,-,79 
,,,35：永住者,-,-,31 
,,,36：日本人の配偶者等,-,-,9 
,,,37：永住者の配偶者等,-,-,9 
,,,38：定住者,-,-,8 
,,01_023：中国,08：高度専門職１号ロ,-,-,3 
,,,16：技術・人文知識・国際業務,-,-,6 
,,,21：特定技能１号,-,-,4 
,,,33：家族滞在,-,-,4 
,,,35：永住者,-,-,61 
,,,36：日本人の配偶者等,-,-,2 
,,,37：永住者の配偶者等,-,-,2 
,,,38：定住者,-,-,2 
,,01_028：ネパール,11：経営・管理,-,-,1 
,,,16：技術・人文知識・国際業務,-,-,7 
,,,18：介護,-,-,3 
,,,20：技能,-,-,7 
,,,21：特定技能１号,-,-,3 
,,,22：特定技能２号,-,-,1 
,,,33：家族滞在,-,-,7 
,,01_034：フィリピン,21：特定技能１号,-,-,16 
,,,24：技能実習１号ロ,-,-,9 
,,,26：技能実習２号ロ,-,-,18 
,,,35：永住者,-,-,25 
,,,36：日本人の配偶者等,-,-,5 
,,01_037：ベトナム,10：高度専門職２号,-,-,1 
,,,16：技術・人文知識・国際業務,-,-,16 
,,,21：特定技能１号,-,-,44 
,,,22：特定技能２号,-,-,2 
,,,23：技能実習１号イ,-,-,1 
,,,24：技能実習１号ロ,-,-,13 
,,,26：技能実習２号ロ,-,-,33 
,,,28：技能実習３号ロ,-,-,2 
,,,33：家族滞在,-,-,3 
,,,34：特定活動,-,-,5 
,,,36：日本人の配偶者等,-,-,4 
,,01_038：マレーシア,08：高度専門職１号ロ,-,-,1 
,,,16：技術・人文知識・国際業務,-,-,1 
,,,31：留学,-,-,2 
,,01_039：ミャンマー,21：特定技能１号,-,-,22 
,,,24：技能実習１号ロ,-,-,11 
,,,26：技能実習２号ロ,-,-,12 
,,,34：特定活動,-,-,2 
,,01_041：モンゴル,26：技能実習２号ロ,-,-,3 
,,02_054：英国,35：永住者,-,-,2 
,,02_067：スイス,35：永住者,-,-,1 
,,02_068：スウェーデン,36：日本人の配偶者等,-,-,1 
,,02_078：ドイツ,35：永住者,-,-,2 
,,02_084：フランス,34：特定活動,-,-,1 
,,02_099：ルーマニア,35：永住者,-,-,1 
,,03_126：スーダン,16：技術・人文知識・国際業務,-,-,1 
,,03_143：マダガスカル,07：高度専門職１号イ,-,-,1 
,,,33：家族滞在,-,-,5 
,,04_158：カナダ,36：日本人の配偶者等,-,-,1 
,,04_175：米国,15：教育,-,-,1 
,,,35：永住者,-,-,3 
,,,36：日本人の配偶者等,-,-,2 
,,05_187：ブラジル,31：留学,-,-,1 
,,,35：永住者,-,-,1 
,,05_188：ベネズエラ,35：永住者,-,-,1 
,,06_191：オーストラリア,35：永住者,-,-,1 
,,,36：日本人の配偶者等,-,-,2 
,,06_201：ニュージーランド,15：教育,-,-,1 
43：熊本県,美里町,01_007：インド,24：技能実習１号ロ,-,-,2 
,,,26：技能実習２号ロ,-,-,2 
,,01_008：インドネシア,21：特定技能１号,-,-,3 
,,,24：技能実習１号ロ,-,-,12 
,,,26：技能実習２号ロ,-,-,3 
,,,28：技能実習３号ロ,-,-,5 
,,,34：特定活動,-,-,2 
,,,35：永住者,-,-,1 
,,01_011：韓国,35：永住者,-,-,1 
,,01_014：カンボジア,26：技能実習２号ロ,-,-,3 
,,,28：技能実習３号ロ,-,-,1 
,,01_023：中国,26：技能実習２号ロ,-,-,1 
,,,28：技能実習３号ロ,-,-,2 
,,,31：留学,-,-,1 
,,,35：永住者,-,-,2 
,,01_028：ネパール,21：特定技能１号,-,-,3 
,,,28：技能実習３号ロ,-,-,3 
,,01_034：フィリピン,15：教育,-,-,1 
,,,21：特定技能１号,-,-,7 
,,,24：技能実習１号ロ,-,-,2 
,,,26：技能実習２号ロ,-,-,4 
,,,33：家族滞在,-,-,2 
,,,35：永住者,-,-,4 
,,,36：日本人の配偶者等,-,-,1 
,,,38：定住者,-,-,3 
,,01_037：ベトナム,21：特定技能１号,-,-,3 
,,,24：技能実習１号ロ,-,-,2 
,,,26：技能実習２号ロ,-,-,12 
,,,28：技能実習３号ロ,-,-,5 
,,,34：特定活動,-,-,2 
,,,36：日本人の配偶者等,-,-,1 
,,01_039：ミャンマー,21：特定技能１号,-,-,3 
,,,24：技能実習１号ロ,-,-,7 
,,,26：技能実習２号ロ,-,-,8 
,,,34：特定活動,-,-,5 
,,02_058：オランダ,36：日本人の配偶者等,-,-,1 
,,02_084：フランス,38：定住者,-,-,1 
,,02_099：ルーマニア,36：日本人の配偶者等,-,-,1 
,,04_175：米国,15：教育,-,-,1 
,,,35：永住者,-,-,1 
,,05_189：ペルー,38：定住者,-,-,1 
43：熊本県,玉東町,01_008：インドネシア,21：特定技能１号,-,-,19 
,,,24：技能実習１号ロ,-,-,3 
,,,26：技能実習２号ロ,-,-,5 
,,,28：技能実習３号ロ,-,-,2 
,,,35：永住者,-,-,1 
,,01_011：韓国,39：特別永住者,-,-,2 
,,01_020：スリランカ,11：経営・管理,-,-,1 
,,,20：技能,-,-,1 
,,,33：家族滞在,-,-,2 
,,01_021：タイ,21：特定技能１号,-,-,2 
,,,26：技能実習２号ロ,-,-,2 
,,,28：技能実習３号ロ,-,-,1 
,,,35：永住者,-,-,1 
,,01_023：中国,21：特定技能１号,-,-,3 
,,,24：技能実習１号ロ,-,-,2 
,,,35：永住者,-,-,2 
,,,37：永住者の配偶者等,-,-,1 
,,01_034：フィリピン,21：特定技能１号,-,-,1 
,,,24：技能実習１号ロ,-,-,2 
,,,35：永住者,-,-,3 
,,,36：日本人の配偶者等,-,-,1 
,,01_037：ベトナム,21：特定技能１号,-,-,1 
,,,24：技能実習１号ロ,-,-,1 
,,,35：永住者,-,-,1 
,,01_039：ミャンマー,21：特定技能１号,-,-,1 
,,,26：技能実習２号ロ,-,-,2 
,,02_052：ウクライナ,38：定住者,-,-,9 
43：熊本県,南関町,01_008：インドネシア,21：特定技能１号,-,-,39 
,,,24：技能実習１号ロ,-,-,22 
,,,26：技能実習２号ロ,-,-,21 
,,,34：特定活動,-,-,2 
,,,35：永住者,-,-,1 
,,,36：日本人の配偶者等,-,-,1 
,,01_011：韓国,39：特別永住者,-,-,2 
,,01_014：カンボジア,21：特定技能１号,-,-,1 
,,01_021：タイ,24：技能実習１号ロ,-,-,2 
,,,26：技能実習２号ロ,-,-,4 
,,01_023：中国,16：技術・人文知識・国際業務,-,-,3 
,,,17：企業内転勤,-,-,1 
,,,21：特定技能１号,-,-,2 
,,,35：永住者,-,-,5 
,,01_028：ネパール,16：技術・人文知識・国際業務,-,-,6 
,,,21：特定技能１号,-,-,4 
,,,33：家族滞在,-,-,3 
,,01_034：フィリピン,21：特定技能１号,-,-,22 
,,,22：特定技能２号,-,-,1 
,,,24：技能実習１号ロ,-,-,8 
,,,26：技能実習２号ロ,-,-,14 
,,,28：技能実習３号ロ,-,-,3 
,,,35：永住者,-,-,4 
,,01_037：ベトナム,16：技術・人文知識・国際業務,-,-,2 
,,,21：特定技能１号,-,-,18 
,,,22：特定技能２号,-,-,1 
,,,24：技能実習１号ロ,-,-,24 
,,,26：技能実習２号ロ,-,-,38 
,,,28：技能実習３号ロ,-,-,1 
,,,34：特定活動,-,-,3 
,,01_039：ミャンマー,16：技術・人文知識・国際業務,-,-,4 
,,,21：特定技能１号,-,-,7 
,,,26：技能実習２号ロ,-,-,11 
,,,34：特定活動,-,-,2 
,,02_053：ウズベキスタン,26：技能実習２号ロ,-,-,1 
,,02_054：英国,35：永住者,-,-,1 
,,04_175：米国,16：技術・人文知識・国際業務,-,-,1 
43：熊本県,長洲町,01_007：インド,21：特定技能１号,-,-,1 
,,,36：日本人の配偶者等,-,-,1 
,,01_008：インドネシア,16：技術・人文知識・国際業務,-,-,1 
,,,21：特定技能１号,-,-,46 
,,,24：技能実習１号ロ,-,-,33 
,,,26：技能実習２号ロ,-,-,28 
,,,28：技能実習３号ロ,-,-,1 
,,,33：家族滞在,-,-,3 
,,,34：特定活動,-,-,2 
,,,35：永住者,-,-,1 
,,01_011：韓国,16：技術・人文知識・国際業務,-,-,2 
,,,35：永住者,-,-,2 
,,,37：永住者の配偶者等,-,-,2 
,,,39：特別永住者,-,-,6 
,,01_014：カンボジア,21：特定技能１号,-,-,1 
,,01_022：台湾,33：家族滞在,-,-,1 
,,01_023：中国,16：技術・人文知識・国際業務,-,-,1 
,,,21：特定技能１号,-,-,2 
,,,35：永住者,-,-,3 
,,,36：日本人の配偶者等,-,-,3 
,,01_028：ネパール,16：技術・人文知識・国際業務,-,-,7 
,,,20：技能,-,-,1 
,,,24：技能実習１号ロ,-,-,8 
,,,26：技能実習２号ロ,-,-,3 
,,,33：家族滞在,-,-,8 
,,01_030：パキスタン,11：経営・管理,-,-,2 
,,,33：家族滞在,-,-,2 
,,01_034：フィリピン,21：特定技能１号,-,-,223 
,,,22：特定技能２号,-,-,13 
,,,24：技能実習１号ロ,-,-,36 
,,,26：技能実習２号ロ,-,-,61 
,,,28：技能実習３号ロ,-,-,2 
,,,33：家族滞在,-,-,5 
,,,34：特定活動,-,-,1 
,,,35：永住者,-,-,5 
,,,36：日本人の配偶者等,-,-,2 
,,,37：永住者の配偶者等,-,-,1 
,,,38：定住者,-,-,2 
,,01_037：ベトナム,11：経営・管理,-,-,1 
,,,16：技術・人文知識・国際業務,-,-,16 
,,,21：特定技能１号,-,-,185 
,,,23：技能実習１号イ,-,-,29 
,,,24：技能実習１号ロ,-,-,2 
,,,25：技能実習２号イ,-,-,58 
,,,26：技能実習２号ロ,-,-,40 
,,,28：技能実習３号ロ,-,-,14 
,,,33：家族滞在,-,-,3 
,,,34：特定活動,-,-,5 
,,,35：永住者,-,-,3 
,,,37：永住者の配偶者等,-,-,1 
,,01_039：ミャンマー,16：技術・人文知識・国際業務,-,-,1 
,,,21：特定技能１号,-,-,2 
,,,24：技能実習１号ロ,-,-,3 
,,,26：技能実習２号ロ,-,-,13 
,,,34：特定活動,-,-,7 
,,02_067：スイス,35：永住者,-,-,1 
,,02_070：スロバキア,36：日本人の配偶者等,-,-,1 
,,03_129：セネガル,36：日本人の配偶者等,-,-,1 
,,04_158：カナダ,15：教育,-,-,1 
,,04_175：米国,16：技術・人文知識・国際業務,-,-,1 
,,,35：永住者,-,-,1 
,,,36：日本人の配偶者等,-,-,1 
,,06_191：オーストラリア,15：教育,-,-,1 
,,,33：家族滞在,-,-,1 
43：熊本県,和水町,01_008：インドネシア,21：特定技能１号,-,-,26 
,,,26：技能実習２号ロ,-,-,2 
,,01_011：韓国,35：永住者,-,-,1 
,,,39：特別永住者,-,-,1 
,,01_014：カンボジア,21：特定技能１号,-,-,9 
,,,28：技能実習３号ロ,-,-,1 
,,,34：特定活動,-,-,3 
,,01_020：スリランカ,21：特定技能１号,-,-,2 
,,,35：永住者,-,-,1 
,,01_021：タイ,26：技能実習２号ロ,-,-,6 
,,,35：永住者,-,-,2 
,,,36：日本人の配偶者等,-,-,1 
,,01_022：台湾,35：永住者,-,-,1 
,,,36：日本人の配偶者等,-,-,1 
,,01_023：中国,11：経営・管理,-,-,1 
,,,16：技術・人文知識・国際業務,-,-,1 
,,,24：技能実習１号ロ,-,-,1 
,,,26：技能実習２号ロ,-,-,1 
,,,33：家族滞在,-,-,1 
,,,34：特定活動,-,-,2 
,,,35：永住者,-,-,5 
,,,37：永住者の配偶者等,-,-,2 
,,01_028：ネパール,21：特定技能１号,-,-,3 
,,01_034：フィリピン,21：特定技能１号,-,-,3 
,,,26：技能実習２号ロ,-,-,2 
,,,34：特定活動,-,-,3 
,,,35：永住者,-,-,1 
,,,36：日本人の配偶者等,-,-,2 
,,01_037：ベトナム,16：技術・人文知識・国際業務,-,-,1 
,,,21：特定技能１号,-,-,8 
,,,26：技能実習２号ロ,-,-,2 
,,,28：技能実習３号ロ,-,-,1 
,,,33：家族滞在,-,-,2 
,,,34：特定活動,-,-,2 
,,,36：日本人の配偶者等,-,-,1 
,,01_039：ミャンマー,21：特定技能１号,-,-,14 
,,,24：技能実習１号ロ,-,-,1 
,,,26：技能実習２号ロ,-,-,10 
,,02_051：イタリア,05：宗教,-,-,2 
,,,35：永住者,-,-,1 
,,02_054：英国,36：日本人の配偶者等,-,-,1 
,,02_082：ハンガリー,35：永住者,-,-,1 
,,02_084：フランス,35：永住者,-,-,1 
,,,36：日本人の配偶者等,-,-,1 
43：熊本県,大津町,01_007：インド,16：技術・人文知識・国際業務,-,-,2 
,,,20：技能,-,-,1 
,,,26：技能実習２号ロ,-,-,3 
,,01_008：インドネシア,16：技術・人文知識・国際業務,-,-,1 
,,,21：特定技能１号,-,-,31 
,,,24：技能実習１号ロ,-,-,18 
,,,26：技能実習２号ロ,-,-,23 
,,,34：特定活動,-,-,6 
,,01_011：韓国,16：技術・人文知識・国際業務,-,-,11 
,,,17：企業内転勤,-,-,4 
,,,31：留学,-,-,1 
,,,35：永住者,-,-,7 
,,,38：定住者,-,-,2 
,,,39：特別永住者,-,-,2 
,,01_014：カンボジア,21：特定技能１号,-,-,28 
,,,26：技能実習２号ロ,-,-,4 
,,,34：特定活動,-,-,3 
,,,36：日本人の配偶者等,-,-,1 
,,01_019：シンガポール,16：技術・人文知識・国際業務,-,-,2 
,,01_020：スリランカ,21：特定技能１号,-,-,2 
,,,24：技能実習１号ロ,-,-,4 
,,01_021：タイ,08：高度専門職１号ロ,-,-,1 
,,,16：技術・人文知識・国際業務,-,-,1 
,,,34：特定活動,-,-,2 
,,,36：日本人の配偶者等,-,-,2 
,,01_022：台湾,08：高度専門職１号ロ,-,-,48 
,,,09：高度専門職１号ハ,-,-,1 
,,,11：経営・管理,-,-,10 
,,,16：技術・人文知識・国際業務,-,-,103 
,,,17：企業内転勤,-,-,85 
,,,31：留学,-,-,1 
,,,33：家族滞在,-,-,16 
,,,34：特定活動,-,-,2 
,,,35：永住者,-,-,14 
,,,36：日本人の配偶者等,-,-,3 
,,,38：定住者,-,-,1 
,,01_023：中国,08：高度専門職１号ロ,-,-,7 
,,,11：経営・管理,-,-,6 
,,,16：技術・人文知識・国際業務,-,-,62 
,,,17：企業内転勤,-,-,57 
,,,20：技能,-,-,6 
,,,21：特定技能１号,-,-,6 
,,,24：技能実習１号ロ,-,-,3 
,,,26：技能実習２号ロ,-,-,14 
,,,31：留学,-,-,2 
,,,33：家族滞在,-,-,8 
,,,35：永住者,-,-,35 
,,,36：日本人の配偶者等,-,-,8 
,,,37：永住者の配偶者等,-,-,3 
,,,38：定住者,-,-,11 
,,01_028：ネパール,16：技術・人文知識・国際業務,-,-,43 
,,,21：特定技能１号,-,-,6 
,,,31：留学,-,-,1 
,,,33：家族滞在,-,-,40 
,,,36：日本人の配偶者等,-,-,1 
,,01_034：フィリピン,17：企業内転勤,-,-,1 
,,,21：特定技能１号,-,-,37 
,,,24：技能実習１号ロ,-,-,14 
,,,26：技能実習２号ロ,-,-,26 
,,,28：技能実習３号ロ,-,-,14 
,,,35：永住者,-,-,20 
,,,36：日本人の配偶者等,-,-,4 
,,,38：定住者,-,-,10 
,,01_037：ベトナム,16：技術・人文知識・国際業務,-,-,43 
,,,21：特定技能１号,-,-,82 
,,,22：特定技能２号,-,-,3 
,,,24：技能実習１号ロ,-,-,27 
,,,26：技能実習２号ロ,-,-,63 
,,,28：技能実習３号ロ,-,-,8 
,,,33：家族滞在,-,-,31 
,,,34：特定活動,-,-,12 
,,,36：日本人の配偶者等,-,-,2 
,,01_038：マレーシア,16：技術・人文知識・国際業務,-,-,5 
,,,35：永住者,-,-,2 
,,,37：永住者の配偶者等,-,-,1 
,,,38：定住者,-,-,1 
,,01_039：ミャンマー,16：技術・人文知識・国際業務,-,-,2 
,,,21：特定技能１号,-,-,12 
,,,24：技能実習１号ロ,-,-,2 
,,,26：技能実習２号ロ,-,-,23 
,,,33：家族滞在,-,-,1 
,,,34：特定活動,-,-,20 
,,01_041：モンゴル,26：技能実習２号ロ,-,-,2 
,,02_084：フランス,34：特定活動,-,-,1 
,,02_101：ロシア,35：永住者,-,-,1 
,,,36：日本人の配偶者等,-,-,1 
,,04_158：カナダ,35：永住者,-,-,1 
,,04_169：トリニダード・トバゴ,15：教育,-,-,1 
,,04_175：米国,15：教育,-,-,1 
,,,16：技術・人文知識・国際業務,-,-,2 
,,,33：家族滞在,-,-,2 
,,,35：永住者,-,-,3 
,,05_187：ブラジル,36：日本人の配偶者等,-,-,1 
,,06_191：オーストラリア,35：永住者,-,-,2 
43：熊本県,菊陽町,01_003：イエメン,34：特定活動,-,-,1 
,,01_007：インド,16：技術・人文知識・国際業務,-,-,1 
,,,17：企業内転勤,-,-,1 
,,,33：家族滞在,-,-,1 
,,01_008：インドネシア,16：技術・人文知識・国際業務,-,-,3 
,,,21：特定技能１号,-,-,18 
,,,24：技能実習１号ロ,-,-,20 
,,,26：技能実習２号ロ,-,-,35 
,,,34：特定活動,-,-,2 
,,01_011：韓国,16：技術・人文知識・国際業務,-,-,15 
,,,17：企業内転勤,-,-,8 
,,,31：留学,-,-,1 
,,,33：家族滞在,-,-,1 
,,,35：永住者,-,-,9 
,,,36：日本人の配偶者等,-,-,4 
,,,39：特別永住者,-,-,3 
,,01_014：カンボジア,21：特定技能１号,-,-,12 
,,,24：技能実習１号ロ,-,-,1 
,,,26：技能実習２号ロ,-,-,9 
,,,28：技能実習３号ロ,-,-,5 
,,,34：特定活動,-,-,1 
,,01_019：シンガポール,16：技術・人文知識・国際業務,-,-,2 
,,,17：企業内転勤,-,-,1 
,,,33：家族滞在,-,-,3 
,,01_020：スリランカ,11：経営・管理,-,-,1 
,,,16：技術・人文知識・国際業務,-,-,3 
,,,33：家族滞在,-,-,1 
,,,36：日本人の配偶者等,-,-,1 
,,01_021：タイ,21：特定技能１号,-,-,10 
,,,35：永住者,-,-,1 
,,,36：日本人の配偶者等,-,-,4 
,,01_022：台湾,08：高度専門職１号ロ,-,-,112 
,,,11：経営・管理,-,-,5 
,,,16：技術・人文知識・国際業務,-,-,145 
,,,17：企業内転勤,-,-,58 
,,,31：留学,-,-,2 
,,,33：家族滞在,-,-,88 
,,,34：特定活動,-,-,8 
,,,35：永住者,-,-,45 
,,,36：日本人の配偶者等,-,-,6 
,,,37：永住者の配偶者等,-,-,5 
,,,38：定住者,-,-,5 
,,01_023：中国,08：高度専門職１号ロ,-,-,10 
,,,11：経営・管理,-,-,1 
,,,16：技術・人文知識・国際業務,-,-,38 
,,,17：企業内転勤,-,-,13 
,,,20：技能,-,-,3 
,,,21：特定技能１号,-,-,3 
,,,31：留学,-,-,4 
,,,33：家族滞在,-,-,37 
,,,34：特定活動,-,-,3 
,,,35：永住者,-,-,101 
,,,36：日本人の配偶者等,-,-,3 
,,,37：永住者の配偶者等,-,-,4 
,,,38：定住者,-,-,6 
,,01_028：ネパール,16：技術・人文知識・国際業務,-,-,7 
,,,21：特定技能１号,-,-,9 
,,,33：家族滞在,-,-,6 
,,,35：永住者,-,-,3 
,,,36：日本人の配偶者等,-,-,2 
,,,38：定住者,-,-,4 
,,01_030：パキスタン,35：永住者,-,-,7 
,,,36：日本人の配偶者等,-,-,1 
,,01_032：バングラデシュ,26：技能実習２号ロ,-,-,2 
,,01_034：フィリピン,16：技術・人文知識・国際業務,-,-,6 
,,,21：特定技能１号,-,-,8 
,,,22：特定技能２号,-,-,1 
,,,26：技能実習２号ロ,-,-,4 
,,,35：永住者,-,-,14 
,,,36：日本人の配偶者等,-,-,3 
,,,38：定住者,-,-,1 
,,01_037：ベトナム,16：技術・人文知識・国際業務,-,-,25 
,,,21：特定技能１号,-,-,35 
,,,22：特定技能２号,-,-,3 
,,,24：技能実習１号ロ,-,-,5 
,,,26：技能実習２号ロ,-,-,16 
,,,28：技能実習３号ロ,-,-,1 
,,,33：家族滞在,-,-,7 
,,,34：特定活動,-,-,1 
,,,35：永住者,-,-,2 
,,,36：日本人の配偶者等,-,-,3 
,,01_038：マレーシア,08：高度専門職１号ロ,-,-,2 
,,,16：技術・人文知識・国際業務,-,-,6 
,,01_039：ミャンマー,16：技術・人文知識・国際業務,-,-,3 
,,,21：特定技能１号,-,-,31 
,,,24：技能実習１号ロ,-,-,3 
,,,26：技能実習２号ロ,-,-,23 
,,,34：特定活動,-,-,9 
,,01_042：ヨルダン,35：永住者,-,-,1 
,,02_054：英国,35：永住者,-,-,1 
,,02_056：エストニア,16：技術・人文知識・国際業務,-,-,1 
,,02_069：スペイン,31：留学,-,-,1 
,,02_084：フランス,36：日本人の配偶者等,-,-,1 
,,02_099：ルーマニア,35：永住者,-,-,2 
,,03_136：ナイジェリア,16：技術・人文知識・国際業務,-,-,1 
,,04_158：カナダ,11：経営・管理,-,-,1 
,,,35：永住者,-,-,2 
,,04_175：米国,15：教育,-,-,1 
,,,16：技術・人文知識・国際業務,-,-,2 
,,,35：永住者,-,-,2 
,,,36：日本人の配偶者等,-,-,1 
,,04_178：メキシコ,35：永住者,-,-,1 
,,05_180：ウルグアイ,35：永住者,-,-,1 
,,05_187：ブラジル,35：永住者,-,-,2 
,,,36：日本人の配偶者等,-,-,1 
,,,38：定住者,-,-,1 
,,05_189：ペルー,35：永住者,-,-,1 
43：熊本県,南小国町,01_007：インド,16：技術・人文知識・国際業務,-,-,1 
,,01_008：インドネシア,16：技術・人文知識・国際業務,-,-,3 
,,,21：特定技能１号,-,-,7 
,,,24：技能実習１号ロ,-,-,3 
,,,26：技能実習２号ロ,-,-,5 
,,,34：特定活動,-,-,6 
,,01_011：韓国,16：技術・人文知識・国際業務,-,-,8 
,,,33：家族滞在,-,-,2 
,,,34：特定活動,-,-,4 
,,,35：永住者,-,-,3 
,,01_014：カンボジア,26：技能実習２号ロ,-,-,7 
,,01_020：スリランカ,16：技術・人文知識・国際業務,-,-,2 
,,01_022：台湾,16：技術・人文知識・国際業務,-,-,8 
,,,34：特定活動,-,-,6 
,,01_023：中国,16：技術・人文知識・国際業務,-,-,15 
,,,33：家族滞在,-,-,1 
,,,34：特定活動,-,-,7 
,,,35：永住者,-,-,3 
,,01_028：ネパール,16：技術・人文知識・国際業務,-,-,30 
,,,21：特定技能１号,-,-,5 
,,,33：家族滞在,-,-,6 
,,01_034：フィリピン,24：技能実習１号ロ,-,-,2 
,,,26：技能実習２号ロ,-,-,17 
,,,28：技能実習３号ロ,-,-,2 
,,,35：永住者,-,-,5 
,,,36：日本人の配偶者等,-,-,1 
,,01_037：ベトナム,16：技術・人文知識・国際業務,-,-,9 
,,,21：特定技能１号,-,-,5 
,,,24：技能実習１号ロ,-,-,5 
,,,26：技能実習２号ロ,-,-,11 
,,,34：特定活動,-,-,6 
,,01_039：ミャンマー,16：技術・人文知識・国際業務,-,-,20 
,,,21：特定技能１号,-,-,7 
,,,26：技能実習２号ロ,-,-,4 
,,,34：特定活動,-,-,2 
,,01_041：モンゴル,16：技術・人文知識・国際業務,-,-,1 
,,02_054：英国,36：日本人の配偶者等,-,-,1 
,,02_068：スウェーデン,36：日本人の配偶者等,-,-,1 
,,04_175：米国,36：日本人の配偶者等,-,-,1 
43：熊本県,小国町,01_008：インドネシア,21：特定技能１号,-,-,4 
,,,24：技能実習１号ロ,-,-,6 
,,,26：技能実習２号ロ,-,-,11 
,,01_011：韓国,34：特定活動,-,-,1 
,,,35：永住者,-,-,1 
,,,36：日本人の配偶者等,-,-,1 
,,01_020：スリランカ,16：技術・人文知識・国際業務,-,-,1 
,,01_022：台湾,16：技術・人文知識・国際業務,-,-,3 
,,,35：永住者,-,-,3 
,,,36：日本人の配偶者等,-,-,1 
,,01_023：中国,34：特定活動,-,-,4 
,,,35：永住者,-,-,2 
,,01_028：ネパール,16：技術・人文知識・国際業務,-,-,9 
,,,33：家族滞在,-,-,1 
,,,36：日本人の配偶者等,-,-,1 
,,01_034：フィリピン,24：技能実習１号ロ,-,-,2 
,,,35：永住者,-,-,5 
,,01_037：ベトナム,16：技術・人文知識・国際業務,-,-,2 
,,,21：特定技能１号,-,-,2 
,,,24：技能実習１号ロ,-,-,14 
,,,26：技能実習２号ロ,-,-,10 
,,01_039：ミャンマー,21：特定技能１号,-,-,5 
,,,26：技能実習２号ロ,-,-,11 
,,02_084：フランス,35：永住者,-,-,1 
,,06_191：オーストラリア,35：永住者,-,-,1 
43：熊本県,産山村,01_007：インド,24：技能実習１号ロ,-,-,1 
,,01_008：インドネシア,21：特定技能１号,-,-,8 
,,01_011：韓国,16：技術・人文知識・国際業務,-,-,9 
,,,35：永住者,-,-,4 
,,,39：特別永住者,-,-,3 
,,01_014：カンボジア,21：特定技能１号,-,-,1 
,,,34：特定活動,-,-,1 
,,01_023：中国,35：永住者,-,-,1 
,,01_028：ネパール,16：技術・人文知識・国際業務,-,-,8 
,,,21：特定技能１号,-,-,2 
,,,22：特定技能２号,-,-,1 
,,,33：家族滞在,-,-,2 
,,01_034：フィリピン,21：特定技能１号,-,-,1 
,,,24：技能実習１号ロ,-,-,1 
,,,35：永住者,-,-,1 
,,01_037：ベトナム,16：技術・人文知識・国際業務,-,-,1 
,,,21：特定技能１号,-,-,1 
,,,26：技能実習２号ロ,-,-,7 
,,01_039：ミャンマー,16：技術・人文知識・国際業務,-,-,1 
,,02_054：英国,36：日本人の配偶者等,-,-,1 
,,04_175：米国,15：教育,-,-,1 
,,,35：永住者,-,-,1 
43：熊本県,高森町,01_008：インドネシア,04：芸術,-,-,3 
,,,16：技術・人文知識・国際業務,-,-,1 
,,,21：特定技能１号,-,-,6 
,,,24：技能実習１号ロ,-,-,5 
,,,26：技能実習２号ロ,-,-,7 
,,,36：日本人の配偶者等,-,-,1 
,,01_011：韓国,11：経営・管理,-,-,3 
,,,16：技術・人文知識・国際業務,-,-,6 
,,,17：企業内転勤,-,-,1 
,,,35：永住者,-,-,1 
,,,39：特別永住者,-,-,1 
,,01_012：（朝鮮）,36：日本人の配偶者等,-,-,1 
,,,39：特別永住者,-,-,1 
,,01_014：カンボジア,21：特定技能１号,-,-,3 
,,,24：技能実習１号ロ,-,-,2 
,,,26：技能実習２号ロ,-,-,7 
,,,28：技能実習３号ロ,-,-,1 
,,,34：特定活動,-,-,1 
,,01_020：スリランカ,21：特定技能１号,-,-,2 
,,01_021：タイ,21：特定技能１号,-,-,2 
,,,26：技能実習２号ロ,-,-,2 
,,01_023：中国,35：永住者,-,-,2 
,,01_028：ネパール,16：技術・人文知識・国際業務,-,-,1 
,,,21：特定技能１号,-,-,7 
,,,33：家族滞在,-,-,1 
,,01_032：バングラデシュ,21：特定技能１号,-,-,2 
,,01_034：フィリピン,35：永住者,-,-,7 
,,01_037：ベトナム,16：技術・人文知識・国際業務,-,-,4 
,,,21：特定技能１号,-,-,10 
,,,24：技能実習１号ロ,-,-,9 
,,,26：技能実習２号ロ,-,-,17 
,,,28：技能実習３号ロ,-,-,7 
,,,34：特定活動,-,-,3 
,,01_039：ミャンマー,21：特定技能１号,-,-,6 
,,,24：技能実習１号ロ,-,-,1 
,,,26：技能実習２号ロ,-,-,5 
,,01_040：モルディブ,36：日本人の配偶者等,-,-,1 
,,02_071：スロベニア,16：技術・人文知識・国際業務,-,-,1 
,,02_101：ロシア,04：芸術,-,-,1 
,,04_175：米国,04：芸術,-,-,1 
,,,16：技術・人文知識・国際業務,-,-,1 
,,,35：永住者,-,-,1 
,,,36：日本人の配偶者等,-,-,2 
,,05_187：ブラジル,04：芸術,-,-,2 
,,06_191：オーストラリア,04：芸術,-,-,1 
43：熊本県,西原村,01_007：インド,20：技能,-,-,2 
,,01_008：インドネシア,24：技能実習１号ロ,-,-,3 
,,,26：技能実習２号ロ,-,-,5 
,,01_011：韓国,16：技術・人文知識・国際業務,-,-,1 
,,,35：永住者,-,-,1 
,,,39：特別永住者,-,-,1 
,,01_014：カンボジア,21：特定技能１号,-,-,5 
,,,24：技能実習１号ロ,-,-,3 
,,,26：技能実習２号ロ,-,-,5 
,,,28：技能実習３号ロ,-,-,4 
,,01_019：シンガポール,16：技術・人文知識・国際業務,-,-,1 
,,,33：家族滞在,-,-,3 
,,01_020：スリランカ,36：日本人の配偶者等,-,-,1 
,,01_021：タイ,29：文化活動,-,-,1 
,,,36：日本人の配偶者等,-,-,1 
,,01_022：台湾,11：経営・管理,-,-,1 
,,,16：技術・人文知識・国際業務,-,-,4 
,,01_023：中国,16：技術・人文知識・国際業務,-,-,1 
,,,35：永住者,-,-,2 
,,01_028：ネパール,21：特定技能１号,-,-,4 
,,,26：技能実習２号ロ,-,-,4 
,,01_030：パキスタン,11：経営・管理,-,-,1 
,,,16：技術・人文知識・国際業務,-,-,3 
,,,33：家族滞在,-,-,9 
,,01_034：フィリピン,21：特定技能１号,-,-,3 
,,,28：技能実習３号ロ,-,-,2 
,,,35：永住者,-,-,7 
,,01_037：ベトナム,16：技術・人文知識・国際業務,-,-,17 
,,,21：特定技能１号,-,-,71 
,,,22：特定技能２号,-,-,2 
,,,24：技能実習１号ロ,-,-,6 
,,,26：技能実習２号ロ,-,-,7 
,,,28：技能実習３号ロ,-,-,2 
,,,33：家族滞在,-,-,2 
,,,34：特定活動,-,-,3 
,,01_039：ミャンマー,21：特定技能１号,-,-,22 
,,,24：技能実習１号ロ,-,-,8 
,,,26：技能実習２号ロ,-,-,8 
,,02_046：アイルランド,35：永住者,-,-,1 
,,,36：日本人の配偶者等,-,-,1 
,,02_058：オランダ,36：日本人の配偶者等,-,-,1 
,,02_084：フランス,35：永住者,-,-,1 
,,03_129：セネガル,36：日本人の配偶者等,-,-,1 
,,04_175：米国,15：教育,-,-,1 
,,,35：永住者,-,-,1 
43：熊本県,南阿蘇村,01_007：インド,26：技能実習２号ロ,-,-,2 
,,01_008：インドネシア,21：特定技能１号,-,-,11 
,,,24：技能実習１号ロ,-,-,13 
,,,26：技能実習２号ロ,-,-,13 
,,,34：特定活動,-,-,3 
,,01_011：韓国,35：永住者,-,-,1 
,,,39：特別永住者,-,-,2 
,,01_014：カンボジア,21：特定技能１号,-,-,3 
,,,24：技能実習１号ロ,-,-,5 
,,,26：技能実習２号ロ,-,-,8 
,,,28：技能実習３号ロ,-,-,1 
,,,34：特定活動,-,-,2 
,,01_020：スリランカ,21：特定技能１号,-,-,16 
,,,31：留学,-,-,3 
,,01_021：タイ,36：日本人の配偶者等,-,-,2 
,,01_022：台湾,17：企業内転勤,-,-,3 
,,,35：永住者,-,-,1 
,,01_023：中国,16：技術・人文知識・国際業務,-,-,5 
,,,34：特定活動,-,-,4 
,,,35：永住者,-,-,2 
,,,36：日本人の配偶者等,-,-,1 
,,01_028：ネパール,16：技術・人文知識・国際業務,-,-,16 
,,,21：特定技能１号,-,-,8 
,,,31：留学,-,-,5 
,,,33：家族滞在,-,-,8 
,,,34：特定活動,-,-,1 
,,,36：日本人の配偶者等,-,-,1 
,,01_034：フィリピン,35：永住者,-,-,5 
,,,36：日本人の配偶者等,-,-,1 
,,01_037：ベトナム,16：技術・人文知識・国際業務,-,-,4 
,,,21：特定技能１号,-,-,2 
,,,22：特定技能２号,-,-,1 
,,,24：技能実習１号ロ,-,-,1 
,,,26：技能実習２号ロ,-,-,4 
,,,31：留学,-,-,2 
,,,33：家族滞在,-,-,1 
,,,34：特定活動,-,-,1 
,,01_039：ミャンマー,21：特定技能１号,-,-,4 
,,,26：技能実習２号ロ,-,-,15 
,,,31：留学,-,-,9 
,,,34：特定活動,-,-,4 
,,02_054：英国,35：永住者,-,-,3 
,,02_059：カザフスタン,36：日本人の配偶者等,-,-,1 
,,02_078：ドイツ,36：日本人の配偶者等,-,-,2 
,,02_084：フランス,35：永住者,-,-,1 
,,,36：日本人の配偶者等,-,-,1 
,,02_087：ベルギー,36：日本人の配偶者等,-,-,1 
,,03_112：カメルーン,31：留学,-,-,1 
,,03_131：タンザニア,35：永住者,-,-,1 
,,03_146：南アフリカ共和国,35：永住者,-,-,1 
,,03_151：モロッコ,36：日本人の配偶者等,-,-,1 
,,04_158：カナダ,35：永住者,-,-,1 
,,,36：日本人の配偶者等,-,-,1 
,,04_175：米国,15：教育,-,-,1 
,,,35：永住者,-,-,2 
,,,36：日本人の配偶者等,-,-,3 
,,06_191：オーストラリア,36：日本人の配偶者等,-,-,1 
43：熊本県,御船町,01_008：インドネシア,16：技術・人文知識・国際業務,-,-,2 
,,,21：特定技能１号,-,-,16 
,,,24：技能実習１号ロ,-,-,15 
,,,26：技能実習２号ロ,-,-,27 
,,,34：特定活動,-,-,3 
,,,35：永住者,-,-,1 
,,01_011：韓国,35：永住者,-,-,4 
,,,36：日本人の配偶者等,-,-,2 
,,,39：特別永住者,-,-,5 
,,01_014：カンボジア,21：特定技能１号,-,-,1 
,,,26：技能実習２号ロ,-,-,6 
,,,34：特定活動,-,-,2 
,,01_021：タイ,35：永住者,-,-,2 
,,01_022：台湾,35：永住者,-,-,1 
,,01_023：中国,31：留学,-,-,7 
,,,34：特定活動,-,-,1 
,,,35：永住者,-,-,10 
,,,36：日本人の配偶者等,-,-,2 
,,01_028：ネパール,16：技術・人文知識・国際業務,-,-,1 
,,,21：特定技能１号,-,-,1 
,,,24：技能実習１号ロ,-,-,2 
,,01_032：バングラデシュ,21：特定技能１号,-,-,2 
,,,26：技能実習２号ロ,-,-,2 
,,01_034：フィリピン,15：教育,-,-,1 
,,,21：特定技能１号,-,-,3 
,,,24：技能実習１号ロ,-,-,2 
,,,35：永住者,-,-,2 
,,,36：日本人の配偶者等,-,-,2 
,,01_037：ベトナム,16：技術・人文知識・国際業務,-,-,3 
,,,21：特定技能１号,-,-,16 
,,,22：特定技能２号,-,-,1 
,,,24：技能実習１号ロ,-,-,14 
,,,26：技能実習２号ロ,-,-,11 
,,,28：技能実習３号ロ,-,-,2 
,,,34：特定活動,-,-,2 
,,,36：日本人の配偶者等,-,-,1 
,,01_039：ミャンマー,16：技術・人文知識・国際業務,-,-,2 
,,,21：特定技能１号,-,-,21 
,,,24：技能実習１号ロ,-,-,6 
,,,26：技能実習２号ロ,-,-,9 
,,02_046：アイルランド,36：日本人の配偶者等,-,-,1 
,,02_054：英国,35：永住者,-,-,1 
,,04_175：米国,15：教育,-,-,1 
,,,35：永住者,-,-,1 
,,,36：日本人の配偶者等,-,-,3 
,,06_191：オーストラリア,11：経営・管理,-,-,1 
,,,33：家族滞在,-,-,3 
43：熊本県,嘉島町,01_007：インド,20：技能,-,-,2 
,,,24：技能実習１号ロ,-,-,2 
,,01_008：インドネシア,21：特定技能１号,-,-,58 
,,,22：特定技能２号,-,-,1 
,,,24：技能実習１号ロ,-,-,19 
,,,26：技能実習２号ロ,-,-,17 
,,,34：特定活動,-,-,2 
,,01_011：韓国,35：永住者,-,-,1 
,,,39：特別永住者,-,-,5 
,,01_014：カンボジア,21：特定技能１号,-,-,3 
,,,24：技能実習１号ロ,-,-,2 
,,,26：技能実習２号ロ,-,-,5 
,,01_020：スリランカ,26：技能実習２号ロ,-,-,1 
,,01_022：台湾,16：技術・人文知識・国際業務,-,-,1 
,,01_023：中国,16：技術・人文知識・国際業務,-,-,2 
,,,20：技能,-,-,2 
,,,21：特定技能１号,-,-,3 
,,,26：技能実習２号ロ,-,-,1 
,,,31：留学,-,-,1 
,,,35：永住者,-,-,4 
,,01_028：ネパール,20：技能,-,-,1 
,,01_034：フィリピン,21：特定技能１号,-,-,5 
,,,24：技能実習１号ロ,-,-,1 
,,,25：技能実習２号イ,-,-,2 
,,,26：技能実習２号ロ,-,-,3 
,,,35：永住者,-,-,1 
,,,38：定住者,-,-,1 
,,01_037：ベトナム,16：技術・人文知識・国際業務,-,-,1 
,,,21：特定技能１号,-,-,14 
,,,22：特定技能２号,-,-,1 
,,,24：技能実習１号ロ,-,-,2 
,,,26：技能実習２号ロ,-,-,6 
,,,28：技能実習３号ロ,-,-,2 
,,,33：家族滞在,-,-,2 
,,,34：特定活動,-,-,1 
,,01_039：ミャンマー,16：技術・人文知識・国際業務,-,-,1 
,,,21：特定技能１号,-,-,9 
,,,26：技能実習２号ロ,-,-,5 
,,,34：特定活動,-,-,4 
,,02_054：英国,15：教育,-,-,1 
,,,35：永住者,-,-,1 
,,02_068：スウェーデン,35：永住者,-,-,1 
43：熊本県,益城町,01_007：インド,26：技能実習２号ロ,-,-,3 
,,01_008：インドネシア,16：技術・人文知識・国際業務,-,-,1 
,,,21：特定技能１号,-,-,18 
,,,24：技能実習１号ロ,-,-,14 
,,,26：技能実習２号ロ,-,-,11 
,,,28：技能実習３号ロ,-,-,1 
,,,35：永住者,-,-,1 
,,01_011：韓国,16：技術・人文知識・国際業務,-,-,1 
,,,35：永住者,-,-,3 
,,,36：日本人の配偶者等,-,-,1 
,,,39：特別永住者,-,-,3 
,,01_012：（朝鮮）,39：特別永住者,-,-,1 
,,01_014：カンボジア,21：特定技能１号,-,-,6 
,,,24：技能実習１号ロ,-,-,3 
,,,26：技能実習２号ロ,-,-,2 
,,01_021：タイ,21：特定技能１号,-,-,1 
,,,24：技能実習１号ロ,-,-,1 
,,,26：技能実習２号ロ,-,-,2 
,,,36：日本人の配偶者等,-,-,1 
,,01_022：台湾,16：技術・人文知識・国際業務,-,-,4 
,,,31：留学,-,-,1 
,,,35：永住者,-,-,2 
,,01_023：中国,31：留学,-,-,1 
,,,35：永住者,-,-,14 
,,,36：日本人の配偶者等,-,-,1 
,,,37：永住者の配偶者等,-,-,1 
,,,38：定住者,-,-,1 
,,01_028：ネパール,16：技術・人文知識・国際業務,-,-,11 
,,,21：特定技能１号,-,-,7 
,,01_032：バングラデシュ,26：技能実習２号ロ,-,-,1 
,,01_034：フィリピン,21：特定技能１号,-,-,14 
,,,24：技能実習１号ロ,-,-,5 
,,,26：技能実習２号ロ,-,-,10 
,,,28：技能実習３号ロ,-,-,2 
,,,34：特定活動,-,-,1 
,,,35：永住者,-,-,6 
,,,36：日本人の配偶者等,-,-,1 
,,01_037：ベトナム,08：高度専門職１号ロ,-,-,1 
,,,16：技術・人文知識・国際業務,-,-,2 
,,,21：特定技能１号,-,-,23 
,,,22：特定技能２号,-,-,5 
,,,24：技能実習１号ロ,-,-,8 
,,,26：技能実習２号ロ,-,-,18 
,,,28：技能実習３号ロ,-,-,2 
,,,34：特定活動,-,-,1 
,,,36：日本人の配偶者等,-,-,1 
,,01_039：ミャンマー,21：特定技能１号,-,-,17 
,,,24：技能実習１号ロ,-,-,10 
,,,26：技能実習２号ロ,-,-,10 
,,,34：特定活動,-,-,5 
,,,36：日本人の配偶者等,-,-,1 
,,01_041：モンゴル,16：技術・人文知識・国際業務,-,-,1 
,,01_043：ラオス,24：技能実習１号ロ,-,-,5 
,,02_054：英国,35：永住者,-,-,1 
,,02_069：スペイン,36：日本人の配偶者等,-,-,1 
,,02_101：ロシア,35：永住者,-,-,1 
,,04_175：米国,15：教育,-,-,1 
,,04_178：メキシコ,36：日本人の配偶者等,-,-,1 
,,,38：定住者,-,-,1 
,,05_187：ブラジル,35：永住者,-,-,2 
43：熊本県,甲佐町,01_008：インドネシア,21：特定技能１号,-,-,9 
,,,24：技能実習１号ロ,-,-,16 
,,,26：技能実習２号ロ,-,-,9 
,,01_011：韓国,35：永住者,-,-,2 
,,01_014：カンボジア,21：特定技能１号,-,-,1 
,,01_021：タイ,26：技能実習２号ロ,-,-,1 
,,01_023：中国,35：永住者,-,-,1 
,,,36：日本人の配偶者等,-,-,1 
,,,38：定住者,-,-,1 
,,01_026：トルコ,35：永住者,-,-,1 
,,01_028：ネパール,16：技術・人文知識・国際業務,-,-,2 
,,01_034：フィリピン,21：特定技能１号,-,-,6 
,,,24：技能実習１号ロ,-,-,2 
,,,35：永住者,-,-,7 
,,,36：日本人の配偶者等,-,-,1 
,,01_037：ベトナム,16：技術・人文知識・国際業務,-,-,1 
,,,21：特定技能１号,-,-,21 
,,,24：技能実習１号ロ,-,-,7 
,,,26：技能実習２号ロ,-,-,18 
,,,28：技能実習３号ロ,-,-,5 
,,,33：家族滞在,-,-,1 
,,,34：特定活動,-,-,2 
,,01_039：ミャンマー,16：技術・人文知識・国際業務,-,-,2 
,,,21：特定技能１号,-,-,18 
,,,24：技能実習１号ロ,-,-,4 
,,,26：技能実習２号ロ,-,-,14 
,,,28：技能実習３号ロ,-,-,1 
,,,34：特定活動,-,-,2 
,,04_175：米国,36：日本人の配偶者等,-,-,1 
43：熊本県,山都町,01_008：インドネシア,21：特定技能１号,-,-,20 
,,,24：技能実習１号ロ,-,-,15 
,,,26：技能実習２号ロ,-,-,23 
,,,28：技能実習３号ロ,-,-,1 
,,,34：特定活動,-,-,2 
,,01_011：韓国,36：日本人の配偶者等,-,-,1 
,,,39：特別永住者,-,-,2 
,,01_014：カンボジア,21：特定技能１号,-,-,27 
,,,22：特定技能２号,-,-,1 
,,,24：技能実習１号ロ,-,-,7 
,,,26：技能実習２号ロ,-,-,8 
,,,28：技能実習３号ロ,-,-,1 
,,,34：特定活動,-,-,3 
,,01_020：スリランカ,24：技能実習１号ロ,-,-,3 
,,,26：技能実習２号ロ,-,-,3 
,,01_021：タイ,35：永住者,-,-,1 
,,01_023：中国,35：永住者,-,-,6 
,,01_034：フィリピン,21：特定技能１号,-,-,16 
,,,22：特定技能２号,-,-,1 
,,,24：技能実習１号ロ,-,-,1 
,,,26：技能実習２号ロ,-,-,3 
,,,35：永住者,-,-,4 
,,,36：日本人の配偶者等,-,-,3 
,,01_037：ベトナム,21：特定技能１号,-,-,2 
,,,24：技能実習１号ロ,-,-,2 
,,,26：技能実習２号ロ,-,-,10 
,,,28：技能実習３号ロ,-,-,2 
,,,35：永住者,-,-,1 
,,01_039：ミャンマー,21：特定技能１号,-,-,11 
,,,24：技能実習１号ロ,-,-,9 
,,,26：技能実習２号ロ,-,-,8 
,,,34：特定活動,-,-,1 
,,02_083：フィンランド,15：教育,-,-,1 
,,02_084：フランス,36：日本人の配偶者等,-,-,1 
,,02_087：ベルギー,15：教育,-,-,1 
,,02_090：ポルトガル,15：教育,-,-,1 
,,04_158：カナダ,36：日本人の配偶者等,-,-,1 
,,04_175：米国,36：日本人の配偶者等,-,-,1 
,,06_191：オーストラリア,36：日本人の配偶者等,-,-,1 
43：熊本県,氷川町,01_008：インドネシア,21：特定技能１号,-,-,27 
,,,24：技能実習１号ロ,-,-,22 
,,,26：技能実習２号ロ,-,-,32 
,,,34：特定活動,-,-,4 
,,01_011：韓国,35：永住者,-,-,1 
,,,36：日本人の配偶者等,-,-,1 
,,,39：特別永住者,-,-,2 
,,01_014：カンボジア,21：特定技能１号,-,-,21 
,,,24：技能実習１号ロ,-,-,8 
,,,26：技能実習２号ロ,-,-,17 
,,,28：技能実習３号ロ,-,-,6 
,,,34：特定活動,-,-,2 
,,01_021：タイ,21：特定技能１号,-,-,1 
,,,24：技能実習１号ロ,-,-,1 
,,,26：技能実習２号ロ,-,-,5 
,,,28：技能実習３号ロ,-,-,1 
,,01_023：中国,16：技術・人文知識・国際業務,-,-,1 
,,,21：特定技能１号,-,-,5 
,,,26：技能実習２号ロ,-,-,4 
,,,35：永住者,-,-,3 
,,,36：日本人の配偶者等,-,-,1 
,,,38：定住者,-,-,1 
,,01_030：パキスタン,35：永住者,-,-,7 
,,,36：日本人の配偶者等,-,-,2 
,,01_032：バングラデシュ,21：特定技能１号,-,-,1 
,,01_034：フィリピン,21：特定技能１号,-,-,29 
,,,24：技能実習１号ロ,-,-,10 
,,,26：技能実習２号ロ,-,-,14 
,,,35：永住者,-,-,4 
,,,36：日本人の配偶者等,-,-,2 
,,01_037：ベトナム,21：特定技能１号,-,-,20 
,,,24：技能実習１号ロ,-,-,4 
,,,26：技能実習２号ロ,-,-,9 
,,,34：特定活動,-,-,1 
,,,36：日本人の配偶者等,-,-,1 
,,01_039：ミャンマー,21：特定技能１号,-,-,4 
,,,24：技能実習１号ロ,-,-,6 
,,,26：技能実習２号ロ,-,-,10 
,,,34：特定活動,-,-,2 
43：熊本県,芦北町,01_008：インドネシア,21：特定技能１号,-,-,2 
,,,24：技能実習１号ロ,-,-,11 
,,,26：技能実習２号ロ,-,-,4 
,,,34：特定活動,-,-,1 
,,01_011：韓国,39：特別永住者,-,-,2 
,,01_014：カンボジア,21：特定技能１号,-,-,1 
,,,24：技能実習１号ロ,-,-,2 
,,,26：技能実習２号ロ,-,-,2 
,,,28：技能実習３号ロ,-,-,2 
,,01_020：スリランカ,16：技術・人文知識・国際業務,-,-,1 
,,,33：家族滞在,-,-,1 
,,01_023：中国,35：永住者,-,-,5 
,,,36：日本人の配偶者等,-,-,1 
,,01_028：ネパール,21：特定技能１号,-,-,6 
,,01_034：フィリピン,26：技能実習２号ロ,-,-,2 
,,,35：永住者,-,-,5 
,,,36：日本人の配偶者等,-,-,1 
,,01_037：ベトナム,21：特定技能１号,-,-,11 
,,,24：技能実習１号ロ,-,-,1 
,,,26：技能実習２号ロ,-,-,3 
,,,34：特定活動,-,-,1 
,,01_039：ミャンマー,21：特定技能１号,-,-,9 
,,,24：技能実習１号ロ,-,-,3 
,,,26：技能実習２号ロ,-,-,11 
,,02_054：英国,16：技術・人文知識・国際業務,-,-,1 
,,04_175：米国,15：教育,-,-,2 
43：熊本県,津奈木町,01_008：インドネシア,21：特定技能１号,-,-,3 
,,,24：技能実習１号ロ,-,-,2 
,,01_011：韓国,35：永住者,-,-,2 
,,,36：日本人の配偶者等,-,-,1 
,,01_022：台湾,04：芸術,-,-,2 
,,,35：永住者,-,-,1 
,,01_030：パキスタン,11：経営・管理,-,-,1 
,,01_037：ベトナム,21：特定技能１号,-,-,1 
,,01_039：ミャンマー,21：特定技能１号,-,-,4 
,,03_146：南アフリカ共和国,15：教育,-,-,1 
,,04_175：米国,15：教育,-,-,1 
,,,36：日本人の配偶者等,-,-,1 
43：熊本県,錦町,01_008：インドネシア,21：特定技能１号,-,-,2 
,,,24：技能実習１号ロ,-,-,2 
,,,26：技能実習２号ロ,-,-,5 
,,01_011：韓国,35：永住者,-,-,1 
,,,36：日本人の配偶者等,-,-,1 
,,,39：特別永住者,-,-,2 
,,01_014：カンボジア,21：特定技能１号,-,-,5 
,,,22：特定技能２号,-,-,1 
,,,26：技能実習２号ロ,-,-,3 
,,,34：特定活動,-,-,1 
,,01_021：タイ,26：技能実習２号ロ,-,-,4 
,,,35：永住者,-,-,1 
,,,36：日本人の配偶者等,-,-,1 
,,01_022：台湾,35：永住者,-,-,1 
,,01_023：中国,16：技術・人文知識・国際業務,-,-,1 
,,,20：技能,-,-,1 
,,,21：特定技能１号,-,-,1 
,,,33：家族滞在,-,-,2 
,,,35：永住者,-,-,2 
,,,38：定住者,-,-,3 
,,01_028：ネパール,35：永住者,-,-,1 
,,01_030：パキスタン,11：経営・管理,-,-,1 
,,,33：家族滞在,-,-,3 
,,01_034：フィリピン,15：教育,-,-,1 
,,,21：特定技能１号,-,-,2 
,,,26：技能実習２号ロ,-,-,2 
,,,35：永住者,-,-,13 
,,,36：日本人の配偶者等,-,-,2 
,,01_037：ベトナム,16：技術・人文知識・国際業務,-,-,51 
,,,21：特定技能１号,-,-,3 
,,,22：特定技能２号,-,-,1 
,,,26：技能実習２号ロ,-,-,3 
,,,28：技能実習３号ロ,-,-,4 
,,,33：家族滞在,-,-,2 
,,01_039：ミャンマー,21：特定技能１号,-,-,11 
,,,24：技能実習１号ロ,-,-,2 
,,,26：技能実習２号ロ,-,-,3 
,,04_175：米国,15：教育,-,-,3 
43：熊本県,多良木町,01_007：インド,35：永住者,-,-,1 
,,01_008：インドネシア,24：技能実習１号ロ,-,-,11 
,,,26：技能実習２号ロ,-,-,2 
,,01_011：韓国,35：永住者,-,-,1 
,,01_014：カンボジア,21：特定技能１号,-,-,1 
,,01_028：ネパール,21：特定技能１号,-,-,4 
,,,35：永住者,-,-,1 
,,01_032：バングラデシュ,24：技能実習１号ロ,-,-,3 
,,01_034：フィリピン,35：永住者,-,-,9 
,,,37：永住者の配偶者等,-,-,1 
,,01_037：ベトナム,21：特定技能１号,-,-,16 
,,,24：技能実習１号ロ,-,-,10 
,,,26：技能実習２号ロ,-,-,7 
,,,36：日本人の配偶者等,-,-,1 
,,01_039：ミャンマー,21：特定技能１号,-,-,9 
,,,24：技能実習１号ロ,-,-,2 
,,03_112：カメルーン,38：定住者,-,-,1 
,,04_158：カナダ,34：特定活動,-,-,1 
,,04_175：米国,15：教育,-,-,1 
43：熊本県,湯前町,01_008：インドネシア,26：技能実習２号ロ,-,-,1 
,,01_014：カンボジア,24：技能実習１号ロ,-,-,2 
,,01_019：シンガポール,38：定住者,-,-,1 
,,01_020：スリランカ,16：技術・人文知識・国際業務,-,-,4 
,,01_021：タイ,35：永住者,-,-,1 
,,01_023：中国,36：日本人の配偶者等,-,-,1 
,,01_028：ネパール,21：特定技能１号,-,-,3 
,,01_039：ミャンマー,26：技能実習２号ロ,-,-,4 
,,04_158：カナダ,34：特定活動,-,-,1 
,,,36：日本人の配偶者等,-,-,1 
,,04_175：米国,35：永住者,-,-,1 
43：熊本県,水上村,01_008：インドネシア,24：技能実習１号ロ,-,-,3 
,,01_022：台湾,36：日本人の配偶者等,-,-,1 
,,01_023：中国,35：永住者,-,-,5 
,,01_034：フィリピン,21：特定技能１号,-,-,5 
,,01_039：ミャンマー,21：特定技能１号,-,-,4 
,,04_175：米国,35：永住者,-,-,1 
,,,36：日本人の配偶者等,-,-,1 
43：熊本県,相良村,01_008：インドネシア,21：特定技能１号,-,-,3 
,,,24：技能実習１号ロ,-,-,3 
,,,26：技能実習２号ロ,-,-,5 
,,,34：特定活動,-,-,1 
,,01_011：韓国,39：特別永住者,-,-,3 
,,01_023：中国,36：日本人の配偶者等,-,-,1 
,,01_032：バングラデシュ,21：特定技能１号,-,-,1 
,,,24：技能実習１号ロ,-,-,3 
,,,26：技能実習２号ロ,-,-,1 
,,01_034：フィリピン,35：永住者,-,-,3 
,,,36：日本人の配偶者等,-,-,3 
,,01_037：ベトナム,16：技術・人文知識・国際業務,-,-,1 
,,,33：家族滞在,-,-,1 
,,01_039：ミャンマー,21：特定技能１号,-,-,10 
,,04_175：米国,15：教育,-,-,1 
,,05_187：ブラジル,35：永住者,-,-,1 
43：熊本県,五木村,-,-,-,-,6 
43：熊本県,山江村,-,-,-,-,8 
43：熊本県,球磨村,-,-,-,-,5 
43：熊本県,あさぎり町,01_008：インドネシア,21：特定技能１号,-,-,3 
,,,24：技能実習１号ロ,-,-,2 
,,,26：技能実習２号ロ,-,-,14 
,,,28：技能実習３号ロ,-,-,2 
,,,35：永住者,-,-,1 
,,,36：日本人の配偶者等,-,-,1 
,,01_011：韓国,35：永住者,-,-,1 
,,,39：特別永住者,-,-,13 
,,01_014：カンボジア,26：技能実習２号ロ,-,-,4 
,,,28：技能実習３号ロ,-,-,1 
,,,34：特定活動,-,-,2 
,,01_023：中国,11：経営・管理,-,-,1 
,,,20：技能,-,-,1 
,,,33：家族滞在,-,-,3 
,,,35：永住者,-,-,8 
,,01_028：ネパール,16：技術・人文知識・国際業務,-,-,8 
,,,24：技能実習１号ロ,-,-,13 
,,,26：技能実習２号ロ,-,-,9 
,,,33：家族滞在,-,-,3 
,,01_034：フィリピン,35：永住者,-,-,10 
,,,36：日本人の配偶者等,-,-,3 
,,,38：定住者,-,-,1 
,,01_037：ベトナム,16：技術・人文知識・国際業務,-,-,3 
,,,21：特定技能１号,-,-,26 
,,,22：特定技能２号,-,-,1 
,,,24：技能実習１号ロ,-,-,16 
,,,26：技能実習２号ロ,-,-,43 
,,,28：技能実習３号ロ,-,-,6 
,,,34：特定活動,-,-,18 
,,01_039：ミャンマー,21：特定技能１号,-,-,6 
,,,24：技能実習１号ロ,-,-,6 
,,,26：技能実習２号ロ,-,-,12 
,,04_175：米国,15：教育,-,-,4 
,,,35：永住者,-,-,1 
,,05_187：ブラジル,35：永住者,-,-,1 
,,06_201：ニュージーランド,16：技術・人文知識・国際業務,-,-,1 
43：熊本県,苓北町,01_008：インドネシア,21：特定技能１号,-,-,1 
,,,24：技能実習１号ロ,-,-,2 
,,,26：技能実習２号ロ,-,-,4 
,,,34：特定活動,-,-,2 
,,01_011：韓国,11：経営・管理,-,-,1 
,,,16：技術・人文知識・国際業務,-,-,1 
,,,39：特別永住者,-,-,1 
,,01_023：中国,35：永住者,-,-,5 
,,01_028：ネパール,18：介護,-,-,1 
,,,33：家族滞在,-,-,1 
,,01_034：フィリピン,21：特定技能１号,-,-,1 
,,01_037：ベトナム,13：医療,-,-,1 
,,,16：技術・人文知識・国際業務,-,-,1 
,,,21：特定技能１号,-,-,4 
,,,26：技能実習２号ロ,-,-,23 
,,,28：技能実習３号ロ,-,-,8 
,,,33：家族滞在,-,-,1 
,,,34：特定活動,-,-,3 
,,,35：永住者,-,-,1 
,,,36：日本人の配偶者等,-,-,3 
,,01_039：ミャンマー,21：特定技能１号,-,-,5 
,,,24：技能実習１号ロ,-,-,9 
,,,26：技能実習２号ロ,-,-,17 
,,,35：永住者,-,-,1 
,,02_054：英国,35：永住者,-,-,1 
,,05_185：チリ,38：定住者,-,-,1 
,,,,,,
,,,,,,
,,,,,,
,,,,,,
,,,,,,
,,,,,,
,,,,,,
,,,,,,
,,,,,,
,,,,,,
,,,,,,
,,,,,,
,,,,,,
,,,,,,
,,,,,,
,,,,,,
,,,,,,
,,,,,,
,,,,,,
,,,,,,
,,,,,,
,,,,,,
,,,,,,
,,,,,,
,,,,,,
,,,,,,
,,,,,,
,,,,,,
,,,,,,
,,,,,,
,,,,,,
,,,,,,
,,,,,,
,,,,,,
,,,,,,
,,,,,,
,,,,,,
,,,,,,
,,,,,,
,,,,,,
,,,,,,
,,,,,,
,,,,,,
,,,,,,
,,,,,,
,,,,,,
,,,,,,
,,,,,,
,,,,,,
,,,,,,
,,,,,,
,,,,,,
,,,,,,
,,,,,,
,,,,,,
,,,,,,
,,,,,,
,,,,,,
,,,,,,
,,,,,,
,,,,,,
,,,,,,
,,,,,,
,,,,,,
,,,,,,
,,,,,,
,,,,,,
,,,,,,
,,,,,,
,,,,,,
,,,,,,
,,,,,,
,,,,,,
,,,,,,
,,,,,,
,,,,,,
,,,,,,
,,,,,,
,,,,,,
,,,,,,
,,,,,,
,,,,,,
,,,,,,
,,,,,,
,,,,,,
,,,,,,
,,,,,,
,,,,,,
,,,,,,
,,,,,,
,,,,,,
,,,,,,
,,,,,,
,,,,,,
,,,,,,
,,,,,,
,,,,,,
,,,,,,
,,,,,,
,,,,,,
,,,,,,
,,,,,,
,,,,,,
,,,,,,
,,,,,,
,,,,,,
,,,,,,
,,,,,,
,,,,,,
,,,,,,
,,,,,,
,,,,,,
,,,,,,
,,,,,,
,,,,,,
,,,,,,
,,,,,,
,,,,,,
,,,,,,
,,,,,,
,,,,,,
,,,,,,
,,,,,,
,,,,,,
,,,,,,
,,,,,,
,,,,,,
,,,,,,
,,,,,,
,,,,,,
,,,,,,
,,,,,,
,,,,,,
,,,,,,
,,,,,,
,,,,,,
,,,,,,
,,,,,,
,,,,,,
,,,,,,
,,,,,,
,,,,,,
,,,,,,
,,,,,,
,,,,,,
,,,,,,
,,,,,,
,,,,,,
,,,,,,
,,,,,,
,,,,,,
,,,,,,
,,,,,,
,,,,,,
,,,,,,
,,,,,,
,,,,,,
,,,,,,
,,,,,,
,,,,,,
,,,,,,
,,,,,,
,,,,,,
,,,,,,
,,,,,,
,,,,,,
,,,,,,
,,,,,,
,,,,,,
,,,,,,
,,,,,,
,,,,,,
,,,,,,
,,,,,,
,,,,,,
,,,,,,
,,,,,,
,,,,,,
,,,,,,
,,,,,,
,,,,,,
,,,,,,
,,,,,,
,,,,,,
,,,,,,
,,,,,,
,,,,,,
,,,,,,
,,,,,,
,,,,,,
,,,,,,
,,,,,,
,,,,,,
,,,,,,
,,,,,,
,,,,,,
,,,,,,
,,,,,,
,,,,,,
,,,,,,
,,,,,,
,,,,,,
,,,,,,
,,,,,,
,,,,,,
,,,,,,
,,,,,,
,,,,,,
,,,,,,
,,,,,,
,,,,,,
,,,,,,
,,,,,,
,,,,,,
,,,,,,
,,,,,,
,,,,,,
,,,,,,
,,,,,,
,,,,,,
,,,,,,
,,,,,,
,,,,,,
,,,,,,
,,,,,,
,,,,,,
,,,,,,
,,,,,,
,,,,,,
,,,,,,
,,,,,,
,,,,,,
,,,,,,
,,,,,,
,,,,,,
,,,,,,
,,,,,,
,,,,,,
,,,,,,
,,,,,,
,,,,,,
,,,,,,
,,,,,,
,,,,,,
,,,,,,
,,,,,,
,,,,,,
,,,,,,
,,,,,,
,,,,,,
,,,,,,
,,,,,,
,,,,,,
,,,,,,
,,,,,,
,,,,,,
,,,,,,
,,,,,,
,,,,,,
,,,,,,
,,,,,,
,,,,,,
,,,,,,
,,,,,,
,,,,,,
,,,,,,
,,,,,,
,,,,,,
,,,,,,
,,,,,,
,,,,,,
,,,,,,
,,,,,,
,,,,,,
,,,,,,
,,,,,,
,,,,,,
,,,,,,
,,,,,,
,,,,,,
,,,,,,
,,,,,,
,,,,,,
,,,,,,
,,,,,,
,,,,,,
,,,,,,
,,,,,,
,,,,,,
,,,,,,
,,,,,,
,,,,,,
,,,,,,
,,,,,,
,,,,,,
,,,,,,
,,,,,,
,,,,,,
,,,,,,
,,,,,,
,,,,,,
,,,,,,
,,,,,,
,,,,,,
,,,,,,
,,,,,,
,,,,,,
,,,,,,
,,,,,,
,,,,,,
,,,,,,
,,,,,,
,,,,,,
,,,,,,
,,,,,,
,,,,,,
,,,,,,
,,,,,,
,,,,,,
,,,,,,
,,,,,,
,,,,,,
,,,,,,
,,,,,,
,,,,,,
,,,,,,
,,,,,,
,,,,,,
,,,,,,
,,,,,,
,,,,,,
,,,,,,
,,,,,,
,,,,,,
,,,,,,
,,,,,,
,,,,,,
,,,,,,
,,,,,,
,,,,,,
,,,,,,
,,,,,,
,,,,,,
,,,,,,
,,,,,,
,,,,,,
,,,,,,
,,,,,,
,,,,,,
,,,,,,
,,,,,,
,,,,,,
,,,,,,
,,,,,,
,,,,,,
,,,,,,
,,,,,,
,,,,,,
,,,,,,
,,,,,,
,,,,,,
,,,,,,
,,,,,,
,,,,,,
,,,,,,
,,,,,,
,,,,,,
,,,,,,
,,,,,,
,,,,,,
,,,,,,
,,,,,,
,,,,,,
,,,,,,
,,,,,,
,,,,,,
,,,,,,
,,,,,,
,,,,,,
,,,,,,
,,,,,,
,,,,,,
,,,,,,
,,,,,,
,,,,,,
,,,,,,
,,,,,,
,,,,,,
,,,,,,
,,,,,,
,,,,,,
,,,,,,
,,,,,,
,,,,,,
,,,,,,
,,,,,,
,,,,,,
,,,,,,
,,,,,,
,,,,,,
,,,,,,
,,,,,,
,,,,,,
,,,,,,
,,,,,,
,,,,,,
,,,,,,
,,,,,,
,,,,,,
,,,,,,
,,,,,,
,,,,,,
,,,,,,
,,,,,,
,,,,,,
,,,,,,
,,,,,,
,,,,,,
,,,,,,
,,,,,,
,,,,,,
,,,,,,
,,,,,,
,,,,,,
,,,,,,
,,,,,,
,,,,,,
,,,,,,
,,,,,,
,,,,,,
,,,,,,
,,,,,,
,,,,,,
,,,,,,
,,,,,,
,,,,,,
,,,,,,
,,,,,,
,,,,,,
,,,,,,
,,,,,,
,,,,,,
,,,,,,
,,,,,,
,,,,,,
,,,,,,
,,,,,,
,,,,,,
,,,,,,
,,,,,,
,,,,,,
,,,,,,
,,,,,,
,,,,,,
,,,,,,
,,,,,,
,,,,,,
,,,,,,
,,,,,,
,,,,,,
,,,,,,
,,,,,,
,,,,,,
,,,,,,
,,,,,,
,,,,,,
,,,,,,
,,,,,,
,,,,,,
,,,,,,
,,,,,,
,,,,,,
,,,,,,
,,,,,,
,,,,,,
,,,,,,
,,,,,,
,,,,,,
,,,,,,
,,,,,,
,,,,,,
,,,,,,
,,,,,,
,,,,,,
,,,,,,
,,,,,,
,,,,,,
,,,,,,
,,,,,,
,,,,,,
,,,,,,
,,,,,,
,,,,,,
,,,,,,
,,,,,,
,,,,,,
,,,,,,
,,,,,,
,,,,,,
,,,,,,
,,,,,,
,,,,,,
,,,,,,
,,,,,,
,,,,,,
,,,,,,
,,,,,,
,,,,,,
,,,,,,
,,,,,,
,,,,,,
,,,,,,
,,,,,,
,,,,,,
,,,,,,
,,,,,,
,,,,,,
,,,,,,
,,,,,,
,,,,,,
,,,,,,
,,,,,,
,,,,,,
,,,,,,
,,,,,,
,,,,,,
,,,,,,
,,,,,,
,,,,,,
,,,,,,
,,,,,,
,,,,,,
,,,,,,
,,,,,,
,,,,,,
,,,,,,
,,,,,,
,,,,,,
,,,,,,
,,,,,,
,,,,,,
,,,,,,
,,,,,,
,,,,,,
,,,,,,
,,,,,,
,,,,,,
,,,,,,
,,,,,,
,,,,,,
,,,,,,
,,,,,,
,,,,,,
,,,,,,
,,,,,,
,,,,,,
,,,,,,
,,,,,,
,,,,,,
,,,,,,
,,,,,,
,,,,,,
,,,,,,
,,,,,,
,,,,,,
,,,,,,
,,,,,,
,,,,,,
,,,,,,
,,,,,,
,,,,,,
,,,,,,
,,,,,,
,,,,,,
,,,,,,
,,,,,,
,,,,,,
,,,,,,
,,,,,,
,,,,,,
,,,,,,
,,,,,,
,,,,,,
,,,,,,
,,,,,,
,,,,,,
,,,,,,
,,,,,,
,,,,,,
,,,,,,
,,,,,,
,,,,,,
,,,,,,
,,,,,,
,,,,,,
,,,,,,
,,,,,,
,,,,,,
,,,,,,
,,,,,,
,,,,,,
,,,,,,
,,,,,,
,,,,,,
,,,,,,
,,,,,,
,,,,,,
,,,,,,
,,,,,,
,,,,,,
,,,,,,
,,,,,,
,,,,,,
,,,,,,
,,,,,,
,,,,,,
,,,,,,
,,,,,,
,,,,,,
,,,,,,
,,,,,,
,,,,,,
,,,,,,
,,,,,,
,,,,,,
,,,,,,
,,,,,,
,,,,,,
,,,,,,
,,,,,,
,,,,,,
,,,,,,
,,,,,,
,,,,,,
,,,,,,
,,,,,,
,,,,,,
,,,,,,
,,,,,,
,,,,,,
,,,,,,
,,,,,,
,,,,,,
,,,,,,
,,,,,,
,,,,,,
,,,,,,
,,,,,,
,,,,,,
,,,,,,
,,,,,,
,,,,,,
,,,,,,
,,,,,,
,,,,,,
,,,,,,
,,,,,,
,,,,,,
,,,,,,
,,,,,,
,,,,,,
,,,,,,
,,,,,,
,,,,,,
,,,,,,
,,,,,,
,,,,,,
,,,,,,
,,,,,,
,,,,,,
,,,,,,
,,,,,,
,,,,,,
,,,,,,
,,,,,,
,,,,,,
,,,,,,
,,,,,,
,,,,,,
,,,,,,
,,,,,,
,,,,,,
,,,,,,
,,,,,,
,,,,,,
,,,,,,
,,,,,,
,,,,,,
,,,,,,
,,,,,,
,,,,,,
,,,,,,
,,,,,,
,,,,,,
,,,,,,
,,,,,,
,,,,,,
,,,,,,
,,,,,,
,,,,,,
,,,,,,
,,,,,,
,,,,,,
,,,,,,
,,,,,,
,,,,,,
,,,,,,
,,,,,,
,,,,,,
,,,,,,
,,,,,,
,,,,,,
,,,,,,
,,,,,,
,,,,,,
,,,,,,
,,,,,,
,,,,,,
,,,,,,
,,,,,,
,,,,,,
,,,,,,
,,,,,,
,,,,,,
,,,,,,
,,,,,,
,,,,,,
,,,,,,
,,,,,,
,,,,,,
,,,,,,
,,,,,,
,,,,,,
,,,,,,
,,,,,,
,,,,,,
,,,,,,
,,,,,,
,,,,,,
,,,,,,
,,,,,,
,,,,,,
,,,,,,
,,,,,,
,,,,,,
,,,,,,
,,,,,,
,,,,,,
,,,,,,
,,,,,,
,,,,,,
,,,,,,
,,,,,,
,,,,,,
,,,,,,
,,,,,,
,,,,,,
,,,,,,
,,,,,,
,,,,,,
,,,,,,
,,,,,,
,,,,,,
,,,,,,
,,,,,,
,,,,,,
,,,,,,
,,,,,,
,,,,,,
,,,,,,
,,,,,,
,,,,,,
,,,,,,
,,,,,,
,,,,,,
,,,,,,
,,,,,,
,,,,,,
,,,,,,
,,,,,,
,,,,,,
,,,,,,
,,,,,,
,,,,,,
,,,,,,
,,,,,,
,,,,,,
,,,,,,
,,,,,,
,,,,,,
,,,,,,
,,,,,,
,,,,,,
,,,,,,
,,,,,,
,,,,,,
,,,,,,
,,,,,,
,,,,,,
,,,,,,
,,,,,,
,,,,,,
,,,,,,
,,,,,,
,,,,,,
,,,,,,
,,,,,,
,,,,,,
,,,,,,
,,,,,,
,,,,,,
,,,,,,
,,,,,,
,,,,,,
,,,,,,
,,,,,,
,,,,,,
,,,,,,
,,,,,,
,,,,,,
,,,,,,
,,,,,,
,,,,,,
,,,,,,
,,,,,,
,,,,,,
,,,,,,
,,,,,,
,,,,,,
,,,,,,
,,,,,,
,,,,,,
,,,,,,
,,,,,,
,,,,,,
,,,,,,
,,,,,,
,,,,,,
,,,,,,
,,,,,,
,,,,,,
,,,,,,
,,,,,,
,,,,,,
,,,,,,
,,,,,,
,,,,,,
,,,,,,
,,,,,,
,,,,,,
,,,,,,
,,,,,,
,,,,,,
,,,,,,
,,,,,,
,,,,,,
,,,,,,
,,,,,,
,,,,,,
,,,,,,
,,,,,,
,,,,,,
,,,,,,
,,,,,,
,,,,,,
,,,,,,
,,,,,,
,,,,,,
,,,,,,
,,,,,,
,,,,,,
,,,,,,
,,,,,,
,,,,,,
,,,,,,
,,,,,,
,,,,,,
,,,,,,
,,,,,,
,,,,,,
,,,,,,
,,,,,,
,,,,,,
,,,,,,
,,,,,,
,,,,,,
,,,,,,
,,,,,,
,,,,,,
,,,,,,
,,,,,,
,,,,,,
,,,,,,
,,,,,,
,,,,,,
,,,,,,
,,,,,,
,,,,,,
,,,,,,
,,,,,,
,,,,,,
,,,,,,
,,,,,,
,,,,,,
,,,,,,
,,,,,,
,,,,,,
,,,,,,
,,,,,,
,,,,,,
,,,,,,
,,,,,,
,,,,,,
,,,,,,
,,,,,,
,,,,,,
,,,,,,
,,,,,,
,,,,,,
,,,,,,
,,,,,,
,,,,,,
,,,,,,
,,,,,,
,,,,,,
,,,,,,
,,,,,,
,,,,,,
,,,,,,
,,,,,,
,,,,,,
,,,,,,
,,,,,,
,,,,,,
,,,,,,
,,,,,,
,,,,,,
,,,,,,
,,,,,,
,,,,,,
,,,,,,
,,,,,,
,,,,,,
,,,,,,
,,,,,,
,,,,,,
,,,,,,
,,,,,,
,,,,,,
,,,,,,
,,,,,,
,,,,,,
,,,,,,
,,,,,,
,,,,,,
,,,,,,
,,,,,,
,,,,,,
,,,,,,
,,,,,,
,,,,,,
,,,,,,
,,,,,,
,,,,,,
,,,,,,
,,,,,,
,,,,,,
,,,,,,
,,,,,,
,,,,,,
,,,,,,
,,,,,,
,,,,,,
,,,,,,
,,,,,,
,,,,,,
,,,,,,
,,,,,,
,,,,,,
,,,,,,
,,,,,,
,,,,,,
,,,,,,
,,,,,,
,,,,,,
,,,,,,
,,,,,,
,,,,,,
,,,,,,
,,,,,,
,,,,,,
,,,,,,
,,,,,,
,,,,,,
,,,,,,
,,,,,,
,,,,,,
,,,,,,
,,,,,,
,,,,,,
,,,,,,
,,,,,,
,,,,,,
,,,,,,
,,,,,,
,,,,,,
,,,,,,
,,,,,,
,,,,,,
,,,,,,
,,,,,,
,,,,,,
,,,,,,
,,,,,,
,,,,,,
,,,,,,
,,,,,,
,,,,,,
,,,,,,
,,,,,,
,,,,,,
,,,,,,
,,,,,,
,,,,,,
,,,,,,
,,,,,,
,,,,,,
,,,,,,
,,,,,,
,,,,,,
,,,,,,
,,,,,,
,,,,,,
,,,,,,
,,,,,,
,,,,,,
,,,,,,
,,,,,,
,,,,,,
,,,,,,
,,,,,,
,,,,,,
,,,,,,
,,,,,,
,,,,,,
,,,,,,
,,,,,,
,,,,,,
,,,,,,
,,,,,,
,,,,,,
,,,,,,
,,,,,,
,,,,,,
,,,,,,
,,,,,,
,,,,,,
,,,,,,
,,,,,,
,,,,,,
,,,,,,
,,,,,,
,,,,,,
,,,,,,
,,,,,,
,,,,,,
,,,,,,
,,,,,,
,,,,,,
,,,,,,
,,,,,,
,,,,,,
,,,,,,
,,,,,,
,,,,,,
,,,,,,
,,,,,,
,,,,,,
,,,,,,
,,,,,,
,,,,,,
,,,,,,
,,,,,,
,,,,,,
,,,,,,
,,,,,,
,,,,,,
,,,,,,
,,,,,,
,,,,,,
,,,,,,
,,,,,,
,,,,,,
,,,,,,
,,,,,,
,,,,,,
,,,,,,
,,,,,,
,,,,,,
,,,,,,
,,,,,,
,,,,,,
,,,,,,
,,,,,,
,,,,,,
,,,,,,
,,,,,,
,,,,,,
,,,,,,
,,,,,,
,,,,,,
,,,,,,
,,,,,,
,,,,,,
,,,,,,
,,,,,,
,,,,,,
,,,,,,
,,,,,,
,,,,,,
,,,,,,
,,,,,,
,,,,,,
,,,,,,
,,,,,,
,,,,,,
,,,,,,
,,,,,,
,,,,,,
,,,,,,
,,,,,,
,,,,,,
,,,,,,
,,,,,,
,,,,,,
,,,,,,
,,,,,,
,,,,,,
,,,,,,
,,,,,,
,,,,,,
,,,,,,
,,,,,,
,,,,,,
,,,,,,
,,,,,,
,,,,,,
,,,,,,
,,,,,,
,,,,,,
,,,,,,
,,,,,,
,,,,,,
,,,,,,
,,,,,,
,,,,,,
,,,,,,
,,,,,,
,,,,,,
,,,,,,
,,,,,,
,,,,,,
,,,,,,
,,,,,,
,,,,,,
,,,,,,
,,,,,,
,,,,,,
,,,,,,
,,,,,,
,,,,,,
,,,,,,
,,,,,,
,,,,,,
,,,,,,
,,,,,,
,,,,,,
,,,,,,
,,,,,,
,,,,,,
,,,,,,
,,,,,,
,,,,,,
,,,,,,
,,,,,,
,,,,,,
,,,,,,
,,,,,,
,,,,,,
,,,,,,
,,,,,,
,,,,,,
,,,,,,
,,,,,,
,,,,,,
,,,,,,
,,,,,,
,,,,,,
,,,,,,
,,,,,,
,,,,,,
,,,,,,
,,,,,,
,,,,,,
,,,,,,
,,,,,,
,,,,,,
,,,,,,
,,,,,,
,,,,,,
,,,,,,
,,,,,,
,,,,,,
,,,,,,
,,,,,,
,,,,,,
,,,,,,
,,,,,,
,,,,,,
,,,,,,
,,,,,,
,,,,,,
,,,,,,
,,,,,,
,,,,,,
,,,,,,
,,,,,,
,,,,,,
,,,,,,
,,,,,,
,,,,,,
,,,,,,
,,,,,,
,,,,,,
,,,,,,
,,,,,,
,,,,,,
,,,,,,
,,,,,,
,,,,,,
,,,,,,
,,,,,,
,,,,,,
,,,,,,
,,,,,,
,,,,,,
,,,,,,
,,,,,,
,,,,,,
,,,,,,
,,,,,,
,,,,,,
,,,,,,
,,,,,,
,,,,,,
,,,,,,
,,,,,,
,,,,,,
,,,,,,
,,,,,,
,,,,,,
,,,,,,
,,,,,,
,,,,,,
,,,,,,
,,,,,,
,,,,,,
,,,,,,
,,,,,,
,,,,,,
,,,,,,
,,,,,,
,,,,,,
,,,,,,
,,,,,,
,,,,,,
,,,,,,
,,,,,,
,,,,,,
,,,,,,
,,,,,,
,,,,,,
,,,,,,
,,,,,,
,,,,,,
,,,,,,
,,,,,,
,,,,,,
,,,,,,
,,,,,,
,,,,,,
,,,,,,
,,,,,,
,,,,,,
,,,,,,
,,,,,,
,,,,,,
,,,,,,
,,,,,,
,,,,,,
,,,,,,
,,,,,,
,,,,,,
,,,,,,
,,,,,,
,,,,,,
,,,,,,
,,,,,,
,,,,,,
,,,,,,
,,,,,,
,,,,,,
,,,,,,
,,,,,,
,,,,,,
,,,,,,
,,,,,,
,,,,,,
,,,,,,
,,,,,,
,,,,,,
,,,,,,
,,,,,,
,,,,,,
,,,,,,
,,,,,,
,,,,,,
,,,,,,
,,,,,,
,,,,,,
,,,,,,
,,,,,,
,,,,,,
,,,,,,
,,,,,,
,,,,,,
,,,,,,
,,,,,,
,,,,,,
,,,,,,
,,,,,,
,,,,,,
,,,,,,
,,,,,,
,,,,,,
,,,,,,
,,,,,,
,,,,,,
,,,,,,
,,,,,,
,,,,,,
,,,,,,
,,,,,,
,,,,,,
,,,,,,
,,,,,,
,,,,,,
,,,,,,
,,,,,,
,,,,,,
,,,,,,
,,,,,,
,,,,,,
,,,,,,
,,,,,,
,,,,,,
,,,,,,
,,,,,,
,,,,,,
,,,,,,
,,,,,,
,,,,,,
,,,,,,
,,,,,,
,,,,,,
,,,,,,
,,,,,,
,,,,,,
,,,,,,
,,,,,,
,,,,,,
,,,,,,
,,,,,,
,,,,,,
,,,,,,
,,,,,,
,,,,,,
,,,,,,
,,,,,,
,,,,,,
,,,,,,
,,,,,,
,,,,,,
,,,,,,
,,,,,,
,,,,,,
,,,,,,
,,,,,,
,,,,,,
,,,,,,
,,,,,,
,,,,,,
,,,,,,
,,,,,,
,,,,,,
,,,,,,
,,,,,,
,,,,,,
,,,,,,
,,,,,,
,,,,,,
,,,,,,
,,,,,,
,,,,,,
,,,,,,
,,,,,,
,,,,,,
,,,,,,
,,,,,,
,,,,,,
,,,,,,
,,,,,,
,,,,,,
,,,,,,
,,,,,,
,,,,,,
,,,,,,
,,,,,,
,,,,,,
,,,,,,
,,,,,,
,,,,,,
,,,,,,
,,,,,,
,,,,,,
,,,,,,
,,,,,,
,,,,,,
,,,,,,
,,,,,,
,,,,,,
,,,,,,
,,,,,,
,,,,,,
,,,,,,
,,,,,,
,,,,,,
,,,,,,
,,,,,,
,,,,,,
,,,,,,
,,,,,,
,,,,,,
,,,,,,
,,,,,,
,,,,,,
,,,,,,
,,,,,,
,,,,,,
,,,,,,
,,,,,,
,,,,,,
,,,,,,
,,,,,,
,,,,,,
,,,,,,
,,,,,,
,,,,,,
,,,,,,
,,,,,,
,,,,,,
,,,,,,
,,,,,,
,,,,,,
,,,,,,
,,,,,,
,,,,,,
,,,,,,
,,,,,,
,,,,,,
,,,,,,
,,,,,,
,,,,,,
,,,,,,
,,,,,,
,,,,,,
,,,,,,
,,,,,,
,,,,,,
,,,,,,
,,,,,,
,,,,,,
,,,,,,
,,,,,,
,,,,,,
,,,,,,
,,,,,,
,,,,,,
,,,,,,
,,,,,,
,,,,,,
,,,,,,
,,,,,,
,,,,,,
,,,,,,
,,,,,,
,,,,,,
,,,,,,
,,,,,,
,,,,,,
,,,,,,
,,,,,,
,,,,,,
,,,,,,
,,,,,,
,,,,,,
,,,,,,
,,,,,,
,,,,,,
,,,,,,
,,,,,,
,,,,,,
,,,,,,
,,,,,,
,,,,,,
,,,,,,
,,,,,,
,,,,,,
,,,,,,
,,,,,,
,,,,,,
,,,,,,
,,,,,,
,,,,,,
,,,,,,
,,,,,,
,,,,,,
,,,,,,
,,,,,,
,,,,,,
,,,,,,
,,,,,,
,,,,,,
,,,,,,
,,,,,,
,,,,,,
,,,,,,
,,,,,,
,,,,,,
,,,,,,
,,,,,,
,,,,,,
,,,,,,
,,,,,,
,,,,,,
,,,,,,
,,,,,,
,,,,,,
,,,,,,
,,,,,,
,,,,,,
,,,,,,
,,,,,,
,,,,,,
,,,,,,
,,,,,,
,,,,,,
,,,,,,
,,,,,,
,,,,,,
,,,,,,
,,,,,,
,,,,,,
,,,,,,
,,,,,,
,,,,,,
,,,,,,
,,,,,,
,,,,,,
,,,,,,
,,,,,,
,,,,,,
,,,,,,
,,,,,,
,,,,,,
,,,,,,
,,,,,,
,,,,,,
,,,,,,
,,,,,,
,,,,,,
,,,,,,
,,,,,,
,,,,,,
,,,,,,
,,,,,,
,,,,,,
,,,,,,
,,,,,,
,,,,,,
,,,,,,
,,,,,,
,,,,,,
,,,,,,
,,,,,,
,,,,,,
,,,,,,
,,,,,,
,,,,,,
,,,,,,
,,,,,,
,,,,,,
,,,,,,
,,,,,,
,,,,,,
,,,,,,
,,,,,,
,,,,,,
,,,,,,
,,,,,,
,,,,,,
,,,,,,
,,,,,,
,,,,,,
,,,,,,
,,,,,,
,,,,,,
,,,,,,
,,,,,,
,,,,,,
,,,,,,
,,,,,,
,,,,,,
,,,,,,
,,,,,,
,,,,,,
,,,,,,
,,,,,,
,,,,,,
,,,,,,
,,,,,,
,,,,,,
,,,,,,
,,,,,,
,,,,,,
,,,,,,
,,,,,,
,,,,,,
,,,,,,
,,,,,,
,,,,,,
,,,,,,
,,,,,,
,,,,,,
,,,,,,
,,,,,,
,,,,,,
,,,,,,
,,,,,,
,,,,,,
,,,,,,
,,,,,,
,,,,,,
,,,,,,
,,,,,,
,,,,,,
,,,,,,
,,,,,,
,,,,,,
,,,,,,
,,,,,,
,,,,,,
,,,,,,
,,,,,,
,,,,,,
,,,,,,
,,,,,,
,,,,,,
,,,,,,
,,,,,,
,,,,,,
,,,,,,
,,,,,,
,,,,,,
,,,,,,
,,,,,,
,,,,,,
,,,,,,
,,,,,,
,,,,,,
,,,,,,
,,,,,,
,,,,,,
,,,,,,
,,,,,,
,,,,,,
,,,,,,
,,,,,,
,,,,,,
,,,,,,
,,,,,,
,,,,,,
,,,,,,
,,,,,,
,,,,,,
,,,,,,
,,,,,,
,,,,,,
,,,,,,
,,,,,,
,,,,,,
,,,,,,
,,,,,,
,,,,,,
,,,,,,
,,,,,,
,,,,,,
,,,,,,
,,,,,,
,,,,,,
,,,,,,
,,,,,,
,,,,,,
,,,,,,
,,,,,,
,,,,,,
,,,,,,
,,,,,,
,,,,,,
,,,,,,
,,,,,,
,,,,,,
,,,,,,
,,,,,,
,,,,,,
,,,,,,
,,,,,,
,,,,,,
,,,,,,
,,,,,,
,,,,,,
,,,,,,
,,,,,,
,,,,,,
,,,,,,
,,,,,,
,,,,,,
,,,,,,
,,,,,,
,,,,,,
,,,,,,
,,,,,,
,,,,,,
,,,,,,
,,,,,,
,,,,,,
,,,,,,
,,,,,,
,,,,,,
,,,,,,
,,,,,,
,,,,,,
,,,,,,
,,,,,,
,,,,,,
,,,,,,
,,,,,,
,,,,,,
,,,,,,
,,,,,,
,,,,,,
,,,,,,
,,,,,,
,,,,,,
,,,,,,
,,,,,,
,,,,,,
,,,,,,
,,,,,,
,,,,,,
,,,,,,
,,,,,,
,,,,,,
,,,,,,
,,,,,,
,,,,,,
,,,,,,
,,,,,,
,,,,,,
,,,,,,
,,,,,,
,,,,,,
,,,,,,
,,,,,,
,,,,,,
,,,,,,
,,,,,,
,,,,,,
,,,,,,
,,,,,,
,,,,,,
,,,,,,
,,,,,,
,,,,,,
,,,,,,
,,,,,,
,,,,,,
,,,,,,
,,,,,,
,,,,,,
,,,,,,
,,,,,,
,,,,,,
,,,,,,
,,,,,,
,,,,,,
,,,,,,
,,,,,,
,,,,,,
,,,,,,
,,,,,,
,,,,,,
,,,,,,
,,,,,,
,,,,,,
,,,,,,
,,,,,,
,,,,,,
,,,,,,
,,,,,,
,,,,,,
,,,,,,
,,,,,,
,,,,,,
,,,,,,
,,,,,,
,,,,,,
,,,,,,
,,,,,,
,,,,,,
,,,,,,
,,,,,,
,,,,,,
,,,,,,
,,,,,,
,,,,,,
,,,,,,
,,,,,,
,,,,,,
,,,,,,
,,,,,,
,,,,,,
,,,,,,
,,,,,,
,,,,,,
,,,,,,
,,,,,,
,,,,,,
,,,,,,
,,,,,,
,,,,,,
,,,,,,
,,,,,,
,,,,,,
,,,,,,
,,,,,,
,,,,,,
,,,,,,
,,,,,,
,,,,,,
,,,,,,
,,,,,,
,,,,,,
,,,,,,
,,,,,,
,,,,,,
,,,,,,
,,,,,,
,,,,,,
,,,,,,
,,,,,,
,,,,,,
,,,,,,
,,,,,,
,,,,,,
,,,,,,
,,,,,,
,,,,,,
,,,,,,
,,,,,,
,,,,,,
,,,,,,
,,,,,,
,,,,,,
,,,,,,
,,,,,,
,,,,,,
,,,,,,
,,,,,,
,,,,,,
,,,,,,
,,,,,,
,,,,,,
,,,,,,
,,,,,,
,,,,,,
,,,,,,
,,,,,,
,,,,,,
,,,,,,
,,,,,,
,,,,,,
,,,,,,
,,,,,,
,,,,,,
,,,,,,
,,,,,,
,,,,,,
,,,,,,
,,,,,,
,,,,,,
,,,,,,
,,,,,,
,,,,,,
,,,,,,
,,,,,,
,,,,,,
,,,,,,
,,,,,,
,,,,,,
,,,,,,
,,,,,,
,,,,,,
,,,,,,
,,,,,,
,,,,,,
,,,,,,
,,,,,,
,,,,,,
,,,,,,
,,,,,,
,,,,,,
,,,,,,
,,,,,,
,,,,,,
,,,,,,
,,,,,,
,,,,,,
,,,,,,
,,,,,,
,,,,,,
,,,,,,
,,,,,,
,,,,,,
,,,,,,
,,,,,,
,,,,,,
,,,,,,
,,,,,,
,,,,,,
,,,,,,
,,,,,,
,,,,,,
,,,,,,
,,,,,,
,,,,,,
,,,,,,
,,,,,,
,,,,,,
,,,,,,
,,,,,,
,,,,,,
,,,,,,
,,,,,,
,,,,,,
,,,,,,
,,,,,,
,,,,,,
,,,,,,
,,,,,,
,,,,,,
,,,,,,
,,,,,,
,,,,,,
,,,,,,
,,,,,,
,,,,,,
,,,,,,
,,,,,,
,,,,,,
,,,,,,
,,,,,,
,,,,,,
,,,,,,
,,,,,,
,,,,,,
,,,,,,
,,,,,,
,,,,,,
,,,,,,
,,,,,,
,,,,,,
,,,,,,
,,,,,,
,,,,,,
,,,,,,
,,,,,,
,,,,,,
,,,,,,
,,,,,,
,,,,,,
,,,,,,
,,,,,,
,,,,,,
,,,,,,
,,,,,,
,,,,,,
,,,,,,
,,,,,,
,,,,,,
,,,,,,
,,,,,,
,,,,,,
,,,,,,
,,,,,,
,,,,,,
,,,,,,
,,,,,,
,,,,,,
,,,,,,
,,,,,,
,,,,,,
,,,,,,
,,,,,,
,,,,,,
,,,,,,
,,,,,,
,,,,,,
,,,,,,
,,,,,,
,,,,,,
,,,,,,
,,,,,,
,,,,,,
,,,,,,
,,,,,,
,,,,,,
,,,,,,
,,,,,,
,,,,,,
,,,,,,
,,,,,,
,,,,,,
,,,,,,
,,,,,,
,,,,,,
,,,,,,
,,,,,,
,,,,,,
,,,,,,
,,,,,,
,,,,,,
,,,,,,
,,,,,,
,,,,,,
,,,,,,
,,,,,,
,,,,,,
,,,,,,
,,,,,,
,,,,,,
,,,,,,
,,,,,,
,,,,,,
,,,,,,
,,,,,,
,,,,,,
,,,,,,
,,,,,,
,,,,,,
,,,,,,
,,,,,,
,,,,,,
,,,,,,
,,,,,,
,,,,,,
,,,,,,
,,,,,,
,,,,,,
,,,,,,
,,,,,,
,,,,,,
,,,,,,
,,,,,,
,,,,,,
,,,,,,
,,,,,,
,,,,,,
,,,,,,
,,,,,,
,,,,,,
,,,,,,
,,,,,,
,,,,,,
,,,,,,
,,,,,,
,,,,,,
,,,,,,
,,,,,,
,,,,,,
,,,,,,
,,,,,,
,,,,,,
,,,,,,
,,,,,,
,,,,,,
,,,,,,
,,,,,,
,,,,,,
,,,,,,
,,,,,,
,,,,,,
,,,,,,
,,,,,,
,,,,,,
,,,,,,
,,,,,,
,,,,,,
,,,,,,
,,,,,,
,,,,,,
,,,,,,
,,,,,,
,,,,,,
,,,,,,
,,,,,,
,,,,,,
,,,,,,
,,,,,,
,,,,,,
,,,,,,
,,,,,,
,,,,,,
,,,,,,
,,,,,,
,,,,,,
,,,,,,
,,,,,,
,,,,,,
,,,,,,
,,,,,,
,,,,,,
,,,,,,
,,,,,,
,,,,,,
,,,,,,
,,,,,,
,,,,,,
,,,,,,
,,,,,,
,,,,,,
,,,,,,
,,,,,,
,,,,,,
,,,,,,
,,,,,,
,,,,,,
,,,,,,
,,,,,,
,,,,,,
,,,,,,
,,,,,,
,,,,,,
,,,,,,
,,,,,,
,,,,,,
,,,,,,
,,,,,,
,,,,,,
,,,,,,
,,,,,,
,,,,,,
,,,,,,
,,,,,,
,,,,,,
,,,,,,
,,,,,,
,,,,,,
,,,,,,
,,,,,,
,,,,,,
,,,,,,
,,,,,,
,,,,,,
,,,,,,
,,,,,,
,,,,,,
,,,,,,
,,,,,,
,,,,,,
,,,,,,
,,,,,,
,,,,,,
,,,,,,
,,,,,,
,,,,,,
,,,,,,
,,,,,,
,,,,,,
,,,,,,
,,,,,,
,,,,,,
,,,,,,
,,,,,,
,,,,,,
,,,,,,
,,,,,,
,,,,,,
,,,,,,
,,,,,,
,,,,,,
,,,,,,
,,,,,,
,,,,,,
,,,,,,
,,,,,,
,,,,,,
,,,,,,
,,,,,,
,,,,,,
,,,,,,
,,,,,,
,,,,,,
,,,,,,
,,,,,,
,,,,,,
,,,,,,
,,,,,,
,,,,,,
,,,,,,
,,,,,,
,,,,,,
,,,,,,
,,,,,,
,,,,,,
,,,,,,
,,,,,,
,,,,,,
,,,,,,
,,,,,,
,,,,,,
,,,,,,
,,,,,,
,,,,,,
,,,,,,
,,,,,,
,,,,,,
,,,,,,
,,,,,,
,,,,,,
,,,,,,
,,,,,,
,,,,,,
,,,,,,
,,,,,,
,,,,,,
,,,,,,
,,,,,,
,,,,,,
,,,,,,
,,,,,,
,,,,,,
,,,,,,
,,,,,,
,,,,,,
,,,,,,
,,,,,,
,,,,,,
,,,,,,
,,,,,,
,,,,,,
,,,,,,
,,,,,,
,,,,,,
,,,,,,
,,,,,,
,,,,,,
,,,,,,
,,,,,,
,,,,,,
,,,,,,
,,,,,,
,,,,,,
,,,,,,
,,,,,,
,,,,,,
,,,,,,
,,,,,,
,,,,,,
,,,,,,
,,,,,,
,,,,,,
,,,,,,
,,,,,,
,,,,,,
,,,,,,
,,,,,,
,,,,,,
,,,,,,
,,,,,,
,,,,,,
,,,,,,
,,,,,,
,,,,,,
,,,,,,
,,,,,,
,,,,,,
,,,,,,
,,,,,,
,,,,,,
,,,,,,
,,,,,,
,,,,,,
,,,,,,
,,,,,,
,,,,,,
,,,,,,
,,,,,,
,,,,,,
,,,,,,
,,,,,,
,,,,,,
,,,,,,
,,,,,,
,,,,,,
,,,,,,
,,,,,,
,,,,,,
,,,,,,
,,,,,,
,,,,,,
,,,,,,
,,,,,,
,,,,,,
,,,,,,
,,,,,,
,,,,,,
,,,,,,
,,,,,,
,,,,,,
,,,,,,
,,,,,,
,,,,,,
,,,,,,
,,,,,,
,,,,,,
,,,,,,
,,,,,,
,,,,,,
,,,,,,
,,,,,,
,,,,,,
,,,,,,
,,,,,,
,,,,,,
,,,,,,
,,,,,,
,,,,,,
,,,,,,
,,,,,,
,,,,,,
,,,,,,
,,,,,,
,,,,,,
,,,,,,
,,,,,,
,,,,,,
,,,,,,
,,,,,,
,,,,,,
,,,,,,
,,,,,,
,,,,,,
,,,,,,
,,,,,,
,,,,,,
,,,,,,
,,,,,,
,,,,,,
,,,,,,
,,,,,,
,,,,,,
,,,,,,
,,,,,,
,,,,,,
,,,,,,
,,,,,,
,,,,,,
,,,,,,
,,,,,,
,,,,,,
,,,,,,
,,,,,,
,,,,,,
,,,,,,
,,,,,,
,,,,,,
,,,,,,
,,,,,,
,,,,,,
,,,,,,
,,,,,,
,,,,,,
,,,,,,
,,,,,,
,,,,,,
,,,,,,
,,,,,,
,,,,,,
,,,,,,
,,,,,,
,,,,,,
,,,,,,
,,,,,,
,,,,,,
,,,,,,
,,,,,,
,,,,,,
,,,,,,
,,,,,,
,,,,,,
,,,,,,
,,,,,,
,,,,,,
,,,,,,
,,,,,,
,,,,,,
,,,,,,
,,,,,,
,,,,,,
,,,,,,
,,,,,,
,,,,,,
,,,,,,
,,,,,,
,,,,,,
,,,,,,
,,,,,,
,,,,,,
,,,,,,
,,,,,,
,,,,,,
,,,,,,
,,,,,,
,,,,,,
,,,,,,
,,,,,,
,,,,,,
,,,,,,
,,,,,,
,,,,,,
,,,,,,
,,,,,,
,,,,,,
,,,,,,
,,,,,,
,,,,,,
,,,,,,
,,,,,,
,,,,,,
,,,,,,
,,,,,,
,,,,,,
,,,,,,
,,,,,,
,,,,,,
,,,,,,
,,,,,,
,,,,,,
,,,,,,
,,,,,,
,,,,,,
,,,,,,
,,,,,,
,,,,,,
,,,,,,
,,,,,,
,,,,,,
,,,,,,
,,,,,,
,,,,,,
,,,,,,
,,,,,,
,,,,,,
,,,,,,
,,,,,,
,,,,,,
,,,,,,
,,,,,,
,,,,,,
,,,,,,
,,,,,,
,,,,,,
,,,,,,
,,,,,,
,,,,,,
,,,,,,
,,,,,,
,,,,,,
,,,,,,
,,,,,,
,,,,,,
,,,,,,
,,,,,,
,,,,,,
,,,,,,
,,,,,,
,,,,,,
,,,,,,
,,,,,,
,,,,,,
,,,,,,
,,,,,,
,,,,,,
,,,,,,
,,,,,,
,,,,,,
,,,,,,
,,,,,,
,,,,,,
,,,,,,
,,,,,,
,,,,,,
,,,,,,
,,,,,,
,,,,,,
,,,,,,
,,,,,,
,,,,,,
,,,,,,
,,,,,,
,,,,,,
,,,,,,
,,,,,,
,,,,,,
,,,,,,
,,,,,,
,,,,,,
,,,,,,
,,,,,,
,,,,,,
,,,,,,
,,,,,,
,,,,,,
,,,,,,
,,,,,,
,,,,,,
,,,,,,
,,,,,,
,,,,,,
,,,,,,
,,,,,,
,,,,,,
,,,,,,
,,,,,,
,,,,,,
,,,,,,
,,,,,,
,,,,,,
,,,,,,
,,,,,,
,,,,,,
,,,,,,
,,,,,,
,,,,,,
,,,,,,
,,,,,,
,,,,,,
,,,,,,
,,,,,,
,,,,,,
,,,,,,
,,,,,,
,,,,,,
,,,,,,
,,,,,,
,,,,,,
,,,,,,
,,,,,,
,,,,,,
,,,,,,
,,,,,,
,,,,,,
,,,,,,
,,,,,,
,,,,,,
,,,,,,
,,,,,,
,,,,,,
,,,,,,
,,,,,,
,,,,,,
,,,,,,
,,,,,,
,,,,,,
,,,,,,
,,,,,,
,,,,,,
,,,,,,
,,,,,,
,,,,,,
,,,,,,
,,,,,,
,,,,,,
,,,,,,
,,,,,,
,,,,,,
,,,,,,
,,,,,,
,,,,,,
,,,,,,
,,,,,,
,,,,,,
,,,,,,
,,,,,,
,,,,,,
,,,,,,
,,,,,,
,,,,,,
,,,,,,
,,,,,,
,,,,,,
,,,,,,
,,,,,,
,,,,,,
,,,,,,
,,,,,,
,,,,,,
,,,,,,
,,,,,,
,,,,,,
,,,,,,
,,,,,,
,,,,,,
,,,,,,
,,,,,,
,,,,,,
,,,,,,
,,,,,,
,,,,,,
,,,,,,
,,,,,,
,,,,,,
,,,,,,
,,,,,,
,,,,,,
,,,,,,
,,,,,,
,,,,,,
,,,,,,
,,,,,,
,,,,,,
,,,,,,
,,,,,,
,,,,,,
,,,,,,
,,,,,,
,,,,,,
,,,,,,
,,,,,,
,,,,,,
,,,,,,
,,,,,,
,,,,,,
,,,,,,
,,,,,,
,,,,,,
,,,,,,
,,,,,,
,,,,,,
,,,,,,
,,,,,,
,,,,,,
,,,,,,
,,,,,,
,,,,,,
,,,,,,
,,,,,,
,,,,,,
,,,,,,
,,,,,,
,,,,,,
,,,,,,
,,,,,,
,,,,,,
,,,,,,
,,,,,,
,,,,,,
,,,,,,
,,,,,,
,,,,,,
,,,,,,
,,,,,,
,,,,,,
,,,,,,
,,,,,,
,,,,,,
,,,,,,
,,,,,,
,,,,,,
,,,,,,
,,,,,,
,,,,,,
,,,,,,
,,,,,,
,,,,,,
,,,,,,
,,,,,,
,,,,,,
,,,,,,
,,,,,,
,,,,,,
,,,,,,
,,,,,,
,,,,,,
,,,,,,
,,,,,,
,,,,,,
,,,,,,
,,,,,,
,,,,,,
,,,,,,
,,,,,,
,,,,,,
,,,,,,
,,,,,,
,,,,,,
,,,,,,
,,,,,,
,,,,,,
,,,,,,
,,,,,,
,,,,,,
,,,,,,
,,,,,,
,,,,,,
,,,,,,
,,,,,,
,,,,,,
,,,,,,
,,,,,,
,,,,,,
,,,,,,
,,,,,,
,,,,,,
,,,,,,
,,,,,,
,,,,,,
,,,,,,
,,,,,,
,,,,,,
,,,,,,
,,,,,,
,,,,,,
,,,,,,
,,,,,,
,,,,,,
,,,,,,
,,,,,,
,,,,,,
,,,,,,
,,,,,,
,,,,,,
,,,,,,
,,,,,,
,,,,,,
,,,,,,
,,,,,,
,,,,,,
,,,,,,
,,,,,,
,,,,,,
,,,,,,
,,,,,,
,,,,,,
,,,,,,
,,,,,,
,,,,,,
,,,,,,
,,,,,,
,,,,,,
,,,,,,
,,,,,,
,,,,,,
,,,,,,
,,,,,,
,,,,,,
,,,,,,
,,,,,,
,,,,,,
,,,,,,
,,,,,,
,,,,,,
,,,,,,
,,,,,,
,,,,,,
,,,,,,
,,,,,,
,,,,,,
,,,,,,
,,,,,,
,,,,,,
,,,,,,
,,,,,,
,,,,,,
,,,,,,
,,,,,,
,,,,,,
,,,,,,
,,,,,,
,,,,,,
,,,,,,
,,,,,,
,,,,,,
,,,,,,
,,,,,,
,,,,,,
,,,,,,
,,,,,,
,,,,,,
,,,,,,
,,,,,,
,,,,,,
,,,,,,
,,,,,,
,,,,,,
,,,,,,
,,,,,,
,,,,,,
,,,,,,
,,,,,,
,,,,,,
,,,,,,
,,,,,,
,,,,,,
,,,,,,
,,,,,,
,,,,,,
,,,,,,
,,,,,,
,,,,,,
,,,,,,
,,,,,,
,,,,,,
,,,,,,
,,,,,,
,,,,,,
,,,,,,
,,,,,,
,,,,,,
,,,,,,
,,,,,,
,,,,,,
,,,,,,
,,,,,,
,,,,,,
,,,,,,
,,,,,,
,,,,,,
,,,,,,
,,,,,,
,,,,,,
,,,,,,
,,,,,,
,,,,,,
,,,,,,
,,,,,,
,,,,,,
,,,,,,
,,,,,,
,,,,,,
,,,,,,
,,,,,,
,,,,,,
,,,,,,
,,,,,,
,,,,,,
,,,,,,
,,,,,,
,,,,,,
,,,,,,
,,,,,,
,,,,,,
,,,,,,
,,,,,,
,,,,,,
,,,,,,
,,,,,,
,,,,,,
,,,,,,
,,,,,,
,,,,,,
,,,,,,
,,,,,,
,,,,,,
,,,,,,
,,,,,,
,,,,,,
,,,,,,
,,,,,,
,,,,,,
,,,,,,
,,,,,,
,,,,,,
,,,,,,
,,,,,,
,,,,,,
,,,,,,
,,,,,,
,,,,,,
,,,,,,
,,,,,,
,,,,,,
,,,,,,
,,,,,,
,,,,,,
,,,,,,
,,,,,,
,,,,,,
,,,,,,
,,,,,,
,,,,,,
,,,,,,
,,,,,,
,,,,,,
,,,,,,
,,,,,,
,,,,,,
,,,,,,
,,,,,,
,,,,,,
,,,,,,
,,,,,,
,,,,,,
,,,,,,
,,,,,,
,,,,,,
,,,,,,
,,,,,,
,,,,,,
,,,,,,
,,,,,,
,,,,,,
,,,,,,
,,,,,,
,,,,,,
,,,,,,
,,,,,,
,,,,,,
,,,,,,
,,,,,,
,,,,,,
,,,,,,
,,,,,,
,,,,,,
,,,,,,
,,,,,,
,,,,,,
,,,,,,
,,,,,,
,,,,,,
,,,,,,
,,,,,,
,,,,,,
,,,,,,
,,,,,,
,,,,,,
,,,,,,
,,,,,,
,,,,,,
,,,,,,
,,,,,,
,,,,,,
,,,,,,
,,,,,,
,,,,,,
,,,,,,
,,,,,,
,,,,,,
,,,,,,
,,,,,,
,,,,,,
,,,,,,
,,,,,,
,,,,,,
,,,,,,
,,,,,,
,,,,,,
,,,,,,
,,,,,,
,,,,,,
,,,,,,
,,,,,,
,,,,,,
,,,,,,
,,,,,,
,,,,,,
,,,,,,
,,,,,,
,,,,,,
,,,,,,
,,,,,,
,,,,,,
,,,,,,
,,,,,,
,,,,,,
,,,,,,
,,,,,,
,,,,,,
,,,,,,
,,,,,,
,,,,,,
,,,,,,
,,,,,,
,,,,,,
,,,,,,
,,,,,,
,,,,,,
,,,,,,
,,,,,,
,,,,,,
,,,,,,
,,,,,,
,,,,,,
,,,,,,
,,,,,,
,,,,,,
,,,,,,
,,,,,,
,,,,,,
,,,,,,
,,,,,,
,,,,,,
,,,,,,
,,,,,,
,,,,,,
,,,,,,
,,,,,,
,,,,,,
,,,,,,
,,,,,,
,,,,,,
,,,,,,
,,,,,,
,,,,,,
,,,,,,
,,,,,,
,,,,,,
,,,,,,
,,,,,,
,,,,,,
,,,,,,
,,,,,,
,,,,,,
,,,,,,
,,,,,,
,,,,,,
,,,,,,
,,,,,,
,,,,,,
,,,,,,
,,,,,,
,,,,,,
,,,,,,
,,,,,,
,,,,,,
,,,,,,
,,,,,,
,,,,,,
,,,,,,
,,,,,,
,,,,,,
,,,,,,
,,,,,,
,,,,,,
,,,,,,
,,,,,,
,,,,,,
,,,,,,
,,,,,,
,,,,,,
,,,,,,
,,,,,,
,,,,,,
,,,,,,
,,,,,,
,,,,,,
,,,,,,
,,,,,,
,,,,,,
,,,,,,
,,,,,,
,,,,,,
,,,,,,
,,,,,,
,,,,,,
,,,,,,
,,,,,,
,,,,,,
,,,,,,
,,,,,,
,,,,,,
,,,,,,
,,,,,,
,,,,,,
,,,,,,
,,,,,,
,,,,,,
,,,,,,
,,,,,,
,,,,,,
,,,,,,
,,,,,,
,,,,,,
,,,,,,
,,,,,,
,,,,,,
,,,,,,
,,,,,,
,,,,,,
,,,,,,
,,,,,,
,,,,,,
,,,,,,
,,,,,,
,,,,,,
,,,,,,
,,,,,,
,,,,,,
,,,,,,
,,,,,,
,,,,,,
,,,,,,
,,,,,,
,,,,,,
,,,,,,
,,,,,,
,,,,,,
,,,,,,
,,,,,,
,,,,,,
,,,,,,
,,,,,,
,,,,,,
,,,,,,
,,,,,,
,,,,,,
,,,,,,
,,,,,,
,,,,,,
,,,,,,
,,,,,,
,,,,,,
,,,,,,
,,,,,,
,,,,,,
,,,,,,
,,,,,,
,,,,,,
,,,,,,
,,,,,,
,,,,,,
,,,,,,
,,,,,,
,,,,,,
,,,,,,
,,,,,,
,,,,,,
,,,,,,
,,,,,,
,,,,,,
,,,,,,
,,,,,,
,,,,,,
,,,,,,
,,,,,,
,,,,,,
,,,,,,
,,,,,,
,,,,,,
,,,,,,
,,,,,,
,,,,,,
,,,,,,
,,,,,,
,,,,,,
,,,,,,
,,,,,,
,,,,,,
,,,,,,
,,,,,,
,,,,,,
,,,,,,
,,,,,,
,,,,,,
,,,,,,
,,,,,,
,,,,,,
,,,,,,
,,,,,,
,,,,,,
,,,,,,
,,,,,,
,,,,,,
,,,,,,
,,,,,,
,,,,,,
,,,,,,
,,,,,,
,,,,,,
,,,,,,
,,,,,,
,,,,,,
,,,,,,
,,,,,,
,,,,,,
,,,,,,
,,,,,,
,,,,,,
,,,,,,
,,,,,,
,,,,,,
,,,,,,
,,,,,,
,,,,,,
,,,,,,
,,,,,,
,,,,,,
,,,,,,
,,,,,,
,,,,,,
,,,,,,
,,,,,,
,,,,,,
,,,,,,
,,,,,,
,,,,,,
,,,,,,
,,,,,,
,,,,,,
,,,,,,
,,,,,,
,,,,,,
,,,,,,
,,,,,,
,,,,,,
,,,,,,
,,,,,,
,,,,,,
,,,,,,
,,,,,,
,,,,,,
,,,,,,
,,,,,,
,,,,,,
,,,,,,
,,,,,,
,,,,,,
,,,,,,
,,,,,,
,,,,,,
,,,,,,
,,,,,,
,,,,,,
,,,,,,
,,,,,,
,,,,,,
,,,,,,
,,,,,,
,,,,,,
,,,,,,
,,,,,,
,,,,,,
,,,,,,
,,,,,,
,,,,,,
,,,,,,
,,,,,,
,,,,,,
,,,,,,
,,,,,,
,,,,,,
,,,,,,
,,,,,,
,,,,,,
,,,,,,
,,,,,,
,,,,,,
,,,,,,
,,,,,,
,,,,,,
,,,,,,
,,,,,,
,,,,,,
,,,,,,
,,,,,,
,,,,,,
,,,,,,
,,,,,,
,,,,,,
,,,,,,
,,,,,,
,,,,,,
,,,,,,
,,,,,,
,,,,,,
,,,,,,
,,,,,,
,,,,,,
,,,,,,
,,,,,,
,,,,,,
,,,,,,
,,,,,,
,,,,,,
,,,,,,
,,,,,,
,,,,,,
,,,,,,
,,,,,,
,,,,,,
,,,,,,
,,,,,,
,,,,,,
,,,,,,
,,,,,,
,,,,,,
,,,,,,
,,,,,,
,,,,,,
,,,,,,
,,,,,,
,,,,,,
,,,,,,
,,,,,,
,,,,,,
,,,,,,
,,,,,,
,,,,,,
,,,,,,
,,,,,,
,,,,,,
,,,,,,
,,,,,,
,,,,,,
,,,,,,
,,,,,,
,,,,,,
,,,,,,
,,,,,,
,,,,,,
,,,,,,
,,,,,,
,,,,,,
,,,,,,
,,,,,,
,,,,,,
,,,,,,
,,,,,,
,,,,,,
,,,,,,
,,,,,,
,,,,,,
,,,,,,
,,,,,,
,,,,,,
,,,,,,
,,,,,,
,,,,,,
,,,,,,
,,,,,,
,,,,,,
,,,,,,
,,,,,,
,,,,,,
,,,,,,
,,,,,,
,,,,,,
,,,,,,
,,,,,,
,,,,,,
,,,,,,
,,,,,,
,,,,,,
,,,,,,
,,,,,,
,,,,,,
,,,,,,
,,,,,,
,,,,,,
,,,,,,
,,,,,,
,,,,,,
,,,,,,
,,,,,,
,,,,,,
,,,,,,
,,,,,,
,,,,,,
,,,,,,
,,,,,,
,,,,,,
,,,,,,
,,,,,,
,,,,,,
,,,,,,
,,,,,,
,,,,,,
,,,,,,
,,,,,,
,,,,,,
,,,,,,
,,,,,,
,,,,,,
,,,,,,
,,,,,,
,,,,,,
,,,,,,
,,,,,,
,,,,,,
,,,,,,
,,,,,,
,,,,,,
,,,,,,
,,,,,,
,,,,,,
,,,,,,
,,,,,,
,,,,,,
,,,,,,
,,,,,,
,,,,,,
,,,,,,
,,,,,,
,,,,,,
,,,,,,
,,,,,,
,,,,,,
,,,,,,
,,,,,,
,,,,,,
,,,,,,
,,,,,,
,,,,,,
,,,,,,
,,,,,,
,,,,,,
,,,,,,
,,,,,,
,,,,,,
,,,,,,
,,,,,,
,,,,,,
,,,,,,
,,,,,,
,,,,,,
,,,,,,
,,,,,,
,,,,,,
,,,,,,
,,,,,,
,,,,,,
,,,,,,
,,,,,,
,,,,,,
,,,,,,
,,,,,,
,,,,,,
,,,,,,
,,,,,,
,,,,,,
,,,,,,
,,,,,,
,,,,,,
,,,,,,
,,,,,,
,,,,,,
,,,,,,
,,,,,,
,,,,,,
,,,,,,
,,,,,,
,,,,,,
,,,,,,
,,,,,,
,,,,,,
,,,,,,
,,,,,,
,,,,,,
,,,,,,
,,,,,,
,,,,,,
,,,,,,
,,,,,,
,,,,,,
,,,,,,
,,,,,,
,,,,,,
,,,,,,
,,,,,,
,,,,,,
,,,,,,
,,,,,,
,,,,,,
,,,,,,
,,,,,,
,,,,,,
,,,,,,
,,,,,,
,,,,,,
,,,,,,
,,,,,,
,,,,,,
,,,,,,
,,,,,,
,,,,,,
,,,,,,
,,,,,,
,,,,,,
,,,,,,
,,,,,,
,,,,,,
,,,,,,
,,,,,,
,,,,,,
,,,,,,
,,,,,,
,,,,,,
,,,,,,
,,,,,,
,,,,,,
,,,,,,
,,,,,,
,,,,,,
,,,,,,
,,,,,,
,,,,,,
,,,,,,
,,,,,,
,,,,,,
,,,,,,
,,,,,,
,,,,,,
,,,,,,
,,,,,,
,,,,,,
,,,,,,
,,,,,,
,,,,,,
,,,,,,
,,,,,,
,,,,,,
,,,,,,
,,,,,,
,,,,,,
,,,,,,
,,,,,,
,,,,,,
,,,,,,
,,,,,,
,,,,,,
,,,,,,
,,,,,,
,,,,,,
,,,,,,
,,,,,,
,,,,,,
,,,,,,
,,,,,,
,,,,,,
,,,,,,
,,,,,,
,,,,,,
,,,,,,
,,,,,,
,,,,,,
,,,,,,
,,,,,,
,,,,,,
,,,,,,
,,,,,,
,,,,,,
,,,,,,
,,,,,,
,,,,,,
,,,,,,
,,,,,,
,,,,,,
,,,,,,
,,,,,,
,,,,,,
,,,,,,
,,,,,,
,,,,,,
,,,,,,
,,,,,,
,,,,,,
,,,,,,
,,,,,,
,,,,,,
,,,,,,
,,,,,,
,,,,,,
,,,,,,
,,,,,,
,,,,,,
,,,,,,
,,,,,,
,,,,,,
,,,,,,
,,,,,,
,,,,,,
,,,,,,
,,,,,,
,,,,,,
,,,,,,
,,,,,,
,,,,,,
,,,,,,
,,,,,,
,,,,,,
,,,,,,
,,,,,,
,,,,,,
,,,,,,
,,,,,,
,,,,,,
,,,,,,
,,,,,,
,,,,,,
,,,,,,
,,,,,,
,,,,,,
,,,,,,
,,,,,,
,,,,,,
,,,,,,
,,,,,,
,,,,,,
,,,,,,
,,,,,,
,,,,,,
,,,,,,
,,,,,,
,,,,,,
,,,,,,
,,,,,,
,,,,,,
,,,,,,
,,,,,,
,,,,,,
,,,,,,
,,,,,,
,,,,,,
,,,,,,
,,,,,,
,,,,,,
,,,,,,
,,,,,,
,,,,,,
,,,,,,
,,,,,,
,,,,,,
,,,,,,
,,,,,,
,,,,,,
,,,,,,
,,,,,,
,,,,,,
,,,,,,
,,,,,,
,,,,,,
,,,,,,
,,,,,,
,,,,,,
,,,,,,
,,,,,,
,,,,,,
,,,,,,
,,,,,,
,,,,,,
,,,,,,
,,,,,,
,,,,,,
,,,,,,
,,,,,,
,,,,,,
,,,,,,
,,,,,,
,,,,,,
,,,,,,
,,,,,,
,,,,,,
,,,,,,
,,,,,,
,,,,,,
,,,,,,
,,,,,,
,,,,,,
,,,,,,
,,,,,,
,,,,,,
,,,,,,
,,,,,,
,,,,,,
,,,,,,
,,,,,,
,,,,,,
,,,,,,
,,,,,,
,,,,,,
,,,,,,
,,,,,,
,,,,,,
,,,,,,
,,,,,,
,,,,,,
,,,,,,
,,,,,,
,,,,,,
,,,,,,
,,,,,,
,,,,,,
,,,,,,
,,,,,,
,,,,,,
,,,,,,
,,,,,,
,,,,,,
,,,,,,
,,,,,,
,,,,,,
,,,,,,
,,,,,,
,,,,,,
,,,,,,
,,,,,,
,,,,,,
,,,,,,
,,,,,,
,,,,,,
,,,,,,
,,,,,,
,,,,,,
,,,,,,
,,,,,,
,,,,,,
,,,,,,
,,,,,,
,,,,,,
,,,,,,
,,,,,,
,,,,,,
,,,,,,
,,,,,,
,,,,,,
,,,,,,
,,,,,,
,,,,,,
,,,,,,
,,,,,,
,,,,,,
,,,,,,
,,,,,,
,,,,,,
,,,,,,
,,,,,,
,,,,,,
,,,,,,
,,,,,,
,,,,,,
,,,,,,
,,,,,,
,,,,,,
,,,,,,
,,,,,,
,,,,,,
,,,,,,
,,,,,,
,,,,,,
,,,,,,
,,,,,,
,,,,,,
,,,,,,
,,,,,,
,,,,,,
,,,,,,
,,,,,,
,,,,,,
,,,,,,
,,,,,,
,,,,,,
,,,,,,
,,,,,,
,,,,,,
,,,,,,
,,,,,,
,,,,,,
,,,,,,
,,,,,,
,,,,,,
,,,,,,
,,,,,,
,,,,,,
,,,,,,
,,,,,,
,,,,,,
,,,,,,
,,,,,,
,,,,,,
,,,,,,
,,,,,,
,,,,,,
,,,,,,
,,,,,,
,,,,,,
,,,,,,
,,,,,,
,,,,,,
,,,,,,
,,,,,,
,,,,,,
,,,,,,
,,,,,,
,,,,,,
,,,,,,
,,,,,,
,,,,,,
,,,,,,
,,,,,,
,,,,,,
,,,,,,
,,,,,,
,,,,,,
,,,,,,
,,,,,,
,,,,,,
,,,,,,
,,,,,,
,,,,,,
,,,,,,
,,,,,,
,,,,,,
,,,,,,
,,,,,,
,,,,,,
,,,,,,
,,,,,,
,,,,,,
,,,,,,
,,,,,,
,,,,,,
,,,,,,
,,,,,,
,,,,,,
,,,,,,
,,,,,,
,,,,,,
,,,,,,
,,,,,,
,,,,,,
,,,,,,
,,,,,,
,,,,,,
,,,,,,
,,,,,,
,,,,,,
,,,,,,
,,,,,,
,,,,,,
,,,,,,
,,,,,,
,,,,,,
,,,,,,
,,,,,,
,,,,,,
,,,,,,
,,,,,,
,,,,,,
,,,,,,
,,,,,,
,,,,,,
,,,,,,
,,,,,,
,,,,,,
,,,,,,
,,,,,,
,,,,,,
,,,,,,
,,,,,,
,,,,,,
,,,,,,
,,,,,,
,,,,,,
,,,,,,
,,,,,,
,,,,,,
,,,,,,
,,,,,,
,,,,,,
,,,,,,
,,,,,,
,,,,,,
,,,,,,
,,,,,,
,,,,,,
,,,,,,
,,,,,,
,,,,,,
,,,,,,
,,,,,,
,,,,,,
,,,,,,
,,,,,,
,,,,,,
,,,,,,
,,,,,,
,,,,,,
,,,,,,
,,,,,,
,,,,,,
,,,,,,
,,,,,,
,,,,,,
,,,,,,
,,,,,,
,,,,,,
,,,,,,
,,,,,,
,,,,,,
,,,,,,
,,,,,,
,,,,,,
,,,,,,
,,,,,,
,,,,,,
,,,,,,
,,,,,,
,,,,,,
,,,,,,
,,,,,,
,,,,,,
,,,,,,
,,,,,,
,,,,,,
,,,,,,
,,,,,,
,,,,,,
,,,,,,
,,,,,,
,,,,,,
,,,,,,
,,,,,,
,,,,,,
,,,,,,
,,,,,,
,,,,,,
,,,,,,
,,,,,,
,,,,,,
,,,,,,
,,,,,,
,,,,,,
,,,,,,
,,,,,,
,,,,,,
,,,,,,
,,,,,,
,,,,,,
,,,,,,
,,,,,,
,,,,,,
,,,,,,
,,,,,,
,,,,,,
,,,,,,
,,,,,,
,,,,,,
,,,,,,
,,,,,,
,,,,,,
,,,,,,
,,,,,,
,,,,,,
,,,,,,
,,,,,,
,,,,,,
,,,,,,
,,,,,,
,,,,,,
,,,,,,
,,,,,,
,,,,,,
,,,,,,
,,,,,,
,,,,,,
,,,,,,
,,,,,,
,,,,,,
,,,,,,
,,,,,,
,,,,,,
,,,,,,
,,,,,,
,,,,,,
,,,,,,
,,,,,,
,,,,,,
,,,,,,
,,,,,,
,,,,,,
,,,,,,
,,,,,,
,,,,,,
,,,,,,
,,,,,,
,,,,,,
,,,,,,
,,,,,,
,,,,,,
,,,,,,
,,,,,,
,,,,,,
,,,,,,
,,,,,,
,,,,,,
,,,,,,
,,,,,,
,,,,,,
,,,,,,
,,,,,,
,,,,,,
,,,,,,
,,,,,,
,,,,,,
,,,,,,
,,,,,,
,,,,,,
,,,,,,
,,,,,,
,,,,,,
,,,,,,
,,,,,,
,,,,,,
,,,,,,
,,,,,,
,,,,,,
,,,,,,
,,,,,,
,,,,,,
,,,,,,
,,,,,,
,,,,,,
,,,,,,
,,,,,,
,,,,,,
,,,,,,
,,,,,,
,,,,,,
,,,,,,
,,,,,,
,,,,,,
,,,,,,
,,,,,,
,,,,,,
,,,,,,
,,,,,,
,,,,,,
,,,,,,
,,,,,,
,,,,,,
,,,,,,
,,,,,,
,,,,,,
,,,,,,
,,,,,,
,,,,,,
,,,,,,
,,,,,,
,,,,,,
,,,,,,
,,,,,,
,,,,,,
,,,,,,
,,,,,,
,,,,,,
,,,,,,
,,,,,,
,,,,,,
,,,,,,
,,,,,,
,,,,,,
,,,,,,
,,,,,,
,,,,,,
,,,,,,
,,,,,,
,,,,,,
,,,,,,
,,,,,,
,,,,,,
,,,,,,
,,,,,,
,,,,,,
,,,,,,
,,,,,,
,,,,,,
,,,,,,
,,,,,,
,,,,,,
,,,,,,
,,,,,,
,,,,,,
,,,,,,
,,,,,,
,,,,,,
,,,,,,
,,,,,,
,,,,,,
,,,,,,
,,,,,,
,,,,,,
,,,,,,
,,,,,,
,,,,,,
,,,,,,
,,,,,,
,,,,,,
,,,,,,
,,,,,,
,,,,,,
,,,,,,
,,,,,,
,,,,,,
,,,,,,
,,,,,,
,,,,,,
,,,,,,
,,,,,,
,,,,,,
,,,,,,
,,,,,,
,,,,,,
,,,,,,
,,,,,,
,,,,,,
,,,,,,
,,,,,,
,,,,,,
,,,,,,
,,,,,,
,,,,,,
,,,,,,
,,,,,,
,,,,,,
,,,,,,
,,,,,,
,,,,,,
,,,,,,
,,,,,,
,,,,,,
,,,,,,
,,,,,,
,,,,,,
,,,,,,
,,,,,,
,,,,,,
,,,,,,
,,,,,,
,,,,,,
,,,,,,
,,,,,,
,,,,,,
,,,,,,
,,,,,,
,,,,,,
,,,,,,
,,,,,,
,,,,,,
,,,,,,
,,,,,,
,,,,,,
,,,,,,
,,,,,,
,,,,,,
,,,,,,
,,,,,,
,,,,,,
,,,,,,
,,,,,,
,,,,,,
,,,,,,
,,,,,,
,,,,,,
,,,,,,
,,,,,,
,,,,,,
,,,,,,
,,,,,,
,,,,,,
,,,,,,
,,,,,,
,,,,,,
,,,,,,
,,,,,,
,,,,,,
,,,,,,
,,,,,,
,,,,,,
,,,,,,
,,,,,,
,,,,,,
,,,,,,
,,,,,,
,,,,,,
,,,,,,
,,,,,,
,,,,,,
,,,,,,
,,,,,,
,,,,,,
,,,,,,
,,,,,,
,,,,,,
,,,,,,
,,,,,,
,,,,,,
,,,,,,
,,,,,,
,,,,,,
,,,,,,
,,,,,,
,,,,,,
,,,,,,
,,,,,,
,,,,,,
,,,,,,
,,,,,,
,,,,,,
,,,,,,
,,,,,,
,,,,,,
,,,,,,
,,,,,,
,,,,,,
,,,,,,
,,,,,,
,,,,,,
,,,,,,
,,,,,,
,,,,,,
,,,,,,
,,,,,,
,,,,,,
,,,,,,
,,,,,,
,,,,,,
,,,,,,
,,,,,,
,,,,,,
,,,,,,
,,,,,,
,,,,,,
,,,,,,
,,,,,,
,,,,,,
,,,,,,
,,,,,,
,,,,,,
,,,,,,
,,,,,,
,,,,,,
,,,,,,
,,,,,,
,,,,,,
,,,,,,
,,,,,,
,,,,,,
,,,,,,
,,,,,,
,,,,,,
,,,,,,
,,,,,,
,,,,,,
,,,,,,
,,,,,,
,,,,,,
,,,,,,
,,,,,,
,,,,,,
,,,,,,
,,,,,,
,,,,,,
,,,,,,
,,,,,,
,,,,,,
,,,,,,
,,,,,,
,,,,,,
,,,,,,
,,,,,,
,,,,,,
,,,,,,
,,,,,,
,,,,,,
,,,,,,
,,,,,,
,,,,,,
,,,,,,
,,,,,,
,,,,,,
,,,,,,
,,,,,,
,,,,,,
,,,,,,
,,,,,,
,,,,,,
,,,,,,
,,,,,,
,,,,,,
,,,,,,
,,,,,,
,,,,,,
,,,,,,
,,,,,,
,,,,,,
,,,,,,
,,,,,,
,,,,,,
,,,,,,
,,,,,,
,,,,,,
,,,,,,
,,,,,,
,,,,,,
,,,,,,
,,,,,,
,,,,,,
,,,,,,
,,,,,,
,,,,,,
,,,,,,
,,,,,,
,,,,,,
,,,,,,
,,,,,,
,,,,,,
,,,,,,
,,,,,,
,,,,,,
,,,,,,
,,,,,,
,,,,,,
,,,,,,
,,,,,,
,,,,,,
,,,,,,
,,,,,,
,,,,,,
,,,,,,
,,,,,,
,,,,,,
,,,,,,
,,,,,,
,,,,,,
,,,,,,
,,,,,,
,,,,,,
,,,,,,
,,,,,,
,,,,,,
,,,,,,
,,,,,,
,,,,,,
,,,,,,
,,,,,,
,,,,,,
,,,,,,
,,,,,,
,,,,,,
,,,,,,
,,,,,,
,,,,,,
,,,,,,
,,,,,,
,,,,,,
,,,,,,
,,,,,,
,,,,,,
,,,,,,
,,,,,,
,,,,,,
,,,,,,
,,,,,,
,,,,,,
,,,,,,
,,,,,,
,,,,,,
,,,,,,
,,,,,,
,,,,,,
,,,,,,
,,,,,,
,,,,,,
,,,,,,
,,,,,,
,,,,,,
,,,,,,
,,,,,,
,,,,,,
,,,,,,
,,,,,,
,,,,,,
,,,,,,
,,,,,,
,,,,,,
,,,,,,
,,,,,,
,,,,,,
,,,,,,
,,,,,,
,,,,,,
,,,,,,
,,,,,,
,,,,,,
,,,,,,
,,,,,,
,,,,,,
,,,,,,
,,,,,,
,,,,,,
,,,,,,
,,,,,,
,,,,,,
,,,,,,
,,,,,,
,,,,,,
,,,,,,
,,,,,,
,,,,,,
,,,,,,
,,,,,,
,,,,,,
,,,,,,
,,,,,,
,,,,,,
,,,,,,
,,,,,,
,,,,,,
,,,,,,
,,,,,,
,,,,,,
,,,,,,
,,,,,,
,,,,,,
,,,,,,
,,,,,,
,,,,,,
,,,,,,
,,,,,,
,,,,,,
,,,,,,
,,,,,,
,,,,,,
,,,,,,
,,,,,,
,,,,,,
,,,,,,
,,,,,,
,,,,,,
,,,,,,
,,,,,,
,,,,,,
,,,,,,
,,,,,,
,,,,,,
,,,,,,
,,,,,,
,,,,,,
,,,,,,
,,,,,,
,,,,,,
,,,,,,
,,,,,,
,,,,,,
,,,,,,
,,,,,,
,,,,,,
,,,,,,
,,,,,,
,,,,,,
,,,,,,
,,,,,,
,,,,,,
,,,,,,
,,,,,,
,,,,,,
,,,,,,
,,,,,,
,,,,,,
,,,,,,
,,,,,,
,,,,,,
,,,,,,
,,,,,,
,,,,,,
,,,,,,
,,,,,,
,,,,,,
,,,,,,
,,,,,,
,,,,,,
,,,,,,
,,,,,,
,,,,,,
,,,,,,
,,,,,,
,,,,,,
,,,,,,
,,,,,,
,,,,,,
,,,,,,
,,,,,,
,,,,,,
,,,,,,
,,,,,,
,,,,,,
,,,,,,
,,,,,,
,,,,,,
,,,,,,
,,,,,,
,,,,,,
,,,,,,
,,,,,,
,,,,,,
,,,,,,
,,,,,,
,,,,,,
,,,,,,
,,,,,,
,,,,,,
,,,,,,
,,,,,,
,,,,,,
,,,,,,
,,,,,,
,,,,,,
,,,,,,
,,,,,,
,,,,,,
,,,,,,
,,,,,,
,,,,,,
,,,,,,
,,,,,,
,,,,,,
,,,,,,
,,,,,,
,,,,,,
,,,,,,
,,,,,,
,,,,,,
,,,,,,
,,,,,,
,,,,,,
,,,,,,
,,,,,,
,,,,,,
,,,,,,
,,,,,,
,,,,,,
,,,,,,
,,,,,,
,,,,,,
,,,,,,
,,,,,,
,,,,,,
,,,,,,
,,,,,,
,,,,,,
,,,,,,
,,,,,,
,,,,,,
,,,,,,
,,,,,,
,,,,,,
,,,,,,
,,,,,,
,,,,,,
,,,,,,
,,,,,,
,,,,,,
,,,,,,
,,,,,,
,,,,,,
,,,,,,
,,,,,,
,,,,,,
,,,,,,
,,,,,,
,,,,,,
,,,,,,
,,,,,,
,,,,,,
,,,,,,
,,,,,,
,,,,,,
,,,,,,
,,,,,,
,,,,,,
,,,,,,
,,,,,,
,,,,,,
,,,,,,
,,,,,,
,,,,,,
,,,,,,
,,,,,,
,,,,,,
,,,,,,
,,,,,,
,,,,,,
,,,,,,
,,,,,,
,,,,,,
,,,,,,
,,,,,,
,,,,,,
,,,,,,
,,,,,,
,,,,,,
,,,,,,
,,,,,,
,,,,,,
,,,,,,
,,,,,,
,,,,,,
,,,,,,
,,,,,,
,,,,,,
,,,,,,
,,,,,,
,,,,,,
,,,,,,
,,,,,,
,,,,,,
,,,,,,
,,,,,,
,,,,,,
,,,,,,
,,,,,,
,,,,,,
,,,,,,
,,,,,,
,,,,,,
,,,,,,
,,,,,,
,,,,,,
,,,,,,
,,,,,,
,,,,,,
,,,,,,
,,,,,,
,,,,,,
,,,,,,
,,,,,,
,,,,,,
,,,,,,
,,,,,,
,,,,,,
,,,,,,
,,,,,,
,,,,,,
,,,,,,
,,,,,,
,,,,,,
,,,,,,
,,,,,,
,,,,,,
,,,,,,
,,,,,,
,,,,,,
,,,,,,
,,,,,,
,,,,,,
,,,,,,
,,,,,,
,,,,,,
,,,,,,
,,,,,,
,,,,,,
,,,,,,
,,,,,,
,,,,,,
,,,,,,
,,,,,,
,,,,,,
,,,,,,
,,,,,,
,,,,,,
,,,,,,
,,,,,,
,,,,,,
,,,,,,
,,,,,,
,,,,,,
,,,,,,
,,,,,,
,,,,,,
,,,,,,
,,,,,,
,,,,,,
,,,,,,
,,,,,,
,,,,,,
,,,,,,
,,,,,,
,,,,,,
,,,,,,
,,,,,,
,,,,,,
,,,,,,
,,,,,,
,,,,,,
,,,,,,
,,,,,,
,,,,,,
,,,,,,
,,,,,,
,,,,,,
,,,,,,
,,,,,,
,,,,,,
,,,,,,
,,,,,,
,,,,,,
,,,,,,
,,,,,,
,,,,,,
,,,,,,
,,,,,,
,,,,,,
,,,,,,
,,,,,,
,,,,,,
,,,,,,
,,,,,,
,,,,,,
,,,,,,
,,,,,,
,,,,,,
,,,,,,
,,,,,,
,,,,,,
,,,,,,
,,,,,,
,,,,,,
,,,,,,
,,,,,,
,,,,,,
,,,,,,
,,,,,,
,,,,,,
,,,,,,
,,,,,,
,,,,,,
,,,,,,
,,,,,,
,,,,,,
,,,,,,
,,,,,,
,,,,,,
,,,,,,
,,,,,,
,,,,,,
,,,,,,
,,,,,,
,,,,,,
,,,,,,
,,,,,,
,,,,,,
,,,,,,
,,,,,,
,,,,,,
,,,,,,
,,,,,,
,,,,,,
,,,,,,
,,,,,,
,,,,,,
,,,,,,
,,,,,,
,,,,,,
,,,,,,
,,,,,,
,,,,,,
,,,,,,
,,,,,,
,,,,,,
,,,,,,
,,,,,,
,,,,,,
,,,,,,
,,,,,,
,,,,,,
,,,,,,
,,,,,,
,,,,,,
,,,,,,
,,,,,,
,,,,,,
,,,,,,
,,,,,,
,,,,,,
,,,,,,
,,,,,,
,,,,,,
,,,,,,
,,,,,,
,,,,,,
,,,,,,
,,,,,,
,,,,,,
,,,,,,
,,,,,,
,,,,,,
,,,,,,
,,,,,,
,,,,,,
,,,,,,
,,,,,,
,,,,,,
,,,,,,
,,,,,,
,,,,,,
,,,,,,
,,,,,,
,,,,,,
,,,,,,
,,,,,,
,,,,,,
,,,,,,
,,,,,,
,,,,,,
,,,,,,
,,,,,,
,,,,,,
,,,,,,
,,,,,,
,,,,,,
,,,,,,
,,,,,,
,,,,,,
,,,,,,
,,,,,,
,,,,,,
,,,,,,
,,,,,,
,,,,,,
,,,,,,
,,,,,,
,,,,,,
,,,,,,
,,,,,,
,,,,,,
,,,,,,
,,,,,,
,,,,,,
,,,,,,
,,,,,,
,,,,,,
,,,,,,
,,,,,,
,,,,,,
,,,,,,
,,,,,,
,,,,,,
,,,,,,
,,,,,,
,,,,,,
,,,,,,
,,,,,,
,,,,,,
,,,,,,
,,,,,,
,,,,,,
,,,,,,
,,,,,,
,,,,,,
,,,,,,
,,,,,,
,,,,,,
,,,,,,
,,,,,,
,,,,,,
,,,,,,
,,,,,,
,,,,,,
,,,,,,
,,,,,,
,,,,,,
,,,,,,
,,,,,,
,,,,,,
,,,,,,
,,,,,,
,,,,,,
,,,,,,
,,,,,,
,,,,,,
,,,,,,
,,,,,,
,,,,,,
,,,,,,
,,,,,,
,,,,,,
,,,,,,
,,,,,,
,,,,,,
,,,,,,
,,,,,,
,,,,,,
,,,,,,
,,,,,,
,,,,,,
,,,,,,
,,,,,,
,,,,,,
,,,,,,
,,,,,,
,,,,,,
,,,,,,
,,,,,,
,,,,,,
,,,,,,
,,,,,,
,,,,,,
,,,,,,
,,,,,,
,,,,,,
,,,,,,
,,,,,,
,,,,,,
,,,,,,
,,,,,,
,,,,,,
,,,,,,
,,,,,,
,,,,,,
,,,,,,
,,,,,,
,,,,,,
,,,,,,
,,,,,,
,,,,,,
,,,,,,
,,,,,,
,,,,,,
,,,,,,
,,,,,,
,,,,,,
,,,,,,
,,,,,,
,,,,,,
,,,,,,
,,,,,,
,,,,,,
,,,,,,
,,,,,,
,,,,,,
,,,,,,
,,,,,,
,,,,,,
,,,,,,
,,,,,,
,,,,,,
,,,,,,
,,,,,,
,,,,,,
,,,,,,
,,,,,,
,,,,,,
,,,,,,
,,,,,,
,,,,,,
,,,,,,
,,,,,,
,,,,,,
,,,,,,
,,,,,,
,,,,,,
,,,,,,
,,,,,,
,,,,,,
,,,,,,
,,,,,,
,,,,,,
,,,,,,
,,,,,,
,,,,,,
,,,,,,
,,,,,,
,,,,,,
,,,,,,
,,,,,,
,,,,,,
,,,,,,
,,,,,,
,,,,,,
,,,,,,
,,,,,,
,,,,,,
,,,,,,
,,,,,,
,,,,,,
,,,,,,
,,,,,,
,,,,,,
,,,,,,
,,,,,,
,,,,,,
,,,,,,
,,,,,,
,,,,,,
,,,,,,
,,,,,,
,,,,,,
,,,,,,
,,,,,,
,,,,,,
,,,,,,
,,,,,,
,,,,,,
,,,,,,
,,,,,,
,,,,,,
,,,,,,
,,,,,,
,,,,,,
,,,,,,
,,,,,,
,,,,,,
,,,,,,
,,,,,,
,,,,,,
,,,,,,
,,,,,,
,,,,,,
,,,,,,
,,,,,,
,,,,,,
,,,,,,
,,,,,,
,,,,,,
,,,,,,
,,,,,,
,,,,,,
,,,,,,
,,,,,,
,,,,,,
,,,,,,
,,,,,,
,,,,,,
,,,,,,
,,,,,,
,,,,,,
,,,,,,
,,,,,,
,,,,,,
,,,,,,
,,,,,,
,,,,,,
,,,,,,
,,,,,,
,,,,,,
,,,,,,
,,,,,,
,,,,,,
,,,,,,
,,,,,,
,,,,,,
,,,,,,
,,,,,,
,,,,,,
,,,,,,
,,,,,,
,,,,,,
,,,,,,
,,,,,,
,,,,,,
,,,,,,
,,,,,,
,,,,,,
,,,,,,
,,,,,,
,,,,,,
,,,,,,
,,,,,,
,,,,,,
,,,,,,
,,,,,,
,,,,,,
,,,,,,
,,,,,,
,,,,,,
,,,,,,
,,,,,,
,,,,,,
,,,,,,
,,,,,,
,,,,,,
,,,,,,
,,,,,,
,,,,,,
,,,,,,
,,,,,,
,,,,,,
,,,,,,
,,,,,,
,,,,,,
,,,,,,
,,,,,,
,,,,,,
,,,,,,
,,,,,,
,,,,,,
,,,,,,
,,,,,,
,,,,,,
,,,,,,
,,,,,,
,,,,,,
,,,,,,
,,,,,,
,,,,,,
,,,,,,
,,,,,,
,,,,,,
,,,,,,
,,,,,,
,,,,,,
,,,,,,
,,,,,,
,,,,,,
,,,,,,
,,,,,,
,,,,,,
,,,,,,
,,,,,,
,,,,,,
,,,,,,
,,,,,,
,,,,,,
,,,,,,
,,,,,,
,,,,,,
,,,,,,
,,,,,,
,,,,,,
,,,,,,
,,,,,,
,,,,,,
,,,,,,
,,,,,,
,,,,,,
,,,,,,
,,,,,,
,,,,,,
,,,,,,
,,,,,,
,,,,,,
,,,,,,
,,,,,,
,,,,,,
,,,,,,
,,,,,,
,,,,,,
,,,,,,
,,,,,,
,,,,,,
,,,,,,
,,,,,,
,,,,,,
,,,,,,
,,,,,,
,,,,,,
,,,,,,
,,,,,,
,,,,,,
,,,,,,
,,,,,,
,,,,,,
,,,,,,
,,,,,,
,,,,,,
,,,,,,
,,,,,,
,,,,,,
,,,,,,
,,,,,,
,,,,,,
,,,,,,
,,,,,,
,,,,,,
,,,,,,
,,,,,,
,,,,,,
,,,,,,
,,,,,,
,,,,,,
,,,,,,
,,,,,,
,,,,,,
,,,,,,
,,,,,,
,,,,,,
,,,,,,
,,,,,,
,,,,,,
,,,,,,
,,,,,,
,,,,,,
,,,,,,
,,,,,,
,,,,,,
,,,,,,
,,,,,,
,,,,,,
,,,,,,
,,,,,,
,,,,,,
,,,,,,
,,,,,,
,,,,,,
,,,,,,
,,,,,,
,,,,,,
,,,,,,
,,,,,,
,,,,,,
,,,,,,
,,,,,,
,,,,,,
,,,,,,
,,,,,,
,,,,,,
,,,,,,
,,,,,,
,,,,,,
,,,,,,
,,,,,,
,,,,,,
,,,,,,
,,,,,,
,,,,,,
,,,,,,
,,,,,,
,,,,,,
,,,,,,
,,,,,,
,,,,,,
,,,,,,
,,,,,,
,,,,,,
,,,,,,
,,,,,,
,,,,,,
,,,,,,
,,,,,,
,,,,,,
,,,,,,
,,,,,,
,,,,,,
,,,,,,
,,,,,,
,,,,,,
,,,,,,
,,,,,,
,,,,,,
,,,,,,
,,,,,,
,,,,,,
,,,,,,
,,,,,,
,,,,,,
,,,,,,
,,,,,,
,,,,,,
,,,,,,
,,,,,,
,,,,,,
,,,,,,
,,,,,,
,,,,,,
,,,,,,
,,,,,,
,,,,,,
,,,,,,
,,,,,,
,,,,,,
,,,,,,
,,,,,,
,,,,,,
,,,,,,
,,,,,,
,,,,,,
,,,,,,
,,,,,,
,,,,,,
,,,,,,
,,,,,,
,,,,,,
,,,,,,
,,,,,,
,,,,,,
,,,,,,
,,,,,,
,,,,,,
,,,,,,
,,,,,,
,,,,,,
,,,,,,
,,,,,,
,,,,,,
,,,,,,
,,,,,,
,,,,,,
,,,,,,
,,,,,,
,,,,,,
,,,,,,
,,,,,,
,,,,,,
,,,,,,
,,,,,,
,,,,,,
,,,,,,
,,,,,,
,,,,,,
,,,,,,
,,,,,,
,,,,,,
,,,,,,
,,,,,,
,,,,,,
,,,,,,
,,,,,,
,,,,,,
,,,,,,
,,,,,,
,,,,,,
,,,,,,
,,,,,,
,,,,,,
,,,,,,
,,,,,,
,,,,,,
,,,,,,
,,,,,,
,,,,,,
,,,,,,
,,,,,,
,,,,,,
,,,,,,
,,,,,,
,,,,,,
,,,,,,
,,,,,,
,,,,,,
,,,,,,
,,,,,,
,,,,,,
,,,,,,
,,,,,,
,,,,,,
,,,,,,
,,,,,,
,,,,,,
,,,,,,
,,,,,,
,,,,,,
,,,,,,
,,,,,,
,,,,,,
,,,,,,
,,,,,,
,,,,,,
,,,,,,
,,,,,,
,,,,,,
,,,,,,
,,,,,,
,,,,,,
,,,,,,
,,,,,,
,,,,,,
,,,,,,
,,,,,,
,,,,,,
,,,,,,
,,,,,,
,,,,,,
,,,,,,
,,,,,,
,,,,,,
,,,,,,
,,,,,,
,,,,,,
,,,,,,
,,,,,,
,,,,,,
,,,,,,
,,,,,,
,,,,,,
,,,,,,
,,,,,,
,,,,,,
,,,,,,
,,,,,,
,,,,,,
,,,,,,
,,,,,,
,,,,,,
,,,,,,
,,,,,,
,,,,,,
,,,,,,
,,,,,,
,,,,,,
,,,,,,
,,,,,,
,,,,,,
,,,,,,
,,,,,,
,,,,,,
,,,,,,
,,,,,,
,,,,,,
,,,,,,
,,,,,,
,,,,,,
,,,,,,
,,,,,,
,,,,,,
,,,,,,
,,,,,,
,,,,,,
,,,,,,
,,,,,,
,,,,,,
,,,,,,
,,,,,,
,,,,,,
,,,,,,
,,,,,,
,,,,,,
,,,,,,
,,,,,,
,,,,,,
,,,,,,
,,,,,,
,,,,,,
,,,,,,
,,,,,,
,,,,,,
,,,,,,
,,,,,,
,,,,,,
,,,,,,
,,,,,,
,,,,,,
,,,,,,
,,,,,,
,,,,,,
,,,,,,
,,,,,,
,,,,,,
,,,,,,
,,,,,,
,,,,,,
,,,,,,
,,,,,,
,,,,,,
,,,,,,
,,,,,,
,,,,,,
,,,,,,
,,,,,,
,,,,,,
,,,,,,
,,,,,,
,,,,,,
,,,,,,
,,,,,,
,,,,,,
,,,,,,
,,,,,,
,,,,,,
,,,,,,
,,,,,,
,,,,,,
,,,,,,
,,,,,,
,,,,,,
,,,,,,
,,,,,,
,,,,,,
,,,,,,
,,,,,,
,,,,,,
,,,,,,
,,,,,,
,,,,,,
,,,,,,
,,,,,,
,,,,,,
,,,,,,
,,,,,,
,,,,,,
,,,,,,
,,,,,,
,,,,,,
,,,,,,
,,,,,,
,,,,,,
,,,,,,
,,,,,,
,,,,,,
,,,,,,
,,,,,,
,,,,,,
,,,,,,
,,,,,,
,,,,,,
,,,,,,
,,,,,,
,,,,,,
,,,,,,
,,,,,,
,,,,,,
,,,,,,
,,,,,,
,,,,,,
,,,,,,
,,,,,,
,,,,,,
,,,,,,
,,,,,,
,,,,,,
,,,,,,
,,,,,,
,,,,,,
,,,,,,
,,,,,,
,,,,,,
,,,,,,
,,,,,,
,,,,,,
,,,,,,
,,,,,,
,,,,,,
,,,,,,
,,,,,,
,,,,,,
,,,,,,
,,,,,,
,,,,,,
,,,,,,
,,,,,,
,,,,,,
,,,,,,
,,,,,,
,,,,,,
,,,,,,
,,,,,,
,,,,,,
,,,,,,
,,,,,,
,,,,,,
,,,,,,
,,,,,,
,,,,,,
,,,,,,
,,,,,,
,,,,,,
,,,,,,
,,,,,,
,,,,,,
,,,,,,
,,,,,,
,,,,,,
,,,,,,
,,,,,,
,,,,,,
,,,,,,
,,,,,,
,,,,,,
,,,,,,
,,,,,,
,,,,,,
,,,,,,
,,,,,,
,,,,,,
,,,,,,
,,,,,,
,,,,,,
,,,,,,
,,,,,,
,,,,,,
,,,,,,
,,,,,,
,,,,,,
,,,,,,
,,,,,,
,,,,,,
,,,,,,
,,,,,,
,,,,,,
,,,,,,
,,,,,,
,,,,,,
,,,,,,
,,,,,,
,,,,,,
,,,,,,
,,,,,,
,,,,,,
,,,,,,
,,,,,,
,,,,,,
,,,,,,
,,,,,,
,,,,,,
,,,,,,
,,,,,,
,,,,,,
,,,,,,
,,,,,,
,,,,,,
,,,,,,
,,,,,,
,,,,,,
,,,,,,
,,,,,,
,,,,,,
,,,,,,
,,,,,,
,,,,,,
,,,,,,
,,,,,,
,,,,,,
,,,,,,
,,,,,,
,,,,,,
,,,,,,
,,,,,,
,,,,,,
,,,,,,
,,,,,,
,,,,,,
,,,,,,
,,,,,,
,,,,,,
,,,,,,
,,,,,,
,,,,,,
,,,,,,
,,,,,,
,,,,,,
,,,,,,
,,,,,,
,,,,,,
,,,,,,
,,,,,,
,,,,,,
,,,,,,
,,,,,,
,,,,,,
,,,,,,
,,,,,,
,,,,,,
,,,,,,
,,,,,,
,,,,,,
,,,,,,
,,,,,,
,,,,,,
,,,,,,
,,,,,,
,,,,,,
,,,,,,
,,,,,,
,,,,,,
,,,,,,
,,,,,,
,,,,,,
,,,,,,
,,,,,,
,,,,,,
,,,,,,
,,,,,,
,,,,,,
,,,,,,
,,,,,,
,,,,,,
,,,,,,
,,,,,,
,,,,,,
,,,,,,
,,,,,,
,,,,,,
,,,,,,
,,,,,,
,,,,,,
,,,,,,
,,,,,,
,,,,,,
,,,,,,
,,,,,,
,,,,,,
,,,,,,
,,,,,,
,,,,,,
,,,,,,
,,,,,,
,,,,,,
,,,,,,
,,,,,,
,,,,,,
,,,,,,
,,,,,,
,,,,,,
,,,,,,
,,,,,,
,,,,,,
,,,,,,
,,,,,,
,,,,,,
,,,,,,
,,,,,,
,,,,,,
,,,,,,
,,,,,,
,,,,,,
,,,,,,
,,,,,,
,,,,,,
,,,,,,
,,,,,,
,,,,,,
,,,,,,
,,,,,,
,,,,,,
,,,,,,
,,,,,,
,,,,,,
,,,,,,
,,,,,,
,,,,,,
,,,,,,
,,,,,,
,,,,,,
,,,,,,
,,,,,,
,,,,,,
,,,,,,
,,,,,,
,,,,,,
,,,,,,
,,,,,,
,,,,,,
,,,,,,
,,,,,,
,,,,,,
,,,,,,
,,,,,,
,,,,,,
,,,,,,
,,,,,,
,,,,,,
,,,,,,
,,,,,,
,,,,,,
,,,,,,
,,,,,,
,,,,,,
,,,,,,
,,,,,,
,,,,,,
,,,,,,
,,,,,,
,,,,,,
,,,,,,
,,,,,,
,,,,,,
,,,,,,
,,,,,,
,,,,,,
,,,,,,
,,,,,,
,,,,,,
,,,,,,
,,,,,,
,,,,,,
,,,,,,
,,,,,,
,,,,,,
,,,,,,
,,,,,,
,,,,,,
,,,,,,
,,,,,,
,,,,,,
,,,,,,
,,,,,,
,,,,,,
,,,,,,
,,,,,,
,,,,,,
,,,,,,
,,,,,,
,,,,,,
,,,,,,
,,,,,,
,,,,,,
,,,,,,
,,,,,,
,,,,,,
,,,,,,
,,,,,,
,,,,,,
,,,,,,
,,,,,,
,,,,,,
,,,,,,
,,,,,,
,,,,,,
,,,,,,
,,,,,,
,,,,,,
,,,,,,
,,,,,,
,,,,,,
,,,,,,
,,,,,,
,,,,,,
,,,,,,
,,,,,,
,,,,,,
,,,,,,
,,,,,,
,,,,,,
,,,,,,
,,,,,,
,,,,,,
,,,,,,
,,,,,,
,,,,,,
,,,,,,
,,,,,,
,,,,,,
,,,,,,
,,,,,,
,,,,,,
,,,,,,
,,,,,,
,,,,,,
,,,,,,
,,,,,,
,,,,,,
,,,,,,
,,,,,,
,,,,,,
,,,,,,
,,,,,,
,,,,,,
,,,,,,
,,,,,,
,,,,,,
,,,,,,
,,,,,,
,,,,,,
,,,,,,
,,,,,,
,,,,,,
,,,,,,
,,,,,,
,,,,,,
,,,,,,
,,,,,,
,,,,,,
,,,,,,
,,,,,,
,,,,,,
,,,,,,
,,,,,,
,,,,,,
,,,,,,
,,,,,,
,,,,,,
,,,,,,
,,,,,,
,,,,,,
,,,,,,
,,,,,,
,,,,,,
,,,,,,
,,,,,,
,,,,,,
,,,,,,
,,,,,,
,,,,,,
,,,,,,
,,,,,,
,,,,,,
,,,,,,
,,,,,,
,,,,,,
,,,,,,
,,,,,,
,,,,,,
,,,,,,
,,,,,,
,,,,,,
,,,,,,
,,,,,,
,,,,,,
,,,,,,
,,,,,,
,,,,,,
,,,,,,
,,,,,,
,,,,,,
,,,,,,
,,,,,,
,,,,,,
,,,,,,
,,,,,,
,,,,,,
,,,,,,
,,,,,,
,,,,,,
,,,,,,
,,,,,,
,,,,,,
,,,,,,
,,,,,,
,,,,,,
,,,,,,
,,,,,,
,,,,,,
,,,,,,
,,,,,,
,,,,,,
,,,,,,
,,,,,,
,,,,,,
,,,,,,
,,,,,,
,,,,,,
,,,,,,
,,,,,,
,,,,,,
,,,,,,
,,,,,,
,,,,,,
,,,,,,
,,,,,,
,,,,,,
,,,,,,
,,,,,,
,,,,,,
,,,,,,
,,,,,,
,,,,,,
,,,,,,
,,,,,,
,,,,,,
,,,,,,
,,,,,,
,,,,,,
,,,,,,
,,,,,,
,,,,,,
,,,,,,
,,,,,,
,,,,,,
,,,,,,
,,,,,,
,,,,,,
,,,,,,
,,,,,,
,,,,,,
,,,,,,
,,,,,,
,,,,,,
,,,,,,
,,,,,,
,,,,,,
,,,,,,
,,,,,,
,,,,,,
,,,,,,
,,,,,,
,,,,,,
,,,,,,
,,,,,,
,,,,,,
,,,,,,
,,,,,,
,,,,,,
,,,,,,
,,,,,,
,,,,,,
,,,,,,
,,,,,,
,,,,,,
,,,,,,
,,,,,,
,,,,,,
,,,,,,
,,,,,,
,,,,,,
,,,,,,
,,,,,,
,,,,,,
,,,,,,
,,,,,,
,,,,,,
,,,,,,
,,,,,,
,,,,,,
,,,,,,
,,,,,,
,,,,,,
,,,,,,
,,,,,,
,,,,,,
,,,,,,
,,,,,,
,,,,,,
,,,,,,
,,,,,,
,,,,,,
,,,,,,
,,,,,,
,,,,,,
,,,,,,
,,,,,,
,,,,,,
,,,,,,
,,,,,,
,,,,,,
,,,,,,
,,,,,,
,,,,,,
,,,,,,
,,,,,,
,,,,,,
,,,,,,
,,,,,,
,,,,,,
,,,,,,
,,,,,,
,,,,,,
,,,,,,
,,,,,,
,,,,,,
,,,,,,
,,,,,,
,,,,,,
,,,,,,
,,,,,,
,,,,,,
,,,,,,
,,,,,,
,,,,,,
,,,,,,
,,,,,,
,,,,,,
,,,,,,
,,,,,,
,,,,,,
,,,,,,
,,,,,,
,,,,,,
,,,,,,
,,,,,,
,,,,,,
,,,,,,
,,,,,,
,,,,,,
,,,,,,
,,,,,,
,,,,,,
,,,,,,
,,,,,,
,,,,,,
,,,,,,
,,,,,,
,,,,,,
,,,,,,
,,,,,,
,,,,,,
,,,,,,
,,,,,,
,,,,,,
,,,,,,
,,,,,,
,,,,,,
,,,,,,
,,,,,,
,,,,,,
,,,,,,
,,,,,,
,,,,,,
,,,,,,
,,,,,,
,,,,,,
,,,,,,
,,,,,,
,,,,,,
,,,,,,
,,,,,,
,,,,,,
,,,,,,
,,,,,,
,,,,,,
,,,,,,
,,,,,,
,,,,,,
,,,,,,
,,,,,,
,,,,,,
,,,,,,
,,,,,,
,,,,,,
,,,,,,
,,,,,,
,,,,,,
,,,,,,
,,,,,,
,,,,,,
,,,,,,
,,,,,,
,,,,,,
,,,,,,
,,,,,,
,,,,,,
,,,,,,
,,,,,,
,,,,,,
,,,,,,
,,,,,,
,,,,,,
,,,,,,
,,,,,,
,,,,,,
,,,,,,
,,,,,,
,,,,,,
,,,,,,
,,,,,,
,,,,,,
,,,,,,
,,,,,,
,,,,,,
,,,,,,
,,,,,,
,,,,,,
,,,,,,
,,,,,,
,,,,,,
,,,,,,
,,,,,,
,,,,,,
,,,,,,
,,,,,,
,,,,,,
,,,,,,
,,,,,,
,,,,,,
,,,,,,
,,,,,,
,,,,,,
,,,,,,
,,,,,,
,,,,,,
,,,,,,
,,,,,,
,,,,,,
,,,,,,
,,,,,,
,,,,,,
,,,,,,
,,,,,,
,,,,,,
,,,,,,
,,,,,,
,,,,,,
,,,,,,
,,,,,,
,,,,,,
,,,,,,
,,,,,,
,,,,,,
,,,,,,
,,,,,,
,,,,,,
,,,,,,
,,,,,,
,,,,,,
,,,,,,
,,,,,,
,,,,,,
,,,,,,
,,,,,,
,,,,,,
,,,,,,
,,,,,,
,,,,,,
,,,,,,
,,,,,,
,,,,,,
,,,,,,
,,,,,,
,,,,,,
,,,,,,
,,,,,,
,,,,,,
,,,,,,
,,,,,,
,,,,,,
,,,,,,
,,,,,,
,,,,,,
,,,,,,
,,,,,,
,,,,,,
,,,,,,
,,,,,,
,,,,,,
,,,,,,
,,,,,,
,,,,,,
,,,,,,
,,,,,,
,,,,,,
,,,,,,
,,,,,,
,,,,,,
,,,,,,
,,,,,,
,,,,,,
,,,,,,
,,,,,,
,,,,,,
,,,,,,
,,,,,,
,,,,,,
,,,,,,
,,,,,,
,,,,,,
,,,,,,
,,,,,,
,,,,,,
,,,,,,
,,,,,,
,,,,,,
,,,,,,
,,,,,,
,,,,,,
,,,,,,
,,,,,,
,,,,,,
,,,,,,
,,,,,,
,,,,,,
,,,,,,
,,,,,,
,,,,,,
,,,,,,
,,,,,,
,,,,,,
,,,,,,
,,,,,,
,,,,,,
,,,,,,
,,,,,,
,,,,,,
,,,,,,
,,,,,,
,,,,,,
,,,,,,
,,,,,,
,,,,,,
,,,,,,
,,,,,,
,,,,,,
,,,,,,
,,,,,,
,,,,,,
,,,,,,
,,,,,,
,,,,,,
,,,,,,
,,,,,,
,,,,,,
,,,,,,
,,,,,,
,,,,,,
,,,,,,
,,,,,,
,,,,,,
,,,,,,
,,,,,,
,,,,,,
,,,,,,
,,,,,,
,,,,,,
,,,,,,
,,,,,,
,,,,,,
,,,,,,
,,,,,,
,,,,,,
,,,,,,
,,,,,,
,,,,,,
,,,,,,
,,,,,,
,,,,,,
,,,,,,
,,,,,,
,,,,,,
,,,,,,
,,,,,,
,,,,,,
,,,,,,
,,,,,,
,,,,,,
,,,,,,
,,,,,,
,,,,,,
,,,,,,
,,,,,,
,,,,,,
,,,,,,
,,,,,,
,,,,,,
,,,,,,
,,,,,,
,,,,,,
,,,,,,
,,,,,,
,,,,,,
,,,,,,
,,,,,,
,,,,,,
,,,,,,
,,,,,,
,,,,,,
,,,,,,
,,,,,,
,,,,,,
,,,,,,
,,,,,,
,,,,,,
,,,,,,
,,,,,,
,,,,,,
,,,,,,
,,,,,,
,,,,,,
,,,,,,
,,,,,,
,,,,,,
,,,,,,
,,,,,,
,,,,,,
,,,,,,
,,,,,,
,,,,,,
,,,,,,
,,,,,,
,,,,,,
,,,,,,
,,,,,,
,,,,,,
,,,,,,
,,,,,,
,,,,,,
,,,,,,
,,,,,,
,,,,,,
,,,,,,
,,,,,,
,,,,,,
,,,,,,
,,,,,,
,,,,,,
,,,,,,
,,,,,,
,,,,,,
,,,,,,
,,,,,,
,,,,,,
,,,,,,
,,,,,,
,,,,,,
,,,,,,
,,,,,,
,,,,,,
,,,,,,
,,,,,,
,,,,,,
,,,,,,
,,,,,,
,,,,,,
,,,,,,
,,,,,,
,,,,,,
,,,,,,
,,,,,,
,,,,,,
,,,,,,
,,,,,,
,,,,,,
,,,,,,
,,,,,,
,,,,,,
,,,,,,
,,,,,,
,,,,,,
,,,,,,
,,,,,,
,,,,,,
,,,,,,
,,,,,,
,,,,,,
,,,,,,
,,,,,,
,,,,,,
,,,,,,
,,,,,,
,,,,,,
,,,,,,
,,,,,,
,,,,,,
,,,,,,
,,,,,,
,,,,,,
,,,,,,
,,,,,,
,,,,,,
,,,,,,
,,,,,,
,,,,,,
,,,,,,
,,,,,,
,,,,,,
,,,,,,
,,,,,,
,,,,,,
,,,,,,
,,,,,,
,,,,,,
,,,,,,
,,,,,,
,,,,,,
,,,,,,
,,,,,,
,,,,,,
,,,,,,
,,,,,,
,,,,,,
,,,,,,
,,,,,,
,,,,,,
,,,,,,
,,,,,,
,,,,,,
,,,,,,
,,,,,,
,,,,,,
,,,,,,
,,,,,,
,,,,,,
,,,,,,
,,,,,,
,,,,,,
,,,,,,
,,,,,,
,,,,,,
,,,,,,
,,,,,,
,,,,,,
,,,,,,
,,,,,,
,,,,,,
,,,,,,
,,,,,,
,,,,,,
,,,,,,
,,,,,,
,,,,,,
,,,,,,
,,,,,,
,,,,,,
,,,,,,
,,,,,,
,,,,,,
,,,,,,
,,,,,,
,,,,,,
,,,,,,
,,,,,,
,,,,,,
,,,,,,
,,,,,,
,,,,,,
,,,,,,
,,,,,,
,,,,,,
,,,,,,
,,,,,,
,,,,,,
,,,,,,
,,,,,,
,,,,,,
,,,,,,
,,,,,,
,,,,,,
,,,,,,
,,,,,,
,,,,,,
,,,,,,
,,,,,,
,,,,,,
,,,,,,
,,,,,,
,,,,,,
,,,,,,
,,,,,,
,,,,,,
,,,,,,
,,,,,,
,,,,,,
,,,,,,
,,,,,,
,,,,,,
,,,,,,
,,,,,,
,,,,,,
,,,,,,
,,,,,,
,,,,,,
,,,,,,
,,,,,,
,,,,,,
,,,,,,
,,,,,,
,,,,,,
,,,,,,
,,,,,,
,,,,,,
,,,,,,
,,,,,,
,,,,,,
,,,,,,
,,,,,,
,,,,,,
,,,,,,
,,,,,,
,,,,,,
,,,,,,
,,,,,,
,,,,,,
,,,,,,
,,,,,,
,,,,,,
,,,,,,
,,,,,,
,,,,,,
,,,,,,
,,,,,,
,,,,,,
,,,,,,
,,,,,,
,,,,,,
,,,,,,
,,,,,,
,,,,,,
,,,,,,
,,,,,,
,,,,,,
,,,,,,
,,,,,,
,,,,,,
,,,,,,
,,,,,,
,,,,,,
,,,,,,
,,,,,,
,,,,,,
,,,,,,
,,,,,,
,,,,,,
,,,,,,
,,,,,,
,,,,,,
,,,,,,
,,,,,,
,,,,,,
,,,,,,
,,,,,,
,,,,,,
,,,,,,
,,,,,,
,,,,,,
,,,,,,
,,,,,,
,,,,,,
,,,,,,
,,,,,,
,,,,,,
,,,,,,
,,,,,,
,,,,,,
,,,,,,
,,,,,,
,,,,,,
,,,,,,
,,,,,,
,,,,,,
,,,,,,
,,,,,,
,,,,,,
,,,,,,
,,,,,,
,,,,,,
,,,,,,
,,,,,,
,,,,,,
,,,,,,
,,,,,,
,,,,,,
,,,,,,
,,,,,,
,,,,,,
,,,,,,
,,,,,,
,,,,,,
,,,,,,
,,,,,,
,,,,,,
,,,,,,
,,,,,,
,,,,,,
,,,,,,
,,,,,,
,,,,,,
,,,,,,
,,,,,,
,,,,,,
,,,,,,
,,,,,,
,,,,,,
,,,,,,
,,,,,,
,,,,,,
,,,,,,
,,,,,,
,,,,,,
,,,,,,
,,,,,,
,,,,,,
,,,,,,
,,,,,,
,,,,,,
,,,,,,
,,,,,,
,,,,,,
,,,,,,
,,,,,,
,,,,,,
,,,,,,
,,,,,,
,,,,,,
,,,,,,
,,,,,,
,,,,,,
,,,,,,
,,,,,,
,,,,,,
,,,,,,
,,,,,,
,,,,,,
,,,,,,
,,,,,,
,,,,,,
,,,,,,
,,,,,,
,,,,,,
,,,,,,
,,,,,,
,,,,,,
,,,,,,
,,,,,,
,,,,,,
,,,,,,
,,,,,,
,,,,,,
,,,,,,
,,,,,,
,,,,,,
,,,,,,
,,,,,,
,,,,,,
,,,,,,
,,,,,,
,,,,,,
,,,,,,
,,,,,,
,,,,,,
,,,,,,
,,,,,,
,,,,,,
,,,,,,
,,,,,,
,,,,,,
,,,,,,
,,,,,,
,,,,,,
,,,,,,
,,,,,,
,,,,,,
,,,,,,
,,,,,,
,,,,,,
,,,,,,
,,,,,,
,,,,,,
,,,,,,
,,,,,,
,,,,,,
,,,,,,
,,,,,,
,,,,,,
,,,,,,
,,,,,,
,,,,,,
,,,,,,
,,,,,,
,,,,,,
,,,,,,
,,,,,,
,,,,,,
,,,,,,
,,,,,,
,,,,,,
,,,,,,
,,,,,,
,,,,,,
,,,,,,
,,,,,,
,,,,,,
,,,,,,
,,,,,,
,,,,,,
,,,,,,
,,,,,,
,,,,,,
,,,,,,
,,,,,,
,,,,,,
,,,,,,
,,,,,,
,,,,,,
,,,,,,
,,,,,,
,,,,,,
,,,,,,
,,,,,,
,,,,,,
,,,,,,
,,,,,,
,,,,,,
,,,,,,
,,,,,,
,,,,,,
,,,,,,
,,,,,,
,,,,,,
,,,,,,
,,,,,,
,,,,,,
,,,,,,
,,,,,,
,,,,,,
,,,,,,
,,,,,,
,,,,,,
,,,,,,
,,,,,,
,,,,,,
,,,,,,
,,,,,,
,,,,,,
,,,,,,
,,,,,,
,,,,,,
,,,,,,
,,,,,,
,,,,,,
,,,,,,
,,,,,,
,,,,,,
,,,,,,
,,,,,,
,,,,,,
,,,,,,
,,,,,,
,,,,,,
,,,,,,
,,,,,,
,,,,,,
,,,,,,
,,,,,,
,,,,,,
,,,,,,
,,,,,,
,,,,,,
,,,,,,
,,,,,,
,,,,,,
,,,,,,
,,,,,,
,,,,,,
,,,,,,
,,,,,,
,,,,,,
,,,,,,
,,,,,,
,,,,,,
,,,,,,
,,,,,,
,,,,,,
,,,,,,
,,,,,,
,,,,,,
,,,,,,
,,,,,,
,,,,,,
,,,,,,
,,,,,,
,,,,,,
,,,,,,
,,,,,,
,,,,,,
,,,,,,
,,,,,,
,,,,,,
,,,,,,
,,,,,,
,,,,,,
,,,,,,
,,,,,,
,,,,,,
,,,,,,
,,,,,,
,,,,,,
,,,,,,
,,,,,,
,,,,,,
,,,,,,
,,,,,,
,,,,,,
,,,,,,
,,,,,,
,,,,,,
,,,,,,
,,,,,,
,,,,,,
,,,,,,
,,,,,,
,,,,,,
,,,,,,
,,,,,,
,,,,,,
,,,,,,
,,,,,,
,,,,,,
,,,,,,
,,,,,,
,,,,,,
,,,,,,
,,,,,,
,,,,,,
,,,,,,
,,,,,,
,,,,,,
,,,,,,
,,,,,,
,,,,,,
,,,,,,
,,,,,,
,,,,,,
,,,,,,
,,,,,,
,,,,,,
,,,,,,
,,,,,,
,,,,,,
,,,,,,
,,,,,,
,,,,,,
,,,,,,
,,,,,,
,,,,,,
,,,,,,
,,,,,,
,,,,,,
,,,,,,
,,,,,,
,,,,,,
,,,,,,
,,,,,,
,,,,,,
,,,,,,
,,,,,,
,,,,,,
,,,,,,
,,,,,,
,,,,,,
,,,,,,
,,,,,,
,,,,,,
,,,,,,
,,,,,,
,,,,,,
,,,,,,
,,,,,,
,,,,,,
,,,,,,
,,,,,,
,,,,,,
,,,,,,
,,,,,,
,,,,,,
,,,,,,
,,,,,,
,,,,,,
,,,,,,
,,,,,,
,,,,,,
,,,,,,
,,,,,,
,,,,,,
,,,,,,
,,,,,,
,,,,,,
,,,,,,
,,,,,,
,,,,,,
,,,,,,
,,,,,,
,,,,,,
,,,,,,
,,,,,,
,,,,,,
,,,,,,
,,,,,,
,,,,,,
,,,,,,
,,,,,,
,,,,,,
,,,,,,
,,,,,,
,,,,,,
,,,,,,
,,,,,,
,,,,,,
,,,,,,
,,,,,,
,,,,,,
,,,,,,
,,,,,,
,,,,,,
,,,,,,
,,,,,,
,,,,,,
,,,,,,
,,,,,,
,,,,,,
,,,,,,
,,,,,,
,,,,,,
,,,,,,
,,,,,,
,,,,,,
,,,,,,
,,,,,,
,,,,,,
,,,,,,
,,,,,,
,,,,,,
,,,,,,
,,,,,,
,,,,,,
,,,,,,
,,,,,,
,,,,,,
,,,,,,
,,,,,,
,,,,,,
,,,,,,
,,,,,,
,,,,,,
,,,,,,
,,,,,,
,,,,,,
,,,,,,
,,,,,,
,,,,,,
,,,,,,
,,,,,,
,,,,,,
,,,,,,
,,,,,,
,,,,,,
,,,,,,
,,,,,,
,,,,,,
,,,,,,
,,,,,,
,,,,,,
,,,,,,
,,,,,,
,,,,,,
,,,,,,
,,,,,,
,,,,,,
,,,,,,
,,,,,,
,,,,,,
,,,,,,
,,,,,,
,,,,,,
,,,,,,
,,,,,,
,,,,,,
,,,,,,
,,,,,,
,,,,,,
,,,,,,
,,,,,,
,,,,,,
,,,,,,
,,,,,,
,,,,,,
,,,,,,
,,,,,,
,,,,,,
,,,,,,
,,,,,,
,,,,,,
,,,,,,
,,,,,,
,,,,,,
,,,,,,
,,,,,,
,,,,,,
,,,,,,
,,,,,,
,,,,,,
,,,,,,
,,,,,,
,,,,,,
,,,,,,
,,,,,,
,,,,,,
,,,,,,
,,,,,,
,,,,,,
,,,,,,
,,,,,,
,,,,,,
,,,,,,
,,,,,,
,,,,,,
,,,,,,
,,,,,,
,,,,,,
,,,,,,
,,,,,,
,,,,,,
,,,,,,
,,,,,,
,,,,,,
,,,,,,
,,,,,,
,,,,,,
,,,,,,
,,,,,,
,,,,,,
,,,,,,
,,,,,,
,,,,,,
,,,,,,
,,,,,,
,,,,,,
,,,,,,
,,,,,,
,,,,,,
,,,,,,
,,,,,,
,,,,,,
,,,,,,
,,,,,,
,,,,,,
,,,,,,
,,,,,,
,,,,,,
,,,,,,
,,,,,,
,,,,,,
,,,,,,
,,,,,,
,,,,,,
,,,,,,
,,,,,,
,,,,,,
,,,,,,
,,,,,,
,,,,,,
,,,,,,
,,,,,,
,,,,,,
,,,,,,
,,,,,,
,,,,,,
,,,,,,
,,,,,,
,,,,,,
,,,,,,
,,,,,,
,,,,,,
,,,,,,
,,,,,,
,,,,,,
,,,,,,
,,,,,,
,,,,,,
,,,,,,
,,,,,,
,,,,,,
,,,,,,
,,,,,,
,,,,,,
,,,,,,
,,,,,,
,,,,,,
,,,,,,
,,,,,,
,,,,,,
,,,,,,
,,,,,,
,,,,,,
,,,,,,
,,,,,,
,,,,,,
,,,,,,
,,,,,,
,,,,,,
,,,,,,
,,,,,,
,,,,,,
,,,,,,
,,,,,,
,,,,,,
,,,,,,
,,,,,,
,,,,,,
,,,,,,
,,,,,,
,,,,,,
,,,,,,
,,,,,,
,,,,,,
,,,,,,
,,,,,,
,,,,,,
,,,,,,
,,,,,,
,,,,,,
,,,,,,
,,,,,,
,,,,,,
,,,,,,
,,,,,,
,,,,,,
,,,,,,
,,,,,,
,,,,,,
,,,,,,
,,,,,,
,,,,,,
,,,,,,
,,,,,,
,,,,,,
,,,,,,
,,,,,,
,,,,,,
,,,,,,
,,,,,,
,,,,,,
,,,,,,
,,,,,,
,,,,,,
,,,,,,
,,,,,,
,,,,,,
,,,,,,
,,,,,,
,,,,,,
,,,,,,
,,,,,,
,,,,,,
,,,,,,
,,,,,,
,,,,,,
,,,,,,
,,,,,,
,,,,,,
,,,,,,
,,,,,,
,,,,,,
,,,,,,
,,,,,,
,,,,,,
,,,,,,
,,,,,,
,,,,,,
,,,,,,
,,,,,,
,,,,,,
,,,,,,
,,,,,,
,,,,,,
,,,,,,
,,,,,,
,,,,,,
,,,,,,
,,,,,,
,,,,,,
,,,,,,
,,,,,,
,,,,,,
,,,,,,
,,,,,,
,,,,,,
,,,,,,
,,,,,,
,,,,,,
,,,,,,
,,,,,,
,,,,,,
,,,,,,
,,,,,,
,,,,,,
,,,,,,
,,,,,,
,,,,,,
,,,,,,
,,,,,,
,,,,,,
,,,,,,
,,,,,,
,,,,,,
,,,,,,
,,,,,,
,,,,,,
,,,,,,
,,,,,,
,,,,,,
,,,,,,
,,,,,,
,,,,,,
,,,,,,
,,,,,,
,,,,,,
,,,,,,
,,,,,,
,,,,,,
,,,,,,
,,,,,,
,,,,,,
,,,,,,
,,,,,,
,,,,,,
,,,,,,
,,,,,,
,,,,,,
,,,,,,
,,,,,,
,,,,,,
,,,,,,
,,,,,,
,,,,,,
,,,,,,
,,,,,,
,,,,,,
,,,,,,
,,,,,,
,,,,,,
,,,,,,
,,,,,,
,,,,,,
,,,,,,
,,,,,,
,,,,,,
,,,,,,
,,,,,,
,,,,,,
,,,,,,
,,,,,,
,,,,,,
,,,,,,
,,,,,,
,,,,,,
,,,,,,
,,,,,,
,,,,,,
,,,,,,
,,,,,,
,,,,,,
,,,,,,
,,,,,,
,,,,,,
,,,,,,
,,,,,,
,,,,,,
,,,,,,
,,,,,,
,,,,,,
,,,,,,
,,,,,,
,,,,,,
,,,,,,
,,,,,,
,,,,,,
,,,,,,
,,,,,,
,,,,,,
,,,,,,
,,,,,,
,,,,,,
,,,,,,
,,,,,,
,,,,,,
,,,,,,
,,,,,,
,,,,,,
,,,,,,
,,,,,,
,,,,,,
,,,,,,
,,,,,,
,,,,,,
,,,,,,
,,,,,,
,,,,,,
,,,,,,
,,,,,,
,,,,,,
,,,,,,
,,,,,,
,,,,,,
,,,,,,
,,,,,,
,,,,,,
,,,,,,
,,,,,,
,,,,,,
,,,,,,
,,,,,,
,,,,,,
,,,,,,
,,,,,,
,,,,,,
,,,,,,
,,,,,,
,,,,,,
,,,,,,
,,,,,,
,,,,,,
,,,,,,
,,,,,,
,,,,,,
,,,,,,
,,,,,,
,,,,,,
,,,,,,
,,,,,,
,,,,,,
,,,,,,
,,,,,,
,,,,,,
,,,,,,
,,,,,,
,,,,,,
,,,,,,
,,,,,,
,,,,,,
,,,,,,
,,,,,,
,,,,,,
,,,,,,
,,,,,,
,,,,,,
,,,,,,
,,,,,,
,,,,,,
,,,,,,
,,,,,,
,,,,,,
,,,,,,
,,,,,,
,,,,,,
,,,,,,
,,,,,,
,,,,,,
,,,,,,
,,,,,,
,,,,,,
,,,,,,
,,,,,,
,,,,,,
,,,,,,
,,,,,,
,,,,,,
,,,,,,
,,,,,,
,,,,,,
,,,,,,
,,,,,,
,,,,,,
,,,,,,
,,,,,,
,,,,,,
,,,,,,
,,,,,,
,,,,,,
,,,,,,
,,,,,,
,,,,,,
,,,,,,
,,,,,,
,,,,,,
,,,,,,
,,,,,,
,,,,,,
,,,,,,
,,,,,,
,,,,,,
,,,,,,
,,,,,,
,,,,,,
,,,,,,
,,,,,,
,,,,,,
,,,,,,
,,,,,,
,,,,,,
,,,,,,
,,,,,,
,,,,,,
,,,,,,
,,,,,,
,,,,,,
,,,,,,
,,,,,,
,,,,,,
,,,,,,
,,,,,,
,,,,,,
,,,,,,
,,,,,,
,,,,,,
,,,,,,
,,,,,,
,,,,,,
,,,,,,
,,,,,,
,,,,,,
,,,,,,
,,,,,,
,,,,,,
,,,,,,
,,,,,,
,,,,,,
,,,,,,
,,,,,,
,,,,,,
,,,,,,
,,,,,,
,,,,,,
,,,,,,
,,,,,,
,,,,,,
,,,,,,
,,,,,,
,,,,,,
,,,,,,
,,,,,,
,,,,,,
,,,,,,
,,,,,,
,,,,,,
,,,,,,
,,,,,,
,,,,,,
,,,,,,
,,,,,,
,,,,,,
,,,,,,
,,,,,,
,,,,,,
,,,,,,
,,,,,,
,,,,,,
,,,,,,
,,,,,,
,,,,,,
,,,,,,
,,,,,,
,,,,,,
,,,,,,
,,,,,,
,,,,,,
,,,,,,
,,,,,,
,,,,,,
,,,,,,
,,,,,,
,,,,,,
,,,,,,
,,,,,,
,,,,,,
,,,,,,
,,,,,,
,,,,,,
,,,,,,
,,,,,,
,,,,,,
,,,,,,
,,,,,,
,,,,,,
,,,,,,
,,,,,,
,,,,,,
,,,,,,
,,,,,,
,,,,,,
,,,,,,
,,,,,,
,,,,,,
,,,,,,
,,,,,,
,,,,,,
,,,,,,
,,,,,,
,,,,,,
,,,,,,
,,,,,,
,,,,,,
,,,,,,
,,,,,,
,,,,,,
,,,,,,
,,,,,,
,,,,,,
,,,,,,
,,,,,,
,,,,,,
,,,,,,
,,,,,,
,,,,,,
,,,,,,
,,,,,,
,,,,,,
,,,,,,
,,,,,,
,,,,,,
,,,,,,
,,,,,,
,,,,,,
,,,,,,
,,,,,,
,,,,,,
,,,,,,
,,,,,,
,,,,,,
,,,,,,
,,,,,,
,,,,,,
,,,,,,
,,,,,,
,,,,,,
,,,,,,
,,,,,,
,,,,,,
,,,,,,
,,,,,,
,,,,,,
,,,,,,
,,,,,,
,,,,,,
,,,,,,
,,,,,,
,,,,,,
,,,,,,
,,,,,,
,,,,,,
,,,,,,
,,,,,,
,,,,,,
,,,,,,
,,,,,,
,,,,,,
,,,,,,
,,,,,,
,,,,,,
,,,,,,
,,,,,,
,,,,,,
,,,,,,
,,,,,,
,,,,,,
,,,,,,
,,,,,,
,,,,,,
,,,,,,
,,,,,,
,,,,,,
,,,,,,
,,,,,,
,,,,,,
,,,,,,
,,,,,,
,,,,,,
,,,,,,
,,,,,,
,,,,,,
,,,,,,
,,,,,,
,,,,,,
,,,,,,
,,,,,,
,,,,,,
,,,,,,
,,,,,,
,,,,,,
,,,,,,
,,,,,,
,,,,,,
,,,,,,
,,,,,,
,,,,,,
,,,,,,
,,,,,,
,,,,,,
,,,,,,
,,,,,,
,,,,,,
,,,,,,
,,,,,,
,,,,,,
,,,,,,
,,,,,,
,,,,,,
,,,,,,
,,,,,,
,,,,,,
,,,,,,
,,,,,,
,,,,,,
,,,,,,
,,,,,,
,,,,,,
,,,,,,
,,,,,,
,,,,,,
,,,,,,
,,,,,,
,,,,,,
,,,,,,
,,,,,,
,,,,,,
,,,,,,
,,,,,,
,,,,,,
,,,,,,
,,,,,,
,,,,,,
,,,,,,
,,,,,,
,,,,,,
,,,,,,
,,,,,,
,,,,,,
,,,,,,
,,,,,,
,,,,,,
,,,,,,
,,,,,,
,,,,,,
,,,,,,
,,,,,,
,,,,,,
,,,,,,
,,,,,,
,,,,,,
,,,,,,
,,,,,,
,,,,,,
,,,,,,
,,,,,,
,,,,,,
,,,,,,
,,,,,,
,,,,,,
,,,,,,
,,,,,,
,,,,,,
,,,,,,
,,,,,,
,,,,,,
,,,,,,
,,,,,,
,,,,,,
,,,,,,
,,,,,,
,,,,,,
,,,,,,
,,,,,,
,,,,,,
,,,,,,
,,,,,,
,,,,,,
,,,,,,
,,,,,,
,,,,,,
,,,,,,
,,,,,,
,,,,,,
,,,,,,
,,,,,,
,,,,,,
,,,,,,
,,,,,,
,,,,,,
,,,,,,
,,,,,,
,,,,,,
,,,,,,
,,,,,,
,,,,,,
,,,,,,
,,,,,,
,,,,,,
,,,,,,
,,,,,,
,,,,,,
,,,,,,
,,,,,,
,,,,,,
,,,,,,
,,,,,,
,,,,,,
,,,,,,
,,,,,,
,,,,,,
,,,,,,
,,,,,,
,,,,,,
,,,,,,
,,,,,,
,,,,,,
,,,,,,
,,,,,,
,,,,,,
,,,,,,
,,,,,,
,,,,,,
,,,,,,
,,,,,,
,,,,,,
,,,,,,
,,,,,,
,,,,,,
,,,,,,
,,,,,,
,,,,,,
,,,,,,
,,,,,,
,,,,,,
,,,,,,
,,,,,,
,,,,,,
,,,,,,
,,,,,,
,,,,,,
,,,,,,
,,,,,,
,,,,,,
,,,,,,
,,,,,,
,,,,,,
,,,,,,
,,,,,,
,,,,,,
,,,,,,
,,,,,,
,,,,,,
,,,,,,
,,,,,,
,,,,,,
,,,,,,
,,,,,,
,,,,,,
,,,,,,
,,,,,,
,,,,,,
,,,,,,
,,,,,,
,,,,,,
,,,,,,
,,,,,,
,,,,,,
,,,,,,
,,,,,,
,,,,,,
,,,,,,
,,,,,,
,,,,,,
,,,,,,
,,,,,,
,,,,,,
,,,,,,
,,,,,,
,,,,,,
,,,,,,
,,,,,,
,,,,,,
,,,,,,
,,,,,,
,,,,,,
,,,,,,
,,,,,,
,,,,,,
,,,,,,
,,,,,,
,,,,,,
,,,,,,
,,,,,,
,,,,,,
,,,,,,
,,,,,,
,,,,,,
,,,,,,
,,,,,,
,,,,,,
,,,,,,
,,,,,,
,,,,,,
,,,,,,
,,,,,,
,,,,,,
,,,,,,
,,,,,,
,,,,,,
,,,,,,
,,,,,,
,,,,,,
,,,,,,
,,,,,,
,,,,,,
,,,,,,
,,,,,,
,,,,,,
,,,,,,
,,,,,,
,,,,,,
,,,,,,
,,,,,,
,,,,,,
,,,,,,
,,,,,,
,,,,,,
,,,,,,
,,,,,,
,,,,,,
,,,,,,
,,,,,,
,,,,,,
,,,,,,
,,,,,,
,,,,,,
,,,,,,
,,,,,,
,,,,,,
,,,,,,
,,,,,,
,,,,,,
,,,,,,
,,,,,,
,,,,,,
,,,,,,
,,,,,,
,,,,,,
,,,,,,
,,,,,,
,,,,,,
,,,,,,
,,,,,,
,,,,,,
,,,,,,
,,,,,,
,,,,,,
,,,,,,
,,,,,,
,,,,,,
,,,,,,
,,,,,,
,,,,,,
,,,,,,
,,,,,,
,,,,,,
,,,,,,
,,,,,,
,,,,,,
,,,,,,
,,,,,,
,,,,,,
,,,,,,
,,,,,,
,,,,,,
,,,,,,
,,,,,,
,,,,,,
,,,,,,
,,,,,,
,,,,,,
,,,,,,
,,,,,,
,,,,,,
,,,,,,
,,,,,,
,,,,,,
,,,,,,
,,,,,,
,,,,,,
,,,,,,
,,,,,,
,,,,,,
,,,,,,
,,,,,,
,,,,,,
,,,,,,
,,,,,,
,,,,,,
,,,,,,
,,,,,,
,,,,,,
,,,,,,
,,,,,,
,,,,,,
,,,,,,
,,,,,,
,,,,,,
,,,,,,
,,,,,,
,,,,,,
,,,,,,
,,,,,,
,,,,,,
,,,,,,
,,,,,,
,,,,,,
,,,,,,
,,,,,,
,,,,,,
,,,,,,
,,,,,,
,,,,,,
,,,,,,
,,,,,,
,,,,,,
,,,,,,
,,,,,,
,,,,,,
,,,,,,
,,,,,,
,,,,,,
,,,,,,
,,,,,,
,,,,,,
,,,,,,
,,,,,,
,,,,,,
,,,,,,
,,,,,,
,,,,,,
,,,,,,
,,,,,,
,,,,,,
,,,,,,
,,,,,,
,,,,,,
,,,,,,
,,,,,,
,,,,,,
,,,,,,
,,,,,,
,,,,,,
,,,,,,
,,,,,,
,,,,,,
,,,,,,
,,,,,,
,,,,,,
,,,,,,
,,,,,,
,,,,,,
,,,,,,
,,,,,,
,,,,,,
,,,,,,
,,,,,,
,,,,,,
,,,,,,
,,,,,,
,,,,,,
,,,,,,
,,,,,,
,,,,,,
,,,,,,
,,,,,,
,,,,,,
,,,,,,
,,,,,,
,,,,,,
,,,,,,
,,,,,,
,,,,,,
,,,,,,
,,,,,,
,,,,,,
,,,,,,
,,,,,,
,,,,,,
,,,,,,
,,,,,,
,,,,,,
,,,,,,
,,,,,,
,,,,,,
,,,,,,
,,,,,,
,,,,,,
,,,,,,
,,,,,,
,,,,,,
,,,,,,
,,,,,,
,,,,,,
,,,,,,
,,,,,,
,,,,,,
,,,,,,
,,,,,,
,,,,,,
,,,,,,
,,,,,,
,,,,,,
,,,,,,
,,,,,,
,,,,,,
,,,,,,
,,,,,,
,,,,,,
,,,,,,
,,,,,,
,,,,,,
,,,,,,
,,,,,,
,,,,,,
,,,,,,
,,,,,,
,,,,,,
,,,,,,
,,,,,,
,,,,,,
,,,,,,
,,,,,,
,,,,,,
,,,,,,
,,,,,,
,,,,,,
,,,,,,
,,,,,,
,,,,,,
,,,,,,
,,,,,,
,,,,,,
,,,,,,
,,,,,,
,,,,,,
,,,,,,
,,,,,,
,,,,,,
,,,,,,
,,,,,,
,,,,,,
,,,,,,
,,,,,,
,,,,,,
,,,,,,
,,,,,,
,,,,,,
,,,,,,
,,,,,,
,,,,,,
,,,,,,
,,,,,,
,,,,,,
,,,,,,
,,,,,,
,,,,,,
,,,,,,
,,,,,,
,,,,,,
,,,,,,
,,,,,,
,,,,,,
,,,,,,
,,,,,,
,,,,,,
,,,,,,
,,,,,,
,,,,,,
,,,,,,
,,,,,,
,,,,,,
,,,,,,
,,,,,,
,,,,,,
,,,,,,
,,,,,,
,,,,,,
,,,,,,
,,,,,,
,,,,,,
,,,,,,
,,,,,,
,,,,,,
,,,,,,
,,,,,,
,,,,,,
,,,,,,
,,,,,,
,,,,,,
,,,,,,
,,,,,,
,,,,,,
,,,,,,
,,,,,,
,,,,,,
,,,,,,
,,,,,,
,,,,,,
,,,,,,
,,,,,,
,,,,,,
,,,,,,
,,,,,,
,,,,,,
,,,,,,
,,,,,,
,,,,,,
,,,,,,
,,,,,,
,,,,,,
,,,,,,
,,,,,,
,,,,,,
,,,,,,
,,,,,,
,,,,,,
,,,,,,
,,,,,,
,,,,,,
,,,,,,
,,,,,,
,,,,,,
,,,,,,
,,,,,,
,,,,,,
,,,,,,
,,,,,,
,,,,,,
,,,,,,
,,,,,,
,,,,,,
,,,,,,
,,,,,,
,,,,,,
,,,,,,
,,,,,,
,,,,,,
,,,,,,
,,,,,,
,,,,,,
,,,,,,
,,,,,,
,,,,,,
,,,,,,
,,,,,,
,,,,,,
,,,,,,
,,,,,,
,,,,,,
,,,,,,
,,,,,,
,,,,,,
,,,,,,
,,,,,,
,,,,,,
,,,,,,
,,,,,,
,,,,,,
,,,,,,
,,,,,,
,,,,,,
,,,,,,
,,,,,,
,,,,,,
,,,,,,
,,,,,,
,,,,,,
,,,,,,
,,,,,,
,,,,,,
,,,,,,
,,,,,,
,,,,,,
,,,,,,
,,,,,,
,,,,,,
,,,,,,
,,,,,,
,,,,,,
,,,,,,
,,,,,,
,,,,,,
,,,,,,
,,,,,,
,,,,,,
,,,,,,
,,,,,,
,,,,,,
,,,,,,
,,,,,,
,,,,,,
,,,,,,
,,,,,,
,,,,,,
,,,,,,
,,,,,,
,,,,,,
,,,,,,
,,,,,,
,,,,,,
,,,,,,
,,,,,,
,,,,,,
,,,,,,
,,,,,,
,,,,,,
,,,,,,
,,,,,,
,,,,,,
,,,,,,
,,,,,,
,,,,,,
,,,,,,
,,,,,,
,,,,,,
,,,,,,
,,,,,,
,,,,,,
,,,,,,
,,,,,,
,,,,,,
,,,,,,
,,,,,,
,,,,,,
,,,,,,
,,,,,,
,,,,,,
,,,,,,
,,,,,,
,,,,,,
,,,,,,
,,,,,,
,,,,,,
,,,,,,
,,,,,,
,,,,,,
,,,,,,
,,,,,,
,,,,,,
,,,,,,
,,,,,,
,,,,,,
,,,,,,
,,,,,,
,,,,,,
,,,,,,
,,,,,,
,,,,,,
,,,,,,
,,,,,,
,,,,,,
,,,,,,
,,,,,,
,,,,,,
,,,,,,
,,,,,,
,,,,,,
,,,,,,
,,,,,,
,,,,,,
,,,,,,
,,,,,,
,,,,,,
,,,,,,
,,,,,,
,,,,,,
,,,,,,
,,,,,,
,,,,,,
,,,,,,
,,,,,,
,,,,,,
,,,,,,
,,,,,,
,,,,,,
,,,,,,
,,,,,,
,,,,,,
,,,,,,
,,,,,,
,,,,,,
,,,,,,
,,,,,,
,,,,,,
,,,,,,
,,,,,,
,,,,,,
,,,,,,
,,,,,,
,,,,,,
,,,,,,
,,,,,,
,,,,,,
,,,,,,
,,,,,,
,,,,,,
,,,,,,
,,,,,,
,,,,,,
,,,,,,
,,,,,,
,,,,,,
,,,,,,
,,,,,,
,,,,,,
,,,,,,
,,,,,,
,,,,,,
,,,,,,
,,,,,,
,,,,,,
,,,,,,
,,,,,,
,,,,,,
,,,,,,
,,,,,,
,,,,,,
,,,,,,
,,,,,,
,,,,,,
,,,,,,
,,,,,,
,,,,,,
,,,,,,
,,,,,,
,,,,,,
,,,,,,
,,,,,,
,,,,,,
,,,,,,
,,,,,,
,,,,,,
,,,,,,
,,,,,,
,,,,,,
,,,,,,
,,,,,,
,,,,,,
,,,,,,
,,,,,,
,,,,,,
,,,,,,
,,,,,,
,,,,,,
,,,,,,
,,,,,,
,,,,,,
,,,,,,
,,,,,,
,,,,,,
,,,,,,
,,,,,,
,,,,,,
,,,,,,
,,,,,,
,,,,,,
,,,,,,
,,,,,,
,,,,,,
,,,,,,
,,,,,,
,,,,,,
,,,,,,
,,,,,,
,,,,,,
,,,,,,
,,,,,,
,,,,,,
,,,,,,
,,,,,,
,,,,,,
,,,,,,
,,,,,,
,,,,,,
,,,,,,
,,,,,,
,,,,,,
,,,,,,
,,,,,,
,,,,,,
,,,,,,
,,,,,,
,,,,,,
,,,,,,
,,,,,,
,,,,,,
,,,,,,
,,,,,,
,,,,,,
,,,,,,
,,,,,,
,,,,,,
,,,,,,
,,,,,,
,,,,,,
,,,,,,
,,,,,,
,,,,,,
,,,,,,
,,,,,,
,,,,,,
,,,,,,
,,,,,,
,,,,,,
,,,,,,
,,,,,,
,,,,,,
,,,,,,
,,,,,,
,,,,,,
,,,,,,
,,,,,,
,,,,,,
,,,,,,
,,,,,,
,,,,,,
,,,,,,
,,,,,,
,,,,,,
,,,,,,
,,,,,,
,,,,,,
,,,,,,
,,,,,,
,,,,,,
,,,,,,
,,,,,,
,,,,,,
,,,,,,
,,,,,,
,,,,,,
,,,,,,
,,,,,,
,,,,,,
,,,,,,
,,,,,,
,,,,,,
,,,,,,
,,,,,,
,,,,,,
,,,,,,
,,,,,,
,,,,,,
,,,,,,
,,,,,,
,,,,,,
,,,,,,
,,,,,,
,,,,,,
,,,,,,
,,,,,,
,,,,,,
,,,,,,
,,,,,,
,,,,,,
,,,,,,
,,,,,,
,,,,,,
,,,,,,
,,,,,,
,,,,,,
,,,,,,
,,,,,,
,,,,,,
,,,,,,
,,,,,,
,,,,,,
,,,,,,
,,,,,,
,,,,,,
,,,,,,
,,,,,,
,,,,,,
,,,,,,
,,,,,,
,,,,,,
,,,,,,
,,,,,,
,,,,,,
,,,,,,
,,,,,,
,,,,,,
,,,,,,
,,,,,,
,,,,,,
,,,,,,
,,,,,,
,,,,,,
,,,,,,
,,,,,,
,,,,,,
,,,,,,
,,,,,,
,,,,,,
,,,,,,
,,,,,,
,,,,,,
,,,,,,
,,,,,,
,,,,,,
,,,,,,
,,,,,,
,,,,,,
,,,,,,
,,,,,,
,,,,,,
,,,,,,
,,,,,,
,,,,,,
,,,,,,
,,,,,,
,,,,,,
,,,,,,
,,,,,,
,,,,,,
,,,,,,
,,,,,,
,,,,,,
,,,,,,
,,,,,,
,,,,,,
,,,,,,
,,,,,,
,,,,,,
,,,,,,
,,,,,,
,,,,,,
,,,,,,
,,,,,,
,,,,,,
,,,,,,
,,,,,,
,,,,,,
,,,,,,
,,,,,,
,,,,,,
,,,,,,
,,,,,,
,,,,,,
,,,,,,
,,,,,,
,,,,,,
,,,,,,
,,,,,,
,,,,,,
,,,,,,
,,,,,,
,,,,,,
,,,,,,
,,,,,,
,,,,,,
,,,,,,
,,,,,,
,,,,,,
,,,,,,
,,,,,,
,,,,,,
,,,,,,
,,,,,,
,,,,,,
,,,,,,
,,,,,,
,,,,,,
,,,,,,
,,,,,,
,,,,,,
,,,,,,
,,,,,,
,,,,,,
,,,,,,
,,,,,,
,,,,,,
,,,,,,
,,,,,,
,,,,,,
,,,,,,
,,,,,,
,,,,,,
,,,,,,
,,,,,,
,,,,,,
,,,,,,
,,,,,,
,,,,,,
,,,,,,
,,,,,,
,,,,,,
,,,,,,
,,,,,,
,,,,,,
,,,,,,
,,,,,,
,,,,,,
,,,,,,
,,,,,,
,,,,,,
,,,,,,
,,,,,,
,,,,,,
,,,,,,
,,,,,,
,,,,,,
,,,,,,
,,,,,,
,,,,,,
,,,,,,
,,,,,,
,,,,,,
,,,,,,
,,,,,,
,,,,,,
,,,,,,
,,,,,,
,,,,,,
,,,,,,
,,,,,,
,,,,,,
,,,,,,
,,,,,,
,,,,,,
,,,,,,
,,,,,,
,,,,,,
,,,,,,
,,,,,,
,,,,,,
,,,,,,
,,,,,,
,,,,,,
,,,,,,
,,,,,,
,,,,,,
,,,,,,
,,,,,,
,,,,,,
,,,,,,
,,,,,,
,,,,,,
,,,,,,
,,,,,,
,,,,,,
,,,,,,
,,,,,,
,,,,,,
,,,,,,
,,,,,,
,,,,,,
,,,,,,
,,,,,,
,,,,,,
,,,,,,
,,,,,,
,,,,,,
,,,,,,
,,,,,,
,,,,,,
,,,,,,
,,,,,,
,,,,,,
,,,,,,
,,,,,,
,,,,,,
,,,,,,
,,,,,,
,,,,,,
,,,,,,
,,,,,,
,,,,,,
,,,,,,
,,,,,,
,,,,,,
,,,,,,
,,,,,,
,,,,,,
,,,,,,
,,,,,,
,,,,,,
,,,,,,
,,,,,,
,,,,,,
,,,,,,
,,,,,,
,,,,,,
,,,,,,
,,,,,,
,,,,,,
,,,,,,
,,,,,,
,,,,,,
,,,,,,
,,,,,,
,,,,,,
,,,,,,
,,,,,,
,,,,,,
,,,,,,
,,,,,,
,,,,,,
,,,,,,
,,,,,,
,,,,,,
,,,,,,
,,,,,,
,,,,,,
,,,,,,
,,,,,,
,,,,,,
,,,,,,
,,,,,,
,,,,,,
,,,,,,
,,,,,,
,,,,,,
,,,,,,
,,,,,,
,,,,,,
,,,,,,
,,,,,,
,,,,,,
,,,,,,
,,,,,,
,,,,,,
,,,,,,
,,,,,,
,,,,,,
,,,,,,
,,,,,,
,,,,,,
,,,,,,
,,,,,,
,,,,,,
,,,,,,
,,,,,,
,,,,,,
,,,,,,
,,,,,,
,,,,,,
,,,,,,
,,,,,,
,,,,,,
,,,,,,
,,,,,,
,,,,,,
,,,,,,
,,,,,,
,,,,,,
,,,,,,
,,,,,,
,,,,,,
,,,,,,
,,,,,,
,,,,,,
,,,,,,
,,,,,,
,,,,,,
,,,,,,
,,,,,,
,,,,,,
,,,,,,
,,,,,,
,,,,,,
,,,,,,
,,,,,,
,,,,,,
,,,,,,
,,,,,,
,,,,,,
,,,,,,
,,,,,,
,,,,,,
,,,,,,
,,,,,,
,,,,,,
,,,,,,
,,,,,,
,,,,,,
,,,,,,
,,,,,,
,,,,,,
,,,,,,
,,,,,,
,,,,,,
,,,,,,
,,,,,,
,,,,,,
,,,,,,
,,,,,,
,,,,,,
,,,,,,
,,,,,,
,,,,,,
,,,,,,
,,,,,,
,,,,,,
,,,,,,
,,,,,,
,,,,,,
,,,,,,
,,,,,,
,,,,,,
,,,,,,
,,,,,,
,,,,,,
,,,,,,
,,,,,,
,,,,,,
,,,,,,
,,,,,,
,,,,,,
,,,,,,
,,,,,,
,,,,,,
,,,,,,
,,,,,,
,,,,,,
,,,,,,
,,,,,,
,,,,,,
,,,,,,
,,,,,,
,,,,,,
,,,,,,
,,,,,,
,,,,,,
,,,,,,
,,,,,,
,,,,,,
,,,,,,
,,,,,,
,,,,,,
,,,,,,
,,,,,,
,,,,,,
,,,,,,
,,,,,,
,,,,,,
,,,,,,
,,,,,,
,,,,,,
,,,,,,
,,,,,,
,,,,,,
,,,,,,
,,,,,,
,,,,,,
,,,,,,
,,,,,,
,,,,,,
,,,,,,
,,,,,,
,,,,,,
,,,,,,
,,,,,,
,,,,,,
,,,,,,
,,,,,,
,,,,,,
,,,,,,
,,,,,,
,,,,,,
,,,,,,
,,,,,,
,,,,,,
,,,,,,
,,,,,,
,,,,,,
,,,,,,
,,,,,,
,,,,,,
,,,,,,
,,,,,,
,,,,,,
,,,,,,
,,,,,,
,,,,,,
,,,,,,
,,,,,,
,,,,,,
,,,,,,
,,,,,,
,,,,,,
,,,,,,
,,,,,,
,,,,,,
,,,,,,
,,,,,,
,,,,,,
,,,,,,
,,,,,,
,,,,,,
,,,,,,
,,,,,,
,,,,,,
,,,,,,
,,,,,,
,,,,,,
,,,,,,
,,,,,,
,,,,,,
,,,,,,
,,,,,,
,,,,,,
,,,,,,
,,,,,,
,,,,,,
,,,,,,
,,,,,,
,,,,,,
,,,,,,
,,,,,,
,,,,,,
,,,,,,
,,,,,,
,,,,,,
,,,,,,
,,,,,,
,,,,,,
,,,,,,
,,,,,,
,,,,,,
,,,,,,
,,,,,,
,,,,,,
,,,,,,
,,,,,,
,,,,,,
,,,,,,
,,,,,,
,,,,,,
,,,,,,
,,,,,,
,,,,,,
,,,,,,
,,,,,,
,,,,,,
,,,,,,
,,,,,,
,,,,,,
,,,,,,
,,,,,,
,,,,,,
,,,,,,
,,,,,,
,,,,,,
,,,,,,
,,,,,,
,,,,,,
,,,,,,
,,,,,,
,,,,,,
,,,,,,
,,,,,,
,,,,,,
,,,,,,
,,,,,,
,,,,,,
,,,,,,
,,,,,,
,,,,,,
,,,,,,
,,,,,,
,,,,,,
,,,,,,
,,,,,,
,,,,,,
,,,,,,
,,,,,,
,,,,,,
,,,,,,
,,,,,,
,,,,,,
,,,,,,
,,,,,,
,,,,,,
,,,,,,
,,,,,,
,,,,,,
,,,,,,
,,,,,,
,,,,,,
,,,,,,
,,,,,,
,,,,,,
,,,,,,
,,,,,,
,,,,,,
,,,,,,
,,,,,,
,,,,,,
,,,,,,
,,,,,,
,,,,,,
,,,,,,
,,,,,,
,,,,,,
,,,,,,
,,,,,,
,,,,,,
,,,,,,
,,,,,,
,,,,,,
,,,,,,
,,,,,,
,,,,,,
,,,,,,
,,,,,,
,,,,,,
,,,,,,
,,,,,,
,,,,,,
,,,,,,
,,,,,,
,,,,,,
,,,,,,
,,,,,,
,,,,,,
,,,,,,
,,,,,,
,,,,,,
,,,,,,
,,,,,,
,,,,,,
,,,,,,
,,,,,,
,,,,,,
,,,,,,
,,,,,,
,,,,,,
,,,,,,
,,,,,,
,,,,,,
,,,,,,
,,,,,,
,,,,,,
,,,,,,
,,,,,,
,,,,,,
,,,,,,
,,,,,,
,,,,,,
,,,,,,
,,,,,,
,,,,,,
,,,,,,
,,,,,,
,,,,,,
,,,,,,
,,,,,,
,,,,,,
,,,,,,
,,,,,,
,,,,,,
,,,,,,
,,,,,,
,,,,,,
,,,,,,
,,,,,,
,,,,,,
,,,,,,
,,,,,,
,,,,,,
,,,,,,
,,,,,,
,,,,,,
,,,,,,
,,,,,,
,,,,,,
,,,,,,
,,,,,,
,,,,,,
,,,,,,
,,,,,,
,,,,,,
,,,,,,
,,,,,,
,,,,,,
,,,,,,
,,,,,,
,,,,,,
,,,,,,
,,,,,,
,,,,,,
,,,,,,
,,,,,,
,,,,,,
,,,,,,
,,,,,,
,,,,,,
,,,,,,
,,,,,,
,,,,,,
,,,,,,
,,,,,,
,,,,,,
,,,,,,
,,,,,,
,,,,,,
,,,,,,
,,,,,,
,,,,,,
,,,,,,
,,,,,,
,,,,,,
,,,,,,
,,,,,,
,,,,,,
,,,,,,
,,,,,,
,,,,,,
,,,,,,
,,,,,,
,,,,,,
,,,,,,
,,,,,,
,,,,,,
,,,,,,
,,,,,,
,,,,,,
,,,,,,
,,,,,,
,,,,,,
,,,,,,
,,,,,,
,,,,,,
,,,,,,
,,,,,,
,,,,,,
,,,,,,
,,,,,,
,,,,,,
,,,,,,
,,,,,,
,,,,,,
,,,,,,
,,,,,,
,,,,,,
,,,,,,
,,,,,,
,,,,,,
,,,,,,
,,,,,,
,,,,,,
,,,,,,
,,,,,,
,,,,,,
,,,,,,
,,,,,,
,,,,,,
,,,,,,
,,,,,,
,,,,,,
,,,,,,
,,,,,,
,,,,,,
,,,,,,
,,,,,,
,,,,,,
,,,,,,
,,,,,,
,,,,,,
,,,,,,
,,,,,,
,,,,,,
,,,,,,
,,,,,,
,,,,,,
,,,,,,
,,,,,,
,,,,,,
,,,,,,
,,,,,,
,,,,,,
,,,,,,
,,,,,,
,,,,,,
,,,,,,
,,,,,,
,,,,,,
,,,,,,
,,,,,,
,,,,,,
,,,,,,
,,,,,,
,,,,,,
,,,,,,
,,,,,,
,,,,,,
,,,,,,
,,,,,,
,,,,,,
,,,,,,
,,,,,,
,,,,,,
,,,,,,
,,,,,,
,,,,,,
,,,,,,
,,,,,,
,,,,,,
,,,,,,
,,,,,,
,,,,,,
,,,,,,
,,,,,,
,,,,,,
,,,,,,
,,,,,,
,,,,,,
,,,,,,
,,,,,,
,,,,,,
,,,,,,
,,,,,,
,,,,,,
,,,,,,
,,,,,,
,,,,,,
,,,,,,
,,,,,,
,,,,,,
,,,,,,
,,,,,,
,,,,,,
,,,,,,
,,,,,,
,,,,,,
,,,,,,
,,,,,,
,,,,,,
,,,,,,
,,,,,,
,,,,,,
,,,,,,
,,,,,,
,,,,,,
,,,,,,
,,,,,,
,,,,,,
,,,,,,
,,,,,,
,,,,,,
,,,,,,
,,,,,,
,,,,,,
,,,,,,
,,,,,,
,,,,,,
,,,,,,
,,,,,,
,,,,,,
,,,,,,
,,,,,,
,,,,,,
,,,,,,
,,,,,,
,,,,,,
,,,,,,
,,,,,,
,,,,,,
,,,,,,
,,,,,,
,,,,,,
,,,,,,
,,,,,,
,,,,,,
,,,,,,
,,,,,,
,,,,,,
,,,,,,
,,,,,,
,,,,,,
,,,,,,
,,,,,,
,,,,,,
,,,,,,
,,,,,,
,,,,,,
,,,,,,
,,,,,,
,,,,,,
,,,,,,
,,,,,,
,,,,,,
,,,,,,
,,,,,,
,,,,,,
,,,,,,
,,,,,,
,,,,,,
,,,,,,
,,,,,,
,,,,,,
,,,,,,
,,,,,,
,,,,,,
,,,,,,
,,,,,,
,,,,,,
,,,,,,
,,,,,,
,,,,,,
,,,,,,
,,,,,,
,,,,,,
,,,,,,
,,,,,,
,,,,,,
,,,,,,
,,,,,,
,,,,,,
,,,,,,
,,,,,,
,,,,,,
,,,,,,
,,,,,,
,,,,,,
,,,,,,
,,,,,,
,,,,,,
,,,,,,
,,,,,,
,,,,,,
,,,,,,
,,,,,,
,,,,,,
,,,,,,
,,,,,,
,,,,,,
,,,,,,
,,,,,,
,,,,,,
,,,,,,
,,,,,,
,,,,,,
,,,,,,
,,,,,,
,,,,,,
,,,,,,
,,,,,,
,,,,,,
,,,,,,
,,,,,,
,,,,,,
,,,,,,
,,,,,,
,,,,,,
,,,,,,
,,,,,,
,,,,,,
,,,,,,
,,,,,,
,,,,,,
,,,,,,
,,,,,,
,,,,,,
,,,,,,
,,,,,,
,,,,,,
,,,,,,
,,,,,,
,,,,,,
,,,,,,
,,,,,,
,,,,,,
,,,,,,
,,,,,,
,,,,,,
,,,,,,
,,,,,,
,,,,,,
,,,,,,
,,,,,,
,,,,,,
,,,,,,
,,,,,,
,,,,,,
,,,,,,
,,,,,,
,,,,,,
,,,,,,
,,,,,,
,,,,,,
,,,,,,
,,,,,,
,,,,,,
,,,,,,
,,,,,,
,,,,,,
,,,,,,
,,,,,,
,,,,,,
,,,,,,
,,,,,,
,,,,,,
,,,,,,
,,,,,,
,,,,,,
,,,,,,
,,,,,,
,,,,,,
,,,,,,
,,,,,,
,,,,,,
,,,,,,
,,,,,,
,,,,,,
,,,,,,
,,,,,,
,,,,,,
,,,,,,
,,,,,,
,,,,,,
,,,,,,
,,,,,,
,,,,,,
,,,,,,
,,,,,,
,,,,,,
,,,,,,
,,,,,,
,,,,,,
,,,,,,
,,,,,,
,,,,,,
,,,,,,
,,,,,,
,,,,,,
,,,,,,
,,,,,,
,,,,,,
,,,,,,
,,,,,,
,,,,,,
,,,,,,
,,,,,,
,,,,,,
,,,,,,
,,,,,,
,,,,,,
,,,,,,
,,,,,,
,,,,,,
,,,,,,
,,,,,,
,,,,,,
,,,,,,
,,,,,,
,,,,,,
,,,,,,
,,,,,,
,,,,,,
,,,,,,
,,,,,,
,,,,,,
,,,,,,
,,,,,,
,,,,,,
,,,,,,
,,,,,,
,,,,,,
,,,,,,
,,,,,,
,,,,,,
,,,,,,
,,,,,,
,,,,,,
,,,,,,
,,,,,,
,,,,,,
,,,,,,
,,,,,,
,,,,,,
,,,,,,
,,,,,,
,,,,,,
,,,,,,
,,,,,,
,,,,,,
,,,,,,
,,,,,,
,,,,,,
,,,,,,
,,,,,,
,,,,,,
,,,,,,
,,,,,,
,,,,,,
,,,,,,
,,,,,,
,,,,,,
,,,,,,
,,,,,,
,,,,,,
,,,,,,
,,,,,,
,,,,,,
,,,,,,
,,,,,,
,,,,,,
,,,,,,
,,,,,,
,,,,,,
,,,,,,
,,,,,,
,,,,,,
,,,,,,
,,,,,,
,,,,,,
,,,,,,
,,,,,,
,,,,,,
,,,,,,
,,,,,,
,,,,,,
,,,,,,
,,,,,,
,,,,,,
,,,,,,
,,,,,,
,,,,,,
,,,,,,
,,,,,,
,,,,,,
,,,,,,
,,,,,,
,,,,,,
,,,,,,
,,,,,,
,,,,,,
,,,,,,
,,,,,,
,,,,,,
,,,,,,
,,,,,,
,,,,,,
,,,,,,
,,,,,,
,,,,,,
,,,,,,
,,,,,,
,,,,,,
,,,,,,
,,,,,,
,,,,,,
,,,,,,
,,,,,,
,,,,,,
,,,,,,
,,,,,,
,,,,,,
,,,,,,
,,,,,,
,,,,,,
,,,,,,
,,,,,,
,,,,,,
,,,,,,
,,,,,,
,,,,,,
,,,,,,
,,,,,,
,,,,,,
,,,,,,
,,,,,,
,,,,,,
,,,,,,
,,,,,,
,,,,,,
,,,,,,
,,,,,,
,,,,,,
,,,,,,
,,,,,,
,,,,,,
,,,,,,
,,,,,,
,,,,,,
,,,,,,
,,,,,,
,,,,,,
,,,,,,
,,,,,,
,,,,,,
,,,,,,
,,,,,,
,,,,,,
,,,,,,
,,,,,,
,,,,,,
,,,,,,
,,,,,,
,,,,,,
,,,,,,
,,,,,,
,,,,,,
,,,,,,
,,,,,,
,,,,,,
,,,,,,
,,,,,,
,,,,,,
,,,,,,
,,,,,,
,,,,,,
,,,,,,
,,,,,,
,,,,,,
,,,,,,
,,,,,,
,,,,,,
,,,,,,
,,,,,,
,,,,,,
,,,,,,
,,,,,,
,,,,,,
,,,,,,
,,,,,,
,,,,,,
,,,,,,
,,,,,,
,,,,,,
,,,,,,
,,,,,,
,,,,,,
,,,,,,
,,,,,,
,,,,,,
,,,,,,
,,,,,,
,,,,,,
,,,,,,
,,,,,,
,,,,,,
,,,,,,
,,,,,,
,,,,,,
,,,,,,
,,,,,,
,,,,,,
,,,,,,
,,,,,,
,,,,,,
,,,,,,
,,,,,,
,,,,,,
,,,,,,
,,,,,,
,,,,,,
,,,,,,
,,,,,,
,,,,,,
,,,,,,
,,,,,,
,,,,,,
,,,,,,
,,,,,,
,,,,,,
,,,,,,
,,,,,,
,,,,,,
,,,,,,
,,,,,,
,,,,,,
,,,,,,
,,,,,,
,,,,,,
,,,,,,
,,,,,,
,,,,,,
,,,,,,
,,,,,,
,,,,,,
,,,,,,
,,,,,,
,,,,,,
,,,,,,
,,,,,,
,,,,,,
,,,,,,
,,,,,,
,,,,,,
,,,,,,
,,,,,,
,,,,,,
,,,,,,
,,,,,,
,,,,,,
,,,,,,
,,,,,,
,,,,,,
,,,,,,
,,,,,,
,,,,,,
,,,,,,
,,,,,,
,,,,,,
,,,,,,
,,,,,,
,,,,,,
,,,,,,
,,,,,,
,,,,,,
,,,,,,
,,,,,,
,,,,,,
,,,,,,
,,,,,,
,,,,,,
,,,,,,
,,,,,,
,,,,,,
,,,,,,
,,,,,,
,,,,,,
,,,,,,
,,,,,,
,,,,,,
,,,,,,
,,,,,,
,,,,,,
,,,,,,
,,,,,,
,,,,,,
,,,,,,
,,,,,,
,,,,,,
,,,,,,
,,,,,,
,,,,,,
,,,,,,
,,,,,,
,,,,,,
,,,,,,
,,,,,,
,,,,,,
,,,,,,
,,,,,,
,,,,,,
,,,,,,
,,,,,,
,,,,,,
,,,,,,
,,,,,,
,,,,,,
,,,,,,
,,,,,,
,,,,,,
,,,,,,
,,,,,,
,,,,,,
,,,,,,
,,,,,,
,,,,,,
,,,,,,
,,,,,,
,,,,,,
,,,,,,
,,,,,,
,,,,,,
,,,,,,
,,,,,,
,,,,,,
,,,,,,
,,,,,,
,,,,,,
,,,,,,
,,,,,,
,,,,,,
,,,,,,
,,,,,,
,,,,,,
,,,,,,
,,,,,,
,,,,,,
,,,,,,
,,,,,,
,,,,,,
,,,,,,
,,,,,,
,,,,,,
,,,,,,
,,,,,,
,,,,,,
,,,,,,
,,,,,,
,,,,,,
,,,,,,
,,,,,,
,,,,,,
,,,,,,
,,,,,,
,,,,,,
,,,,,,
,,,,,,
,,,,,,
,,,,,,
,,,,,,
,,,,,,
,,,,,,
,,,,,,
,,,,,,
,,,,,,
,,,,,,
,,,,,,
,,,,,,
,,,,,,
,,,,,,
,,,,,,
,,,,,,
,,,,,,
,,,,,,
,,,,,,
,,,,,,
,,,,,,
,,,,,,
,,,,,,
,,,,,,
,,,,,,
,,,,,,
,,,,,,
,,,,,,
,,,,,,
,,,,,,
,,,,,,
,,,,,,
,,,,,,
,,,,,,
,,,,,,
,,,,,,
,,,,,,
,,,,,,
,,,,,,
,,,,,,
,,,,,,
,,,,,,
,,,,,,
,,,,,,
,,,,,,
,,,,,,
,,,,,,
,,,,,,
,,,,,,
,,,,,,
,,,,,,
,,,,,,
,,,,,,
,,,,,,
,,,,,,
,,,,,,
,,,,,,
,,,,,,
,,,,,,
,,,,,,
,,,,,,
,,,,,,
,,,,,,
,,,,,,
,,,,,,
,,,,,,
,,,,,,
,,,,,,
,,,,,,
,,,,,,
,,,,,,
,,,,,,
,,,,,,
,,,,,,
,,,,,,
,,,,,,
,,,,,,
,,,,,,
,,,,,,
,,,,,,
,,,,,,
,,,,,,
,,,,,,
,,,,,,
,,,,,,
,,,,,,
,,,,,,
,,,,,,
,,,,,,
,,,,,,
,,,,,,
,,,,,,
,,,,,,
,,,,,,
,,,,,,
,,,,,,
,,,,,,
,,,,,,
,,,,,,
,,,,,,
,,,,,,
,,,,,,
,,,,,,
,,,,,,
,,,,,,
,,,,,,
,,,,,,
,,,,,,
,,,,,,
,,,,,,
,,,,,,
,,,,,,
,,,,,,
,,,,,,
,,,,,,
,,,,,,
,,,,,,
,,,,,,
,,,,,,
,,,,,,
,,,,,,
,,,,,,
,,,,,,
,,,,,,
,,,,,,
,,,,,,
,,,,,,
,,,,,,
,,,,,,
,,,,,,
,,,,,,
,,,,,,
,,,,,,
,,,,,,
,,,,,,
,,,,,,
,,,,,,
,,,,,,
,,,,,,
,,,,,,
,,,,,,
,,,,,,
,,,,,,
,,,,,,
,,,,,,
,,,,,,
,,,,,,
,,,,,,
,,,,,,
,,,,,,
,,,,,,
,,,,,,
,,,,,,
,,,,,,
,,,,,,
,,,,,,
,,,,,,
,,,,,,
,,,,,,
,,,,,,
,,,,,,
,,,,,,
,,,,,,
,,,,,,
,,,,,,
,,,,,,
,,,,,,
,,,,,,
,,,,,,
,,,,,,
,,,,,,
,,,,,,
,,,,,,
,,,,,,
,,,,,,
,,,,,,
,,,,,,
,,,,,,
,,,,,,
,,,,,,
,,,,,,
,,,,,,
,,,,,,
,,,,,,
,,,,,,
,,,,,,
,,,,,,
,,,,,,
,,,,,,
,,,,,,
,,,,,,
,,,,,,
,,,,,,
,,,,,,
,,,,,,
,,,,,,
,,,,,,
,,,,,,
,,,,,,
,,,,,,
,,,,,,
,,,,,,
,,,,,,
,,,,,,
,,,,,,
,,,,,,
,,,,,,
,,,,,,
,,,,,,
,,,,,,
,,,,,,
,,,,,,
,,,,,,
,,,,,,
,,,,,,
,,,,,,
,,,,,,
,,,,,,
,,,,,,
,,,,,,
,,,,,,
,,,,,,
,,,,,,
,,,,,,
,,,,,,
,,,,,,
,,,,,,
,,,,,,
,,,,,,
,,,,,,
,,,,,,
,,,,,,
,,,,,,
,,,,,,
,,,,,,
,,,,,,
,,,,,,
,,,,,,
,,,,,,
,,,,,,
,,,,,,
,,,,,,
,,,,,,
,,,,,,
,,,,,,
,,,,,,
,,,,,,
,,,,,,
,,,,,,
,,,,,,
,,,,,,
,,,,,,
,,,,,,
,,,,,,
,,,,,,
,,,,,,
,,,,,,
,,,,,,
,,,,,,
,,,,,,
,,,,,,
,,,,,,
,,,,,,
,,,,,,
,,,,,,
,,,,,,
,,,,,,
,,,,,,
,,,,,,
,,,,,,
,,,,,,
,,,,,,
,,,,,,
,,,,,,
,,,,,,
,,,,,,
,,,,,,
,,,,,,
,,,,,,
,,,,,,
,,,,,,
,,,,,,
,,,,,,
,,,,,,
,,,,,,
,,,,,,
,,,,,,
,,,,,,
,,,,,,
,,,,,,
,,,,,,
,,,,,,
,,,,,,
,,,,,,
,,,,,,
,,,,,,
,,,,,,
,,,,,,
,,,,,,
,,,,,,
,,,,,,
,,,,,,
,,,,,,
,,,,,,
,,,,,,
,,,,,,
,,,,,,
,,,,,,
,,,,,,
,,,,,,
,,,,,,
,,,,,,
,,,,,,
,,,,,,
,,,,,,
,,,,,,
,,,,,,
,,,,,,
,,,,,,
,,,,,,
,,,,,,
,,,,,,
,,,,,,
,,,,,,
,,,,,,
,,,,,,
,,,,,,
,,,,,,
,,,,,,
,,,,,,
,,,,,,
,,,,,,
,,,,,,
,,,,,,
,,,,,,
,,,,,,
,,,,,,
,,,,,,
,,,,,,
,,,,,,
,,,,,,
,,,,,,
,,,,,,
,,,,,,
,,,,,,
,,,,,,
,,,,,,
,,,,,,
,,,,,,
,,,,,,
,,,,,,
,,,,,,
,,,,,,
,,,,,,
,,,,,,
,,,,,,
,,,,,,
,,,,,,
,,,,,,
,,,,,,
,,,,,,
,,,,,,
,,,,,,
,,,,,,
,,,,,,
,,,,,,
,,,,,,
,,,,,,
,,,,,,
,,,,,,
,,,,,,
,,,,,,
,,,,,,
,,,,,,
,,,,,,
,,,,,,
,,,,,,
,,,,,,
,,,,,,
,,,,,,
,,,,,,
,,,,,,
,,,,,,
,,,,,,
,,,,,,
,,,,,,
,,,,,,
,,,,,,
,,,,,,
,,,,,,
,,,,,,
,,,,,,
,,,,,,
,,,,,,
,,,,,,
,,,,,,
,,,,,,
,,,,,,
,,,,,,
,,,,,,
,,,,,,
,,,,,,
,,,,,,
,,,,,,
,,,,,,
,,,,,,
,,,,,,
,,,,,,
,,,,,,
,,,,,,
,,,,,,
,,,,,,
,,,,,,
,,,,,,
,,,,,,
,,,,,,
,,,,,,
,,,,,,
,,,,,,
,,,,,,
,,,,,,
,,,,,,
,,,,,,
,,,,,,
,,,,,,
,,,,,,
,,,,,,
,,,,,,
,,,,,,
,,,,,,
,,,,,,
,,,,,,
,,,,,,
,,,,,,
,,,,,,
,,,,,,
,,,,,,
,,,,,,
,,,,,,
,,,,,,
,,,,,,
,,,,,,
,,,,,,
,,,,,,
,,,,,,
,,,,,,
,,,,,,
,,,,,,
,,,,,,
,,,,,,
,,,,,,
,,,,,,
,,,,,,
,,,,,,
,,,,,,
,,,,,,
,,,,,,
,,,,,,
,,,,,,
,,,,,,
,,,,,,
,,,,,,
,,,,,,
,,,,,,
,,,,,,
,,,,,,
,,,,,,
,,,,,,
,,,,,,
,,,,,,
,,,,,,
,,,,,,
,,,,,,
,,,,,,
,,,,,,
,,,,,,
,,,,,,
,,,,,,
,,,,,,
,,,,,,
,,,,,,
,,,,,,
,,,,,,
,,,,,,
,,,,,,
,,,,,,
,,,,,,
,,,,,,
,,,,,,
,,,,,,
,,,,,,
,,,,,,
,,,,,,
,,,,,,
,,,,,,
,,,,,,
,,,,,,
,,,,,,
,,,,,,
,,,,,,
,,,,,,
,,,,,,
,,,,,,
,,,,,,
,,,,,,
,,,,,,
,,,,,,
,,,,,,
,,,,,,
,,,,,,
,,,,,,
,,,,,,
,,,,,,
,,,,,,
,,,,,,
,,,,,,
,,,,,,
,,,,,,
,,,,,,
,,,,,,
,,,,,,
,,,,,,
,,,,,,
,,,,,,
,,,,,,
,,,,,,
,,,,,,
,,,,,,
,,,,,,
,,,,,,
,,,,,,
,,,,,,
,,,,,,
,,,,,,
,,,,,,
,,,,,,
,,,,,,
,,,,,,
,,,,,,
,,,,,,
,,,,,,
,,,,,,
,,,,,,
,,,,,,
,,,,,,
,,,,,,
,,,,,,
,,,,,,
,,,,,,
,,,,,,
,,,,,,
,,,,,,
,,,,,,
,,,,,,
,,,,,,
,,,,,,
,,,,,,
,,,,,,
,,,,,,
,,,,,,
,,,,,,
,,,,,,
,,,,,,
,,,,,,
,,,,,,
,,,,,,
,,,,,,
,,,,,,
,,,,,,
,,,,,,
,,,,,,
,,,,,,
,,,,,,
,,,,,,
,,,,,,
,,,,,,
,,,,,,
,,,,,,
,,,,,,
,,,,,,
,,,,,,
,,,,,,
,,,,,,
,,,,,,
,,,,,,
,,,,,,
,,,,,,
,,,,,,
,,,,,,
,,,,,,
,,,,,,
,,,,,,
,,,,,,
,,,,,,
,,,,,,
,,,,,,
,,,,,,
,,,,,,
,,,,,,
,,,,,,
,,,,,,
,,,,,,
,,,,,,
,,,,,,
,,,,,,
,,,,,,
,,,,,,
,,,,,,
,,,,,,
,,,,,,
,,,,,,
,,,,,,
,,,,,,
,,,,,,
,,,,,,
,,,,,,
,,,,,,
,,,,,,
,,,,,,
,,,,,,
,,,,,,
,,,,,,
,,,,,,
,,,,,,
,,,,,,
,,,,,,
,,,,,,
,,,,,,
,,,,,,
,,,,,,
,,,,,,
,,,,,,
,,,,,,
,,,,,,
,,,,,,
,,,,,,
,,,,,,
,,,,,,
,,,,,,
,,,,,,
,,,,,,
,,,,,,
,,,,,,
,,,,,,
,,,,,,
,,,,,,
,,,,,,
,,,,,,
,,,,,,
,,,,,,
,,,,,,
,,,,,,
,,,,,,
,,,,,,
,,,,,,
,,,,,,
,,,,,,
,,,,,,
,,,,,,
,,,,,,
,,,,,,
,,,,,,
,,,,,,
,,,,,,
,,,,,,
,,,,,,
,,,,,,
,,,,,,
,,,,,,
,,,,,,
,,,,,,
,,,,,,
,,,,,,
,,,,,,
,,,,,,
,,,,,,
,,,,,,
,,,,,,
,,,,,,
,,,,,,
,,,,,,
,,,,,,
,,,,,,
,,,,,,
,,,,,,
,,,,,,
,,,,,,
,,,,,,
,,,,,,
,,,,,,
,,,,,,
,,,,,,
,,,,,,
,,,,,,
,,,,,,
,,,,,,
,,,,,,
,,,,,,
,,,,,,
,,,,,,
,,,,,,
,,,,,,
,,,,,,
,,,,,,
,,,,,,
,,,,,,
,,,,,,
,,,,,,
,,,,,,
,,,,,,
,,,,,,
,,,,,,
,,,,,,
,,,,,,
,,,,,,
,,,,,,
,,,,,,
,,,,,,
,,,,,,
,,,,,,
,,,,,,
,,,,,,
,,,,,,
,,,,,,
,,,,,,
,,,,,,
,,,,,,
,,,,,,
,,,,,,
,,,,,,
,,,,,,
,,,,,,
,,,,,,
,,,,,,
,,,,,,
,,,,,,
,,,,,,
,,,,,,
,,,,,,
,,,,,,
,,,,,,
,,,,,,
,,,,,,
,,,,,,
,,,,,,
,,,,,,
,,,,,,
,,,,,,
,,,,,,
,,,,,,
,,,,,,
,,,,,,
,,,,,,
,,,,,,
,,,,,,
,,,,,,
,,,,,,
,,,,,,
,,,,,,
,,,,,,
,,,,,,
,,,,,,
,,,,,,
,,,,,,
,,,,,,
,,,,,,
,,,,,,
,,,,,,
,,,,,,
,,,,,,
,,,,,,
,,,,,,
,,,,,,
,,,,,,
,,,,,,
,,,,,,
,,,,,,
,,,,,,
,,,,,,
,,,,,,
,,,,,,
,,,,,,
,,,,,,
,,,,,,
,,,,,,
,,,,,,
,,,,,,
,,,,,,
,,,,,,
,,,,,,
,,,,,,
,,,,,,
,,,,,,
,,,,,,
,,,,,,
,,,,,,
,,,,,,
,,,,,,
,,,,,,
,,,,,,
,,,,,,
,,,,,,
,,,,,,
,,,,,,
,,,,,,
,,,,,,
,,,,,,
,,,,,,
,,,,,,
,,,,,,
,,,,,,
,,,,,,
,,,,,,
,,,,,,
,,,,,,
,,,,,,
,,,,,,
,,,,,,
,,,,,,
,,,,,,
,,,,,,
,,,,,,
,,,,,,
,,,,,,
,,,,,,
,,,,,,
,,,,,,
,,,,,,
,,,,,,
,,,,,,
,,,,,,
,,,,,,
,,,,,,
,,,,,,
,,,,,,
,,,,,,
,,,,,,
,,,,,,
,,,,,,
,,,,,,
,,,,,,
,,,,,,
,,,,,,
,,,,,,
,,,,,,
,,,,,,
,,,,,,
,,,,,,
,,,,,,
,,,,,,
,,,,,,
,,,,,,
,,,,,,
,,,,,,
,,,,,,
,,,,,,
,,,,,,
,,,,,,
,,,,,,
,,,,,,
,,,,,,
,,,,,,
,,,,,,
,,,,,,
,,,,,,
,,,,,,
,,,,,,
,,,,,,
,,,,,,
,,,,,,
,,,,,,
,,,,,,
,,,,,,
,,,,,,
,,,,,,
,,,,,,
,,,,,,
,,,,,,
,,,,,,
,,,,,,
,,,,,,
,,,,,,
,,,,,,
,,,,,,
,,,,,,
,,,,,,
,,,,,,
,,,,,,
,,,,,,
,,,,,,
,,,,,,
,,,,,,
,,,,,,
,,,,,,
,,,,,,
,,,,,,
,,,,,,
,,,,,,
,,,,,,
,,,,,,
,,,,,,
,,,,,,
,,,,,,
,,,,,,
,,,,,,
,,,,,,
,,,,,,
,,,,,,
,,,,,,
,,,,,,
,,,,,,
,,,,,,
,,,,,,
,,,,,,
,,,,,,
,,,,,,
,,,,,,
,,,,,,
,,,,,,
,,,,,,
,,,,,,
,,,,,,
,,,,,,
,,,,,,
,,,,,,
,,,,,,
,,,,,,
,,,,,,
,,,,,,
,,,,,,
,,,,,,
,,,,,,
,,,,,,
,,,,,,
,,,,,,
,,,,,,
,,,,,,
,,,,,,
,,,,,,
,,,,,,
,,,,,,
,,,,,,
,,,,,,
,,,,,,
,,,,,,
,,,,,,
,,,,,,
,,,,,,
,,,,,,
,,,,,,
,,,,,,
,,,,,,
,,,,,,
,,,,,,
,,,,,,
,,,,,,
,,,,,,
,,,,,,
,,,,,,
,,,,,,
,,,,,,
,,,,,,
,,,,,,
,,,,,,
,,,,,,
,,,,,,
,,,,,,
,,,,,,
,,,,,,
,,,,,,
,,,,,,
,,,,,,
,,,,,,
,,,,,,
,,,,,,
,,,,,,
,,,,,,
,,,,,,
,,,,,,
,,,,,,
,,,,,,
,,,,,,
,,,,,,
,,,,,,
,,,,,,
,,,,,,
,,,,,,
,,,,,,
,,,,,,
,,,,,,
,,,,,,
,,,,,,
,,,,,,
,,,,,,
,,,,,,
,,,,,,
,,,,,,
,,,,,,
,,,,,,
,,,,,,
,,,,,,
,,,,,,
,,,,,,
,,,,,,
,,,,,,
,,,,,,
,,,,,,
,,,,,,
,,,,,,
,,,,,,
,,,,,,
,,,,,,
,,,,,,
,,,,,,
,,,,,,
,,,,,,
,,,,,,
,,,,,,
,,,,,,
,,,,,,
,,,,,,
,,,,,,
,,,,,,
,,,,,,
,,,,,,
,,,,,,
,,,,,,
,,,,,,
,,,,,,
,,,,,,
,,,,,,
,,,,,,
,,,,,,
,,,,,,
,,,,,,
,,,,,,
,,,,,,
,,,,,,
,,,,,,
,,,,,,
,,,,,,
,,,,,,
,,,,,,
,,,,,,
,,,,,,
,,,,,,
,,,,,,
,,,,,,
,,,,,,
,,,,,,
,,,,,,
,,,,,,
,,,,,,
,,,,,,
,,,,,,
,,,,,,
,,,,,,
,,,,,,
,,,,,,
,,,,,,
,,,,,,
,,,,,,
,,,,,,
,,,,,,
,,,,,,
,,,,,,
,,,,,,
,,,,,,
,,,,,,
,,,,,,
,,,,,,
,,,,,,
,,,,,,
,,,,,,
,,,,,,
,,,,,,
,,,,,,
,,,,,,
,,,,,,
,,,,,,
,,,,,,
,,,,,,
,,,,,,
,,,,,,
,,,,,,
,,,,,,
,,,,,,
,,,,,,
,,,,,,
,,,,,,
,,,,,,
,,,,,,
,,,,,,
,,,,,,
,,,,,,
,,,,,,
,,,,,,
,,,,,,
,,,,,,
,,,,,,
,,,,,,
,,,,,,
,,,,,,
,,,,,,
,,,,,,
,,,,,,
,,,,,,
,,,,,,
,,,,,,
,,,,,,
,,,,,,
,,,,,,
,,,,,,
,,,,,,
,,,,,,
,,,,,,
,,,,,,
,,,,,,
,,,,,,
,,,,,,
,,,,,,
,,,,,,
,,,,,,
,,,,,,
,,,,,,
,,,,,,
,,,,,,
,,,,,,
,,,,,,
,,,,,,
,,,,,,
,,,,,,
,,,,,,
,,,,,,
,,,,,,
,,,,,,
,,,,,,
,,,,,,
,,,,,,
,,,,,,
,,,,,,
,,,,,,
,,,,,,
,,,,,,
,,,,,,
,,,,,,
,,,,,,
,,,,,,
,,,,,,
,,,,,,
,,,,,,
,,,,,,
,,,,,,
,,,,,,
,,,,,,
,,,,,,
,,,,,,
,,,,,,
,,,,,,
,,,,,,
,,,,,,
,,,,,,
,,,,,,
,,,,,,
,,,,,,
,,,,,,
,,,,,,
,,,,,,
,,,,,,
,,,,,,
,,,,,,
,,,,,,
,,,,,,
,,,,,,
,,,,,,
,,,,,,
,,,,,,
,,,,,,
,,,,,,
,,,,,,
,,,,,,
,,,,,,
,,,,,,
,,,,,,
,,,,,,
,,,,,,
,,,,,,
,,,,,,
,,,,,,
,,,,,,
,,,,,,
,,,,,,
,,,,,,
,,,,,,
,,,,,,
,,,,,,
,,,,,,
,,,,,,
,,,,,,
,,,,,,
,,,,,,
,,,,,,
,,,,,,
,,,,,,
,,,,,,
,,,,,,
,,,,,,
,,,,,,
,,,,,,
,,,,,,
,,,,,,
,,,,,,
,,,,,,
,,,,,,
,,,,,,
,,,,,,
,,,,,,
,,,,,,
,,,,,,
,,,,,,
,,,,,,
,,,,,,
,,,,,,
,,,,,,
,,,,,,
,,,,,,
,,,,,,
,,,,,,
,,,,,,
,,,,,,
,,,,,,
,,,,,,
,,,,,,
,,,,,,
,,,,,,
,,,,,,
,,,,,,
,,,,,,
,,,,,,
,,,,,,
,,,,,,
,,,,,,
,,,,,,
,,,,,,
,,,,,,
,,,,,,
,,,,,,
,,,,,,
,,,,,,
,,,,,,
,,,,,,
,,,,,,
,,,,,,
,,,,,,
,,,,,,
,,,,,,
,,,,,,
,,,,,,
,,,,,,
,,,,,,
,,,,,,
,,,,,,
,,,,,,
,,,,,,
,,,,,,
,,,,,,
,,,,,,
,,,,,,
,,,,,,
,,,,,,
,,,,,,
,,,,,,
,,,,,,
,,,,,,
,,,,,,
,,,,,,
,,,,,,
,,,,,,
,,,,,,
,,,,,,
,,,,,,
,,,,,,
,,,,,,
,,,,,,
,,,,,,
,,,,,,
,,,,,,
,,,,,,
,,,,,,
,,,,,,
,,,,,,
,,,,,,
,,,,,,
,,,,,,
,,,,,,
,,,,,,
,,,,,,
,,,,,,
,,,,,,
,,,,,,
,,,,,,
,,,,,,
,,,,,,
,,,,,,
,,,,,,
,,,,,,
,,,,,,
,,,,,,
,,,,,,
,,,,,,
,,,,,,
,,,,,,
,,,,,,
,,,,,,
,,,,,,
,,,,,,
,,,,,,
,,,,,,
,,,,,,
,,,,,,
,,,,,,
,,,,,,
,,,,,,
,,,,,,
,,,,,,
,,,,,,
,,,,,,
,,,,,,
,,,,,,
,,,,,,
,,,,,,
,,,,,,
,,,,,,
,,,,,,
,,,,,,
,,,,,,
,,,,,,
,,,,,,
,,,,,,
,,,,,,
,,,,,,
,,,,,,
,,,,,,
,,,,,,
,,,,,,
,,,,,,
,,,,,,
,,,,,,
,,,,,,
,,,,,,
,,,,,,
,,,,,,
,,,,,,
,,,,,,
,,,,,,
,,,,,,
,,,,,,
,,,,,,
,,,,,,
,,,,,,
,,,,,,
,,,,,,
,,,,,,
,,,,,,
,,,,,,
,,,,,,
,,,,,,
,,,,,,
,,,,,,
,,,,,,
,,,,,,
,,,,,,
,,,,,,
,,,,,,
,,,,,,
,,,,,,
,,,,,,
,,,,,,
,,,,,,
,,,,,,
,,,,,,
,,,,,,
,,,,,,
,,,,,,
,,,,,,
,,,,,,
,,,,,,
,,,,,,
,,,,,,
,,,,,,
,,,,,,
,,,,,,
,,,,,,
,,,,,,
,,,,,,
,,,,,,
,,,,,,
,,,,,,
,,,,,,
,,,,,,
,,,,,,
,,,,,,
,,,,,,
,,,,,,
,,,,,,
,,,,,,
,,,,,,
,,,,,,
,,,,,,
,,,,,,
,,,,,,
,,,,,,
,,,,,,
,,,,,,
,,,,,,
,,,,,,
,,,,,,
,,,,,,
,,,,,,
,,,,,,
,,,,,,
,,,,,,
,,,,,,
,,,,,,
,,,,,,
,,,,,,
,,,,,,
,,,,,,
,,,,,,
,,,,,,
,,,,,,
,,,,,,
,,,,,,
,,,,,,
,,,,,,
,,,,,,
,,,,,,
,,,,,,
,,,,,,
,,,,,,
,,,,,,
,,,,,,
,,,,,,
,,,,,,
,,,,,,
,,,,,,
,,,,,,
,,,,,,
,,,,,,
,,,,,,
,,,,,,
,,,,,,
,,,,,,
,,,,,,
,,,,,,
,,,,,,
,,,,,,
,,,,,,
,,,,,,
,,,,,,
,,,,,,
,,,,,,
,,,,,,
,,,,,,
,,,,,,
,,,,,,
,,,,,,
,,,,,,
,,,,,,
,,,,,,
,,,,,,
,,,,,,
,,,,,,
,,,,,,
,,,,,,
,,,,,,
,,,,,,
,,,,,,
,,,,,,
,,,,,,
,,,,,,
,,,,,,
,,,,,,
,,,,,,
,,,,,,
,,,,,,
,,,,,,
,,,,,,
,,,,,,
,,,,,,
,,,,,,
,,,,,,
,,,,,,
,,,,,,
,,,,,,
,,,,,,
,,,,,,
,,,,,,
,,,,,,
,,,,,,
,,,,,,
,,,,,,
,,,,,,
,,,,,,
,,,,,,
,,,,,,
,,,,,,
,,,,,,
,,,,,,
,,,,,,
,,,,,,
,,,,,,
,,,,,,
,,,,,,
,,,,,,
,,,,,,
,,,,,,
,,,,,,
,,,,,,
,,,,,,
,,,,,,
,,,,,,
,,,,,,
,,,,,,
,,,,,,
,,,,,,
,,,,,,
,,,,,,
,,,,,,
,,,,,,
,,,,,,
,,,,,,
,,,,,,
,,,,,,
,,,,,,
,,,,,,
,,,,,,
,,,,,,
,,,,,,
,,,,,,
,,,,,,
,,,,,,
,,,,,,
,,,,,,
,,,,,,
,,,,,,
,,,,,,
,,,,,,
,,,,,,
,,,,,,
,,,,,,
,,,,,,
,,,,,,
,,,,,,
,,,,,,
,,,,,,
,,,,,,
,,,,,,
,,,,,,
,,,,,,
,,,,,,
,,,,,,
,,,,,,
,,,,,,
,,,,,,
,,,,,,
,,,,,,
,,,,,,
,,,,,,
,,,,,,
,,,,,,
,,,,,,
,,,,,,
,,,,,,
,,,,,,
,,,,,,
,,,,,,
,,,,,,
,,,,,,
,,,,,,
,,,,,,
,,,,,,
,,,,,,
,,,,,,
,,,,,,
,,,,,,
,,,,,,
,,,,,,
,,,,,,
,,,,,,
,,,,,,
,,,,,,
,,,,,,
,,,,,,
,,,,,,
,,,,,,
,,,,,,
,,,,,,
,,,,,,
,,,,,,
,,,,,,
,,,,,,
,,,,,,
,,,,,,
,,,,,,
,,,,,,
,,,,,,
,,,,,,
,,,,,,
,,,,,,
,,,,,,
,,,,,,
,,,,,,
,,,,,,
,,,,,,
,,,,,,
,,,,,,
,,,,,,
,,,,,,
,,,,,,
,,,,,,
,,,,,,
,,,,,,
,,,,,,
,,,,,,
,,,,,,
,,,,,,
,,,,,,
,,,,,,
,,,,,,
,,,,,,
,,,,,,
,,,,,,
,,,,,,
,,,,,,
,,,,,,
,,,,,,
,,,,,,
,,,,,,
,,,,,,
,,,,,,
,,,,,,
,,,,,,
,,,,,,
,,,,,,
,,,,,,
,,,,,,
,,,,,,
,,,,,,
,,,,,,
,,,,,,
,,,,,,
,,,,,,
,,,,,,
,,,,,,
,,,,,,
,,,,,,
,,,,,,
,,,,,,
,,,,,,
,,,,,,
,,,,,,
,,,,,,
,,,,,,
,,,,,,
,,,,,,
,,,,,,
,,,,,,
,,,,,,
,,,,,,
,,,,,,
,,,,,,
,,,,,,
,,,,,,
,,,,,,
,,,,,,
,,,,,,
,,,,,,
,,,,,,
,,,,,,
,,,,,,
,,,,,,
,,,,,,
,,,,,,
,,,,,,
,,,,,,
,,,,,,
,,,,,,
,,,,,,
,,,,,,
,,,,,,
,,,,,,
,,,,,,
,,,,,,
,,,,,,
,,,,,,
,,,,,,
,,,,,,
,,,,,,
,,,,,,
,,,,,,
,,,,,,
,,,,,,
,,,,,,
,,,,,,
,,,,,,
,,,,,,
,,,,,,
,,,,,,
,,,,,,
,,,,,,
,,,,,,
,,,,,,
,,,,,,
,,,,,,
,,,,,,
,,,,,,
,,,,,,
,,,,,,
,,,,,,
,,,,,,
,,,,,,
,,,,,,
,,,,,,
,,,,,,
,,,,,,
,,,,,,
,,,,,,
,,,,,,
,,,,,,
,,,,,,
,,,,,,
,,,,,,
,,,,,,
,,,,,,
,,,,,,
,,,,,,
,,,,,,
,,,,,,
,,,,,,
,,,,,,
,,,,,,
,,,,,,
,,,,,,
,,,,,,
,,,,,,
,,,,,,
,,,,,,
,,,,,,
,,,,,,
,,,,,,
,,,,,,
,,,,,,
,,,,,,
,,,,,,
,,,,,,
,,,,,,
,,,,,,
,,,,,,
,,,,,,
,,,,,,
,,,,,,
,,,,,,
,,,,,,
,,,,,,
,,,,,,
,,,,,,
,,,,,,
,,,,,,
,,,,,,
,,,,,,
,,,,,,
,,,,,,
,,,,,,
,,,,,,
,,,,,,
,,,,,,
,,,,,,
,,,,,,
,,,,,,
,,,,,,
,,,,,,
,,,,,,
,,,,,,
,,,,,,
,,,,,,
,,,,,,
,,,,,,
,,,,,,
,,,,,,
,,,,,,
,,,,,,
,,,,,,
,,,,,,
,,,,,,
,,,,,,
,,,,,,
,,,,,,
,,,,,,
,,,,,,
,,,,,,
,,,,,,
,,,,,,
,,,,,,
,,,,,,
,,,,,,
,,,,,,
,,,,,,
,,,,,,
,,,,,,
,,,,,,
,,,,,,
,,,,,,
,,,,,,
,,,,,,
,,,,,,
,,,,,,
,,,,,,
,,,,,,
,,,,,,
,,,,,,
,,,,,,
,,,,,,
,,,,,,
,,,,,,
,,,,,,
,,,,,,
,,,,,,
,,,,,,
,,,,,,
,,,,,,
,,,,,,
,,,,,,
,,,,,,
,,,,,,
,,,,,,
,,,,,,
,,,,,,
,,,,,,
,,,,,,
,,,,,,
,,,,,,
,,,,,,
,,,,,,
,,,,,,
,,,,,,
,,,,,,
,,,,,,
,,,,,,
,,,,,,
,,,,,,
,,,,,,
,,,,,,
,,,,,,
,,,,,,
,,,,,,
,,,,,,
,,,,,,
,,,,,,
,,,,,,
,,,,,,
,,,,,,
,,,,,,
,,,,,,
,,,,,,
,,,,,,
,,,,,,
,,,,,,
,,,,,,
,,,,,,
,,,,,,
,,,,,,
,,,,,,
,,,,,,
,,,,,,
,,,,,,
,,,,,,
,,,,,,
,,,,,,
,,,,,,
,,,,,,
,,,,,,
,,,,,,
,,,,,,
,,,,,,
,,,,,,
,,,,,,
,,,,,,
,,,,,,
,,,,,,
,,,,,,
,,,,,,
,,,,,,
,,,,,,
,,,,,,
,,,,,,
,,,,,,
,,,,,,
,,,,,,
,,,,,,
,,,,,,
,,,,,,
,,,,,,
,,,,,,
,,,,,,
,,,,,,
,,,,,,
,,,,,,
,,,,,,
,,,,,,
,,,,,,
,,,,,,
,,,,,,
,,,,,,
,,,,,,
,,,,,,
,,,,,,
,,,,,,
,,,,,,
,,,,,,
,,,,,,
,,,,,,
,,,,,,
,,,,,,
,,,,,,
,,,,,,
,,,,,,
,,,,,,
,,,,,,
,,,,,,
,,,,,,
,,,,,,
,,,,,,
,,,,,,
,,,,,,
,,,,,,
,,,,,,
,,,,,,
,,,,,,
,,,,,,
,,,,,,
,,,,,,
,,,,,,
,,,,,,
,,,,,,
,,,,,,
,,,,,,
,,,,,,
,,,,,,
,,,,,,
,,,,,,
,,,,,,
,,,,,,
,,,,,,
,,,,,,
,,,,,,
,,,,,,
,,,,,,
,,,,,,
,,,,,,
,,,,,,
,,,,,,
,,,,,,
,,,,,,
,,,,,,
,,,,,,
,,,,,,
,,,,,,
,,,,,,
,,,,,,
,,,,,,
,,,,,,
,,,,,,
,,,,,,
,,,,,,
,,,,,,
,,,,,,
,,,,,,
,,,,,,
,,,,,,
,,,,,,
,,,,,,
,,,,,,
,,,,,,
,,,,,,
,,,,,,
,,,,,,
,,,,,,
,,,,,,
,,,,,,
,,,,,,
,,,,,,
,,,,,,
,,,,,,
,,,,,,
,,,,,,
,,,,,,
,,,,,,
,,,,,,
,,,,,,
,,,,,,
,,,,,,
,,,,,,
,,,,,,
,,,,,,
,,,,,,
,,,,,,
,,,,,,
,,,,,,
,,,,,,
,,,,,,
,,,,,,
,,,,,,
,,,,,,
,,,,,,
,,,,,,
,,,,,,
,,,,,,
,,,,,,
,,,,,,
,,,,,,
,,,,,,
,,,,,,
,,,,,,
,,,,,,
,,,,,,
,,,,,,
,,,,,,
,,,,,,
,,,,,,
,,,,,,
,,,,,,
,,,,,,
,,,,,,
,,,,,,
,,,,,,
,,,,,,
,,,,,,
,,,,,,
,,,,,,
,,,,,,
,,,,,,
,,,,,,
,,,,,,
,,,,,,
,,,,,,
,,,,,,
,,,,,,
,,,,,,
,,,,,,
,,,,,,
,,,,,,
,,,,,,
,,,,,,
,,,,,,
,,,,,,
,,,,,,
,,,,,,
,,,,,,
,,,,,,
,,,,,,
,,,,,,
,,,,,,
,,,,,,
,,,,,,
,,,,,,
,,,,,,
,,,,,,
,,,,,,
,,,,,,
,,,,,,
,,,,,,
,,,,,,
,,,,,,
,,,,,,
,,,,,,
,,,,,,
,,,,,,
,,,,,,
,,,,,,
,,,,,,
,,,,,,
,,,,,,
,,,,,,
,,,,,,
,,,,,,
,,,,,,
,,,,,,
,,,,,,
,,,,,,
,,,,,,
,,,,,,
,,,,,,
,,,,,,
,,,,,,
,,,,,,
,,,,,,
,,,,,,
,,,,,,
,,,,,,
,,,,,,
,,,,,,
,,,,,,
,,,,,,
,,,,,,
,,,,,,
,,,,,,
,,,,,,
,,,,,,
,,,,,,
,,,,,,
,,,,,,
,,,,,,
,,,,,,
,,,,,,
,,,,,,
,,,,,,
,,,,,,
,,,,,,
,,,,,,
,,,,,,
,,,,,,
,,,,,,
,,,,,,
,,,,,,
,,,,,,
,,,,,,
,,,,,,
,,,,,,
,,,,,,
,,,,,,
,,,,,,
,,,,,,
,,,,,,
,,,,,,
,,,,,,
,,,,,,
,,,,,,
,,,,,,
,,,,,,
,,,,,,
,,,,,,
,,,,,,
,,,,,,
,,,,,,
,,,,,,
,,,,,,
,,,,,,
,,,,,,
,,,,,,
,,,,,,
,,,,,,
,,,,,,
,,,,,,
,,,,,,
,,,,,,
,,,,,,
,,,,,,
,,,,,,
,,,,,,
,,,,,,
,,,,,,
,,,,,,
,,,,,,
,,,,,,
,,,,,,
,,,,,,
,,,,,,
,,,,,,
,,,,,,
,,,,,,
,,,,,,
,,,,,,
,,,,,,
,,,,,,
,,,,,,
,,,,,,
,,,,,,
,,,,,,
,,,,,,
,,,,,,
,,,,,,
,,,,,,
,,,,,,
,,,,,,
,,,,,,
,,,,,,
,,,,,,
,,,,,,
,,,,,,
,,,,,,
,,,,,,
,,,,,,
,,,,,,
,,,,,,
,,,,,,
,,,,,,
,,,,,,
,,,,,,
,,,,,,
,,,,,,
,,,,,,
,,,,,,
,,,,,,
,,,,,,
,,,,,,
,,,,,,
,,,,,,
,,,,,,
,,,,,,
,,,,,,
,,,,,,
,,,,,,
,,,,,,
,,,,,,
,,,,,,
,,,,,,
,,,,,,
,,,,,,
,,,,,,
,,,,,,
,,,,,,
,,,,,,
,,,,,,
,,,,,,
,,,,,,
,,,,,,
,,,,,,
,,,,,,
,,,,,,
,,,,,,
,,,,,,
,,,,,,
,,,,,,
,,,,,,
,,,,,,
,,,,,,
,,,,,,
,,,,,,
,,,,,,
,,,,,,
,,,,,,
,,,,,,
,,,,,,
,,,,,,
,,,,,,
,,,,,,
,,,,,,
,,,,,,
,,,,,,
,,,,,,
,,,,,,
,,,,,,
,,,,,,
,,,,,,
,,,,,,
,,,,,,
,,,,,,
,,,,,,
,,,,,,
,,,,,,
,,,,,,
,,,,,,
,,,,,,
,,,,,,
,,,,,,
,,,,,,
,,,,,,
,,,,,,
,,,,,,
,,,,,,
,,,,,,
,,,,,,
,,,,,,
,,,,,,
,,,,,,
,,,,,,
,,,,,,
,,,,,,
,,,,,,
,,,,,,
,,,,,,
,,,,,,
,,,,,,
,,,,,,
,,,,,,
,,,,,,
,,,,,,
,,,,,,
,,,,,,
,,,,,,
,,,,,,
,,,,,,
,,,,,,
,,,,,,
,,,,,,
,,,,,,
,,,,,,
,,,,,,
,,,,,,
,,,,,,
,,,,,,
,,,,,,
,,,,,,
,,,,,,
,,,,,,
,,,,,,
,,,,,,
,,,,,,
,,,,,,
,,,,,,
,,,,,,
,,,,,,
,,,,,,
,,,,,,
,,,,,,
,,,,,,
,,,,,,
,,,,,,
,,,,,,
,,,,,,
,,,,,,
,,,,,,
,,,,,,
,,,,,,
,,,,,,
,,,,,,
,,,,,,
,,,,,,
,,,,,,
,,,,,,
,,,,,,
,,,,,,
,,,,,,
,,,,,,
,,,,,,
,,,,,,
,,,,,,
,,,,,,
,,,,,,
,,,,,,
,,,,,,
,,,,,,
,,,,,,
,,,,,,
,,,,,,
,,,,,,
,,,,,,
,,,,,,
,,,,,,
,,,,,,
,,,,,,
,,,,,,
,,,,,,
,,,,,,
,,,,,,
,,,,,,
,,,,,,
,,,,,,
,,,,,,
,,,,,,
,,,,,,
,,,,,,
,,,,,,
,,,,,,
,,,,,,
,,,,,,
,,,,,,
,,,,,,
,,,,,,
,,,,,,
,,,,,,
,,,,,,
,,,,,,
,,,,,,
,,,,,,
,,,,,,
,,,,,,
,,,,,,
,,,,,,
,,,,,,
,,,,,,
,,,,,,
,,,,,,
,,,,,,
,,,,,,
,,,,,,
,,,,,,
,,,,,,
,,,,,,
,,,,,,
,,,,,,
,,,,,,
,,,,,,
,,,,,,
,,,,,,
,,,,,,
,,,,,,
,,,,,,
,,,,,,
,,,,,,
,,,,,,
,,,,,,
,,,,,,
,,,,,,
,,,,,,
,,,,,,
,,,,,,
,,,,,,
,,,,,,
,,,,,,
,,,,,,
,,,,,,
,,,,,,
,,,,,,
,,,,,,
,,,,,,
,,,,,,
,,,,,,
,,,,,,
,,,,,,
,,,,,,
,,,,,,
,,,,,,
,,,,,,
,,,,,,
,,,,,,
,,,,,,
,,,,,,
,,,,,,
,,,,,,
,,,,,,
,,,,,,
,,,,,,
,,,,,,
,,,,,,
,,,,,,
,,,,,,
,,,,,,
,,,,,,
,,,,,,
,,,,,,
,,,,,,
,,,,,,
,,,,,,
,,,,,,
,,,,,,
,,,,,,
,,,,,,
,,,,,,
,,,,,,
,,,,,,
,,,,,,
,,,,,,
,,,,,,
,,,,,,
,,,,,,
,,,,,,
,,,,,,
,,,,,,
,,,,,,
,,,,,,
,,,,,,
,,,,,,
,,,,,,
,,,,,,
,,,,,,
,,,,,,
,,,,,,
,,,,,,
,,,,,,
,,,,,,
,,,,,,
,,,,,,
,,,,,,
,,,,,,
,,,,,,
,,,,,,
,,,,,,
,,,,,,
,,,,,,
,,,,,,
,,,,,,
,,,,,,
,,,,,,
,,,,,,
,,,,,,
,,,,,,
,,,,,,
,,,,,,
,,,,,,
,,,,,,
,,,,,,
,,,,,,
,,,,,,
,,,,,,
,,,,,,
,,,,,,
,,,,,,
,,,,,,
,,,,,,
,,,,,,
,,,,,,
,,,,,,
,,,,,,
,,,,,,
,,,,,,
,,,,,,
,,,,,,
,,,,,,
,,,,,,
,,,,,,
,,,,,,
,,,,,,
,,,,,,
,,,,,,
,,,,,,
,,,,,,
,,,,,,
,,,,,,
,,,,,,
,,,,,,
,,,,,,
,,,,,,
,,,,,,
,,,,,,
,,,,,,
,,,,,,
,,,,,,
,,,,,,
,,,,,,
,,,,,,
,,,,,,
,,,,,,
,,,,,,
,,,,,,
,,,,,,
,,,,,,
,,,,,,
,,,,,,
,,,,,,
,,,,,,
,,,,,,
,,,,,,
,,,,,,
,,,,,,
,,,,,,
,,,,,,
,,,,,,
,,,,,,
,,,,,,
,,,,,,
,,,,,,
,,,,,,
,,,,,,
,,,,,,
,,,,,,
,,,,,,
,,,,,,
,,,,,,
,,,,,,
,,,,,,
,,,,,,
,,,,,,
,,,,,,
,,,,,,
,,,,,,
,,,,,,
,,,,,,
,,,,,,
,,,,,,
,,,,,,
,,,,,,
,,,,,,
,,,,,,
,,,,,,
,,,,,,
,,,,,,
,,,,,,
,,,,,,
,,,,,,
,,,,,,
,,,,,,
,,,,,,
,,,,,,
,,,,,,
,,,,,,
,,,,,,
,,,,,,
,,,,,,
,,,,,,
,,,,,,
,,,,,,
,,,,,,
,,,,,,
,,,,,,
,,,,,,
,,,,,,
,,,,,,
,,,,,,
,,,,,,
,,,,,,
,,,,,,
,,,,,,
,,,,,,
,,,,,,
,,,,,,
,,,,,,
,,,,,,
,,,,,,
,,,,,,
,,,,,,
,,,,,,
,,,,,,
,,,,,,
,,,,,,
,,,,,,
,,,,,,
,,,,,,
,,,,,,
,,,,,,
,,,,,,
,,,,,,
,,,,,,
,,,,,,
,,,,,,
,,,,,,
,,,,,,
,,,,,,
,,,,,,
,,,,,,
,,,,,,
,,,,,,
,,,,,,
,,,,,,
,,,,,,
,,,,,,
,,,,,,
,,,,,,
,,,,,,
,,,,,,
,,,,,,
,,,,,,
,,,,,,
,,,,,,
,,,,,,
,,,,,,
,,,,,,
,,,,,,
,,,,,,
,,,,,,
,,,,,,
,,,,,,
,,,,,,
,,,,,,
,,,,,,
,,,,,,
,,,,,,
,,,,,,
,,,,,,
,,,,,,
,,,,,,
,,,,,,
,,,,,,
,,,,,,
,,,,,,
,,,,,,
,,,,,,
,,,,,,
,,,,,,
,,,,,,
,,,,,,
,,,,,,
,,,,,,
,,,,,,
,,,,,,
,,,,,,
,,,,,,
,,,,,,
,,,,,,
,,,,,,
,,,,,,
,,,,,,
,,,,,,
,,,,,,
,,,,,,
,,,,,,
,,,,,,
,,,,,,
,,,,,,
,,,,,,
,,,,,,
,,,,,,
,,,,,,
,,,,,,
,,,,,,
,,,,,,
,,,,,,
,,,,,,
,,,,,,
,,,,,,
,,,,,,
,,,,,,
,,,,,,
,,,,,,
,,,,,,
,,,,,,
,,,,,,
,,,,,,
,,,,,,
,,,,,,
,,,,,,
,,,,,,
,,,,,,
,,,,,,
,,,,,,
,,,,,,
,,,,,,
,,,,,,
,,,,,,
,,,,,,
,,,,,,
,,,,,,
,,,,,,
,,,,,,
,,,,,,
,,,,,,
,,,,,,
,,,,,,
,,,,,,
,,,,,,
,,,,,,
,,,,,,
,,,,,,
,,,,,,
,,,,,,
,,,,,,
,,,,,,
,,,,,,
,,,,,,
,,,,,,
,,,,,,
,,,,,,
,,,,,,
,,,,,,
,,,,,,
,,,,,,
,,,,,,
,,,,,,
,,,,,,
,,,,,,
,,,,,,
,,,,,,
,,,,,,
,,,,,,
,,,,,,
,,,,,,
,,,,,,
,,,,,,
,,,,,,
,,,,,,
,,,,,,
,,,,,,
,,,,,,
,,,,,,
,,,,,,
,,,,,,
,,,,,,
,,,,,,
,,,,,,
,,,,,,
,,,,,,
,,,,,,
,,,,,,
,,,,,,
,,,,,,
,,,,,,
,,,,,,
,,,,,,
,,,,,,
,,,,,,
,,,,,,
,,,,,,
,,,,,,
,,,,,,
,,,,,,
,,,,,,
,,,,,,
,,,,,,
,,,,,,
,,,,,,
,,,,,,
,,,,,,
,,,,,,
,,,,,,
,,,,,,
,,,,,,
,,,,,,
,,,,,,
,,,,,,
,,,,,,
,,,,,,
,,,,,,
,,,,,,
,,,,,,
,,,,,,
,,,,,,
,,,,,,
,,,,,,
,,,,,,
,,,,,,
,,,,,,
,,,,,,
,,,,,,
,,,,,,
,,,,,,
,,,,,,
,,,,,,
,,,,,,
,,,,,,
,,,,,,
,,,,,,
,,,,,,
,,,,,,
,,,,,,
,,,,,,
,,,,,,
,,,,,,
,,,,,,
,,,,,,
,,,,,,
,,,,,,
,,,,,,
,,,,,,
,,,,,,
,,,,,,
,,,,,,
,,,,,,
,,,,,,
,,,,,,
,,,,,,
,,,,,,
,,,,,,
,,,,,,
,,,,,,
,,,,,,
,,,,,,
,,,,,,
,,,,,,
,,,,,,
,,,,,,
,,,,,,
,,,,,,
,,,,,,
,,,,,,
,,,,,,
,,,,,,
,,,,,,
,,,,,,
,,,,,,
,,,,,,
,,,,,,
,,,,,,
,,,,,,
,,,,,,
,,,,,,
,,,,,,
,,,,,,
,,,,,,
,,,,,,
,,,,,,
,,,,,,
,,,,,,
,,,,,,
,,,,,,
,,,,,,
,,,,,,
,,,,,,
,,,,,,
,,,,,,
,,,,,,
,,,,,,
,,,,,,
,,,,,,
,,,,,,
,,,,,,
,,,,,,
,,,,,,
,,,,,,
,,,,,,
,,,,,,
,,,,,,
,,,,,,
,,,,,,
,,,,,,
,,,,,,
,,,,,,
,,,,,,
,,,,,,
,,,,,,
,,,,,,
,,,,,,
,,,,,,
,,,,,,
,,,,,,
,,,,,,
,,,,,,
,,,,,,
,,,,,,
,,,,,,
,,,,,,
,,,,,,
,,,,,,
,,,,,,
,,,,,,
,,,,,,
,,,,,,
,,,,,,
,,,,,,
,,,,,,
,,,,,,
,,,,,,
,,,,,,
,,,,,,
,,,,,,
,,,,,,
,,,,,,
,,,,,,
,,,,,,
,,,,,,
,,,,,,
,,,,,,
,,,,,,
,,,,,,
,,,,,,
,,,,,,
,,,,,,
,,,,,,
,,,,,,
,,,,,,
,,,,,,
,,,,,,
,,,,,,
,,,,,,
,,,,,,
,,,,,,
,,,,,,
,,,,,,
,,,,,,
,,,,,,
,,,,,,
,,,,,,
,,,,,,
,,,,,,
,,,,,,
,,,,,,
,,,,,,
,,,,,,
,,,,,,
,,,,,,
,,,,,,
,,,,,,
,,,,,,
,,,,,,
,,,,,,
,,,,,,
,,,,,,
,,,,,,
,,,,,,
,,,,,,
,,,,,,
,,,,,,
,,,,,,
,,,,,,
,,,,,,
,,,,,,
,,,,,,
,,,,,,
,,,,,,
,,,,,,
,,,,,,
,,,,,,
,,,,,,
,,,,,,
,,,,,,
,,,,,,
,,,,,,
,,,,,,
,,,,,,
,,,,,,
,,,,,,
,,,,,,
,,,,,,
,,,,,,
,,,,,,
,,,,,,
,,,,,,
,,,,,,
,,,,,,
,,,,,,
,,,,,,
,,,,,,
,,,,,,
,,,,,,
,,,,,,
,,,,,,
,,,,,,
,,,,,,
,,,,,,
,,,,,,
,,,,,,
,,,,,,
,,,,,,
,,,,,,
,,,,,,
,,,,,,
,,,,,,
,,,,,,
,,,,,,
,,,,,,
,,,,,,
,,,,,,
,,,,,,
,,,,,,
,,,,,,
,,,,,,
,,,,,,
,,,,,,
,,,,,,
,,,,,,
,,,,,,
,,,,,,
,,,,,,
,,,,,,
,,,,,,
,,,,,,
,,,,,,
,,,,,,
,,,,,,
,,,,,,
,,,,,,
,,,,,,
,,,,,,
,,,,,,
,,,,,,
,,,,,,
,,,,,,
,,,,,,
,,,,,,
,,,,,,
,,,,,,
,,,,,,
,,,,,,
,,,,,,
,,,,,,
,,,,,,
,,,,,,
,,,,,,
,,,,,,
,,,,,,
,,,,,,
,,,,,,
,,,,,,
,,,,,,
,,,,,,
,,,,,,
,,,,,,
,,,,,,
,,,,,,
,,,,,,
,,,,,,
,,,,,,
,,,,,,
,,,,,,
,,,,,,
,,,,,,
,,,,,,
,,,,,,
,,,,,,
,,,,,,
,,,,,,
,,,,,,
,,,,,,
,,,,,,
,,,,,,
,,,,,,
,,,,,,
,,,,,,
,,,,,,
,,,,,,
,,,,,,
,,,,,,
,,,,,,
,,,,,,
,,,,,,
,,,,,,
,,,,,,
,,,,,,
,,,,,,
,,,,,,
,,,,,,
,,,,,,
,,,,,,
,,,,,,
,,,,,,
,,,,,,
,,,,,,
,,,,,,
,,,,,,
,,,,,,
,,,,,,
,,,,,,
,,,,,,
,,,,,,
,,,,,,
,,,,,,
,,,,,,
,,,,,,
,,,,,,
,,,,,,
,,,,,,
,,,,,,
,,,,,,
,,,,,,
,,,,,,
,,,,,,
,,,,,,
,,,,,,
,,,,,,
,,,,,,
,,,,,,
,,,,,,
,,,,,,
,,,,,,
,,,,,,
,,,,,,
,,,,,,
,,,,,,
,,,,,,
,,,,,,
,,,,,,
,,,,,,
,,,,,,
,,,,,,
,,,,,,
,,,,,,
,,,,,,
,,,,,,
,,,,,,
,,,,,,
,,,,,,
,,,,,,
,,,,,,
,,,,,,
,,,,,,
,,,,,,
,,,,,,
,,,,,,
,,,,,,
,,,,,,
,,,,,,
,,,,,,
,,,,,,
,,,,,,
,,,,,,
,,,,,,
,,,,,,
,,,,,,
,,,,,,
,,,,,,
,,,,,,
,,,,,,
,,,,,,
,,,,,,
,,,,,,
,,,,,,
,,,,,,
,,,,,,
,,,,,,
,,,,,,
,,,,,,
,,,,,,
,,,,,,
,,,,,,
,,,,,,
,,,,,,
,,,,,,
,,,,,,
,,,,,,
,,,,,,
,,,,,,
,,,,,,
,,,,,,
,,,,,,
,,,,,,
,,,,,,
,,,,,,
,,,,,,
,,,,,,
,,,,,,
,,,,,,
,,,,,,
,,,,,,
,,,,,,
,,,,,,
,,,,,,
,,,,,,
,,,,,,
,,,,,,
,,,,,,
,,,,,,
,,,,,,
,,,,,,
,,,,,,
,,,,,,
,,,,,,
,,,,,,
,,,,,,
,,,,,,
,,,,,,
,,,,,,
,,,,,,
,,,,,,
,,,,,,
,,,,,,
,,,,,,
,,,,,,
,,,,,,
,,,,,,
,,,,,,
,,,,,,
,,,,,,
,,,,,,
,,,,,,
,,,,,,
,,,,,,
,,,,,,
,,,,,,
,,,,,,
,,,,,,
,,,,,,
,,,,,,
,,,,,,
,,,,,,
,,,,,,
,,,,,,
,,,,,,
,,,,,,
,,,,,,
,,,,,,
,,,,,,
,,,,,,
,,,,,,
,,,,,,
,,,,,,
,,,,,,
,,,,,,
,,,,,,
,,,,,,
,,,,,,
,,,,,,
,,,,,,
,,,,,,
,,,,,,
,,,,,,
,,,,,,
,,,,,,
,,,,,,
,,,,,,
,,,,,,
,,,,,,
,,,,,,
,,,,,,
,,,,,,
,,,,,,
,,,,,,
,,,,,,
,,,,,,
,,,,,,
,,,,,,
,,,,,,
,,,,,,
,,,,,,
,,,,,,
,,,,,,
,,,,,,
,,,,,,
,,,,,,
,,,,,,
,,,,,,
,,,,,,
,,,,,,
,,,,,,
,,,,,,
,,,,,,
,,,,,,
,,,,,,
,,,,,,
,,,,,,
,,,,,,
,,,,,,
,,,,,,
,,,,,,
,,,,,,
,,,,,,
,,,,,,
,,,,,,
,,,,,,
,,,,,,
,,,,,,
,,,,,,
,,,,,,
,,,,,,
,,,,,,
,,,,,,
,,,,,,
,,,,,,
,,,,,,
,,,,,,
,,,,,,
,,,,,,
,,,,,,
,,,,,,
,,,,,,
,,,,,,
,,,,,,
,,,,,,
,,,,,,
,,,,,,
,,,,,,
,,,,,,
,,,,,,
,,,,,,
,,,,,,
,,,,,,
,,,,,,
,,,,,,
,,,,,,
,,,,,,
,,,,,,
,,,,,,
,,,,,,
,,,,,,
,,,,,,
,,,,,,
,,,,,,
,,,,,,
,,,,,,
,,,,,,
,,,,,,
,,,,,,
,,,,,,
,,,,,,
,,,,,,
,,,,,,
,,,,,,
,,,,,,
,,,,,,
,,,,,,
,,,,,,
,,,,,,
,,,,,,
,,,,,,
,,,,,,
,,,,,,
,,,,,,
,,,,,,
,,,,,,
,,,,,,
,,,,,,
,,,,,,
,,,,,,
,,,,,,
,,,,,,
,,,,,,
,,,,,,
,,,,,,
,,,,,,
,,,,,,
,,,,,,
,,,,,,
,,,,,,
,,,,,,
,,,,,,
,,,,,,
,,,,,,
,,,,,,
,,,,,,
,,,,,,
,,,,,,
,,,,,,
,,,,,,
,,,,,,
,,,,,,
,,,,,,
,,,,,,
,,,,,,
,,,,,,
,,,,,,
,,,,,,
,,,,,,
,,,,,,
,,,,,,
,,,,,,
,,,,,,
,,,,,,
,,,,,,
,,,,,,
,,,,,,
,,,,,,
,,,,,,
,,,,,,
,,,,,,
,,,,,,
,,,,,,
,,,,,,
,,,,,,
,,,,,,
,,,,,,
,,,,,,
,,,,,,
,,,,,,
,,,,,,
,,,,,,
,,,,,,
,,,,,,
,,,,,,
,,,,,,
,,,,,,
,,,,,,
,,,,,,
,,,,,,
,,,,,,
,,,,,,
,,,,,,
,,,,,,
,,,,,,
,,,,,,
,,,,,,
,,,,,,
,,,,,,
,,,,,,
,,,,,,
,,,,,,
,,,,,,
,,,,,,
,,,,,,
,,,,,,
,,,,,,
,,,,,,
,,,,,,
,,,,,,
,,,,,,
,,,,,,
,,,,,,
,,,,,,
,,,,,,
,,,,,,
,,,,,,
,,,,,,
,,,,,,
,,,,,,
,,,,,,
,,,,,,
,,,,,,
,,,,,,
,,,,,,
,,,,,,
,,,,,,
,,,,,,
,,,,,,
,,,,,,
,,,,,,
,,,,,,
,,,,,,
,,,,,,
,,,,,,
,,,,,,
,,,,,,
,,,,,,
,,,,,,
,,,,,,
,,,,,,
,,,,,,
,,,,,,
,,,,,,
,,,,,,
,,,,,,
,,,,,,
,,,,,,
,,,,,,
,,,,,,
,,,,,,
,,,,,,
,,,,,,
,,,,,,
,,,,,,
,,,,,,
,,,,,,
,,,,,,
,,,,,,
,,,,,,
,,,,,,
,,,,,,
,,,,,,
,,,,,,
,,,,,,
,,,,,,
,,,,,,
,,,,,,
,,,,,,
,,,,,,
,,,,,,
,,,,,,
,,,,,,
,,,,,,
,,,,,,
,,,,,,
,,,,,,
,,,,,,
,,,,,,
,,,,,,
,,,,,,
,,,,,,
,,,,,,
,,,,,,
,,,,,,
,,,,,,
,,,,,,
,,,,,,
,,,,,,
,,,,,,
,,,,,,
,,,,,,
,,,,,,
,,,,,,
,,,,,,
,,,,,,
,,,,,,
,,,,,,
,,,,,,
,,,,,,
,,,,,,
,,,,,,
,,,,,,
,,,,,,
,,,,,,
,,,,,,
,,,,,,
,,,,,,
,,,,,,
,,,,,,
,,,,,,
,,,,,,
,,,,,,
,,,,,,
,,,,,,
,,,,,,
,,,,,,
,,,,,,
,,,,,,
,,,,,,
,,,,,,
,,,,,,
,,,,,,
,,,,,,
,,,,,,
,,,,,,
,,,,,,
,,,,,,
,,,,,,
,,,,,,
,,,,,,
,,,,,,
,,,,,,
,,,,,,
,,,,,,
,,,,,,
,,,,,,
,,,,,,
,,,,,,
,,,,,,
,,,,,,
,,,,,,
,,,,,,
,,,,,,
,,,,,,
,,,,,,
,,,,,,
,,,,,,
,,,,,,
,,,,,,
,,,,,,
,,,,,,
,,,,,,
,,,,,,
,,,,,,
,,,,,,
,,,,,,
,,,,,,
,,,,,,
,,,,,,
,,,,,,
,,,,,,
,,,,,,
,,,,,,
,,,,,,
,,,,,,
,,,,,,
,,,,,,
,,,,,,
,,,,,,
,,,,,,
,,,,,,
,,,,,,
,,,,,,
,,,,,,
,,,,,,
,,,,,,
,,,,,,
,,,,,,
,,,,,,
,,,,,,
,,,,,,
,,,,,,
,,,,,,
,,,,,,
,,,,,,
,,,,,,
,,,,,,
,,,,,,
,,,,,,
,,,,,,
,,,,,,
,,,,,,
,,,,,,
,,,,,,
,,,,,,
,,,,,,
,,,,,,
,,,,,,
,,,,,,
,,,,,,
,,,,,,
,,,,,,
,,,,,,
,,,,,,
,,,,,,
,,,,,,
,,,,,,
,,,,,,
,,,,,,
,,,,,,
,,,,,,
,,,,,,
,,,,,,
,,,,,,
,,,,,,
,,,,,,
,,,,,,
,,,,,,
,,,,,,
,,,,,,
,,,,,,
,,,,,,
,,,,,,
,,,,,,
,,,,,,
,,,,,,
,,,,,,
,,,,,,
,,,,,,
,,,,,,
,,,,,,
,,,,,,
,,,,,,
,,,,,,
,,,,,,
,,,,,,
,,,,,,
,,,,,,
,,,,,,
,,,,,,
,,,,,,
,,,,,,
,,,,,,
,,,,,,
,,,,,,
,,,,,,
,,,,,,
,,,,,,
,,,,,,
,,,,,,
,,,,,,
,,,,,,
,,,,,,
,,,,,,
,,,,,,
,,,,,,
,,,,,,
,,,,,,
,,,,,,
,,,,,,
,,,,,,
,,,,,,
,,,,,,
,,,,,,
,,,,,,
,,,,,,
,,,,,,
,,,,,,
,,,,,,
,,,,,,
,,,,,,
,,,,,,
,,,,,,
,,,,,,
,,,,,,
,,,,,,
,,,,,,
,,,,,,
,,,,,,
,,,,,,
,,,,,,
,,,,,,
,,,,,,
,,,,,,
,,,,,,
,,,,,,
,,,,,,
,,,,,,
,,,,,,
,,,,,,
,,,,,,
,,,,,,
,,,,,,
,,,,,,
,,,,,,
,,,,,,
,,,,,,
,,,,,,
,,,,,,
,,,,,,
,,,,,,
,,,,,,
,,,,,,
,,,,,,
,,,,,,
,,,,,,
,,,,,,
,,,,,,
,,,,,,
,,,,,,
,,,,,,
,,,,,,
,,,,,,
,,,,,,
,,,,,,
,,,,,,
,,,,,,
,,,,,,
,,,,,,
,,,,,,
,,,,,,
,,,,,,
,,,,,,
,,,,,,
,,,,,,
,,,,,,
,,,,,,
,,,,,,
,,,,,,
,,,,,,
,,,,,,
,,,,,,
,,,,,,
,,,,,,
,,,,,,
,,,,,,
,,,,,,
,,,,,,
,,,,,,
,,,,,,
,,,,,,
,,,,,,
,,,,,,
,,,,,,
,,,,,,
,,,,,,
,,,,,,
,,,,,,
,,,,,,
,,,,,,
,,,,,,
,,,,,,
,,,,,,
,,,,,,
,,,,,,
,,,,,,
,,,,,,
,,,,,,
,,,,,,
,,,,,,
,,,,,,
,,,,,,
,,,,,,
,,,,,,
,,,,,,
,,,,,,
,,,,,,
,,,,,,
,,,,,,
,,,,,,
,,,,,,
,,,,,,
,,,,,,
,,,,,,
,,,,,,
,,,,,,
,,,,,,
,,,,,,
,,,,,,
,,,,,,
,,,,,,
,,,,,,
,,,,,,
,,,,,,
,,,,,,
,,,,,,
,,,,,,
,,,,,,
,,,,,,
,,,,,,
,,,,,,
,,,,,,
,,,,,,
,,,,,,
,,,,,,
,,,,,,
,,,,,,
,,,,,,
,,,,,,
,,,,,,
,,,,,,
,,,,,,
,,,,,,
,,,,,,
,,,,,,
,,,,,,
,,,,,,
,,,,,,
,,,,,,
,,,,,,
,,,,,,
,,,,,,
,,,,,,
,,,,,,
,,,,,,
,,,,,,
,,,,,,
,,,,,,
,,,,,,
,,,,,,
,,,,,,
,,,,,,
,,,,,,
,,,,,,
,,,,,,
,,,,,,
,,,,,,
,,,,,,
,,,,,,
,,,,,,
,,,,,,
,,,,,,
,,,,,,
,,,,,,
,,,,,,
,,,,,,
,,,,,,
,,,,,,
,,,,,,
,,,,,,
,,,,,,
,,,,,,
,,,,,,
,,,,,,
,,,,,,
,,,,,,
,,,,,,
,,,,,,
,,,,,,
,,,,,,
,,,,,,
,,,,,,
,,,,,,
,,,,,,
,,,,,,
,,,,,,
,,,,,,
,,,,,,
,,,,,,
,,,,,,
,,,,,,
,,,,,,
,,,,,,
,,,,,,
,,,,,,
,,,,,,
,,,,,,
,,,,,,
,,,,,,
,,,,,,
,,,,,,
,,,,,,
,,,,,,
,,,,,,
,,,,,,
,,,,,,
,,,,,,
,,,,,,
,,,,,,
,,,,,,
,,,,,,
,,,,,,
,,,,,,
,,,,,,
,,,,,,
,,,,,,
,,,,,,
,,,,,,
,,,,,,
,,,,,,
,,,,,,
,,,,,,
,,,,,,
,,,,,,
,,,,,,
,,,,,,
,,,,,,
,,,,,,
,,,,,,
,,,,,,
,,,,,,
,,,,,,
,,,,,,
,,,,,,
,,,,,,
,,,,,,
,,,,,,
,,,,,,
,,,,,,
,,,,,,
,,,,,,
,,,,,,
,,,,,,
,,,,,,
,,,,,,
,,,,,,
,,,,,,
,,,,,,
,,,,,,
,,,,,,
,,,,,,
,,,,,,
,,,,,,
,,,,,,
,,,,,,
,,,,,,
,,,,,,
,,,,,,
,,,,,,
,,,,,,
,,,,,,
,,,,,,
,,,,,,
,,,,,,
,,,,,,
,,,,,,
,,,,,,
,,,,,,
,,,,,,
,,,,,,
,,,,,,
,,,,,,
,,,,,,
,,,,,,
,,,,,,
,,,,,,
,,,,,,
,,,,,,
,,,,,,
,,,,,,
,,,,,,
,,,,,,
,,,,,,
,,,,,,
,,,,,,
,,,,,,
,,,,,,
,,,,,,
,,,,,,
,,,,,,
,,,,,,
,,,,,,
,,,,,,
,,,,,,
,,,,,,
,,,,,,
,,,,,,
,,,,,,
,,,,,,
,,,,,,
,,,,,,
,,,,,,
,,,,,,
,,,,,,
,,,,,,
,,,,,,
,,,,,,
,,,,,,
,,,,,,
,,,,,,
,,,,,,
,,,,,,
,,,,,,
,,,,,,
,,,,,,
,,,,,,
,,,,,,
,,,,,,
,,,,,,
,,,,,,
,,,,,,
,,,,,,
,,,,,,
,,,,,,
,,,,,,
,,,,,,
,,,,,,
,,,,,,
,,,,,,
,,,,,,
,,,,,,
,,,,,,
,,,,,,
,,,,,,
,,,,,,
,,,,,,
,,,,,,
,,,,,,
,,,,,,
,,,,,,
,,,,,,
,,,,,,
,,,,,,
,,,,,,
,,,,,,
,,,,,,
,,,,,,
,,,,,,
,,,,,,
,,,,,,
,,,,,,
,,,,,,
,,,,,,
,,,,,,
,,,,,,
,,,,,,
,,,,,,
,,,,,,
,,,,,,
,,,,,,
,,,,,,
,,,,,,
,,,,,,
,,,,,,
,,,,,,
,,,,,,
,,,,,,
,,,,,,
,,,,,,
,,,,,,
,,,,,,
,,,,,,
,,,,,,
,,,,,,
,,,,,,
,,,,,,
,,,,,,
,,,,,,
,,,,,,
,,,,,,
,,,,,,
,,,,,,
,,,,,,
,,,,,,
,,,,,,
,,,,,,
,,,,,,
,,,,,,
,,,,,,
,,,,,,
,,,,,,
,,,,,,
,,,,,,
,,,,,,
,,,,,,
,,,,,,
,,,,,,
,,,,,,
,,,,,,
,,,,,,
,,,,,,
,,,,,,
,,,,,,
,,,,,,
,,,,,,
,,,,,,
,,,,,,
,,,,,,
,,,,,,
,,,,,,
,,,,,,
,,,,,,
,,,,,,
,,,,,,
,,,,,,
,,,,,,
,,,,,,
,,,,,,
,,,,,,
,,,,,,
,,,,,,
,,,,,,
,,,,,,
,,,,,,
,,,,,,
,,,,,,
,,,,,,
,,,,,,
,,,,,,
,,,,,,
,,,,,,
,,,,,,
,,,,,,
,,,,,,
,,,,,,
,,,,,,
,,,,,,
,,,,,,
,,,,,,
,,,,,,
,,,,,,
,,,,,,
,,,,,,
,,,,,,
,,,,,,
,,,,,,
,,,,,,
,,,,,,
,,,,,,
,,,,,,
,,,,,,
,,,,,,
,,,,,,
,,,,,,
,,,,,,
,,,,,,
,,,,,,
,,,,,,
,,,,,,
,,,,,,
,,,,,,
,,,,,,
,,,,,,
,,,,,,
,,,,,,
,,,,,,
,,,,,,
,,,,,,
,,,,,,
,,,,,,
,,,,,,
,,,,,,
,,,,,,
,,,,,,
,,,,,,
,,,,,,
,,,,,,
,,,,,,
,,,,,,
,,,,,,
,,,,,,
,,,,,,
,,,,,,
,,,,,,
,,,,,,
,,,,,,
,,,,,,
,,,,,,
,,,,,,
,,,,,,
,,,,,,
,,,,,,
,,,,,,
,,,,,,
,,,,,,
,,,,,,
,,,,,,
,,,,,,
,,,,,,
,,,,,,
,,,,,,
,,,,,,
,,,,,,
,,,,,,
,,,,,,
,,,,,,
,,,,,,
,,,,,,
,,,,,,
,,,,,,
,,,,,,
,,,,,,
,,,,,,
,,,,,,
,,,,,,
,,,,,,
,,,,,,
,,,,,,
,,,,,,
,,,,,,
,,,,,,
,,,,,,
,,,,,,
,,,,,,
,,,,,,
,,,,,,
,,,,,,
,,,,,,
,,,,,,
,,,,,,
,,,,,,
,,,,,,
,,,,,,
,,,,,,
,,,,,,
,,,,,,
,,,,,,
,,,,,,
,,,,,,
,,,,,,
,,,,,,
,,,,,,
,,,,,,
,,,,,,
,,,,,,
,,,,,,
,,,,,,
,,,,,,
,,,,,,
,,,,,,
,,,,,,
,,,,,,
,,,,,,
,,,,,,
,,,,,,
,,,,,,
,,,,,,
,,,,,,
,,,,,,
,,,,,,
,,,,,,
,,,,,,
,,,,,,
,,,,,,
,,,,,,
,,,,,,
,,,,,,
,,,,,,
,,,,,,
,,,,,,
,,,,,,
,,,,,,
,,,,,,
,,,,,,
,,,,,,
,,,,,,
,,,,,,
,,,,,,
,,,,,,
,,,,,,
,,,,,,
,,,,,,
,,,,,,
,,,,,,
,,,,,,
,,,,,,
,,,,,,
,,,,,,
,,,,,,
,,,,,,
,,,,,,
,,,,,,
,,,,,,
,,,,,,
,,,,,,
,,,,,,
,,,,,,
,,,,,,
,,,,,,
,,,,,,
,,,,,,
,,,,,,
,,,,,,
,,,,,,
,,,,,,
,,,,,,
,,,,,,
,,,,,,
,,,,,,
,,,,,,
,,,,,,
,,,,,,
,,,,,,
,,,,,,
,,,,,,
,,,,,,
,,,,,,
,,,,,,
,,,,,,
,,,,,,
,,,,,,
,,,,,,
,,,,,,
,,,,,,
,,,,,,
,,,,,,
,,,,,,
,,,,,,
,,,,,,
,,,,,,
,,,,,,
,,,,,,
,,,,,,
,,,,,,
,,,,,,
,,,,,,
,,,,,,
,,,,,,
,,,,,,
,,,,,,
,,,,,,
,,,,,,
,,,,,,
,,,,,,
,,,,,,
,,,,,,
,,,,,,
,,,,,,
,,,,,,
,,,,,,
,,,,,,
,,,,,,
,,,,,,
,,,,,,
,,,,,,
,,,,,,
,,,,,,
,,,,,,
,,,,,,
,,,,,,
,,,,,,
,,,,,,
,,,,,,
,,,,,,
,,,,,,
,,,,,,
,,,,,,
,,,,,,
,,,,,,
,,,,,,
,,,,,,
,,,,,,
,,,,,,
,,,,,,
,,,,,,
,,,,,,
,,,,,,
,,,,,,
,,,,,,
,,,,,,
,,,,,,
,,,,,,
,,,,,,
,,,,,,
,,,,,,
,,,,,,
,,,,,,
,,,,,,
,,,,,,
,,,,,,
,,,,,,
,,,,,,
,,,,,,
,,,,,,
,,,,,,
,,,,,,
,,,,,,
,,,,,,
,,,,,,
,,,,,,
,,,,,,
,,,,,,
,,,,,,
,,,,,,
,,,,,,
,,,,,,
,,,,,,
,,,,,,
,,,,,,
,,,,,,
,,,,,,
,,,,,,
,,,,,,
,,,,,,
,,,,,,
,,,,,,
,,,,,,
,,,,,,
,,,,,,
,,,,,,
,,,,,,
,,,,,,
,,,,,,
,,,,,,
,,,,,,
,,,,,,
,,,,,,
,,,,,,
,,,,,,
,,,,,,
,,,,,,
,,,,,,
,,,,,,
,,,,,,
,,,,,,
,,,,,,
,,,,,,
,,,,,,
,,,,,,
,,,,,,
,,,,,,
,,,,,,
,,,,,,
,,,,,,
,,,,,,
,,,,,,
,,,,,,
,,,,,,
,,,,,,
,,,,,,
,,,,,,
,,,,,,
,,,,,,
,,,,,,
,,,,,,
,,,,,,
,,,,,,
,,,,,,
,,,,,,
,,,,,,
,,,,,,
,,,,,,
,,,,,,
,,,,,,
,,,,,,
,,,,,,
,,,,,,
,,,,,,
,,,,,,
,,,,,,
,,,,,,
,,,,,,
,,,,,,
,,,,,,
,,,,,,
,,,,,,
,,,,,,
,,,,,,
,,,,,,
,,,,,,
,,,,,,
,,,,,,
,,,,,,
,,,,,,
,,,,,,
,,,,,,
,,,,,,
,,,,,,
,,,,,,
,,,,,,
,,,,,,
,,,,,,
,,,,,,
,,,,,,
,,,,,,
,,,,,,
,,,,,,
,,,,,,
,,,,,,
,,,,,,
,,,,,,
,,,,,,
,,,,,,
,,,,,,
,,,,,,
,,,,,,
,,,,,,
,,,,,,
,,,,,,
,,,,,,
,,,,,,
,,,,,,
,,,,,,
,,,,,,
,,,,,,
,,,,,,
,,,,,,
,,,,,,
,,,,,,
,,,,,,
,,,,,,
,,,,,,
,,,,,,
,,,,,,
,,,,,,
,,,,,,
,,,,,,
,,,,,,
,,,,,,
,,,,,,
,,,,,,
,,,,,,
,,,,,,
,,,,,,
,,,,,,
,,,,,,
,,,,,,
,,,,,,
,,,,,,
,,,,,,
,,,,,,
,,,,,,
,,,,,,
,,,,,,
,,,,,,
,,,,,,
,,,,,,
,,,,,,
,,,,,,
,,,,,,
,,,,,,
,,,,,,
,,,,,,
,,,,,,
,,,,,,
,,,,,,
,,,,,,
,,,,,,
,,,,,,
,,,,,,
,,,,,,
,,,,,,
,,,,,,
,,,,,,
,,,,,,
,,,,,,
,,,,,,
,,,,,,
,,,,,,
,,,,,,
,,,,,,
,,,,,,
,,,,,,
,,,,,,
,,,,,,
,,,,,,
,,,,,,
,,,,,,
,,,,,,
,,,,,,
,,,,,,
,,,,,,
,,,,,,
,,,,,,
,,,,,,
,,,,,,
,,,,,,
,,,,,,
,,,,,,
,,,,,,
,,,,,,
,,,,,,
,,,,,,
,,,,,,
,,,,,,
,,,,,,
,,,,,,
,,,,,,
,,,,,,
,,,,,,
,,,,,,
,,,,,,
,,,,,,
,,,,,,
,,,,,,
,,,,,,
,,,,,,
,,,,,,
,,,,,,
,,,,,,
,,,,,,
,,,,,,
,,,,,,
,,,,,,
,,,,,,
,,,,,,
,,,,,,
,,,,,,
,,,,,,
,,,,,,
,,,,,,
,,,,,,
,,,,,,
,,,,,,
,,,,,,
,,,,,,
,,,,,,
,,,,,,
,,,,,,
,,,,,,
,,,,,,
,,,,,,
,,,,,,
,,,,,,
,,,,,,
,,,,,,
,,,,,,
,,,,,,
,,,,,,
,,,,,,
,,,,,,
,,,,,,
,,,,,,
,,,,,,
,,,,,,
,,,,,,
,,,,,,
,,,,,,
,,,,,,
,,,,,,
,,,,,,
,,,,,,
,,,,,,
,,,,,,
,,,,,,
,,,,,,
,,,,,,
,,,,,,
,,,,,,
,,,,,,
,,,,,,
,,,,,,
,,,,,,
,,,,,,
,,,,,,
,,,,,,
,,,,,,
,,,,,,
,,,,,,
,,,,,,
,,,,,,
,,,,,,
,,,,,,
,,,,,,
,,,,,,
,,,,,,
,,,,,,
,,,,,,
,,,,,,
,,,,,,
,,,,,,
,,,,,,
,,,,,,
,,,,,,
,,,,,,
,,,,,,
,,,,,,
,,,,,,
,,,,,,
,,,,,,
,,,,,,
,,,,,,
,,,,,,
,,,,,,
,,,,,,
,,,,,,
,,,,,,
,,,,,,
,,,,,,
,,,,,,
,,,,,,
,,,,,,
,,,,,,
,,,,,,
,,,,,,
,,,,,,
,,,,,,
,,,,,,
,,,,,,
,,,,,,
,,,,,,
,,,,,,
,,,,,,
,,,,,,
,,,,,,
,,,,,,
,,,,,,
,,,,,,
,,,,,,
,,,,,,
,,,,,,
,,,,,,
,,,,,,
,,,,,,
,,,,,,
,,,,,,
,,,,,,
,,,,,,
,,,,,,
,,,,,,
,,,,,,
,,,,,,
,,,,,,
,,,,,,
,,,,,,
,,,,,,
,,,,,,
,,,,,,
,,,,,,
,,,,,,
,,,,,,
,,,,,,
,,,,,,
,,,,,,
,,,,,,
,,,,,,
,,,,,,
,,,,,,
,,,,,,
,,,,,,
,,,,,,
,,,,,,
,,,,,,
,,,,,,
,,,,,,
,,,,,,
,,,,,,
,,,,,,
,,,,,,
,,,,,,
,,,,,,
,,,,,,
,,,,,,
,,,,,,
,,,,,,
,,,,,,
,,,,,,
,,,,,,
,,,,,,
,,,,,,
,,,,,,
,,,,,,
,,,,,,
,,,,,,
,,,,,,
,,,,,,
,,,,,,
,,,,,,
,,,,,,
,,,,,,
,,,,,,
,,,,,,
,,,,,,
,,,,,,
,,,,,,
,,,,,,
,,,,,,
,,,,,,
,,,,,,
,,,,,,
,,,,,,
,,,,,,
,,,,,,
,,,,,,
,,,,,,
,,,,,,
,,,,,,
,,,,,,
,,,,,,
,,,,,,
,,,,,,
,,,,,,
,,,,,,
,,,,,,
,,,,,,
,,,,,,
,,,,,,
,,,,,,
,,,,,,
,,,,,,
,,,,,,
,,,,,,
,,,,,,
,,,,,,
,,,,,,
,,,,,,
,,,,,,
,,,,,,
,,,,,,
,,,,,,
,,,,,,
,,,,,,
,,,,,,
,,,,,,
,,,,,,
,,,,,,
,,,,,,
,,,,,,
,,,,,,
,,,,,,
,,,,,,
,,,,,,
,,,,,,
,,,,,,
,,,,,,
,,,,,,
,,,,,,
,,,,,,
,,,,,,
,,,,,,
,,,,,,
,,,,,,
,,,,,,
,,,,,,
,,,,,,
,,,,,,
,,,,,,
,,,,,,
,,,,,,
,,,,,,
,,,,,,
,,,,,,
,,,,,,
,,,,,,
,,,,,,
,,,,,,
,,,,,,
,,,,,,
,,,,,,
,,,,,,
,,,,,,
,,,,,,
,,,,,,
,,,,,,
,,,,,,
,,,,,,
,,,,,,
,,,,,,
,,,,,,
,,,,,,
,,,,,,
,,,,,,
,,,,,,
,,,,,,
,,,,,,
,,,,,,
,,,,,,
,,,,,,
,,,,,,
,,,,,,
,,,,,,
,,,,,,
,,,,,,
,,,,,,
,,,,,,
,,,,,,
,,,,,,
,,,,,,
,,,,,,
,,,,,,
,,,,,,
,,,,,,
,,,,,,
,,,,,,
,,,,,,
,,,,,,
,,,,,,
,,,,,,
,,,,,,
,,,,,,
,,,,,,
,,,,,,
,,,,,,
,,,,,,
,,,,,,
,,,,,,
,,,,,,
,,,,,,
,,,,,,
,,,,,,
,,,,,,
,,,,,,
,,,,,,
,,,,,,
,,,,,,
,,,,,,
,,,,,,
,,,,,,
,,,,,,
,,,,,,
,,,,,,
,,,,,,
,,,,,,
,,,,,,
,,,,,,
,,,,,,
,,,,,,
,,,,,,
,,,,,,
,,,,,,
,,,,,,
,,,,,,
,,,,,,
,,,,,,
,,,,,,
,,,,,,
,,,,,,
,,,,,,
,,,,,,
,,,,,,
,,,,,,
,,,,,,
,,,,,,
,,,,,,
,,,,,,
,,,,,,
,,,,,,
,,,,,,
,,,,,,
,,,,,,
,,,,,,
,,,,,,
,,,,,,
,,,,,,
,,,,,,
,,,,,,
,,,,,,
,,,,,,
,,,,,,
,,,,,,
,,,,,,
,,,,,,
,,,,,,
,,,,,,
,,,,,,
,,,,,,
,,,,,,
,,,,,,
,,,,,,
,,,,,,
,,,,,,
,,,,,,
,,,,,,
,,,,,,
,,,,,,
,,,,,,
,,,,,,
,,,,,,
,,,,,,
,,,,,,
,,,,,,
,,,,,,
,,,,,,
,,,,,,
,,,,,,
,,,,,,
,,,,,,
,,,,,,
,,,,,,
,,,,,,
,,,,,,
,,,,,,
,,,,,,
,,,,,,
,,,,,,
,,,,,,
,,,,,,
,,,,,,
,,,,,,
,,,,,,
,,,,,,
,,,,,,
,,,,,,
,,,,,,
,,,,,,
,,,,,,
,,,,,,
,,,,,,
,,,,,,
,,,,,,
,,,,,,
,,,,,,
,,,,,,
,,,,,,
,,,,,,
,,,,,,
,,,,,,
,,,,,,
,,,,,,
,,,,,,
,,,,,,
,,,,,,
,,,,,,
,,,,,,
,,,,,,
,,,,,,
,,,,,,
,,,,,,
,,,,,,
,,,,,,
,,,,,,
,,,,,,
,,,,,,
,,,,,,
,,,,,,
,,,,,,
,,,,,,
,,,,,,
,,,,,,
,,,,,,
,,,,,,
,,,,,,
,,,,,,
,,,,,,
,,,,,,
,,,,,,
,,,,,,
,,,,,,
,,,,,,
,,,,,,
,,,,,,
,,,,,,
,,,,,,
,,,,,,
,,,,,,
,,,,,,
,,,,,,
,,,,,,
,,,,,,
,,,,,,
,,,,,,
,,,,,,
,,,,,,
,,,,,,
,,,,,,
,,,,,,
,,,,,,
,,,,,,
,,,,,,
,,,,,,
,,,,,,
,,,,,,
,,,,,,
,,,,,,
,,,,,,
,,,,,,
,,,,,,
,,,,,,
,,,,,,
,,,,,,
,,,,,,
,,,,,,
,,,,,,
,,,,,,
,,,,,,
,,,,,,
,,,,,,
,,,,,,
,,,,,,
,,,,,,
,,,,,,
,,,,,,
,,,,,,
,,,,,,
,,,,,,
,,,,,,
,,,,,,
,,,,,,
,,,,,,
,,,,,,
,,,,,,
,,,,,,
,,,,,,
,,,,,,
,,,,,,
,,,,,,
,,,,,,
,,,,,,
,,,,,,
,,,,,,
,,,,,,
,,,,,,
,,,,,,
,,,,,,
,,,,,,
,,,,,,
,,,,,,
,,,,,,
,,,,,,
,,,,,,
,,,,,,
,,,,,,
,,,,,,
,,,,,,
,,,,,,
,,,,,,
,,,,,,
,,,,,,
,,,,,,
,,,,,,
,,,,,,
,,,,,,
,,,,,,
,,,,,,
,,,,,,
,,,,,,
,,,,,,
,,,,,,
,,,,,,
,,,,,,
,,,,,,
,,,,,,
,,,,,,
,,,,,,
,,,,,,
,,,,,,
,,,,,,
,,,,,,
,,,,,,
,,,,,,
,,,,,,
,,,,,,
,,,,,,
,,,,,,
,,,,,,
,,,,,,
,,,,,,
,,,,,,
,,,,,,
,,,,,,
,,,,,,
,,,,,,
,,,,,,
,,,,,,
,,,,,,
,,,,,,
,,,,,,
,,,,,,
,,,,,,
,,,,,,
,,,,,,
,,,,,,
,,,,,,
,,,,,,
,,,,,,
,,,,,,
,,,,,,
,,,,,,
,,,,,,
,,,,,,
,,,,,,
,,,,,,
,,,,,,
,,,,,,
,,,,,,
,,,,,,
,,,,,,
,,,,,,
,,,,,,
,,,,,,
,,,,,,
,,,,,,
,,,,,,
,,,,,,
,,,,,,
,,,,,,
,,,,,,
,,,,,,
,,,,,,
,,,,,,
,,,,,,
,,,,,,
,,,,,,
,,,,,,
,,,,,,
,,,,,,
,,,,,,
,,,,,,
,,,,,,
,,,,,,
,,,,,,
,,,,,,
,,,,,,
,,,,,,
,,,,,,
,,,,,,
,,,,,,
,,,,,,
,,,,,,
,,,,,,
,,,,,,
,,,,,,
,,,,,,
,,,,,,
,,,,,,
,,,,,,
,,,,,,
,,,,,,
,,,,,,
,,,,,,
,,,,,,
,,,,,,
,,,,,,
,,,,,,
,,,,,,
,,,,,,
,,,,,,
,,,,,,
,,,,,,
,,,,,,
,,,,,,
,,,,,,
,,,,,,
,,,,,,
,,,,,,
,,,,,,
,,,,,,
,,,,,,
,,,,,,
,,,,,,
,,,,,,
,,,,,,
,,,,,,
,,,,,,
,,,,,,
,,,,,,
,,,,,,
,,,,,,
,,,,,,
,,,,,,
,,,,,,
,,,,,,
,,,,,,
,,,,,,
,,,,,,
,,,,,,
,,,,,,
,,,,,,
,,,,,,
,,,,,,
,,,,,,
,,,,,,
,,,,,,
,,,,,,
,,,,,,
,,,,,,
,,,,,,
,,,,,,
,,,,,,
,,,,,,
,,,,,,
,,,,,,
,,,,,,
,,,,,,
,,,,,,
,,,,,,
,,,,,,
,,,,,,
,,,,,,
,,,,,,
,,,,,,
,,,,,,
,,,,,,
,,,,,,
,,,,,,
,,,,,,
,,,,,,
,,,,,,
,,,,,,
,,,,,,
,,,,,,
,,,,,,
,,,,,,
,,,,,,
,,,,,,
,,,,,,
,,,,,,
,,,,,,
,,,,,,
,,,,,,
,,,,,,
,,,,,,
,,,,,,
,,,,,,
,,,,,,
,,,,,,
,,,,,,
,,,,,,
,,,,,,
,,,,,,
,,,,,,
,,,,,,
,,,,,,
,,,,,,
,,,,,,
,,,,,,
,,,,,,
,,,,,,
,,,,,,
,,,,,,
,,,,,,
,,,,,,
,,,,,,
,,,,,,
,,,,,,
,,,,,,
,,,,,,
,,,,,,
,,,,,,
,,,,,,
,,,,,,
,,,,,,
,,,,,,
,,,,,,
,,,,,,
,,,,,,
,,,,,,
,,,,,,
,,,,,,
,,,,,,
,,,,,,
,,,,,,
,,,,,,
,,,,,,
,,,,,,
,,,,,,
,,,,,,
,,,,,,
,,,,,,
,,,,,,
,,,,,,
,,,,,,
,,,,,,
,,,,,,
,,,,,,
,,,,,,
,,,,,,
,,,,,,
,,,,,,
,,,,,,
,,,,,,
,,,,,,
,,,,,,
,,,,,,
,,,,,,
,,,,,,
,,,,,,
,,,,,,
,,,,,,
,,,,,,
,,,,,,
,,,,,,
,,,,,,
,,,,,,
,,,,,,
,,,,,,
,,,,,,
,,,,,,
,,,,,,
,,,,,,
,,,,,,
,,,,,,
,,,,,,
,,,,,,
,,,,,,
,,,,,,
,,,,,,
,,,,,,
,,,,,,
,,,,,,
,,,,,,
,,,,,,
,,,,,,
,,,,,,
,,,,,,
,,,,,,
,,,,,,
,,,,,,
,,,,,,
,,,,,,
,,,,,,
,,,,,,
,,,,,,
,,,,,,
,,,,,,
,,,,,,
,,,,,,
,,,,,,
,,,,,,
,,,,,,
,,,,,,
,,,,,,
,,,,,,
,,,,,,
,,,,,,
,,,,,,
,,,,,,
,,,,,,
,,,,,,
,,,,,,
,,,,,,
,,,,,,
,,,,,,
,,,,,,
,,,,,,
,,,,,,
,,,,,,
,,,,,,
,,,,,,
,,,,,,
,,,,,,
,,,,,,
,,,,,,
,,,,,,
,,,,,,
,,,,,,
,,,,,,
,,,,,,
,,,,,,
,,,,,,
,,,,,,
,,,,,,
,,,,,,
,,,,,,
,,,,,,
,,,,,,
,,,,,,
,,,,,,
,,,,,,
,,,,,,
,,,,,,
,,,,,,
,,,,,,
,,,,,,
,,,,,,
,,,,,,
,,,,,,
,,,,,,
,,,,,,
,,,,,,
,,,,,,
,,,,,,
,,,,,,
,,,,,,
,,,,,,
,,,,,,
,,,,,,
,,,,,,
,,,,,,
,,,,,,
,,,,,,
,,,,,,
,,,,,,
,,,,,,
,,,,,,
,,,,,,
,,,,,,
,,,,,,
,,,,,,
,,,,,,
,,,,,,
,,,,,,
,,,,,,
,,,,,,
,,,,,,
,,,,,,
,,,,,,
,,,,,,
,,,,,,
,,,,,,
,,,,,,
,,,,,,
,,,,,,
,,,,,,
,,,,,,
,,,,,,
,,,,,,
,,,,,,
,,,,,,
,,,,,,
,,,,,,
,,,,,,
,,,,,,
,,,,,,
,,,,,,
,,,,,,
,,,,,,
,,,,,,
,,,,,,
,,,,,,
,,,,,,
,,,,,,
,,,,,,
,,,,,,
,,,,,,
,,,,,,
,,,,,,
,,,,,,
,,,,,,
,,,,,,
,,,,,,
,,,,,,
,,,,,,
,,,,,,
,,,,,,
,,,,,,
,,,,,,
,,,,,,
,,,,,,
,,,,,,
,,,,,,
,,,,,,
,,,,,,
,,,,,,
,,,,,,
,,,,,,
,,,,,,
,,,,,,
,,,,,,
,,,,,,
,,,,,,
,,,,,,
,,,,,,
,,,,,,
,,,,,,
,,,,,,
,,,,,,
,,,,,,
,,,,,,
,,,,,,
,,,,,,
,,,,,,
,,,,,,
,,,,,,
,,,,,,
,,,,,,
,,,,,,
,,,,,,
,,,,,,
,,,,,,
,,,,,,
,,,,,,
,,,,,,
,,,,,,
,,,,,,
,,,,,,
,,,,,,
,,,,,,
,,,,,,
,,,,,,
,,,,,,
,,,,,,
,,,,,,
,,,,,,
,,,,,,
,,,,,,
,,,,,,
,,,,,,
,,,,,,
,,,,,,
,,,,,,
,,,,,,
,,,,,,
,,,,,,
,,,,,,
,,,,,,
,,,,,,
,,,,,,
,,,,,,
,,,,,,
,,,,,,
,,,,,,
,,,,,,
,,,,,,
,,,,,,
,,,,,,
,,,,,,
,,,,,,
,,,,,,
,,,,,,
,,,,,,
,,,,,,
,,,,,,
,,,,,,
,,,,,,
,,,,,,
,,,,,,
,,,,,,
,,,,,,
,,,,,,
,,,,,,
,,,,,,
,,,,,,
,,,,,,
,,,,,,
,,,,,,
,,,,,,
,,,,,,
,,,,,,
,,,,,,
,,,,,,
,,,,,,
,,,,,,
,,,,,,
,,,,,,
,,,,,,
,,,,,,
,,,,,,
,,,,,,
,,,,,,
,,,,,,
,,,,,,
,,,,,,
,,,,,,
,,,,,,
,,,,,,
,,,,,,
,,,,,,
,,,,,,
,,,,,,
,,,,,,
,,,,,,
,,,,,,
,,,,,,
,,,,,,
,,,,,,
,,,,,,
,,,,,,
,,,,,,
,,,,,,
,,,,,,
,,,,,,
,,,,,,
,,,,,,
,,,,,,
,,,,,,
,,,,,,
,,,,,,
,,,,,,
,,,,,,
,,,,,,
,,,,,,
,,,,,,
,,,,,,
,,,,,,
,,,,,,
,,,,,,
,,,,,,
,,,,,,
,,,,,,
,,,,,,
,,,,,,
,,,,,,
,,,,,,
,,,,,,
,,,,,,
,,,,,,
,,,,,,
,,,,,,
,,,,,,
,,,,,,
,,,,,,
,,,,,,
,,,,,,
,,,,,,
,,,,,,
,,,,,,
,,,,,,
,,,,,,
,,,,,,
,,,,,,
,,,,,,
,,,,,,
,,,,,,
,,,,,,
,,,,,,
,,,,,,
,,,,,,
,,,,,,
,,,,,,
,,,,,,
,,,,,,
,,,,,,
,,,,,,
,,,,,,
,,,,,,
,,,,,,
,,,,,,
,,,,,,
,,,,,,
,,,,,,
,,,,,,
,,,,,,
,,,,,,
,,,,,,
,,,,,,
,,,,,,
,,,,,,
,,,,,,
,,,,,,
,,,,,,
,,,,,,
,,,,,,
,,,,,,
,,,,,,
,,,,,,
,,,,,,
,,,,,,
,,,,,,
,,,,,,
,,,,,,
,,,,,,
,,,,,,
,,,,,,
,,,,,,
,,,,,,
,,,,,,
,,,,,,
,,,,,,
,,,,,,
,,,,,,
,,,,,,
,,,,,,
,,,,,,
,,,,,,
,,,,,,
,,,,,,
,,,,,,
,,,,,,
,,,,,,
,,,,,,
,,,,,,
,,,,,,
,,,,,,
,,,,,,
,,,,,,
,,,,,,
,,,,,,
,,,,,,
,,,,,,
,,,,,,
,,,,,,
,,,,,,
,,,,,,
,,,,,,
,,,,,,
,,,,,,
,,,,,,
,,,,,,
,,,,,,
,,,,,,
,,,,,,
,,,,,,
,,,,,,
,,,,,,
,,,,,,
,,,,,,
,,,,,,
,,,,,,
,,,,,,
,,,,,,
,,,,,,
,,,,,,
,,,,,,
,,,,,,
,,,,,,
,,,,,,
,,,,,,
,,,,,,
,,,,,,
,,,,,,
,,,,,,
,,,,,,
,,,,,,
,,,,,,
,,,,,,
,,,,,,
,,,,,,
,,,,,,
,,,,,,
,,,,,,
,,,,,,
,,,,,,
,,,,,,
,,,,,,
,,,,,,
,,,,,,
,,,,,,
,,,,,,
,,,,,,
,,,,,,
,,,,,,
,,,,,,
,,,,,,
,,,,,,
,,,,,,
,,,,,,
,,,,,,
,,,,,,
,,,,,,
,,,,,,
,,,,,,
,,,,,,
,,,,,,
,,,,,,
,,,,,,
,,,,,,
,,,,,,
,,,,,,
,,,,,,
,,,,,,
,,,,,,
,,,,,,
,,,,,,
,,,,,,
,,,,,,
,,,,,,
,,,,,,
,,,,,,
,,,,,,
,,,,,,
,,,,,,
,,,,,,
,,,,,,
,,,,,,
,,,,,,
,,,,,,
,,,,,,
,,,,,,
,,,,,,
,,,,,,
,,,,,,
,,,,,,
,,,,,,
,,,,,,
,,,,,,
,,,,,,
,,,,,,
,,,,,,
,,,,,,
,,,,,,
,,,,,,
,,,,,,
,,,,,,
,,,,,,
,,,,,,
,,,,,,
,,,,,,
,,,,,,
,,,,,,
,,,,,,
,,,,,,
,,,,,,
,,,,,,
,,,,,,
,,,,,,
,,,,,,
,,,,,,
,,,,,,
,,,,,,
,,,,,,
,,,,,,
,,,,,,
,,,,,,
,,,,,,
,,,,,,
,,,,,,
,,,,,,
,,,,,,
,,,,,,
,,,,,,
,,,,,,
,,,,,,
,,,,,,
,,,,,,
,,,,,,
,,,,,,
,,,,,,
,,,,,,
,,,,,,
,,,,,,
,,,,,,
,,,,,,
,,,,,,
,,,,,,
,,,,,,
,,,,,,
,,,,,,
,,,,,,
,,,,,,
,,,,,,
,,,,,,
,,,,,,
,,,,,,
,,,,,,
,,,,,,
,,,,,,
,,,,,,
,,,,,,
,,,,,,
,,,,,,
,,,,,,
,,,,,,
,,,,,,
,,,,,,
,,,,,,
,,,,,,
,,,,,,
,,,,,,
,,,,,,
,,,,,,
,,,,,,
,,,,,,
,,,,,,
,,,,,,
,,,,,,
,,,,,,
,,,,,,
,,,,,,
,,,,,,
,,,,,,
,,,,,,
,,,,,,
,,,,,,
,,,,,,
,,,,,,
,,,,,,
,,,,,,
,,,,,,
,,,,,,
,,,,,,
,,,,,,
,,,,,,
,,,,,,
,,,,,,
,,,,,,
,,,,,,
,,,,,,
,,,,,,
,,,,,,
,,,,,,
,,,,,,
,,,,,,
,,,,,,
,,,,,,
,,,,,,
,,,,,,
,,,,,,
,,,,,,
,,,,,,
,,,,,,
,,,,,,
,,,,,,
,,,,,,
,,,,,,
,,,,,,
,,,,,,
,,,,,,
,,,,,,
,,,,,,
,,,,,,
,,,,,,
,,,,,,
,,,,,,
,,,,,,
,,,,,,
,,,,,,
,,,,,,
,,,,,,
,,,,,,
,,,,,,
,,,,,,
,,,,,,
,,,,,,
,,,,,,
,,,,,,
,,,,,,
,,,,,,
,,,,,,
,,,,,,
,,,,,,
,,,,,,
,,,,,,
,,,,,,
,,,,,,
,,,,,,
,,,,,,
,,,,,,
,,,,,,
,,,,,,
,,,,,,
,,,,,,
,,,,,,
,,,,,,
,,,,,,
,,,,,,
,,,,,,
,,,,,,
,,,,,,
,,,,,,
,,,,,,
,,,,,,
,,,,,,
,,,,,,
,,,,,,
,,,,,,
,,,,,,
,,,,,,
,,,,,,
,,,,,,
,,,,,,
,,,,,,
,,,,,,
,,,,,,
,,,,,,
,,,,,,
,,,,,,
,,,,,,
,,,,,,
,,,,,,
,,,,,,
,,,,,,
,,,,,,
,,,,,,
,,,,,,
,,,,,,
,,,,,,
,,,,,,
,,,,,,
,,,,,,
,,,,,,
,,,,,,
,,,,,,
,,,,,,
,,,,,,
,,,,,,
,,,,,,
,,,,,,
,,,,,,
,,,,,,
,,,,,,
,,,,,,
,,,,,,
,,,,,,
,,,,,,
,,,,,,
,,,,,,
,,,,,,
,,,,,,
,,,,,,
,,,,,,
,,,,,,
,,,,,,
,,,,,,
,,,,,,
,,,,,,
,,,,,,
,,,,,,
,,,,,,
,,,,,,
,,,,,,
,,,,,,
,,,,,,
,,,,,,
,,,,,,
,,,,,,
,,,,,,
,,,,,,
,,,,,,
,,,,,,
,,,,,,
,,,,,,
,,,,,,
,,,,,,
,,,,,,
,,,,,,
,,,,,,
,,,,,,
,,,,,,
,,,,,,
,,,,,,
,,,,,,
,,,,,,
,,,,,,
,,,,,,
,,,,,,
,,,,,,
,,,,,,
,,,,,,
,,,,,,
,,,,,,
,,,,,,
,,,,,,
,,,,,,
,,,,,,
,,,,,,
,,,,,,
,,,,,,
,,,,,,
,,,,,,
,,,,,,
,,,,,,
,,,,,,
,,,,,,
,,,,,,
,,,,,,
,,,,,,
,,,,,,
,,,,,,
,,,,,,
,,,,,,
,,,,,,
,,,,,,
,,,,,,
,,,,,,
,,,,,,
,,,,,,
,,,,,,
,,,,,,
,,,,,,
,,,,,,
,,,,,,
,,,,,,
,,,,,,
,,,,,,
,,,,,,
,,,,,,
,,,,,,
,,,,,,
,,,,,,
,,,,,,
,,,,,,
,,,,,,
,,,,,,
,,,,,,
,,,,,,
,,,,,,
,,,,,,
,,,,,,
,,,,,,
,,,,,,
,,,,,,
,,,,,,
,,,,,,
,,,,,,
,,,,,,
,,,,,,
,,,,,,
,,,,,,
,,,,,,
,,,,,,
,,,,,,
,,,,,,
,,,,,,
,,,,,,
,,,,,,
,,,,,,
,,,,,,
,,,,,,
,,,,,,
,,,,,,
,,,,,,
,,,,,,
,,,,,,
,,,,,,
,,,,,,
,,,,,,
,,,,,,
,,,,,,
,,,,,,
,,,,,,
,,,,,,
,,,,,,
,,,,,,
,,,,,,
,,,,,,
,,,,,,
,,,,,,
,,,,,,
,,,,,,
,,,,,,
,,,,,,
,,,,,,
,,,,,,
,,,,,,
,,,,,,
,,,,,,
,,,,,,
,,,,,,
,,,,,,
,,,,,,
,,,,,,
,,,,,,
,,,,,,
,,,,,,
,,,,,,
,,,,,,
,,,,,,
,,,,,,
,,,,,,
,,,,,,
,,,,,,
,,,,,,
,,,,,,
,,,,,,
,,,,,,
,,,,,,
,,,,,,
,,,,,,
,,,,,,
,,,,,,
,,,,,,
,,,,,,
,,,,,,
,,,,,,
,,,,,,
,,,,,,
,,,,,,
,,,,,,
,,,,,,
,,,,,,
,,,,,,
,,,,,,
,,,,,,
,,,,,,
,,,,,,
,,,,,,
,,,,,,
,,,,,,
,,,,,,
,,,,,,
,,,,,,
,,,,,,
,,,,,,
,,,,,,
,,,,,,
,,,,,,
,,,,,,
,,,,,,
,,,,,,
,,,,,,
,,,,,,
,,,,,,
,,,,,,
,,,,,,
,,,,,,
,,,,,,
,,,,,,
,,,,,,
,,,,,,
,,,,,,
,,,,,,
,,,,,,
,,,,,,
,,,,,,
,,,,,,
,,,,,,
,,,,,,
,,,,,,
,,,,,,
,,,,,,
,,,,,,
,,,,,,
,,,,,,
,,,,,,
,,,,,,
,,,,,,
,,,,,,
,,,,,,
,,,,,,
,,,,,,
,,,,,,
,,,,,,
,,,,,,
,,,,,,
,,,,,,
,,,,,,
,,,,,,
,,,,,,
,,,,,,
,,,,,,
,,,,,,
,,,,,,
,,,,,,
,,,,,,
,,,,,,
,,,,,,
,,,,,,
,,,,,,
,,,,,,
,,,,,,
,,,,,,
,,,,,,
,,,,,,
,,,,,,
,,,,,,
,,,,,,
,,,,,,
,,,,,,
,,,,,,
,,,,,,
,,,,,,
,,,,,,
,,,,,,
,,,,,,
,,,,,,
,,,,,,
,,,,,,
,,,,,,
,,,,,,
,,,,,,
,,,,,,
,,,,,,
,,,,,,
,,,,,,
,,,,,,
,,,,,,
,,,,,,
,,,,,,
,,,,,,
,,,,,,
,,,,,,
,,,,,,
,,,,,,
,,,,,,
,,,,,,
,,,,,,
,,,,,,
,,,,,,
,,,,,,
,,,,,,
,,,,,,
,,,,,,
,,,,,,
,,,,,,
,,,,,,
,,,,,,
,,,,,,
,,,,,,
,,,,,,
,,,,,,
,,,,,,
,,,,,,
,,,,,,
,,,,,,
,,,,,,
,,,,,,
,,,,,,
,,,,,,
,,,,,,
,,,,,,
,,,,,,
,,,,,,
,,,,,,
,,,,,,
,,,,,,
,,,,,,
,,,,,,
,,,,,,
,,,,,,
,,,,,,
,,,,,,
,,,,,,
,,,,,,
,,,,,,
,,,,,,
,,,,,,
,,,,,,
,,,,,,
,,,,,,
,,,,,,
,,,,,,
,,,,,,
,,,,,,
,,,,,,
,,,,,,
,,,,,,
,,,,,,
,,,,,,
,,,,,,
,,,,,,
,,,,,,
,,,,,,
,,,,,,
,,,,,,
,,,,,,
,,,,,,
,,,,,,
,,,,,,
,,,,,,
,,,,,,
,,,,,,
,,,,,,
,,,,,,
,,,,,,
,,,,,,
,,,,,,
,,,,,,
,,,,,,
,,,,,,
,,,,,,
,,,,,,
,,,,,,
,,,,,,
,,,,,,
,,,,,,
,,,,,,
,,,,,,
,,,,,,
,,,,,,
,,,,,,
,,,,,,
,,,,,,
,,,,,,
,,,,,,
,,,,,,
,,,,,,
,,,,,,
,,,,,,
,,,,,,
,,,,,,
,,,,,,
,,,,,,
,,,,,,
,,,,,,
,,,,,,
,,,,,,
,,,,,,
,,,,,,
,,,,,,
,,,,,,
,,,,,,
,,,,,,
,,,,,,
,,,,,,
,,,,,,
,,,,,,
,,,,,,
,,,,,,
,,,,,,
,,,,,,
,,,,,,
,,,,,,
,,,,,,
,,,,,,
,,,,,,
,,,,,,
,,,,,,
,,,,,,
,,,,,,
,,,,,,
,,,,,,
,,,,,,
,,,,,,
,,,,,,
,,,,,,
,,,,,,
,,,,,,
,,,,,,
,,,,,,
,,,,,,
,,,,,,
,,,,,,
,,,,,,
,,,,,,
,,,,,,
,,,,,,
,,,,,,
,,,,,,
,,,,,,
,,,,,,
,,,,,,
,,,,,,
,,,,,,
,,,,,,
,,,,,,
,,,,,,
,,,,,,
,,,,,,
,,,,,,
,,,,,,
,,,,,,
,,,,,,
,,,,,,
,,,,,,
,,,,,,
,,,,,,
,,,,,,
,,,,,,
,,,,,,
,,,,,,
,,,,,,
,,,,,,
,,,,,,
,,,,,,
,,,,,,
,,,,,,
,,,,,,
,,,,,,
,,,,,,
,,,,,,
,,,,,,
,,,,,,
,,,,,,
,,,,,,
,,,,,,
,,,,,,
,,,,,,
,,,,,,
,,,,,,
,,,,,,
,,,,,,
,,,,,,
,,,,,,
,,,,,,
,,,,,,
,,,,,,
,,,,,,
,,,,,,
,,,,,,
,,,,,,
,,,,,,
,,,,,,
,,,,,,
,,,,,,
,,,,,,
,,,,,,
,,,,,,
,,,,,,
,,,,,,
,,,,,,
,,,,,,
,,,,,,
,,,,,,
,,,,,,
,,,,,,
,,,,,,
,,,,,,
,,,,,,
,,,,,,
,,,,,,
,,,,,,
,,,,,,
,,,,,,
,,,,,,
,,,,,,
,,,,,,
,,,,,,
,,,,,,
,,,,,,
,,,,,,
,,,,,,
,,,,,,
,,,,,,
,,,,,,
,,,,,,
,,,,,,
,,,,,,
,,,,,,
,,,,,,
,,,,,,
,,,,,,
,,,,,,
,,,,,,
,,,,,,
,,,,,,
,,,,,,
,,,,,,
,,,,,,
,,,,,,
,,,,,,
,,,,,,
,,,,,,
,,,,,,
,,,,,,
,,,,,,
,,,,,,
,,,,,,
,,,,,,
,,,,,,
,,,,,,
,,,,,,
,,,,,,
,,,,,,
,,,,,,
,,,,,,
,,,,,,
,,,,,,
,,,,,,
,,,,,,
,,,,,,
,,,,,,
,,,,,,
,,,,,,
,,,,,,
,,,,,,
,,,,,,
,,,,,,
,,,,,,
,,,,,,
,,,,,,
,,,,,,
,,,,,,
,,,,,,
,,,,,,
,,,,,,
,,,,,,
,,,,,,
,,,,,,
,,,,,,
,,,,,,
,,,,,,
,,,,,,
,,,,,,
,,,,,,
,,,,,,
,,,,,,
,,,,,,
,,,,,,
,,,,,,
,,,,,,
,,,,,,
,,,,,,
,,,,,,
,,,,,,
,,,,,,
,,,,,,
,,,,,,
,,,,,,
,,,,,,
,,,,,,
,,,,,,
,,,,,,
,,,,,,
,,,,,,
,,,,,,
,,,,,,
,,,,,,
,,,,,,
,,,,,,
,,,,,,
,,,,,,
,,,,,,
,,,,,,
,,,,,,
,,,,,,
,,,,,,
,,,,,,
,,,,,,
,,,,,,
,,,,,,
,,,,,,
,,,,,,
,,,,,,
,,,,,,
,,,,,,
,,,,,,
,,,,,,
,,,,,,
,,,,,,
,,,,,,
,,,,,,
,,,,,,
,,,,,,
,,,,,,
,,,,,,
,,,,,,
,,,,,,
,,,,,,
,,,,,,
,,,,,,
,,,,,,
,,,,,,
,,,,,,
,,,,,,
,,,,,,
,,,,,,
,,,,,,
,,,,,,
,,,,,,
,,,,,,
,,,,,,
,,,,,,
,,,,,,
,,,,,,
,,,,,,
,,,,,,
,,,,,,
,,,,,,
,,,,,,
,,,,,,
,,,,,,
,,,,,,
,,,,,,
,,,,,,
,,,,,,
,,,,,,
,,,,,,
,,,,,,
,,,,,,
,,,,,,
,,,,,,
,,,,,,
,,,,,,
,,,,,,
,,,,,,
,,,,,,
,,,,,,
,,,,,,
,,,,,,
,,,,,,
,,,,,,
,,,,,,
,,,,,,
,,,,,,
,,,,,,
,,,,,,
,,,,,,
,,,,,,
,,,,,,
,,,,,,
,,,,,,
,,,,,,
,,,,,,
,,,,,,
,,,,,,
,,,,,,
,,,,,,
,,,,,,
,,,,,,
,,,,,,
,,,,,,
,,,,,,
,,,,,,
,,,,,,
,,,,,,
,,,,,,
,,,,,,
,,,,,,
,,,,,,
,,,,,,
,,,,,,
,,,,,,
,,,,,,
,,,,,,
,,,,,,
,,,,,,
,,,,,,
,,,,,,
,,,,,,
,,,,,,
,,,,,,
,,,,,,
,,,,,,
,,,,,,
,,,,,,
,,,,,,
,,,,,,
,,,,,,
,,,,,,
,,,,,,
,,,,,,
,,,,,,
,,,,,,
,,,,,,
,,,,,,
,,,,,,
,,,,,,
,,,,,,
,,,,,,
,,,,,,
,,,,,,
,,,,,,
,,,,,,
,,,,,,
,,,,,,
,,,,,,
,,,,,,
,,,,,,
,,,,,,
,,,,,,
,,,,,,
,,,,,,
,,,,,,
,,,,,,
,,,,,,
,,,,,,
,,,,,,
,,,,,,
,,,,,,
,,,,,,
,,,,,,
,,,,,,
,,,,,,
,,,,,,
,,,,,,
,,,,,,
,,,,,,
,,,,,,
,,,,,,
,,,,,,
,,,,,,
,,,,,,
,,,,,,
,,,,,,
,,,,,,
,,,,,,
,,,,,,
,,,,,,
,,,,,,
,,,,,,
,,,,,,
,,,,,,
,,,,,,
,,,,,,
,,,,,,
,,,,,,
,,,,,,
,,,,,,
,,,,,,
,,,,,,
,,,,,,
,,,,,,
,,,,,,
,,,,,,
,,,,,,
,,,,,,
,,,,,,
,,,,,,
,,,,,,
,,,,,,
,,,,,,
,,,,,,
,,,,,,
,,,,,,
,,,,,,
,,,,,,
,,,,,,
,,,,,,
,,,,,,
,,,,,,
,,,,,,
,,,,,,
,,,,,,
,,,,,,
,,,,,,
,,,,,,
,,,,,,
,,,,,,
,,,,,,
,,,,,,
,,,,,,
,,,,,,
,,,,,,
,,,,,,
,,,,,,
,,,,,,
,,,,,,
,,,,,,
,,,,,,
,,,,,,
,,,,,,
,,,,,,
,,,,,,
,,,,,,
,,,,,,
,,,,,,
,,,,,,
,,,,,,
,,,,,,
,,,,,,
,,,,,,
,,,,,,
,,,,,,
,,,,,,
,,,,,,
,,,,,,
,,,,,,
,,,,,,
,,,,,,
,,,,,,
,,,,,,
,,,,,,
,,,,,,
,,,,,,
,,,,,,
,,,,,,
,,,,,,
,,,,,,
,,,,,,
,,,,,,
,,,,,,
,,,,,,
,,,,,,
,,,,,,
,,,,,,
,,,,,,
,,,,,,
,,,,,,
,,,,,,
,,,,,,
,,,,,,
,,,,,,
,,,,,,
,,,,,,
,,,,,,
,,,,,,
,,,,,,
,,,,,,
,,,,,,
,,,,,,
,,,,,,
,,,,,,
,,,,,,
,,,,,,
,,,,,,
,,,,,,
,,,,,,
,,,,,,
,,,,,,
,,,,,,
,,,,,,
,,,,,,
,,,,,,
,,,,,,
,,,,,,
,,,,,,
,,,,,,
,,,,,,
,,,,,,
,,,,,,
,,,,,,
,,,,,,
,,,,,,
,,,,,,
,,,,,,
,,,,,,
,,,,,,
,,,,,,
,,,,,,
,,,,,,
,,,,,,
,,,,,,
,,,,,,
,,,,,,
,,,,,,
,,,,,,
,,,,,,
,,,,,,
,,,,,,
,,,,,,
,,,,,,
,,,,,,
,,,,,,
,,,,,,
,,,,,,
,,,,,,
,,,,,,
,,,,,,
,,,,,,
,,,,,,
,,,,,,
,,,,,,
,,,,,,
,,,,,,
,,,,,,
,,,,,,
,,,,,,
,,,,,,
,,,,,,
,,,,,,
,,,,,,
,,,,,,
,,,,,,
,,,,,,
,,,,,,
,,,,,,
,,,,,,
,,,,,,
,,,,,,
,,,,,,
,,,,,,
,,,,,,
,,,,,,
,,,,,,
,,,,,,
,,,,,,
,,,,,,
,,,,,,
,,,,,,
,,,,,,
,,,,,,
,,,,,,
,,,,,,
,,,,,,
,,,,,,
,,,,,,
,,,,,,
,,,,,,
,,,,,,
,,,,,,
,,,,,,
,,,,,,
,,,,,,
,,,,,,
,,,,,,
,,,,,,
,,,,,,
,,,,,,
,,,,,,
,,,,,,
,,,,,,
,,,,,,
,,,,,,
,,,,,,
,,,,,,
,,,,,,
,,,,,,
,,,,,,
,,,,,,
,,,,,,
,,,,,,
,,,,,,
,,,,,,
,,,,,,
,,,,,,
,,,,,,
,,,,,,
,,,,,,
,,,,,,
,,,,,,
,,,,,,
,,,,,,
,,,,,,
,,,,,,
,,,,,,
,,,,,,
,,,,,,
,,,,,,
,,,,,,
,,,,,,
,,,,,,
,,,,,,
,,,,,,
,,,,,,
,,,,,,
,,,,,,
,,,,,,
,,,,,,
,,,,,,
,,,,,,
,,,,,,
,,,,,,
,,,,,,
,,,,,,
,,,,,,
,,,,,,
,,,,,,
,,,,,,
,,,,,,
,,,,,,
,,,,,,
,,,,,,
,,,,,,
,,,,,,
,,,,,,
,,,,,,
,,,,,,
,,,,,,
,,,,,,
,,,,,,
,,,,,,
,,,,,,
,,,,,,
,,,,,,
,,,,,,
,,,,,,
,,,,,,
,,,,,,
,,,,,,
,,,,,,
,,,,,,
,,,,,,
,,,,,,
,,,,,,
,,,,,,
,,,,,,
,,,,,,
,,,,,,
,,,,,,
,,,,,,
,,,,,,
,,,,,,
,,,,,,
,,,,,,
,,,,,,
,,,,,,
,,,,,,
,,,,,,
,,,,,,
,,,,,,
,,,,,,
,,,,,,
,,,,,,
,,,,,,
,,,,,,
,,,,,,
,,,,,,
,,,,,,
,,,,,,
,,,,,,
,,,,,,
,,,,,,
,,,,,,
,,,,,,
,,,,,,
,,,,,,
,,,,,,
,,,,,,
,,,,,,
,,,,,,
,,,,,,
,,,,,,
,,,,,,
,,,,,,
,,,,,,
,,,,,,
,,,,,,
,,,,,,
,,,,,,
,,,,,,
,,,,,,
,,,,,,
,,,,,,
,,,,,,
,,,,,,
,,,,,,
,,,,,,
,,,,,,
,,,,,,
,,,,,,
,,,,,,
,,,,,,
,,,,,,
,,,,,,
,,,,,,
,,,,,,
,,,,,,
,,,,,,
,,,,,,
,,,,,,
,,,,,,
,,,,,,
,,,,,,
,,,,,,
,,,,,,
,,,,,,
,,,,,,
,,,,,,
,,,,,,
,,,,,,
,,,,,,
,,,,,,
,,,,,,
,,,,,,
,,,,,,
,,,,,,
,,,,,,
,,,,,,
,,,,,,
,,,,,,
,,,,,,
,,,,,,
,,,,,,
,,,,,,
,,,,,,
,,,,,,
,,,,,,
,,,,,,
,,,,,,
,,,,,,
,,,,,,
,,,,,,
,,,,,,
,,,,,,
,,,,,,
,,,,,,
,,,,,,
,,,,,,
,,,,,,
,,,,,,
,,,,,,
,,,,,,
,,,,,,
,,,,,,
,,,,,,
,,,,,,
,,,,,,
,,,,,,
,,,,,,
,,,,,,
,,,,,,
,,,,,,
,,,,,,
,,,,,,
,,,,,,
,,,,,,
,,,,,,
,,,,,,
,,,,,,
,,,,,,
,,,,,,
,,,,,,
,,,,,,
,,,,,,
,,,,,,
,,,,,,
,,,,,,
,,,,,,
,,,,,,
,,,,,,
,,,,,,
,,,,,,
,,,,,,
,,,,,,
,,,,,,
,,,,,,
,,,,,,
,,,,,,
,,,,,,
,,,,,,
,,,,,,
,,,,,,
,,,,,,
,,,,,,
,,,,,,
,,,,,,
,,,,,,
,,,,,,
,,,,,,
,,,,,,
,,,,,,
,,,,,,
,,,,,,
,,,,,,
,,,,,,
,,,,,,
,,,,,,
,,,,,,
,,,,,,
,,,,,,
,,,,,,
,,,,,,
,,,,,,
,,,,,,
,,,,,,
,,,,,,
,,,,,,
,,,,,,
,,,,,,
,,,,,,
,,,,,,
,,,,,,
,,,,,,
,,,,,,
,,,,,,
,,,,,,
,,,,,,
,,,,,,
,,,,,,
,,,,,,
,,,,,,
,,,,,,
,,,,,,
,,,,,,
,,,,,,
,,,,,,
,,,,,,
,,,,,,
,,,,,,
,,,,,,
,,,,,,
,,,,,,
,,,,,,
,,,,,,
,,,,,,
,,,,,,
,,,,,,
,,,,,,
,,,,,,
,,,,,,
,,,,,,
,,,,,,
,,,,,,
,,,,,,
,,,,,,
,,,,,,
,,,,,,
,,,,,,
,,,,,,
,,,,,,
,,,,,,
,,,,,,
,,,,,,
,,,,,,
,,,,,,
,,,,,,
,,,,,,
,,,,,,
,,,,,,
,,,,,,
,,,,,,
,,,,,,
,,,,,,
,,,,,,
,,,,,,
,,,,,,
,,,,,,
,,,,,,
,,,,,,
,,,,,,
,,,,,,
,,,,,,
,,,,,,
,,,,,,
,,,,,,
,,,,,,
,,,,,,
,,,,,,
,,,,,,
,,,,,,
,,,,,,
,,,,,,
,,,,,,
,,,,,,
,,,,,,
,,,,,,
,,,,,,
,,,,,,
,,,,,,
,,,,,,
,,,,,,
,,,,,,
,,,,,,
,,,,,,
,,,,,,
,,,,,,
,,,,,,
,,,,,,
,,,,,,
,,,,,,
,,,,,,
,,,,,,
,,,,,,
,,,,,,
,,,,,,
,,,,,,
,,,,,,
,,,,,,
,,,,,,
,,,,,,
,,,,,,
,,,,,,
,,,,,,
,,,,,,
,,,,,,
,,,,,,
,,,,,,
,,,,,,
,,,,,,
,,,,,,
,,,,,,
,,,,,,
,,,,,,
,,,,,,
,,,,,,
,,,,,,
,,,,,,
,,,,,,
,,,,,,
,,,,,,
,,,,,,
,,,,,,
,,,,,,
,,,,,,
,,,,,,
,,,,,,
,,,,,,
,,,,,,
,,,,,,
,,,,,,
,,,,,,
,,,,,,
,,,,,,
,,,,,,
,,,,,,
,,,,,,
,,,,,,
,,,,,,
,,,,,,
,,,,,,
,,,,,,
,,,,,,
,,,,,,
,,,,,,
,,,,,,
,,,,,,
,,,,,,
,,,,,,
,,,,,,
,,,,,,
,,,,,,
,,,,,,
,,,,,,
,,,,,,
,,,,,,
,,,,,,
,,,,,,
,,,,,,
,,,,,,
,,,,,,
,,,,,,
,,,,,,
,,,,,,
,,,,,,
,,,,,,
,,,,,,
,,,,,,
,,,,,,
,,,,,,
,,,,,,
,,,,,,
,,,,,,
,,,,,,
,,,,,,
,,,,,,
,,,,,,
,,,,,,
,,,,,,
,,,,,,
,,,,,,
,,,,,,
,,,,,,
,,,,,,
,,,,,,
,,,,,,
,,,,,,
,,,,,,
,,,,,,
,,,,,,
,,,,,,
,,,,,,
,,,,,,
,,,,,,
,,,,,,
,,,,,,
,,,,,,
,,,,,,
,,,,,,
,,,,,,
,,,,,,
,,,,,,
,,,,,,
,,,,,,
,,,,,,
,,,,,,
,,,,,,
,,,,,,
,,,,,,
,,,,,,
,,,,,,
,,,,,,
,,,,,,
,,,,,,
,,,,,,
,,,,,,
,,,,,,
,,,,,,
,,,,,,
,,,,,,
,,,,,,
,,,,,,
,,,,,,
,,,,,,
,,,,,,
,,,,,,
,,,,,,
,,,,,,
,,,,,,
,,,,,,
,,,,,,
,,,,,,
,,,,,,
,,,,,,
,,,,,,
,,,,,,
,,,,,,
,,,,,,
,,,,,,
,,,,,,
,,,,,,
,,,,,,
,,,,,,
,,,,,,
,,,,,,
,,,,,,
,,,,,,
,,,,,,
,,,,,,
,,,,,,
,,,,,,
,,,,,,
,,,,,,
,,,,,,
,,,,,,
,,,,,,
,,,,,,
,,,,,,
,,,,,,
,,,,,,
,,,,,,
,,,,,,
,,,,,,
,,,,,,
,,,,,,
,,,,,,
,,,,,,
,,,,,,
,,,,,,
,,,,,,
,,,,,,
,,,,,,
,,,,,,
,,,,,,
,,,,,,
,,,,,,
,,,,,,
,,,,,,
,,,,,,
,,,,,,
,,,,,,
,,,,,,
,,,,,,
,,,,,,
,,,,,,
,,,,,,
,,,,,,
,,,,,,
,,,,,,
,,,,,,
,,,,,,
,,,,,,
,,,,,,
,,,,,,
,,,,,,
,,,,,,
,,,,,,
,,,,,,
,,,,,,
,,,,,,
,,,,,,
,,,,,,
,,,,,,
,,,,,,
,,,,,,
,,,,,,
,,,,,,
,,,,,,
,,,,,,
,,,,,,
,,,,,,
,,,,,,
,,,,,,
,,,,,,
,,,,,,
,,,,,,
,,,,,,
,,,,,,
,,,,,,
,,,,,,
,,,,,,
,,,,,,
,,,,,,
,,,,,,
,,,,,,
,,,,,,
,,,,,,
,,,,,,
,,,,,,
,,,,,,
,,,,,,
,,,,,,
,,,,,,
,,,,,,
,,,,,,
,,,,,,
,,,,,,
,,,,,,
,,,,,,
,,,,,,
,,,,,,
,,,,,,
,,,,,,
,,,,,,
,,,,,,
,,,,,,
,,,,,,
,,,,,,
,,,,,,
,,,,,,
,,,,,,
,,,,,,
,,,,,,
,,,,,,
,,,,,,
,,,,,,
,,,,,,
,,,,,,
,,,,,,
,,,,,,
,,,,,,
,,,,,,
,,,,,,
,,,,,,
,,,,,,
,,,,,,
,,,,,,
,,,,,,
,,,,,,
,,,,,,
,,,,,,
,,,,,,
,,,,,,
,,,,,,
,,,,,,
,,,,,,
,,,,,,
,,,,,,
,,,,,,
,,,,,,
,,,,,,
,,,,,,
,,,,,,
,,,,,,
,,,,,,
,,,,,,
,,,,,,
,,,,,,
,,,,,,
,,,,,,
,,,,,,
,,,,,,
,,,,,,
,,,,,,
,,,,,,
,,,,,,
,,,,,,
,,,,,,
,,,,,,
,,,,,,
,,,,,,
,,,,,,
,,,,,,
,,,,,,
,,,,,,
,,,,,,
,,,,,,
,,,,,,
,,,,,,
,,,,,,
,,,,,,
,,,,,,
,,,,,,
,,,,,,
,,,,,,
,,,,,,
,,,,,,
,,,,,,
,,,,,,
,,,,,,
,,,,,,
,,,,,,
,,,,,,
,,,,,,
,,,,,,
,,,,,,
,,,,,,
,,,,,,
,,,,,,
,,,,,,
,,,,,,
,,,,,,
,,,,,,
,,,,,,
,,,,,,
,,,,,,
,,,,,,
,,,,,,
,,,,,,
,,,,,,
,,,,,,
,,,,,,
,,,,,,
,,,,,,
,,,,,,
,,,,,,
,,,,,,
,,,,,,
,,,,,,
,,,,,,
,,,,,,
,,,,,,
,,,,,,
,,,,,,
,,,,,,
,,,,,,
,,,,,,
,,,,,,
,,,,,,
,,,,,,
,,,,,,
,,,,,,
,,,,,,
,,,,,,
,,,,,,
,,,,,,
,,,,,,
,,,,,,
,,,,,,
,,,,,,
,,,,,,
,,,,,,
,,,,,,
,,,,,,
,,,,,,
,,,,,,
,,,,,,
,,,,,,
,,,,,,
,,,,,,
,,,,,,
,,,,,,
,,,,,,
,,,,,,
,,,,,,
,,,,,,
,,,,,,
,,,,,,
,,,,,,
,,,,,,
,,,,,,
,,,,,,
,,,,,,
,,,,,,
,,,,,,
,,,,,,
,,,,,,
,,,,,,
,,,,,,
,,,,,,
,,,,,,
,,,,,,
,,,,,,
,,,,,,
,,,,,,
,,,,,,
,,,,,,
,,,,,,
,,,,,,
,,,,,,
,,,,,,
,,,,,,
,,,,,,
,,,,,,
,,,,,,
,,,,,,
,,,,,,
,,,,,,
,,,,,,
,,,,,,
,,,,,,
,,,,,,
,,,,,,
,,,,,,
,,,,,,
,,,,,,
,,,,,,
,,,,,,
,,,,,,
,,,,,,
,,,,,,
,,,,,,
,,,,,,
,,,,,,
,,,,,,
,,,,,,
,,,,,,
,,,,,,
,,,,,,
,,,,,,
,,,,,,
,,,,,,
,,,,,,
,,,,,,
,,,,,,
,,,,,,
,,,,,,
,,,,,,
,,,,,,
,,,,,,
,,,,,,
,,,,,,
,,,,,,
,,,,,,
,,,,,,
,,,,,,
,,,,,,
,,,,,,
,,,,,,
,,,,,,
,,,,,,
,,,,,,
,,,,,,
,,,,,,
,,,,,,
,,,,,,
,,,,,,
,,,,,,
,,,,,,
,,,,,,
,,,,,,
,,,,,,
,,,,,,
,,,,,,
,,,,,,
,,,,,,
,,,,,,
,,,,,,
,,,,,,
,,,,,,
,,,,,,
,,,,,,
,,,,,,
,,,,,,
,,,,,,
,,,,,,
,,,,,,
,,,,,,
,,,,,,
,,,,,,
,,,,,,
,,,,,,
,,,,,,
,,,,,,
,,,,,,
,,,,,,
,,,,,,
,,,,,,
,,,,,,
,,,,,,
,,,,,,
,,,,,,
,,,,,,
,,,,,,
,,,,,,
,,,,,,
,,,,,,
,,,,,,
,,,,,,
,,,,,,
,,,,,,
,,,,,,
,,,,,,
,,,,,,
,,,,,,
,,,,,,
,,,,,,
,,,,,,
,,,,,,
,,,,,,
,,,,,,
,,,,,,
,,,,,,
,,,,,,
,,,,,,
,,,,,,
,,,,,,
,,,,,,
,,,,,,
,,,,,,
,,,,,,
,,,,,,
,,,,,,
,,,,,,
,,,,,,
,,,,,,
,,,,,,
,,,,,,
,,,,,,
,,,,,,
,,,,,,
,,,,,,
,,,,,,
,,,,,,
,,,,,,
,,,,,,
,,,,,,
,,,,,,
,,,,,,
,,,,,,
,,,,,,
,,,,,,
,,,,,,
,,,,,,
,,,,,,
,,,,,,
,,,,,,
,,,,,,
,,,,,,
,,,,,,
,,,,,,
,,,,,,
,,,,,,
,,,,,,
,,,,,,
,,,,,,
,,,,,,
,,,,,,
,,,,,,
,,,,,,
,,,,,,
,,,,,,
,,,,,,
,,,,,,
,,,,,,
,,,,,,
,,,,,,
,,,,,,
,,,,,,
,,,,,,
,,,,,,
,,,,,,
,,,,,,
,,,,,,
,,,,,,
,,,,,,
,,,,,,
,,,,,,
,,,,,,
,,,,,,
,,,,,,
,,,,,,
,,,,,,
,,,,,,
,,,,,,
,,,,,,
,,,,,,
,,,,,,
,,,,,,
,,,,,,
,,,,,,
,,,,,,
,,,,,,
,,,,,,
,,,,,,
,,,,,,
,,,,,,
,,,,,,
,,,,,,
,,,,,,
,,,,,,
,,,,,,
,,,,,,
,,,,,,
,,,,,,
,,,,,,
,,,,,,
,,,,,,
,,,,,,
,,,,,,
,,,,,,
,,,,,,
,,,,,,
,,,,,,
,,,,,,
,,,,,,
,,,,,,
,,,,,,
,,,,,,
,,,,,,
,,,,,,
,,,,,,
,,,,,,
,,,,,,
,,,,,,
,,,,,,
,,,,,,
,,,,,,
,,,,,,
,,,,,,
,,,,,,
,,,,,,
,,,,,,
,,,,,,
,,,,,,
,,,,,,
,,,,,,
,,,,,,
,,,,,,
,,,,,,
,,,,,,
,,,,,,
,,,,,,
,,,,,,
,,,,,,
,,,,,,
,,,,,,
,,,,,,
,,,,,,
,,,,,,
,,,,,,
,,,,,,
,,,,,,
,,,,,,
,,,,,,
,,,,,,
,,,,,,
,,,,,,
,,,,,,
,,,,,,
,,,,,,
,,,,,,
,,,,,,
,,,,,,
,,,,,,
,,,,,,
,,,,,,
,,,,,,
,,,,,,
,,,,,,
,,,,,,
,,,,,,
,,,,,,
,,,,,,
,,,,,,
,,,,,,
,,,,,,
,,,,,,
,,,,,,
,,,,,,
,,,,,,
,,,,,,
,,,,,,
,,,,,,
,,,,,,
,,,,,,
,,,,,,
,,,,,,
,,,,,,
,,,,,,
,,,,,,
,,,,,,
,,,,,,
,,,,,,
,,,,,,
,,,,,,
,,,,,,
,,,,,,
,,,,,,
,,,,,,
,,,,,,
,,,,,,
,,,,,,
,,,,,,
,,,,,,
,,,,,,
,,,,,,
,,,,,,
,,,,,,
,,,,,,
,,,,,,
,,,,,,
,,,,,,
,,,,,,
,,,,,,
,,,,,,
,,,,,,
,,,,,,
,,,,,,
,,,,,,
,,,,,,
,,,,,,
,,,,,,
,,,,,,
,,,,,,
,,,,,,
,,,,,,
,,,,,,
,,,,,,
,,,,,,
,,,,,,
,,,,,,
,,,,,,
,,,,,,
,,,,,,
,,,,,,
,,,,,,
,,,,,,
,,,,,,
,,,,,,
,,,,,,
,,,,,,
,,,,,,
,,,,,,
,,,,,,
,,,,,,
,,,,,,
,,,,,,
,,,,,,
,,,,,,
,,,,,,
,,,,,,
,,,,,,
,,,,,,
,,,,,,
,,,,,,
,,,,,,
,,,,,,
,,,,,,
,,,,,,
,,,,,,
,,,,,,
,,,,,,
,,,,,,
,,,,,,
,,,,,,
,,,,,,
,,,,,,
,,,,,,
,,,,,,
,,,,,,
,,,,,,
,,,,,,
,,,,,,
,,,,,,
,,,,,,
,,,,,,
,,,,,,
,,,,,,
,,,,,,
,,,,,,
,,,,,,
,,,,,,
,,,,,,
,,,,,,
,,,,,,
,,,,,,
,,,,,,
,,,,,,
,,,,,,
,,,,,,
,,,,,,
,,,,,,
,,,,,,
,,,,,,
,,,,,,
,,,,,,
,,,,,,
,,,,,,
,,,,,,
,,,,,,
,,,,,,
,,,,,,
,,,,,,
,,,,,,
,,,,,,
,,,,,,
,,,,,,
,,,,,,
,,,,,,
,,,,,,
,,,,,,
,,,,,,
,,,,,,
,,,,,,
,,,,,,
,,,,,,
,,,,,,
,,,,,,
,,,,,,
,,,,,,
,,,,,,
,,,,,,
,,,,,,
,,,,,,
,,,,,,
,,,,,,
,,,,,,
,,,,,,
,,,,,,
,,,,,,
,,,,,,
,,,,,,
,,,,,,
,,,,,,
,,,,,,
,,,,,,
,,,,,,
,,,,,,
,,,,,,
,,,,,,
,,,,,,
,,,,,,
,,,,,,
,,,,,,
,,,,,,
,,,,,,
,,,,,,
,,,,,,
,,,,,,
,,,,,,
,,,,,,
,,,,,,
,,,,,,
,,,,,,
,,,,,,
,,,,,,
,,,,,,
,,,,,,
,,,,,,
,,,,,,
,,,,,,
,,,,,,
,,,,,,
,,,,,,
,,,,,,
,,,,,,
,,,,,,
,,,,,,
,,,,,,
,,,,,,
,,,,,,
,,,,,,
,,,,,,
,,,,,,
,,,,,,
,,,,,,
,,,,,,
,,,,,,
,,,,,,
,,,,,,
,,,,,,
,,,,,,
,,,,,,
,,,,,,
,,,,,,
,,,,,,
,,,,,,
,,,,,,
,,,,,,
,,,,,,
,,,,,,
,,,,,,
,,,,,,
,,,,,,
,,,,,,
,,,,,,
,,,,,,
,,,,,,
,,,,,,
,,,,,,
,,,,,,
,,,,,,
,,,,,,
,,,,,,
,,,,,,
,,,,,,
,,,,,,
,,,,,,
,,,,,,
,,,,,,
,,,,,,
,,,,,,
,,,,,,
,,,,,,
,,,,,,
,,,,,,
,,,,,,
,,,,,,
,,,,,,
,,,,,,
,,,,,,
,,,,,,
,,,,,,
,,,,,,
,,,,,,
,,,,,,
,,,,,,
,,,,,,
,,,,,,
,,,,,,
,,,,,,
,,,,,,
,,,,,,
,,,,,,
,,,,,,
,,,,,,
,,,,,,
,,,,,,
,,,,,,
,,,,,,
,,,,,,
,,,,,,
,,,,,,
,,,,,,
,,,,,,
,,,,,,
,,,,,,
,,,,,,
,,,,,,
,,,,,,
,,,,,,
,,,,,,
,,,,,,
,,,,,,
,,,,,,
,,,,,,
,,,,,,
,,,,,,
,,,,,,
,,,,,,
,,,,,,
,,,,,,
,,,,,,
,,,,,,
,,,,,,
,,,,,,
,,,,,,
,,,,,,
,,,,,,
,,,,,,
,,,,,,
,,,,,,
,,,,,,
,,,,,,
,,,,,,
,,,,,,
,,,,,,
,,,,,,
,,,,,,
,,,,,,
,,,,,,
,,,,,,
,,,,,,
,,,,,,
,,,,,,
,,,,,,
,,,,,,
,,,,,,
,,,,,,
,,,,,,
,,,,,,
,,,,,,
,,,,,,
,,,,,,
,,,,,,
,,,,,,
,,,,,,
,,,,,,
,,,,,,
,,,,,,
,,,,,,
,,,,,,
,,,,,,
,,,,,,
,,,,,,
,,,,,,
,,,,,,
,,,,,,
,,,,,,
,,,,,,
,,,,,,
,,,,,,
,,,,,,
,,,,,,
,,,,,,
,,,,,,
,,,,,,
,,,,,,
,,,,,,
,,,,,,
,,,,,,
,,,,,,
,,,,,,
,,,,,,
,,,,,,
,,,,,,
,,,,,,
,,,,,,
,,,,,,
,,,,,,
,,,,,,
,,,,,,
,,,,,,
,,,,,,
,,,,,,
,,,,,,
,,,,,,
,,,,,,
,,,,,,
,,,,,,
,,,,,,
,,,,,,
,,,,,,
,,,,,,
,,,,,,
,,,,,,
,,,,,,
,,,,,,
,,,,,,
,,,,,,
,,,,,,
,,,,,,
,,,,,,
,,,,,,
,,,,,,
,,,,,,
,,,,,,
,,,,,,
,,,,,,
,,,,,,
,,,,,,
,,,,,,
,,,,,,
,,,,,,
,,,,,,
,,,,,,
,,,,,,
,,,,,,
,,,,,,
,,,,,,
,,,,,,
,,,,,,
,,,,,,
,,,,,,
,,,,,,
,,,,,,
,,,,,,
,,,,,,
,,,,,,
,,,,,,
,,,,,,
,,,,,,
,,,,,,
,,,,,,
,,,,,,
,,,,,,
,,,,,,
,,,,,,
,,,,,,
,,,,,,
,,,,,,
,,,,,,
,,,,,,
,,,,,,
,,,,,,
,,,,,,
,,,,,,
,,,,,,
,,,,,,
,,,,,,
,,,,,,
,,,,,,
,,,,,,
,,,,,,
,,,,,,
,,,,,,
,,,,,,
,,,,,,
,,,,,,
,,,,,,
,,,,,,
,,,,,,
,,,,,,
,,,,,,
,,,,,,
,,,,,,
,,,,,,
,,,,,,
,,,,,,
,,,,,,
,,,,,,
,,,,,,
,,,,,,
,,,,,,
,,,,,,
,,,,,,
,,,,,,
,,,,,,
,,,,,,
,,,,,,
,,,,,,
,,,,,,
,,,,,,
,,,,,,
,,,,,,
,,,,,,
,,,,,,
,,,,,,
,,,,,,
,,,,,,
,,,,,,
,,,,,,
,,,,,,
,,,,,,
,,,,,,
,,,,,,
,,,,,,
,,,,,,
,,,,,,
,,,,,,
,,,,,,
,,,,,,
,,,,,,
,,,,,,
,,,,,,
,,,,,,
,,,,,,
,,,,,,
,,,,,,
,,,,,,
,,,,,,
,,,,,,
,,,,,,
,,,,,,
,,,,,,
,,,,,,
,,,,,,
,,,,,,
,,,,,,
,,,,,,
,,,,,,
,,,,,,
,,,,,,
,,,,,,
,,,,,,
,,,,,,
,,,,,,
,,,,,,
,,,,,,
,,,,,,
,,,,,,
,,,,,,
,,,,,,
,,,,,,
,,,,,,
,,,,,,
,,,,,,
,,,,,,
,,,,,,
,,,,,,
,,,,,,
,,,,,,
,,,,,,
,,,,,,
,,,,,,
,,,,,,
,,,,,,
,,,,,,
,,,,,,
,,,,,,
,,,,,,
,,,,,,
,,,,,,
,,,,,,
,,,,,,
,,,,,,
,,,,,,
,,,,,,
,,,,,,
,,,,,,
,,,,,,
,,,,,,
,,,,,,
,,,,,,
,,,,,,
,,,,,,
,,,,,,
,,,,,,
,,,,,,
,,,,,,
,,,,,,
,,,,,,
,,,,,,
,,,,,,
,,,,,,
,,,,,,
,,,,,,
,,,,,,
,,,,,,
,,,,,,
,,,,,,
,,,,,,
,,,,,,
,,,,,,
,,,,,,
,,,,,,
,,,,,,
,,,,,,
,,,,,,
,,,,,,
,,,,,,
,,,,,,
,,,,,,
,,,,,,
,,,,,,
,,,,,,
,,,,,,
,,,,,,
,,,,,,
,,,,,,
,,,,,,
,,,,,,
,,,,,,
,,,,,,
,,,,,,
,,,,,,
,,,,,,
,,,,,,
,,,,,,
,,,,,,
,,,,,,
,,,,,,
,,,,,,
,,,,,,
,,,,,,
,,,,,,
,,,,,,
,,,,,,
,,,,,,
,,,,,,
,,,,,,
,,,,,,
,,,,,,
,,,,,,
,,,,,,
,,,,,,
,,,,,,
,,,,,,
,,,,,,
,,,,,,
,,,,,,
,,,,,,
,,,,,,
,,,,,,
,,,,,,
,,,,,,
,,,,,,
,,,,,,
,,,,,,
,,,,,,
,,,,,,
,,,,,,
,,,,,,
,,,,,,
,,,,,,
,,,,,,
,,,,,,
,,,,,,
,,,,,,
,,,,,,
,,,,,,
,,,,,,
,,,,,,
,,,,,,
,,,,,,
,,,,,,
,,,,,,
,,,,,,
,,,,,,
,,,,,,
,,,,,,
,,,,,,
,,,,,,
,,,,,,
,,,,,,
,,,,,,
,,,,,,
,,,,,,
,,,,,,
,,,,,,
,,,,,,
,,,,,,
,,,,,,
,,,,,,
,,,,,,
,,,,,,
,,,,,,
,,,,,,
,,,,,,
,,,,,,
,,,,,,
,,,,,,
,,,,,,
,,,,,,
,,,,,,
,,,,,,
,,,,,,
,,,,,,
,,,,,,
,,,,,,
,,,,,,
,,,,,,
,,,,,,
,,,,,,
,,,,,,
,,,,,,
,,,,,,
,,,,,,
,,,,,,
,,,,,,
,,,,,,
,,,,,,
,,,,,,
,,,,,,
,,,,,,
,,,,,,
,,,,,,
,,,,,,
,,,,,,
,,,,,,
,,,,,,
,,,,,,
,,,,,,
,,,,,,
,,,,,,
,,,,,,
,,,,,,
,,,,,,
,,,,,,
,,,,,,
,,,,,,
,,,,,,
,,,,,,
,,,,,,
,,,,,,
,,,,,,
,,,,,,
,,,,,,
,,,,,,
,,,,,,
,,,,,,
,,,,,,
,,,,,,
,,,,,,
,,,,,,
,,,,,,
,,,,,,
,,,,,,
,,,,,,
,,,,,,
,,,,,,
,,,,,,
,,,,,,
,,,,,,
,,,,,,
,,,,,,
,,,,,,
,,,,,,
,,,,,,
,,,,,,
,,,,,,
,,,,,,
,,,,,,
,,,,,,
,,,,,,
,,,,,,
,,,,,,
,,,,,,
,,,,,,
,,,,,,
,,,,,,
,,,,,,
,,,,,,
,,,,,,
,,,,,,
,,,,,,
,,,,,,
,,,,,,
,,,,,,
,,,,,,
,,,,,,
,,,,,,
,,,,,,
,,,,,,
,,,,,,
,,,,,,
,,,,,,
,,,,,,
,,,,,,
,,,,,,
,,,,,,
,,,,,,
,,,,,,
,,,,,,
,,,,,,
,,,,,,
,,,,,,
,,,,,,
,,,,,,
,,,,,,
,,,,,,
,,,,,,
,,,,,,
,,,,,,
,,,,,,
,,,,,,
,,,,,,
,,,,,,
,,,,,,
,,,,,,
,,,,,,
,,,,,,
,,,,,,
,,,,,,
,,,,,,
,,,,,,
,,,,,,
,,,,,,
,,,,,,
,,,,,,
,,,,,,
,,,,,,
,,,,,,
,,,,,,
,,,,,,
,,,,,,
,,,,,,
,,,,,,
,,,,,,
,,,,,,
,,,,,,
,,,,,,
,,,,,,
,,,,,,
,,,,,,
,,,,,,
,,,,,,
,,,,,,
,,,,,,
,,,,,,
,,,,,,
,,,,,,
,,,,,,
,,,,,,
,,,,,,
,,,,,,
,,,,,,
,,,,,,
,,,,,,
,,,,,,
,,,,,,
,,,,,,
,,,,,,
,,,,,,
,,,,,,
,,,,,,
,,,,,,
,,,,,,
,,,,,,
,,,,,,
,,,,,,
,,,,,,
,,,,,,
,,,,,,
,,,,,,
,,,,,,
,,,,,,
,,,,,,
,,,,,,
,,,,,,
,,,,,,
,,,,,,
,,,,,,
,,,,,,
,,,,,,
,,,,,,
,,,,,,
,,,,,,
,,,,,,
,,,,,,
,,,,,,
,,,,,,
,,,,,,
,,,,,,
,,,,,,
,,,,,,
,,,,,,
,,,,,,
,,,,,,
,,,,,,
,,,,,,
,,,,,,
,,,,,,
,,,,,,
,,,,,,
,,,,,,
,,,,,,
,,,,,,
,,,,,,
,,,,,,
,,,,,,
,,,,,,
,,,,,,
,,,,,,
,,,,,,
,,,,,,
,,,,,,
,,,,,,
,,,,,,
,,,,,,
,,,,,,
,,,,,,
,,,,,,
,,,,,,
,,,,,,
,,,,,,
,,,,,,
,,,,,,
,,,,,,
,,,,,,
,,,,,,
,,,,,,
,,,,,,
,,,,,,
,,,,,,
,,,,,,
,,,,,,
,,,,,,
,,,,,,
,,,,,,
,,,,,,
,,,,,,
,,,,,,
,,,,,,
,,,,,,
,,,,,,
,,,,,,
,,,,,,
,,,,,,
,,,,,,
,,,,,,
,,,,,,
,,,,,,
,,,,,,
,,,,,,
,,,,,,
,,,,,,
,,,,,,
,,,,,,
,,,,,,
,,,,,,
,,,,,,
,,,,,,
,,,,,,
,,,,,,
,,,,,,
,,,,,,
,,,,,,
,,,,,,
,,,,,,
,,,,,,
,,,,,,
,,,,,,
,,,,,,
,,,,,,
,,,,,,
,,,,,,
,,,,,,
,,,,,,
,,,,,,
,,,,,,
,,,,,,
,,,,,,
,,,,,,
,,,,,,
,,,,,,
,,,,,,
,,,,,,
,,,,,,
,,,,,,
,,,,,,
,,,,,,
,,,,,,
,,,,,,
,,,,,,
,,,,,,
,,,,,,
,,,,,,
,,,,,,
,,,,,,
,,,,,,
,,,,,,
,,,,,,
,,,,,,
,,,,,,
,,,,,,
,,,,,,
,,,,,,
,,,,,,
,,,,,,
,,,,,,
,,,,,,
,,,,,,
,,,,,,
,,,,,,
,,,,,,
,,,,,,
,,,,,,
,,,,,,
,,,,,,
,,,,,,
,,,,,,
,,,,,,
,,,,,,
,,,,,,
,,,,,,
,,,,,,
,,,,,,
,,,,,,
,,,,,,
,,,,,,
,,,,,,
,,,,,,
,,,,,,
,,,,,,
,,,,,,
,,,,,,
,,,,,,
,,,,,,
,,,,,,
,,,,,,
,,,,,,
,,,,,,
,,,,,,
,,,,,,
,,,,,,
,,,,,,
,,,,,,
,,,,,,
,,,,,,
,,,,,,
,,,,,,
,,,,,,
,,,,,,
,,,,,,
,,,,,,
,,,,,,
,,,,,,
,,,,,,
,,,,,,
,,,,,,
,,,,,,
,,,,,,
,,,,,,
,,,,,,
,,,,,,
,,,,,,
,,,,,,
,,,,,,
,,,,,,
,,,,,,
,,,,,,
,,,,,,
,,,,,,
,,,,,,
,,,,,,
,,,,,,
,,,,,,
,,,,,,
,,,,,,
,,,,,,
,,,,,,
,,,,,,
,,,,,,
,,,,,,
,,,,,,
,,,,,,
,,,,,,
,,,,,,
,,,,,,
,,,,,,
,,,,,,
,,,,,,
,,,,,,
,,,,,,
,,,,,,
,,,,,,
,,,,,,
,,,,,,
,,,,,,
,,,,,,
,,,,,,
,,,,,,
,,,,,,
,,,,,,
,,,,,,
,,,,,,
,,,,,,
,,,,,,
,,,,,,
,,,,,,
,,,,,,
,,,,,,
,,,,,,
,,,,,,
,,,,,,
,,,,,,
,,,,,,
,,,,,,
,,,,,,
,,,,,,
,,,,,,
,,,,,,
,,,,,,
,,,,,,
,,,,,,
,,,,,,
,,,,,,
,,,,,,
,,,,,,
,,,,,,
,,,,,,
,,,,,,
,,,,,,
,,,,,,
,,,,,,
,,,,,,
,,,,,,
,,,,,,
,,,,,,
,,,,,,
,,,,,,
,,,,,,
,,,,,,
,,,,,,
,,,,,,
,,,,,,
,,,,,,
,,,,,,
,,,,,,
,,,,,,
,,,,,,
,,,,,,
,,,,,,
,,,,,,
,,,,,,
,,,,,,
,,,,,,
,,,,,,
,,,,,,
,,,,,,
,,,,,,
,,,,,,
,,,,,,
,,,,,,
,,,,,,
,,,,,,
,,,,,,
,,,,,,
,,,,,,
,,,,,,
,,,,,,
,,,,,,
,,,,,,
,,,,,,
,,,,,,
,,,,,,
,,,,,,
,,,,,,
,,,,,,
,,,,,,
,,,,,,
,,,,,,
,,,,,,
,,,,,,
,,,,,,
,,,,,,
,,,,,,
,,,,,,
,,,,,,
,,,,,,
,,,,,,
,,,,,,
,,,,,,
,,,,,,
,,,,,,
,,,,,,
,,,,,,
,,,,,,
,,,,,,
,,,,,,
,,,,,,
,,,,,,
,,,,,,
,,,,,,
,,,,,,
,,,,,,
,,,,,,
,,,,,,
,,,,,,
,,,,,,
,,,,,,
,,,,,,
,,,,,,
,,,,,,
,,,,,,
,,,,,,
,,,,,,
,,,,,,
,,,,,,
,,,,,,
,,,,,,
,,,,,,
,,,,,,
,,,,,,
,,,,,,
,,,,,,
,,,,,,
,,,,,,
,,,,,,
,,,,,,
,,,,,,
,,,,,,
,,,,,,
,,,,,,
,,,,,,
,,,,,,
,,,,,,
,,,,,,
,,,,,,
,,,,,,
,,,,,,
,,,,,,
,,,,,,
,,,,,,
,,,,,,
,,,,,,
,,,,,,
,,,,,,
,,,,,,
,,,,,,
,,,,,,
,,,,,,
,,,,,,
,,,,,,
,,,,,,
,,,,,,
,,,,,,
,,,,,,
,,,,,,
,,,,,,
,,,,,,
,,,,,,
,,,,,,
,,,,,,
,,,,,,
,,,,,,
,,,,,,
,,,,,,
,,,,,,
,,,,,,
,,,,,,
,,,,,,
,,,,,,
,,,,,,
,,,,,,
,,,,,,
,,,,,,
,,,,,,
,,,,,,
,,,,,,
,,,,,,
,,,,,,
,,,,,,
,,,,,,
,,,,,,
,,,,,,
,,,,,,
,,,,,,
,,,,,,
,,,,,,
,,,,,,
,,,,,,
,,,,,,
,,,,,,
,,,,,,
,,,,,,
,,,,,,
,,,,,,
,,,,,,
,,,,,,
,,,,,,
,,,,,,
,,,,,,
,,,,,,
,,,,,,
,,,,,,
,,,,,,
,,,,,,
,,,,,,
,,,,,,
,,,,,,
,,,,,,
,,,,,,
,,,,,,
,,,,,,
,,,,,,
,,,,,,
,,,,,,
,,,,,,
,,,,,,
,,,,,,
,,,,,,
,,,,,,
,,,,,,
,,,,,,
,,,,,,
,,,,,,
,,,,,,
,,,,,,
,,,,,,
,,,,,,
,,,,,,
,,,,,,
,,,,,,
,,,,,,
,,,,,,
,,,,,,
,,,,,,
,,,,,,
,,,,,,
,,,,,,
,,,,,,
,,,,,,
,,,,,,
,,,,,,
,,,,,,
,,,,,,
,,,,,,
,,,,,,
,,,,,,
,,,,,,
,,,,,,
,,,,,,
,,,,,,
,,,,,,
,,,,,,
,,,,,,
,,,,,,
,,,,,,
,,,,,,
,,,,,,
,,,,,,
,,,,,,
,,,,,,
,,,,,,
,,,,,,
,,,,,,
,,,,,,
,,,,,,
,,,,,,
,,,,,,
,,,,,,
,,,,,,
,,,,,,
,,,,,,
,,,,,,
,,,,,,
,,,,,,
,,,,,,
,,,,,,
,,,,,,
,,,,,,
,,,,,,
,,,,,,
,,,,,,
,,,,,,
,,,,,,
,,,,,,
,,,,,,
,,,,,,
,,,,,,
,,,,,,
,,,,,,
,,,,,,
,,,,,,
,,,,,,
,,,,,,
,,,,,,
,,,,,,
,,,,,,
,,,,,,
,,,,,,
,,,,,,
,,,,,,
,,,,,,
,,,,,,
,,,,,,
,,,,,,
,,,,,,
,,,,,,
,,,,,,
,,,,,,
,,,,,,
,,,,,,
,,,,,,
,,,,,,
,,,,,,
,,,,,,
,,,,,,
,,,,,,
,,,,,,
,,,,,,
,,,,,,
,,,,,,
,,,,,,
,,,,,,
,,,,,,
,,,,,,
,,,,,,
,,,,,,
,,,,,,
,,,,,,
,,,,,,
,,,,,,
,,,,,,
,,,,,,
,,,,,,
,,,,,,
,,,,,,
,,,,,,
,,,,,,
,,,,,,
,,,,,,
,,,,,,
,,,,,,
,,,,,,
,,,,,,
,,,,,,
,,,,,,
,,,,,,
,,,,,,
,,,,,,
,,,,,,
,,,,,,
,,,,,,
,,,,,,
,,,,,,
,,,,,,
,,,,,,
,,,,,,
,,,,,,
,,,,,,
,,,,,,
,,,,,,
,,,,,,
,,,,,,
,,,,,,
,,,,,,
,,,,,,
,,,,,,
,,,,,,
,,,,,,
,,,,,,
,,,,,,
,,,,,,
,,,,,,
,,,,,,
,,,,,,
,,,,,,
,,,,,,
,,,,,,
,,,,,,
,,,,,,
,,,,,,
,,,,,,
,,,,,,
,,,,,,
,,,,,,
,,,,,,
,,,,,,
,,,,,,
,,,,,,
,,,,,,
,,,,,,
,,,,,,
,,,,,,
,,,,,,
,,,,,,
,,,,,,
,,,,,,
,,,,,,
,,,,,,
,,,,,,
,,,,,,
,,,,,,
,,,,,,
,,,,,,
,,,,,,
,,,,,,
,,,,,,
,,,,,,
,,,,,,
,,,,,,
,,,,,,
,,,,,,
,,,,,,
,,,,,,
,,,,,,
,,,,,,
,,,,,,
,,,,,,
,,,,,,
,,,,,,
,,,,,,
,,,,,,
,,,,,,
,,,,,,
,,,,,,
,,,,,,
,,,,,,
,,,,,,
,,,,,,
,,,,,,
,,,,,,
,,,,,,
,,,,,,
,,,,,,
,,,,,,
,,,,,,
,,,,,,
,,,,,,
,,,,,,
,,,,,,
,,,,,,
,,,,,,
,,,,,,
,,,,,,
,,,,,,
,,,,,,
,,,,,,
,,,,,,
,,,,,,
,,,,,,
,,,,,,
,,,,,,
,,,,,,
,,,,,,
,,,,,,
,,,,,,
,,,,,,
,,,,,,
,,,,,,
,,,,,,
,,,,,,
,,,,,,
,,,,,,
,,,,,,
,,,,,,
,,,,,,
,,,,,,
,,,,,,
,,,,,,
,,,,,,
,,,,,,
,,,,,,
,,,,,,
,,,,,,
,,,,,,
,,,,,,
,,,,,,
,,,,,,
,,,,,,
,,,,,,
,,,,,,
,,,,,,
,,,,,,
,,,,,,
,,,,,,
,,,,,,
,,,,,,
,,,,,,
,,,,,,
,,,,,,
,,,,,,
,,,,,,
,,,,,,
,,,,,,
,,,,,,
,,,,,,
,,,,,,
,,,,,,
,,,,,,
,,,,,,
,,,,,,
,,,,,,
,,,,,,
,,,,,,
,,,,,,
,,,,,,
,,,,,,
,,,,,,
,,,,,,
,,,,,,
,,,,,,
,,,,,,
,,,,,,
,,,,,,
,,,,,,
,,,,,,
,,,,,,
,,,,,,
,,,,,,
,,,,,,
,,,,,,
,,,,,,
,,,,,,
,,,,,,
,,,,,,
,,,,,,
,,,,,,
,,,,,,
,,,,,,
,,,,,,
,,,,,,
,,,,,,
,,,,,,
,,,,,,
,,,,,,
,,,,,,
,,,,,,
,,,,,,
,,,,,,
,,,,,,
,,,,,,
,,,,,,
,,,,,,
,,,,,,
,,,,,,
,,,,,,
,,,,,,
,,,,,,
,,,,,,
,,,,,,
,,,,,,
,,,,,,
,,,,,,
,,,,,,
,,,,,,
,,,,,,
,,,,,,
,,,,,,
,,,,,,
,,,,,,
,,,,,,
,,,,,,
,,,,,,
,,,,,,
,,,,,,
,,,,,,
,,,,,,
,,,,,,
,,,,,,
,,,,,,
,,,,,,
,,,,,,
,,,,,,
,,,,,,
,,,,,,
,,,,,,
,,,,,,
,,,,,,
,,,,,,
,,,,,,
,,,,,,
,,,,,,
,,,,,,
,,,,,,
,,,,,,
,,,,,,
,,,,,,
,,,,,,
,,,,,,
,,,,,,
,,,,,,
,,,,,,
,,,,,,
,,,,,,
,,,,,,
,,,,,,
,,,,,,
,,,,,,
,,,,,,
,,,,,,
,,,,,,
,,,,,,
,,,,,,
,,,,,,
,,,,,,
,,,,,,
,,,,,,
,,,,,,
,,,,,,
,,,,,,
,,,,,,
,,,,,,
,,,,,,
,,,,,,
,,,,,,
,,,,,,
,,,,,,
,,,,,,
,,,,,,
,,,,,,
,,,,,,
,,,,,,
,,,,,,
,,,,,,
,,,,,,
,,,,,,
,,,,,,
,,,,,,
,,,,,,
,,,,,,
,,,,,,
,,,,,,
,,,,,,
,,,,,,
,,,,,,
,,,,,,
,,,,,,
,,,,,,
,,,,,,
,,,,,,
,,,,,,
,,,,,,
,,,,,,
,,,,,,
,,,,,,
,,,,,,
,,,,,,
,,,,,,
,,,,,,
,,,,,,
,,,,,,
,,,,,,
,,,,,,
,,,,,,
,,,,,,
,,,,,,
,,,,,,
,,,,,,
,,,,,,
,,,,,,
,,,,,,
,,,,,,
,,,,,,
,,,,,,
,,,,,,
,,,,,,
,,,,,,
,,,,,,
,,,,,,
,,,,,,
,,,,,,
,,,,,,
,,,,,,
,,,,,,
,,,,,,
,,,,,,
,,,,,,
,,,,,,
,,,,,,
,,,,,,
,,,,,,
,,,,,,
,,,,,,
,,,,,,
,,,,,,
,,,,,,
,,,,,,
,,,,,,
,,,,,,
,,,,,,
,,,,,,
,,,,,,
,,,,,,
,,,,,,
,,,,,,
,,,,,,
,,,,,,
,,,,,,
,,,,,,
,,,,,,
,,,,,,
,,,,,,
,,,,,,
,,,,,,
,,,,,,
,,,,,,
,,,,,,
,,,,,,
,,,,,,
,,,,,,
,,,,,,
,,,,,,
,,,,,,
,,,,,,
,,,,,,
,,,,,,
,,,,,,
,,,,,,
,,,,,,
,,,,,,
,,,,,,
,,,,,,
,,,,,,
,,,,,,
,,,,,,
,,,,,,
,,,,,,
,,,,,,
,,,,,,
,,,,,,
,,,,,,
,,,,,,
,,,,,,
,,,,,,
,,,,,,
,,,,,,
,,,,,,
,,,,,,
,,,,,,
,,,,,,
,,,,,,
,,,,,,
,,,,,,
,,,,,,
,,,,,,
,,,,,,
,,,,,,
,,,,,,
,,,,,,
,,,,,,
,,,,,,
,,,,,,
,,,,,,
,,,,,,
,,,,,,
,,,,,,
,,,,,,
,,,,,,
,,,,,,
,,,,,,
,,,,,,
,,,,,,
,,,,,,
,,,,,,
,,,,,,
,,,,,,
,,,,,,
,,,,,,
,,,,,,
,,,,,,
,,,,,,
,,,,,,
,,,,,,
,,,,,,
,,,,,,
,,,,,,
,,,,,,
,,,,,,
,,,,,,
,,,,,,
,,,,,,
,,,,,,
,,,,,,
,,,,,,
,,,,,,
,,,,,,
,,,,,,
,,,,,,
,,,,,,
,,,,,,
,,,,,,
,,,,,,
,,,,,,
,,,,,,
,,,,,,
,,,,,,
,,,,,,
,,,,,,
,,,,,,
,,,,,,
,,,,,,
,,,,,,
,,,,,,
,,,,,,
,,,,,,
,,,,,,
,,,,,,
,,,,,,
,,,,,,
,,,,,,
,,,,,,
,,,,,,
,,,,,,
,,,,,,
,,,,,,
,,,,,,
,,,,,,
,,,,,,
,,,,,,
,,,,,,
,,,,,,
,,,,,,
,,,,,,
,,,,,,
,,,,,,
,,,,,,
,,,,,,
,,,,,,
,,,,,,
,,,,,,
,,,,,,
,,,,,,
,,,,,,
,,,,,,
,,,,,,
,,,,,,
,,,,,,
,,,,,,
,,,,,,
,,,,,,
,,,,,,
,,,,,,
,,,,,,
,,,,,,
,,,,,,
,,,,,,
,,,,,,
,,,,,,
,,,,,,
,,,,,,
,,,,,,
,,,,,,
,,,,,,
,,,,,,
,,,,,,
,,,,,,
,,,,,,
,,,,,,
,,,,,,
,,,,,,
,,,,,,
,,,,,,
,,,,,,
,,,,,,
,,,,,,
,,,,,,
,,,,,,
,,,,,,
,,,,,,
,,,,,,
,,,,,,
,,,,,,
,,,,,,
,,,,,,
,,,,,,
,,,,,,
,,,,,,
,,,,,,
,,,,,,
,,,,,,
,,,,,,
,,,,,,
,,,,,,
,,,,,,
,,,,,,
,,,,,,
,,,,,,
,,,,,,
,,,,,,
,,,,,,
,,,,,,
,,,,,,
,,,,,,
,,,,,,
,,,,,,
,,,,,,
,,,,,,
,,,,,,
,,,,,,
,,,,,,
,,,,,,
,,,,,,
,,,,,,
,,,,,,
,,,,,,
,,,,,,
,,,,,,
,,,,,,
,,,,,,
,,,,,,
,,,,,,
,,,,,,
,,,,,,
,,,,,,
,,,,,,
,,,,,,
,,,,,,
,,,,,,
,,,,,,
,,,,,,
,,,,,,
,,,,,,
,,,,,,
,,,,,,
,,,,,,
,,,,,,
,,,,,,
,,,,,,
,,,,,,
,,,,,,
,,,,,,
,,,,,,
,,,,,,
,,,,,,
,,,,,,
,,,,,,
,,,,,,
,,,,,,
,,,,,,
,,,,,,
,,,,,,
,,,,,,
,,,,,,
,,,,,,
,,,,,,
,,,,,,
,,,,,,
,,,,,,
,,,,,,
,,,,,,
,,,,,,
,,,,,,
,,,,,,
,,,,,,
,,,,,,
,,,,,,
,,,,,,
,,,,,,
,,,,,,
,,,,,,
,,,,,,
,,,,,,
,,,,,,
,,,,,,
,,,,,,
,,,,,,
,,,,,,
,,,,,,
,,,,,,
,,,,,,
,,,,,,
,,,,,,
,,,,,,
,,,,,,
,,,,,,
,,,,,,
,,,,,,
,,,,,,
,,,,,,
,,,,,,
,,,,,,
,,,,,,
,,,,,,
,,,,,,
,,,,,,
,,,,,,
,,,,,,
,,,,,,
,,,,,,
,,,,,,
,,,,,,
,,,,,,
,,,,,,
,,,,,,
,,,,,,
,,,,,,
,,,,,,
,,,,,,
,,,,,,
,,,,,,
,,,,,,
,,,,,,
,,,,,,
,,,,,,
,,,,,,
,,,,,,
,,,,,,
,,,,,,
,,,,,,
,,,,,,
,,,,,,
,,,,,,
,,,,,,
,,,,,,
,,,,,,
,,,,,,
,,,,,,
,,,,,,
,,,,,,
,,,,,,
,,,,,,
,,,,,,
,,,,,,
,,,,,,
,,,,,,
,,,,,,
,,,,,,
,,,,,,
,,,,,,
,,,,,,
,,,,,,
,,,,,,
,,,,,,
,,,,,,
,,,,,,
,,,,,,
,,,,,,
,,,,,,
,,,,,,
,,,,,,
,,,,,,
,,,,,,
,,,,,,
,,,,,,
,,,,,,
,,,,,,
,,,,,,
,,,,,,
,,,,,,
,,,,,,
,,,,,,
,,,,,,
,,,,,,
,,,,,,
,,,,,,
,,,,,,
,,,,,,
,,,,,,
,,,,,,
,,,,,,
,,,,,,
,,,,,,
,,,,,,
,,,,,,
,,,,,,
,,,,,,
,,,,,,
,,,,,,
,,,,,,
,,,,,,
,,,,,,
,,,,,,
,,,,,,
,,,,,,
,,,,,,
,,,,,,
,,,,,,
,,,,,,
,,,,,,
,,,,,,
,,,,,,
,,,,,,
,,,,,,
,,,,,,
,,,,,,
,,,,,,
,,,,,,
,,,,,,
,,,,,,
,,,,,,
,,,,,,
,,,,,,
,,,,,,
,,,,,,
,,,,,,
,,,,,,
,,,,,,
,,,,,,
,,,,,,
,,,,,,
,,,,,,
,,,,,,
,,,,,,
,,,,,,
,,,,,,
,,,,,,
,,,,,,
,,,,,,
,,,,,,
,,,,,,
,,,,,,
,,,,,,
,,,,,,
,,,,,,
,,,,,,
,,,,,,
,,,,,,
,,,,,,
,,,,,,
,,,,,,
,,,,,,
,,,,,,
,,,,,,
,,,,,,
,,,,,,
,,,,,,
,,,,,,
,,,,,,
,,,,,,
,,,,,,
,,,,,,
,,,,,,
,,,,,,
,,,,,,
,,,,,,
,,,,,,
,,,,,,
,,,,,,
,,,,,,
,,,,,,
,,,,,,
,,,,,,
,,,,,,
,,,,,,
,,,,,,
,,,,,,
,,,,,,
,,,,,,
,,,,,,
,,,,,,
,,,,,,
,,,,,,
,,,,,,
,,,,,,
,,,,,,
,,,,,,
,,,,,,
,,,,,,
,,,,,,
,,,,,,
,,,,,,
,,,,,,
,,,,,,
,,,,,,
,,,,,,
,,,,,,
,,,,,,
,,,,,,
,,,,,,
,,,,,,
,,,,,,
,,,,,,
,,,,,,
,,,,,,
,,,,,,
,,,,,,
,,,,,,
,,,,,,
,,,,,,
,,,,,,
,,,,,,
,,,,,,
,,,,,,
,,,,,,
,,,,,,
,,,,,,
,,,,,,
,,,,,,
,,,,,,
,,,,,,
,,,,,,
,,,,,,
,,,,,,
,,,,,,
,,,,,,
,,,,,,
,,,,,,
,,,,,,
,,,,,,
,,,,,,
,,,,,,
,,,,,,
,,,,,,
,,,,,,
,,,,,,
,,,,,,
,,,,,,
,,,,,,
,,,,,,
,,,,,,
,,,,,,
,,,,,,
,,,,,,
,,,,,,
,,,,,,
,,,,,,
,,,,,,
,,,,,,
,,,,,,
,,,,,,
,,,,,,
,,,,,,
,,,,,,
,,,,,,
,,,,,,
,,,,,,
,,,,,,
,,,,,,
,,,,,,
,,,,,,
,,,,,,
,,,,,,
,,,,,,
,,,,,,
,,,,,,
,,,,,,
,,,,,,
,,,,,,
,,,,,,
,,,,,,
,,,,,,
,,,,,,
,,,,,,
,,,,,,
,,,,,,
,,,,,,
,,,,,,
,,,,,,
,,,,,,
,,,,,,
,,,,,,
,,,,,,
,,,,,,
,,,,,,
,,,,,,
,,,,,,
,,,,,,
,,,,,,
,,,,,,
,,,,,,
,,,,,,
,,,,,,
,,,,,,
,,,,,,
,,,,,,
,,,,,,
,,,,,,
,,,,,,
,,,,,,
,,,,,,
,,,,,,
,,,,,,
,,,,,,
,,,,,,
,,,,,,
,,,,,,
,,,,,,
,,,,,,
,,,,,,
,,,,,,
,,,,,,
,,,,,,
,,,,,,
,,,,,,
,,,,,,
,,,,,,
,,,,,,
,,,,,,
,,,,,,
,,,,,,
,,,,,,
,,,,,,
,,,,,,
,,,,,,
,,,,,,
,,,,,,
,,,,,,
,,,,,,
,,,,,,
,,,,,,
,,,,,,
,,,,,,
,,,,,,
,,,,,,
,,,,,,
,,,,,,
,,,,,,
,,,,,,
,,,,,,
,,,,,,
,,,,,,
,,,,,,
,,,,,,
,,,,,,
,,,,,,
,,,,,,
,,,,,,
,,,,,,
,,,,,,
,,,,,,
,,,,,,
,,,,,,
,,,,,,
,,,,,,
,,,,,,
,,,,,,
,,,,,,
,,,,,,
,,,,,,
,,,,,,
,,,,,,
,,,,,,
,,,,,,
,,,,,,
,,,,,,
,,,,,,
,,,,,,
,,,,,,
,,,,,,
,,,,,,
,,,,,,
,,,,,,
,,,,,,
,,,,,,
,,,,,,
,,,,,,
,,,,,,
,,,,,,
,,,,,,
,,,,,,
,,,,,,
,,,,,,
,,,,,,
,,,,,,
,,,,,,
,,,,,,
,,,,,,
,,,,,,
,,,,,,
,,,,,,
,,,,,,
,,,,,,
,,,,,,
,,,,,,
,,,,,,
,,,,,,
,,,,,,
,,,,,,
,,,,,,
,,,,,,
,,,,,,
,,,,,,
,,,,,,
,,,,,,
,,,,,,
,,,,,,
,,,,,,
,,,,,,
,,,,,,
,,,,,,
,,,,,,
,,,,,,
,,,,,,
,,,,,,
,,,,,,
,,,,,,
,,,,,,
,,,,,,
,,,,,,
,,,,,,
,,,,,,
,,,,,,
,,,,,,
,,,,,,
,,,,,,
,,,,,,
,,,,,,
,,,,,,
,,,,,,
,,,,,,
,,,,,,
,,,,,,
,,,,,,
,,,,,,
,,,,,,
,,,,,,
,,,,,,
,,,,,,
,,,,,,
,,,,,,
,,,,,,
,,,,,,
,,,,,,
,,,,,,
,,,,,,
,,,,,,
,,,,,,
,,,,,,
,,,,,,
,,,,,,
,,,,,,
,,,,,,
,,,,,,
,,,,,,
,,,,,,
,,,,,,
,,,,,,
,,,,,,
,,,,,,
,,,,,,
,,,,,,
,,,,,,
,,,,,,
,,,,,,
,,,,,,
,,,,,,
,,,,,,
,,,,,,
,,,,,,
,,,,,,
,,,,,,
,,,,,,
,,,,,,
,,,,,,
,,,,,,
,,,,,,
,,,,,,
,,,,,,
,,,,,,
,,,,,,
,,,,,,
,,,,,,
,,,,,,
,,,,,,
,,,,,,
,,,,,,
,,,,,,
,,,,,,
,,,,,,
,,,,,,
,,,,,,
,,,,,,
,,,,,,
,,,,,,
,,,,,,
,,,,,,
,,,,,,
,,,,,,
,,,,,,
,,,,,,
,,,,,,
,,,,,,
,,,,,,
,,,,,,
,,,,,,
,,,,,,
,,,,,,
,,,,,,
,,,,,,
,,,,,,
,,,,,,
,,,,,,
,,,,,,
,,,,,,
,,,,,,
,,,,,,
,,,,,,
,,,,,,
,,,,,,
,,,,,,
,,,,,,
,,,,,,
,,,,,,
,,,,,,
,,,,,,
,,,,,,
,,,,,,
,,,,,,
,,,,,,
,,,,,,
,,,,,,
,,,,,,
,,,,,,
,,,,,,
,,,,,,
,,,,,,
,,,,,,
,,,,,,
,,,,,,
,,,,,,
,,,,,,
,,,,,,
,,,,,,
,,,,,,
,,,,,,
,,,,,,
,,,,,,
,,,,,,
,,,,,,
,,,,,,
,,,,,,
,,,,,,
,,,,,,
,,,,,,
,,,,,,
,,,,,,
,,,,,,
,,,,,,
,,,,,,
,,,,,,
,,,,,,
,,,,,,
,,,,,,
,,,,,,
,,,,,,
,,,,,,
,,,,,,
,,,,,,
,,,,,,
,,,,,,
,,,,,,
,,,,,,
,,,,,,
,,,,,,
,,,,,,
,,,,,,
,,,,,,
,,,,,,
,,,,,,
,,,,,,
,,,,,,
,,,,,,
,,,,,,
,,,,,,
,,,,,,
,,,,,,
,,,,,,
,,,,,,
,,,,,,
,,,,,,
,,,,,,
,,,,,,
,,,,,,
,,,,,,
,,,,,,
,,,,,,
,,,,,,
,,,,,,
,,,,,,
,,,,,,
,,,,,,
,,,,,,
,,,,,,
,,,,,,
,,,,,,
,,,,,,
,,,,,,
,,,,,,
,,,,,,
,,,,,,
,,,,,,
,,,,,,
,,,,,,
,,,,,,
,,,,,,
,,,,,,
,,,,,,
,,,,,,
,,,,,,
,,,,,,
,,,,,,
,,,,,,
,,,,,,
,,,,,,
,,,,,,
,,,,,,
,,,,,,
,,,,,,
,,,,,,
,,,,,,
,,,,,,
,,,,,,
,,,,,,
,,,,,,
,,,,,,
,,,,,,
,,,,,,
,,,,,,
,,,,,,
,,,,,,
,,,,,,
,,,,,,
,,,,,,
,,,,,,
,,,,,,
,,,,,,
,,,,,,
,,,,,,
,,,,,,
,,,,,,
,,,,,,
,,,,,,
,,,,,,
,,,,,,
,,,,,,
,,,,,,
,,,,,,
,,,,,,
,,,,,,
,,,,,,
,,,,,,
,,,,,,
,,,,,,
,,,,,,
,,,,,,
,,,,,,
,,,,,,
,,,,,,
,,,,,,
,,,,,,
,,,,,,
,,,,,,
,,,,,,
,,,,,,
,,,,,,
,,,,,,
,,,,,,
,,,,,,
,,,,,,
,,,,,,
,,,,,,
,,,,,,
,,,,,,
,,,,,,
,,,,,,
,,,,,,
,,,,,,
,,,,,,
,,,,,,
,,,,,,
,,,,,,
,,,,,,
,,,,,,
,,,,,,
,,,,,,
,,,,,,
,,,,,,
,,,,,,
,,,,,,
,,,,,,
,,,,,,
,,,,,,
,,,,,,
,,,,,,
,,,,,,
,,,,,,
,,,,,,
,,,,,,
,,,,,,
,,,,,,
,,,,,,
,,,,,,
,,,,,,
,,,,,,
,,,,,,
,,,,,,
,,,,,,
,,,,,,
,,,,,,
,,,,,,
,,,,,,
,,,,,,
,,,,,,
,,,,,,
,,,,,,
,,,,,,
,,,,,,
,,,,,,
,,,,,,
,,,,,,
,,,,,,
,,,,,,
,,,,,,
,,,,,,
,,,,,,
,,,,,,
,,,,,,
,,,,,,
,,,,,,
,,,,,,
,,,,,,
,,,,,,
,,,,,,
,,,,,,
,,,,,,
,,,,,,
,,,,,,
,,,,,,
,,,,,,
,,,,,,
,,,,,,
,,,,,,
,,,,,,
,,,,,,
,,,,,,
,,,,,,
,,,,,,
,,,,,,
,,,,,,
,,,,,,
,,,,,,
,,,,,,
,,,,,,
,,,,,,
,,,,,,
,,,,,,
,,,,,,
,,,,,,
,,,,,,
,,,,,,
,,,,,,
,,,,,,
,,,,,,
,,,,,,
,,,,,,
,,,,,,
,,,,,,
,,,,,,
,,,,,,
,,,,,,
,,,,,,
,,,,,,
,,,,,,
,,,,,,
,,,,,,
,,,,,,
,,,,,,
,,,,,,
,,,,,,
,,,,,,
,,,,,,
,,,,,,
,,,,,,
,,,,,,
,,,,,,
,,,,,,
,,,,,,
,,,,,,
,,,,,,
,,,,,,
,,,,,,
,,,,,,
,,,,,,
,,,,,,
,,,,,,
,,,,,,
,,,,,,
,,,,,,
,,,,,,
,,,,,,
,,,,,,
,,,,,,
,,,,,,
,,,,,,
,,,,,,
,,,,,,
,,,,,,
,,,,,,
,,,,,,
,,,,,,
,,,,,,
,,,,,,
,,,,,,
,,,,,,
,,,,,,
,,,,,,
,,,,,,
,,,,,,
,,,,,,
,,,,,,
,,,,,,
,,,,,,
,,,,,,
,,,,,,
,,,,,,
,,,,,,
,,,,,,
,,,,,,
,,,,,,
,,,,,,
,,,,,,
,,,,,,
,,,,,,
,,,,,,
,,,,,,
,,,,,,
,,,,,,
,,,,,,
,,,,,,
,,,,,,
,,,,,,
,,,,,,
,,,,,,
,,,,,,
,,,,,,
,,,,,,
,,,,,,
,,,,,,
,,,,,,
,,,,,,
,,,,,,
,,,,,,
,,,,,,
,,,,,,
,,,,,,
,,,,,,
,,,,,,
,,,,,,
,,,,,,
,,,,,,
,,,,,,
,,,,,,
,,,,,,
,,,,,,
,,,,,,
,,,,,,
,,,,,,
,,,,,,
,,,,,,
,,,,,,
,,,,,,
,,,,,,
,,,,,,
,,,,,,
,,,,,,
,,,,,,
,,,,,,
,,,,,,
,,,,,,
,,,,,,
,,,,,,
,,,,,,
,,,,,,
,,,,,,
,,,,,,
,,,,,,
,,,,,,
,,,,,,
,,,,,,
,,,,,,
,,,,,,
,,,,,,
,,,,,,
,,,,,,
,,,,,,
,,,,,,
,,,,,,
,,,,,,
,,,,,,
,,,,,,
,,,,,,
,,,,,,
,,,,,,
,,,,,,
,,,,,,
,,,,,,
,,,,,,
,,,,,,
,,,,,,
,,,,,,
,,,,,,
,,,,,,
,,,,,,
,,,,,,
,,,,,,
,,,,,,
,,,,,,
,,,,,,
,,,,,,
,,,,,,
,,,,,,
,,,,,,
,,,,,,
,,,,,,
,,,,,,
,,,,,,
,,,,,,
,,,,,,
,,,,,,
,,,,,,
,,,,,,
,,,,,,
,,,,,,
,,,,,,
,,,,,,
,,,,,,
,,,,,,
,,,,,,
,,,,,,
,,,,,,
,,,,,,
,,,,,,
,,,,,,
,,,,,,
,,,,,,
,,,,,,
,,,,,,
,,,,,,
,,,,,,
,,,,,,
,,,,,,
,,,,,,
,,,,,,
,,,,,,
,,,,,,
,,,,,,
,,,,,,
,,,,,,
,,,,,,
,,,,,,
,,,,,,
,,,,,,
,,,,,,
,,,,,,
,,,,,,
,,,,,,
,,,,,,
,,,,,,
,,,,,,
,,,,,,
,,,,,,
,,,,,,
,,,,,,
,,,,,,
,,,,,,
,,,,,,
,,,,,,
,,,,,,
,,,,,,
,,,,,,
,,,,,,
,,,,,,
,,,,,,
,,,,,,
,,,,,,
,,,,,,
,,,,,,
,,,,,,
,,,,,,
,,,,,,
,,,,,,
,,,,,,
,,,,,,
,,,,,,
,,,,,,
,,,,,,
,,,,,,
,,,,,,
,,,,,,
,,,,,,
,,,,,,
,,,,,,
,,,,,,
,,,,,,
,,,,,,
,,,,,,
,,,,,,
,,,,,,
,,,,,,
,,,,,,
,,,,,,
,,,,,,
,,,,,,
,,,,,,
,,,,,,
,,,,,,
,,,,,,
,,,,,,
,,,,,,
,,,,,,
,,,,,,
,,,,,,
,,,,,,
,,,,,,
,,,,,,
,,,,,,
,,,,,,
,,,,,,
,,,,,,
,,,,,,
,,,,,,
,,,,,,
,,,,,,
,,,,,,
,,,,,,
,,,,,,
,,,,,,
,,,,,,
,,,,,,
,,,,,,
,,,,,,
,,,,,,
,,,,,,
,,,,,,
,,,,,,
,,,,,,
,,,,,,
,,,,,,
,,,,,,
,,,,,,
,,,,,,
,,,,,,
,,,,,,
,,,,,,
,,,,,,
,,,,,,
,,,,,,
,,,,,,
,,,,,,
,,,,,,
,,,,,,
,,,,,,
,,,,,,
,,,,,,
,,,,,,
,,,,,,
,,,,,,
,,,,,,
,,,,,,
,,,,,,
,,,,,,
,,,,,,
,,,,,,
,,,,,,
,,,,,,
,,,,,,
,,,,,,
,,,,,,
,,,,,,
,,,,,,
,,,,,,
,,,,,,
,,,,,,
,,,,,,
,,,,,,
,,,,,,
,,,,,,
,,,,,,
,,,,,,
,,,,,,
,,,,,,
,,,,,,
,,,,,,
,,,,,,
,,,,,,
,,,,,,
,,,,,,
,,,,,,
,,,,,,
,,,,,,
,,,,,,
,,,,,,
,,,,,,
,,,,,,
,,,,,,
,,,,,,
,,,,,,
,,,,,,
,,,,,,
,,,,,,
,,,,,,
,,,,,,
,,,,,,
,,,,,,
,,,,,,
,,,,,,
,,,,,,
,,,,,,
,,,,,,
,,,,,,
,,,,,,
,,,,,,
,,,,,,
,,,,,,
,,,,,,
,,,,,,
,,,,,,
,,,,,,
,,,,,,
,,,,,,
,,,,,,
,,,,,,
,,,,,,
,,,,,,
,,,,,,
,,,,,,
,,,,,,
,,,,,,
,,,,,,
,,,,,,
,,,,,,
,,,,,,
,,,,,,
,,,,,,
,,,,,,
,,,,,,
,,,,,,
,,,,,,
,,,,,,
,,,,,,
,,,,,,
,,,,,,
,,,,,,
,,,,,,
,,,,,,
,,,,,,
,,,,,,
,,,,,,
,,,,,,
,,,,,,
,,,,,,
,,,,,,
,,,,,,
,,,,,,
,,,,,,
,,,,,,
,,,,,,
,,,,,,
,,,,,,
,,,,,,
,,,,,,
,,,,,,
,,,,,,
,,,,,,
,,,,,,
,,,,,,
,,,,,,
,,,,,,
,,,,,,
,,,,,,
,,,,,,
,,,,,,
,,,,,,
,,,,,,
,,,,,,
,,,,,,
,,,,,,
,,,,,,
,,,,,,
,,,,,,
,,,,,,
,,,,,,
,,,,,,
,,,,,,
,,,,,,
,,,,,,
,,,,,,
,,,,,,
,,,,,,
,,,,,,
,,,,,,
,,,,,,
,,,,,,
,,,,,,
,,,,,,
,,,,,,
,,,,,,
,,,,,,
,,,,,,
,,,,,,
,,,,,,
,,,,,,
,,,,,,
,,,,,,
,,,,,,
,,,,,,
,,,,,,
,,,,,,
,,,,,,
,,,,,,
,,,,,,
,,,,,,
,,,,,,
,,,,,,
,,,,,,
,,,,,,
,,,,,,
,,,,,,
,,,,,,
,,,,,,
,,,,,,
,,,,,,
,,,,,,
,,,,,,
,,,,,,
,,,,,,
,,,,,,
,,,,,,
,,,,,,
,,,,,,
,,,,,,
,,,,,,
,,,,,,
,,,,,,
,,,,,,
,,,,,,
,,,,,,
,,,,,,
,,,,,,
,,,,,,
,,,,,,
,,,,,,
,,,,,,
,,,,,,
,,,,,,
,,,,,,
,,,,,,
,,,,,,
,,,,,,
,,,,,,
,,,,,,
,,,,,,
,,,,,,
,,,,,,
,,,,,,
,,,,,,
,,,,,,
,,,,,,
,,,,,,
,,,,,,
,,,,,,
,,,,,,
,,,,,,
,,,,,,
,,,,,,
,,,,,,
,,,,,,
,,,,,,
,,,,,,
,,,,,,
,,,,,,
,,,,,,
,,,,,,
,,,,,,
,,,,,,
,,,,,,
,,,,,,
,,,,,,
,,,,,,
,,,,,,
,,,,,,
,,,,,,
,,,,,,
,,,,,,
,,,,,,
,,,,,,
,,,,,,
,,,,,,
,,,,,,
,,,,,,
,,,,,,
,,,,,,
,,,,,,
,,,,,,
,,,,,,
,,,,,,
,,,,,,
,,,,,,
,,,,,,
,,,,,,
,,,,,,
,,,,,,
,,,,,,
,,,,,,
,,,,,,
,,,,,,
,,,,,,
,,,,,,
,,,,,,
,,,,,,
,,,,,,
,,,,,,
,,,,,,
,,,,,,
,,,,,,
,,,,,,
,,,,,,
,,,,,,
,,,,,,
,,,,,,
,,,,,,
,,,,,,
,,,,,,
,,,,,,
,,,,,,
,,,,,,
,,,,,,
,,,,,,
,,,,,,
,,,,,,
,,,,,,
,,,,,,
,,,,,,
,,,,,,
,,,,,,
,,,,,,
,,,,,,
,,,,,,
,,,,,,
,,,,,,
,,,,,,
,,,,,,
,,,,,,
,,,,,,
,,,,,,
,,,,,,
,,,,,,
,,,,,,
,,,,,,
,,,,,,
,,,,,,
,,,,,,
,,,,,,
,,,,,,
,,,,,,
,,,,,,
,,,,,,
,,,,,,
,,,,,,
,,,,,,
,,,,,,
,,,,,,
,,,,,,
,,,,,,
,,,,,,
,,,,,,
,,,,,,
,,,,,,
,,,,,,
,,,,,,
,,,,,,
,,,,,,
,,,,,,
,,,,,,
,,,,,,
,,,,,,
,,,,,,
,,,,,,
,,,,,,
,,,,,,
,,,,,,
,,,,,,
,,,,,,
,,,,,,
,,,,,,
,,,,,,
,,,,,,
,,,,,,
,,,,,,
,,,,,,
,,,,,,
,,,,,,
,,,,,,
,,,,,,
,,,,,,
,,,,,,
,,,,,,
,,,,,,
,,,,,,
,,,,,,
,,,,,,
,,,,,,
,,,,,,
,,,,,,
,,,,,,
,,,,,,
,,,,,,
,,,,,,
,,,,,,
,,,,,,
,,,,,,
,,,,,,
,,,,,,
,,,,,,
,,,,,,
,,,,,,
,,,,,,
,,,,,,
,,,,,,
,,,,,,
,,,,,,
,,,,,,
,,,,,,
,,,,,,
,,,,,,
,,,,,,
,,,,,,
,,,,,,
,,,,,,
,,,,,,
,,,,,,
,,,,,,
,,,,,,
,,,,,,
,,,,,,
,,,,,,
,,,,,,
,,,,,,
,,,,,,
,,,,,,
,,,,,,
,,,,,,
,,,,,,
,,,,,,
,,,,,,
,,,,,,
,,,,,,
,,,,,,
,,,,,,
,,,,,,
,,,,,,
,,,,,,
,,,,,,
,,,,,,
,,,,,,
,,,,,,
,,,,,,
,,,,,,
,,,,,,
,,,,,,
,,,,,,
,,,,,,
,,,,,,
,,,,,,
,,,,,,
,,,,,,
,,,,,,
,,,,,,
,,,,,,
,,,,,,
,,,,,,
,,,,,,
,,,,,,
,,,,,,
,,,,,,
,,,,,,
,,,,,,
,,,,,,
,,,,,,
,,,,,,
,,,,,,
,,,,,,
,,,,,,
,,,,,,
,,,,,,
,,,,,,
,,,,,,
,,,,,,
,,,,,,
,,,,,,
,,,,,,
,,,,,,
,,,,,,
,,,,,,
,,,,,,
,,,,,,
,,,,,,
,,,,,,
,,,,,,
,,,,,,
,,,,,,
,,,,,,
,,,,,,
,,,,,,
,,,,,,
,,,,,,
,,,,,,
,,,,,,
,,,,,,
,,,,,,
,,,,,,
,,,,,,
,,,,,,
,,,,,,
,,,,,,
,,,,,,
,,,,,,
,,,,,,
,,,,,,
,,,,,,
,,,,,,
,,,,,,
,,,,,,
,,,,,,
,,,,,,
,,,,,,
,,,,,,
,,,,,,
,,,,,,
,,,,,,
,,,,,,
,,,,,,
,,,,,,
,,,,,,
,,,,,,
,,,,,,
,,,,,,
,,,,,,
,,,,,,
,,,,,,
,,,,,,
,,,,,,
,,,,,,
,,,,,,
,,,,,,
,,,,,,
,,,,,,
,,,,,,
,,,,,,
,,,,,,
,,,,,,
,,,,,,
,,,,,,
,,,,,,
,,,,,,
,,,,,,
,,,,,,
,,,,,,
,,,,,,
,,,,,,
,,,,,,
,,,,,,
,,,,,,
,,,,,,
,,,,,,
,,,,,,
,,,,,,
,,,,,,
,,,,,,
,,,,,,
,,,,,,
,,,,,,
,,,,,,
,,,,,,
,,,,,,
,,,,,,
,,,,,,
,,,,,,
,,,,,,
,,,,,,
,,,,,,
,,,,,,
,,,,,,
,,,,,,
,,,,,,
,,,,,,
,,,,,,
,,,,,,
,,,,,,
,,,,,,
,,,,,,
,,,,,,
,,,,,,
,,,,,,
,,,,,,
,,,,,,
,,,,,,
,,,,,,
,,,,,,
,,,,,,
,,,,,,
,,,,,,
,,,,,,
,,,,,,
,,,,,,
,,,,,,
,,,,,,
,,,,,,
,,,,,,
,,,,,,
,,,,,,
,,,,,,
,,,,,,
,,,,,,
,,,,,,
,,,,,,
,,,,,,
,,,,,,
,,,,,,
,,,,,,
,,,,,,
,,,,,,
,,,,,,
,,,,,,
,,,,,,
,,,,,,
,,,,,,
,,,,,,
,,,,,,
,,,,,,
,,,,,,
,,,,,,
,,,,,,
,,,,,,
,,,,,,
,,,,,,
,,,,,,
,,,,,,
,,,,,,
,,,,,,
,,,,,,
,,,,,,
,,,,,,
,,,,,,
,,,,,,
,,,,,,
,,,,,,
,,,,,,
,,,,,,
,,,,,,
,,,,,,
,,,,,,
,,,,,,
,,,,,,
,,,,,,
,,,,,,
,,,,,,
,,,,,,
,,,,,,
,,,,,,
,,,,,,
,,,,,,
,,,,,,
,,,,,,
,,,,,,
,,,,,,
,,,,,,
,,,,,,
,,,,,,
,,,,,,
,,,,,,
,,,,,,
,,,,,,
,,,,,,
,,,,,,
,,,,,,
,,,,,,
,,,,,,
,,,,,,
,,,,,,
,,,,,,
,,,,,,
,,,,,,
,,,,,,
,,,,,,
,,,,,,
,,,,,,
,,,,,,
,,,,,,
,,,,,,
,,,,,,
,,,,,,
,,,,,,
,,,,,,
,,,,,,
,,,,,,
,,,,,,
,,,,,,
,,,,,,
,,,,,,
,,,,,,
,,,,,,
,,,,,,
,,,,,,
,,,,,,
,,,,,,
,,,,,,
,,,,,,
,,,,,,
,,,,,,
,,,,,,
,,,,,,
,,,,,,
,,,,,,
,,,,,,
,,,,,,
,,,,,,
,,,,,,
,,,,,,
,,,,,,
,,,,,,
,,,,,,
,,,,,,
,,,,,,
,,,,,,
,,,,,,
,,,,,,
,,,,,,
,,,,,,
,,,,,,
,,,,,,
,,,,,,
,,,,,,
,,,,,,
,,,,,,
,,,,,,
,,,,,,
,,,,,,
,,,,,,
,,,,,,
,,,,,,
,,,,,,
,,,,,,
,,,,,,
,,,,,,
,,,,,,
,,,,,,
,,,,,,
,,,,,,
,,,,,,
,,,,,,
,,,,,,
,,,,,,
,,,,,,
,,,,,,
,,,,,,
,,,,,,
,,,,,,
,,,,,,
,,,,,,
,,,,,,
,,,,,,
,,,,,,
,,,,,,
,,,,,,
,,,,,,
,,,,,,
,,,,,,
,,,,,,
,,,,,,
,,,,,,
,,,,,,
,,,,,,
,,,,,,
,,,,,,
,,,,,,
,,,,,,
,,,,,,
,,,,,,
,,,,,,
,,,,,,
,,,,,,
,,,,,,
,,,,,,
,,,,,,
,,,,,,
,,,,,,
,,,,,,
,,,,,,
,,,,,,
,,,,,,
,,,,,,
,,,,,,
,,,,,,
,,,,,,
,,,,,,
,,,,,,
,,,,,,
,,,,,,
,,,,,,
,,,,,,
,,,,,,
,,,,,,
,,,,,,
,,,,,,
,,,,,,
,,,,,,
,,,,,,
,,,,,,
,,,,,,
,,,,,,
,,,,,,
,,,,,,
,,,,,,
,,,,,,
,,,,,,
,,,,,,
,,,,,,
,,,,,,
,,,,,,
,,,,,,
,,,,,,
,,,,,,
,,,,,,
,,,,,,
,,,,,,
,,,,,,
,,,,,,
,,,,,,
,,,,,,
,,,,,,
,,,,,,
,,,,,,
,,,,,,
,,,,,,
,,,,,,
,,,,,,
,,,,,,
,,,,,,
,,,,,,
,,,,,,
,,,,,,
,,,,,,
,,,,,,
,,,,,,
,,,,,,
,,,,,,
,,,,,,
,,,,,,
,,,,,,
,,,,,,
,,,,,,
,,,,,,
,,,,,,
,,,,,,
,,,,,,
,,,,,,
,,,,,,
,,,,,,
,,,,,,
,,,,,,
,,,,,,
,,,,,,
,,,,,,
,,,,,,
,,,,,,
,,,,,,
,,,,,,
,,,,,,
,,,,,,
,,,,,,
,,,,,,
,,,,,,
,,,,,,
,,,,,,
,,,,,,
,,,,,,
,,,,,,
,,,,,,
,,,,,,
,,,,,,
,,,,,,
,,,,,,
,,,,,,
,,,,,,
,,,,,,
,,,,,,
,,,,,,
,,,,,,
,,,,,,
,,,,,,
,,,,,,
,,,,,,
,,,,,,
,,,,,,
,,,,,,
,,,,,,
,,,,,,
,,,,,,
,,,,,,
,,,,,,
,,,,,,
,,,,,,
,,,,,,
,,,,,,
,,,,,,
,,,,,,
,,,,,,
,,,,,,
,,,,,,
,,,,,,
,,,,,,
,,,,,,
,,,,,,
,,,,,,
,,,,,,
,,,,,,
,,,,,,
,,,,,,
,,,,,,
,,,,,,
,,,,,,
,,,,,,
,,,,,,
,,,,,,
,,,,,,
,,,,,,
,,,,,,
,,,,,,
,,,,,,
,,,,,,
,,,,,,
,,,,,,
,,,,,,
,,,,,,
,,,,,,
,,,,,,
,,,,,,
,,,,,,
,,,,,,
,,,,,,
,,,,,,
,,,,,,
,,,,,,
,,,,,,
,,,,,,
,,,,,,
,,,,,,
,,,,,,
,,,,,,
,,,,,,
,,,,,,
,,,,,,
,,,,,,
,,,,,,
,,,,,,
,,,,,,
,,,,,,
,,,,,,
,,,,,,
,,,,,,
,,,,,,
,,,,,,
,,,,,,
,,,,,,
,,,,,,
,,,,,,
,,,,,,
,,,,,,
,,,,,,
,,,,,,
,,,,,,
,,,,,,
,,,,,,
,,,,,,
,,,,,,
,,,,,,
,,,,,,
,,,,,,
,,,,,,
,,,,,,
,,,,,,
,,,,,,
,,,,,,
,,,,,,
,,,,,,
,,,,,,
,,,,,,
,,,,,,
,,,,,,
,,,,,,
,,,,,,
,,,,,,
,,,,,,
,,,,,,
,,,,,,
,,,,,,
,,,,,,
,,,,,,
,,,,,,
,,,,,,
,,,,,,
,,,,,,
,,,,,,
,,,,,,
,,,,,,
,,,,,,
,,,,,,
,,,,,,
,,,,,,
,,,,,,
,,,,,,
,,,,,,
,,,,,,
,,,,,,
,,,,,,
,,,,,,
,,,,,,
,,,,,,
,,,,,,
,,,,,,
,,,,,,
,,,,,,
,,,,,,
,,,,,,
,,,,,,
,,,,,,
,,,,,,
,,,,,,
,,,,,,
,,,,,,
,,,,,,
,,,,,,
,,,,,,
,,,,,,
,,,,,,
,,,,,,
,,,,,,
,,,,,,
,,,,,,
,,,,,,
,,,,,,
,,,,,,
,,,,,,
,,,,,,
,,,,,,
,,,,,,
,,,,,,
,,,,,,
,,,,,,
,,,,,,
,,,,,,
,,,,,,
,,,,,,
,,,,,,
,,,,,,
,,,,,,
,,,,,,
,,,,,,
,,,,,,
,,,,,,
,,,,,,
,,,,,,
,,,,,,
,,,,,,
,,,,,,
,,,,,,
,,,,,,
,,,,,,
,,,,,,
,,,,,,
,,,,,,
,,,,,,
,,,,,,
,,,,,,
,,,,,,
,,,,,,
,,,,,,
,,,,,,
,,,,,,
,,,,,,
,,,,,,
,,,,,,
,,,,,,
,,,,,,
,,,,,,
,,,,,,
,,,,,,
,,,,,,
,,,,,,
,,,,,,
,,,,,,
,,,,,,
,,,,,,
,,,,,,
,,,,,,
,,,,,,
,,,,,,
,,,,,,
,,,,,,
,,,,,,
,,,,,,
,,,,,,
,,,,,,
,,,,,,
,,,,,,
,,,,,,
,,,,,,
,,,,,,
,,,,,,
,,,,,,
,,,,,,
,,,,,,
,,,,,,
,,,,,,
,,,,,,
,,,,,,
,,,,,,
,,,,,,
,,,,,,
,,,,,,
,,,,,,
,,,,,,
,,,,,,
,,,,,,
,,,,,,
,,,,,,
,,,,,,
,,,,,,
,,,,,,
,,,,,,
,,,,,,
,,,,,,
,,,,,,
,,,,,,
,,,,,,
,,,,,,
,,,,,,
,,,,,,
,,,,,,
,,,,,,
,,,,,,
,,,,,,
,,,,,,
,,,,,,
,,,,,,
,,,,,,
,,,,,,
,,,,,,
,,,,,,
,,,,,,
,,,,,,
,,,,,,
,,,,,,
,,,,,,
,,,,,,
,,,,,,
,,,,,,
,,,,,,
,,,,,,
,,,,,,
,,,,,,
,,,,,,
,,,,,,
,,,,,,
,,,,,,
,,,,,,
,,,,,,
,,,,,,
,,,,,,
,,,,,,
,,,,,,
,,,,,,
,,,,,,
,,,,,,
,,,,,,
,,,,,,
,,,,,,
,,,,,,
,,,,,,
,,,,,,
,,,,,,
,,,,,,
,,,,,,
,,,,,,
,,,,,,
,,,,,,
,,,,,,
,,,,,,
,,,,,,
,,,,,,
,,,,,,
,,,,,,
,,,,,,
,,,,,,
,,,,,,
,,,,,,
,,,,,,
,,,,,,
,,,,,,
,,,,,,
,,,,,,
,,,,,,
,,,,,,
,,,,,,
,,,,,,
,,,,,,
,,,,,,
,,,,,,
,,,,,,
,,,,,,
,,,,,,
,,,,,,
,,,,,,
,,,,,,
,,,,,,
,,,,,,
,,,,,,
,,,,,,
,,,,,,
,,,,,,
,,,,,,
,,,,,,
,,,,,,
,,,,,,
,,,,,,
,,,,,,
,,,,,,
,,,,,,
,,,,,,
,,,,,,
,,,,,,
,,,,,,
,,,,,,
,,,,,,
,,,,,,
,,,,,,
,,,,,,
,,,,,,
,,,,,,
,,,,,,
,,,,,,
,,,,,,
,,,,,,
,,,,,,
,,,,,,
,,,,,,
,,,,,,
,,,,,,
,,,,,,
,,,,,,
,,,,,,
,,,,,,
,,,,,,
,,,,,,
,,,,,,
,,,,,,
,,,,,,
,,,,,,
,,,,,,
,,,,,,
,,,,,,
,,,,,,
,,,,,,
,,,,,,
,,,,,,
,,,,,,
,,,,,,
,,,,,,
,,,,,,
,,,,,,
,,,,,,
,,,,,,
,,,,,,
,,,,,,
,,,,,,
,,,,,,
,,,,,,
,,,,,,
,,,,,,
,,,,,,
,,,,,,
,,,,,,
,,,,,,
,,,,,,
,,,,,,
,,,,,,
,,,,,,
,,,,,,
,,,,,,
,,,,,,
,,,,,,
,,,,,,
,,,,,,
,,,,,,
,,,,,,
,,,,,,
,,,,,,
,,,,,,
,,,,,,
,,,,,,
,,,,,,
,,,,,,
,,,,,,
,,,,,,
,,,,,,
,,,,,,
,,,,,,
,,,,,,
,,,,,,
,,,,,,
,,,,,,
,,,,,,
,,,,,,
,,,,,,
,,,,,,
,,,,,,
,,,,,,
,,,,,,
,,,,,,
,,,,,,
,,,,,,
,,,,,,
,,,,,,
,,,,,,
,,,,,,
,,,,,,
,,,,,,
,,,,,,
,,,,,,
,,,,,,
,,,,,,
,,,,,,
,,,,,,
,,,,,,
,,,,,,
,,,,,,
,,,,,,
,,,,,,
,,,,,,
,,,,,,
,,,,,,
,,,,,,
,,,,,,
,,,,,,
,,,,,,
,,,,,,
,,,,,,
,,,,,,
,,,,,,
,,,,,,
,,,,,,
,,,,,,
,,,,,,
,,,,,,
,,,,,,
,,,,,,
,,,,,,
,,,,,,
,,,,,,
,,,,,,
,,,,,,
,,,,,,
,,,,,,
,,,,,,
,,,,,,
,,,,,,
,,,,,,
,,,,,,
,,,,,,
,,,,,,
,,,,,,
,,,,,,
,,,,,,
,,,,,,
,,,,,,
,,,,,,
,,,,,,
,,,,,,
,,,,,,
,,,,,,
,,,,,,
,,,,,,
,,,,,,
,,,,,,
,,,,,,
,,,,,,
,,,,,,
,,,,,,
,,,,,,
,,,,,,
,,,,,,
,,,,,,
,,,,,,
,,,,,,
,,,,,,
,,,,,,
,,,,,,
,,,,,,
,,,,,,
,,,,,,
,,,,,,
,,,,,,
,,,,,,
,,,,,,
,,,,,,
,,,,,,
,,,,,,
,,,,,,
,,,,,,
,,,,,,
,,,,,,
,,,,,,
,,,,,,
,,,,,,
,,,,,,
,,,,,,
,,,,,,
,,,,,,
,,,,,,
,,,,,,
,,,,,,
,,,,,,
,,,,,,
,,,,,,
,,,,,,
,,,,,,
,,,,,,
,,,,,,
,,,,,,
,,,,,,
,,,,,,
,,,,,,
,,,,,,
,,,,,,
,,,,,,
,,,,,,
,,,,,,
,,,,,,
,,,,,,
,,,,,,
,,,,,,
,,,,,,
,,,,,,
,,,,,,
,,,,,,
,,,,,,
,,,,,,
,,,,,,
,,,,,,
,,,,,,
,,,,,,
,,,,,,
,,,,,,
,,,,,,
,,,,,,
,,,,,,
,,,,,,
,,,,,,
,,,,,,
,,,,,,
,,,,,,
,,,,,,
,,,,,,
,,,,,,
,,,,,,
,,,,,,
,,,,,,
,,,,,,
,,,,,,
,,,,,,
,,,,,,
,,,,,,
,,,,,,
,,,,,,
,,,,,,
,,,,,,
,,,,,,
,,,,,,
,,,,,,
,,,,,,
,,,,,,
,,,,,,
,,,,,,
,,,,,,
,,,,,,
,,,,,,
,,,,,,
,,,,,,
,,,,,,
,,,,,,
,,,,,,
,,,,,,
,,,,,,
,,,,,,
,,,,,,
,,,,,,
,,,,,,
,,,,,,
,,,,,,
,,,,,,
,,,,,,
,,,,,,
,,,,,,
,,,,,,
,,,,,,
,,,,,,
,,,,,,
,,,,,,
,,,,,,
,,,,,,
,,,,,,
,,,,,,
,,,,,,
,,,,,,
,,,,,,
,,,,,,
,,,,,,
,,,,,,
,,,,,,
,,,,,,
,,,,,,
,,,,,,
,,,,,,
,,,,,,
,,,,,,
,,,,,,
,,,,,,
,,,,,,
,,,,,,
,,,,,,
,,,,,,
,,,,,,
,,,,,,
,,,,,,
,,,,,,
,,,,,,
,,,,,,
,,,,,,
,,,,,,
,,,,,,
,,,,,,
,,,,,,
,,,,,,
,,,,,,
,,,,,,
,,,,,,
,,,,,,
,,,,,,
,,,,,,
,,,,,,
,,,,,,
,,,,,,
,,,,,,
,,,,,,
,,,,,,
,,,,,,
,,,,,,
,,,,,,
,,,,,,
,,,,,,
,,,,,,
,,,,,,
,,,,,,
,,,,,,
,,,,,,
,,,,,,
,,,,,,
,,,,,,
,,,,,,
,,,,,,
,,,,,,
,,,,,,
,,,,,,
,,,,,,
,,,,,,
,,,,,,
,,,,,,
,,,,,,
,,,,,,
,,,,,,
,,,,,,
,,,,,,
,,,,,,
,,,,,,
,,,,,,
,,,,,,
,,,,,,
,,,,,,
,,,,,,
,,,,,,
,,,,,,
,,,,,,
,,,,,,
,,,,,,
,,,,,,
,,,,,,
,,,,,,
,,,,,,
,,,,,,
,,,,,,
,,,,,,
,,,,,,
,,,,,,
,,,,,,
,,,,,,
,,,,,,
,,,,,,
,,,,,,
,,,,,,
,,,,,,
,,,,,,
,,,,,,
,,,,,,
,,,,,,
,,,,,,
,,,,,,
,,,,,,
,,,,,,
,,,,,,
,,,,,,
,,,,,,
,,,,,,
,,,,,,
,,,,,,
,,,,,,
,,,,,,
,,,,,,
,,,,,,
,,,,,,
,,,,,,
,,,,,,
,,,,,,
,,,,,,
,,,,,,
,,,,,,
,,,,,,
,,,,,,
,,,,,,
,,,,,,
,,,,,,
,,,,,,
,,,,,,
,,,,,,
,,,,,,
,,,,,,
,,,,,,
,,,,,,
,,,,,,
,,,,,,
,,,,,,
,,,,,,
,,,,,,
,,,,,,
,,,,,,
,,,,,,
,,,,,,
,,,,,,
,,,,,,
,,,,,,
,,,,,,
,,,,,,
,,,,,,
,,,,,,
,,,,,,
,,,,,,
,,,,,,
,,,,,,
,,,,,,
,,,,,,
,,,,,,
,,,,,,
,,,,,,
,,,,,,
,,,,,,
,,,,,,
,,,,,,
,,,,,,
,,,,,,
,,,,,,
,,,,,,
,,,,,,
,,,,,,
,,,,,,
,,,,,,
,,,,,,
,,,,,,
,,,,,,
,,,,,,
,,,,,,
,,,,,,
,,,,,,
,,,,,,
,,,,,,
,,,,,,
,,,,,,
,,,,,,
,,,,,,
,,,,,,
,,,,,,
,,,,,,
,,,,,,
,,,,,,
,,,,,,
,,,,,,
,,,,,,
,,,,,,
,,,,,,
,,,,,,
,,,,,,
,,,,,,
,,,,,,
,,,,,,
,,,,,,
,,,,,,
,,,,,,
,,,,,,
,,,,,,
,,,,,,
,,,,,,
,,,,,,
,,,,,,
,,,,,,
,,,,,,
,,,,,,
,,,,,,
,,,,,,
,,,,,,
,,,,,,
,,,,,,
,,,,,,
,,,,,,
,,,,,,
,,,,,,
,,,,,,
,,,,,,
,,,,,,
,,,,,,
,,,,,,
,,,,,,
,,,,,,
,,,,,,
,,,,,,
,,,,,,
,,,,,,
,,,,,,
,,,,,,
,,,,,,
,,,,,,
,,,,,,
,,,,,,
,,,,,,
,,,,,,
,,,,,,
,,,,,,
,,,,,,
,,,,,,
,,,,,,
,,,,,,
,,,,,,
,,,,,,
,,,,,,
,,,,,,
,,,,,,
,,,,,,
,,,,,,
,,,,,,
,,,,,,
,,,,,,
,,,,,,
,,,,,,
,,,,,,
,,,,,,
,,,,,,
,,,,,,
,,,,,,
,,,,,,
,,,,,,
,,,,,,
,,,,,,
,,,,,,
,,,,,,
,,,,,,
,,,,,,
,,,,,,
,,,,,,
,,,,,,
,,,,,,
,,,,,,
,,,,,,
,,,,,,
,,,,,,
,,,,,,
,,,,,,
,,,,,,
,,,,,,
,,,,,,
,,,,,,
,,,,,,
,,,,,,
,,,,,,
,,,,,,
,,,,,,
,,,,,,
,,,,,,
,,,,,,
,,,,,,
,,,,,,
,,,,,,
,,,,,,
,,,,,,
,,,,,,
,,,,,,
,,,,,,
,,,,,,
,,,,,,
,,,,,,
,,,,,,
,,,,,,
,,,,,,
,,,,,,
,,,,,,
,,,,,,
,,,,,,
,,,,,,
,,,,,,
,,,,,,
,,,,,,
,,,,,,
,,,,,,
,,,,,,
,,,,,,
,,,,,,
,,,,,,
,,,,,,
,,,,,,
,,,,,,
,,,,,,
,,,,,,
,,,,,,
,,,,,,
,,,,,,
,,,,,,
,,,,,,
,,,,,,
,,,,,,
,,,,,,
,,,,,,
,,,,,,
,,,,,,
,,,,,,
,,,,,,
,,,,,,
,,,,,,
,,,,,,
,,,,,,
,,,,,,
,,,,,,
,,,,,,
,,,,,,
,,,,,,
,,,,,,
,,,,,,
,,,,,,
,,,,,,
,,,,,,
,,,,,,
,,,,,,
,,,,,,
,,,,,,
,,,,,,
,,,,,,
,,,,,,
,,,,,,
,,,,,,
,,,,,,
,,,,,,
,,,,,,
,,,,,,
,,,,,,
,,,,,,
,,,,,,
,,,,,,
,,,,,,
,,,,,,
,,,,,,
,,,,,,
,,,,,,
,,,,,,
,,,,,,
,,,,,,
,,,,,,
,,,,,,
,,,,,,
,,,,,,
,,,,,,
,,,,,,
,,,,,,
,,,,,,
,,,,,,
,,,,,,
,,,,,,
,,,,,,
,,,,,,
,,,,,,
,,,,,,
,,,,,,
,,,,,,
,,,,,,
,,,,,,
,,,,,,
,,,,,,
,,,,,,
,,,,,,
,,,,,,
,,,,,,
,,,,,,
,,,,,,
,,,,,,
,,,,,,
,,,,,,
,,,,,,
,,,,,,
,,,,,,
,,,,,,
,,,,,,
,,,,,,
,,,,,,
,,,,,,
,,,,,,
,,,,,,
,,,,,,
,,,,,,
,,,,,,
,,,,,,
,,,,,,
,,,,,,
,,,,,,
,,,,,,
,,,,,,
,,,,,,
,,,,,,
,,,,,,
,,,,,,
,,,,,,
,,,,,,
,,,,,,
,,,,,,
,,,,,,
,,,,,,
,,,,,,
,,,,,,
,,,,,,
,,,,,,
,,,,,,
,,,,,,
,,,,,,
,,,,,,
,,,,,,
,,,,,,
,,,,,,
,,,,,,
,,,,,,
,,,,,,
,,,,,,
,,,,,,
,,,,,,
,,,,,,
,,,,,,
,,,,,,
,,,,,,
,,,,,,
,,,,,,
,,,,,,
,,,,,,
,,,,,,
,,,,,,
,,,,,,
,,,,,,
,,,,,,
,,,,,,
,,,,,,
,,,,,,
,,,,,,
,,,,,,
,,,,,,
,,,,,,
,,,,,,
,,,,,,
,,,,,,
,,,,,,
,,,,,,
,,,,,,
,,,,,,
,,,,,,
,,,,,,
,,,,,,
,,,,,,
,,,,,,
,,,,,,
,,,,,,
,,,,,,
,,,,,,
,,,,,,
,,,,,,
,,,,,,
,,,,,,
,,,,,,
,,,,,,
,,,,,,
,,,,,,
,,,,,,
,,,,,,
,,,,,,
,,,,,,
,,,,,,
,,,,,,
,,,,,,
,,,,,,
,,,,,,
,,,,,,
,,,,,,
,,,,,,
,,,,,,
,,,,,,
,,,,,,
,,,,,,
,,,,,,
,,,,,,
,,,,,,
,,,,,,
,,,,,,
,,,,,,
,,,,,,
,,,,,,
,,,,,,
,,,,,,
,,,,,,
,,,,,,
,,,,,,
,,,,,,
,,,,,,
,,,,,,
,,,,,,
,,,,,,
,,,,,,
,,,,,,
,,,,,,
,,,,,,
,,,,,,
,,,,,,
,,,,,,
,,,,,,
,,,,,,
,,,,,,
,,,,,,
,,,,,,
,,,,,,
,,,,,,
,,,,,,
,,,,,,
,,,,,,
,,,,,,
,,,,,,
,,,,,,
,,,,,,
,,,,,,
,,,,,,
,,,,,,
,,,,,,
,,,,,,
,,,,,,
,,,,,,
,,,,,,
,,,,,,
,,,,,,
,,,,,,
,,,,,,
,,,,,,
,,,,,,
,,,,,,
,,,,,,
,,,,,,
,,,,,,
,,,,,,
,,,,,,
,,,,,,
,,,,,,
,,,,,,
,,,,,,
,,,,,,
,,,,,,
,,,,,,
,,,,,,
,,,,,,
,,,,,,
,,,,,,
,,,,,,
,,,,,,
,,,,,,
,,,,,,
,,,,,,
,,,,,,
,,,,,,
,,,,,,
,,,,,,
,,,,,,
,,,,,,
,,,,,,
,,,,,,
,,,,,,
,,,,,,
,,,,,,
,,,,,,
,,,,,,
,,,,,,
,,,,,,
,,,,,,
,,,,,,
,,,,,,
,,,,,,
,,,,,,
,,,,,,
,,,,,,
,,,,,,
,,,,,,
,,,,,,
,,,,,,
,,,,,,
,,,,,,
,,,,,,
,,,,,,
,,,,,,
,,,,,,
,,,,,,
,,,,,,
,,,,,,
,,,,,,
,,,,,,
,,,,,,
,,,,,,
,,,,,,
,,,,,,
,,,,,,
,,,,,,
,,,,,,
,,,,,,
,,,,,,
,,,,,,
,,,,,,
,,,,,,
,,,,,,
,,,,,,
,,,,,,
,,,,,,
,,,,,,
,,,,,,
,,,,,,
,,,,,,
,,,,,,
,,,,,,
,,,,,,
,,,,,,
,,,,,,
,,,,,,
,,,,,,
,,,,,,
,,,,,,
,,,,,,
,,,,,,
,,,,,,
,,,,,,
,,,,,,
,,,,,,
,,,,,,
,,,,,,
,,,,,,
,,,,,,
,,,,,,
,,,,,,
,,,,,,
,,,,,,
,,,,,,
,,,,,,
,,,,,,
,,,,,,
,,,,,,
,,,,,,
,,,,,,
,,,,,,
,,,,,,
,,,,,,
,,,,,,
,,,,,,
,,,,,,
,,,,,,
,,,,,,
,,,,,,
,,,,,,
,,,,,,
,,,,,,
,,,,,,
,,,,,,
,,,,,,
,,,,,,
,,,,,,
,,,,,,
,,,,,,
,,,,,,
,,,,,,
,,,,,,
,,,,,,
,,,,,,
,,,,,,
,,,,,,
,,,,,,
,,,,,,
,,,,,,
,,,,,,
,,,,,,
,,,,,,
,,,,,,
,,,,,,
,,,,,,
,,,,,,
,,,,,,
,,,,,,
,,,,,,
,,,,,,
,,,,,,
,,,,,,
,,,,,,
,,,,,,
,,,,,,
,,,,,,
,,,,,,
,,,,,,
,,,,,,
,,,,,,
,,,,,,
,,,,,,
,,,,,,
,,,,,,
,,,,,,
,,,,,,
,,,,,,
,,,,,,
,,,,,,
,,,,,,
,,,,,,
,,,,,,
,,,,,,
,,,,,,
,,,,,,
,,,,,,
,,,,,,
,,,,,,
,,,,,,
,,,,,,
,,,,,,
,,,,,,
,,,,,,
,,,,,,
,,,,,,
,,,,,,
,,,,,,
,,,,,,
,,,,,,
,,,,,,
,,,,,,
,,,,,,
,,,,,,
,,,,,,
,,,,,,
,,,,,,
,,,,,,
,,,,,,
,,,,,,
,,,,,,
,,,,,,
,,,,,,
,,,,,,
,,,,,,
,,,,,,
,,,,,,
,,,,,,
,,,,,,
,,,,,,
,,,,,,
,,,,,,
,,,,,,
,,,,,,
,,,,,,
,,,,,,
,,,,,,
,,,,,,
,,,,,,
,,,,,,
,,,,,,
,,,,,,
,,,,,,
,,,,,,
,,,,,,
,,,,,,
,,,,,,
,,,,,,
,,,,,,
,,,,,,
,,,,,,
,,,,,,
,,,,,,
,,,,,,
,,,,,,
,,,,,,
,,,,,,
,,,,,,
,,,,,,
,,,,,,
,,,,,,
,,,,,,
,,,,,,
,,,,,,
,,,,,,
,,,,,,
,,,,,,
,,,,,,
,,,,,,
,,,,,,
,,,,,,
,,,,,,
,,,,,,
,,,,,,
,,,,,,
,,,,,,
,,,,,,
,,,,,,
,,,,,,
,,,,,,
,,,,,,
,,,,,,
,,,,,,
,,,,,,
,,,,,,
,,,,,,
,,,,,,
,,,,,,
,,,,,,
,,,,,,
,,,,,,
,,,,,,
,,,,,,
,,,,,,
,,,,,,
,,,,,,
,,,,,,
,,,,,,
,,,,,,
,,,,,,
,,,,,,
,,,,,,
,,,,,,
,,,,,,
,,,,,,
,,,,,,
,,,,,,
,,,,,,
,,,,,,
,,,,,,
,,,,,,
,,,,,,
,,,,,,
,,,,,,
,,,,,,
,,,,,,
,,,,,,
,,,,,,
,,,,,,
,,,,,,
,,,,,,
,,,,,,
,,,,,,
,,,,,,
,,,,,,
,,,,,,
,,,,,,
,,,,,,
,,,,,,
,,,,,,
,,,,,,
,,,,,,
,,,,,,
,,,,,,
,,,,,,
,,,,,,
,,,,,,
,,,,,,
,,,,,,
,,,,,,
,,,,,,
,,,,,,
,,,,,,
,,,,,,
,,,,,,
,,,,,,
,,,,,,
,,,,,,
,,,,,,
,,,,,,
,,,,,,
,,,,,,
,,,,,,
,,,,,,
,,,,,,
,,,,,,
,,,,,,
,,,,,,
,,,,,,
,,,,,,
,,,,,,
,,,,,,
,,,,,,
,,,,,,
,,,,,,
,,,,,,
,,,,,,
,,,,,,
,,,,,,
,,,,,,
,,,,,,
,,,,,,
,,,,,,
,,,,,,
,,,,,,
,,,,,,
,,,,,,
,,,,,,
,,,,,,
,,,,,,
,,,,,,
,,,,,,
,,,,,,
,,,,,,
,,,,,,
,,,,,,
,,,,,,
,,,,,,
,,,,,,
,,,,,,
,,,,,,
,,,,,,
,,,,,,
,,,,,,
,,,,,,
,,,,,,
,,,,,,
,,,,,,
,,,,,,
,,,,,,
,,,,,,
,,,,,,
,,,,,,
,,,,,,
,,,,,,
,,,,,,
,,,,,,
,,,,,,
,,,,,,
,,,,,,
,,,,,,
,,,,,,
,,,,,,
,,,,,,
,,,,,,
,,,,,,
,,,,,,
,,,,,,
,,,,,,
,,,,,,
,,,,,,
,,,,,,
,,,,,,
,,,,,,
,,,,,,
,,,,,,
,,,,,,
,,,,,,
,,,,,,
,,,,,,
,,,,,,
,,,,,,
,,,,,,
,,,,,,
,,,,,,
,,,,,,
,,,,,,
,,,,,,
,,,,,,
,,,,,,
,,,,,,
,,,,,,
,,,,,,
,,,,,,
,,,,,,
,,,,,,
,,,,,,
,,,,,,
,,,,,,
,,,,,,
,,,,,,
,,,,,,
,,,,,,
,,,,,,
,,,,,,
,,,,,,
,,,,,,
,,,,,,
,,,,,,
,,,,,,
,,,,,,
,,,,,,
,,,,,,
,,,,,,
,,,,,,
,,,,,,
,,,,,,
,,,,,,
,,,,,,
,,,,,,
,,,,,,
,,,,,,
,,,,,,
,,,,,,
,,,,,,
,,,,,,
,,,,,,
,,,,,,
,,,,,,
,,,,,,
,,,,,,
,,,,,,
,,,,,,
,,,,,,
,,,,,,
,,,,,,
,,,,,,
,,,,,,
,,,,,,
,,,,,,
,,,,,,
,,,,,,
,,,,,,
,,,,,,
,,,,,,
,,,,,,
,,,,,,
,,,,,,
,,,,,,
,,,,,,
,,,,,,
,,,,,,
,,,,,,
,,,,,,
,,,,,,
,,,,,,
,,,,,,
,,,,,,
,,,,,,
,,,,,,
,,,,,,
,,,,,,
,,,,,,
,,,,,,
,,,,,,
,,,,,,
,,,,,,
,,,,,,
,,,,,,
,,,,,,
,,,,,,
,,,,,,
,,,,,,
,,,,,,
,,,,,,
,,,,,,
,,,,,,
,,,,,,
,,,,,,
,,,,,,
,,,,,,
,,,,,,
,,,,,,
,,,,,,
,,,,,,
,,,,,,
,,,,,,
,,,,,,
,,,,,,
,,,,,,
,,,,,,
,,,,,,
,,,,,,
,,,,,,
,,,,,,
,,,,,,
,,,,,,
,,,,,,
,,,,,,
,,,,,,
,,,,,,
,,,,,,
,,,,,,
,,,,,,
,,,,,,
,,,,,,
,,,,,,
,,,,,,
,,,,,,
,,,,,,
,,,,,,
,,,,,,
,,,,,,
,,,,,,
,,,,,,
,,,,,,
,,,,,,
,,,,,,
,,,,,,
,,,,,,
,,,,,,
,,,,,,
,,,,,,
,,,,,,
,,,,,,
,,,,,,
,,,,,,
,,,,,,
,,,,,,
,,,,,,
,,,,,,
,,,,,,
,,,,,,
,,,,,,
,,,,,,
,,,,,,
,,,,,,
,,,,,,
,,,,,,
,,,,,,
,,,,,,
,,,,,,
,,,,,,
,,,,,,
,,,,,,
,,,,,,
,,,,,,
,,,,,,
,,,,,,
,,,,,,
,,,,,,
,,,,,,
,,,,,,
,,,,,,
,,,,,,
,,,,,,
,,,,,,
,,,,,,
,,,,,,
,,,,,,
,,,,,,
,,,,,,
,,,,,,
,,,,,,
,,,,,,
,,,,,,
,,,,,,
,,,,,,
,,,,,,
,,,,,,
,,,,,,
,,,,,,
,,,,,,
,,,,,,
,,,,,,
,,,,,,
,,,,,,
,,,,,,
,,,,,,
,,,,,,
,,,,,,
,,,,,,
,,,,,,
,,,,,,
,,,,,,
,,,,,,
,,,,,,
,,,,,,
,,,,,,
,,,,,,
,,,,,,
,,,,,,
,,,,,,
,,,,,,
,,,,,,
,,,,,,
,,,,,,
,,,,,,
,,,,,,
,,,,,,
,,,,,,
,,,,,,
,,,,,,
,,,,,,
,,,,,,
,,,,,,
,,,,,,
,,,,,,
,,,,,,
,,,,,,
,,,,,,
,,,,,,
,,,,,,
,,,,,,
,,,,,,
,,,,,,
,,,,,,
,,,,,,
,,,,,,
,,,,,,
,,,,,,
,,,,,,
,,,,,,
,,,,,,
,,,,,,
,,,,,,
,,,,,,
,,,,,,
,,,,,,
,,,,,,
,,,,,,
,,,,,,
,,,,,,
,,,,,,
,,,,,,
,,,,,,
,,,,,,
,,,,,,
,,,,,,
,,,,,,
,,,,,,
,,,,,,
,,,,,,
,,,,,,
,,,,,,
,,,,,,
,,,,,,
,,,,,,
,,,,,,
,,,,,,
,,,,,,
,,,,,,
,,,,,,
,,,,,,
,,,,,,
,,,,,,
,,,,,,
,,,,,,
,,,,,,
,,,,,,
,,,,,,
,,,,,,
,,,,,,
,,,,,,
,,,,,,
,,,,,,
,,,,,,
,,,,,,
,,,,,,
,,,,,,
,,,,,,
,,,,,,
,,,,,,
,,,,,,
,,,,,,
,,,,,,
,,,,,,
,,,,,,
,,,,,,
,,,,,,
,,,,,,
,,,,,,
,,,,,,
,,,,,,
,,,,,,
,,,,,,
,,,,,,
,,,,,,
,,,,,,
,,,,,,
,,,,,,
,,,,,,
,,,,,,
,,,,,,
,,,,,,
,,,,,,
,,,,,,
,,,,,,
,,,,,,
,,,,,,
,,,,,,
,,,,,,
,,,,,,
,,,,,,
,,,,,,
,,,,,,
,,,,,,
,,,,,,
,,,,,,
,,,,,,
,,,,,,
,,,,,,
,,,,,,
,,,,,,
,,,,,,
,,,,,,
,,,,,,
,,,,,,
,,,,,,
,,,,,,
,,,,,,
,,,,,,
,,,,,,
,,,,,,
,,,,,,
,,,,,,
,,,,,,
,,,,,,
,,,,,,
,,,,,,
,,,,,,
,,,,,,
,,,,,,
,,,,,,
,,,,,,
,,,,,,
,,,,,,
,,,,,,
,,,,,,
,,,,,,
,,,,,,
,,,,,,
,,,,,,
,,,,,,
,,,,,,
,,,,,,
,,,,,,
,,,,,,
,,,,,,
,,,,,,
,,,,,,
,,,,,,
,,,,,,
,,,,,,
,,,,,,
,,,,,,
,,,,,,
,,,,,,
,,,,,,
,,,,,,
,,,,,,
,,,,,,
,,,,,,
,,,,,,
,,,,,,
,,,,,,
,,,,,,
,,,,,,
,,,,,,
,,,,,,
,,,,,,
,,,,,,
,,,,,,
,,,,,,
,,,,,,
,,,,,,
,,,,,,
,,,,,,
,,,,,,
,,,,,,
,,,,,,
,,,,,,
,,,,,,
,,,,,,
,,,,,,
,,,,,,
,,,,,,
,,,,,,
,,,,,,
,,,,,,
,,,,,,
,,,,,,
,,,,,,
,,,,,,
,,,,,,
,,,,,,
,,,,,,
,,,,,,
,,,,,,
,,,,,,
,,,,,,
,,,,,,
,,,,,,
,,,,,,
,,,,,,
,,,,,,
,,,,,,
,,,,,,
,,,,,,
,,,,,,
,,,,,,
,,,,,,
,,,,,,
,,,,,,
,,,,,,
,,,,,,
,,,,,,
,,,,,,
,,,,,,
,,,,,,
,,,,,,
,,,,,,
,,,,,,
,,,,,,
,,,,,,
,,,,,,
,,,,,,
,,,,,,
,,,,,,
,,,,,,
,,,,,,
,,,,,,
,,,,,,
,,,,,,
,,,,,,
,,,,,,
,,,,,,
,,,,,,
,,,,,,
,,,,,,
,,,,,,
,,,,,,
,,,,,,
,,,,,,
,,,,,,
,,,,,,
,,,,,,
,,,,,,
,,,,,,
,,,,,,
,,,,,,
,,,,,,
,,,,,,
,,,,,,
,,,,,,
,,,,,,
,,,,,,
,,,,,,
,,,,,,
,,,,,,
,,,,,,
,,,,,,
,,,,,,
,,,,,,
,,,,,,
,,,,,,
,,,,,,
,,,,,,
,,,,,,
,,,,,,
,,,,,,
,,,,,,
,,,,,,
,,,,,,
,,,,,,
,,,,,,
,,,,,,
,,,,,,
,,,,,,
,,,,,,
,,,,,,
,,,,,,
,,,,,,
,,,,,,
,,,,,,
,,,,,,
,,,,,,
,,,,,,
,,,,,,
,,,,,,
,,,,,,
,,,,,,
,,,,,,
,,,,,,
,,,,,,
,,,,,,
,,,,,,
,,,,,,
,,,,,,
,,,,,,
,,,,,,
,,,,,,
,,,,,,
,,,,,,
,,,,,,
,,,,,,
,,,,,,
,,,,,,
,,,,,,
,,,,,,
,,,,,,
,,,,,,
,,,,,,
,,,,,,
,,,,,,
,,,,,,
,,,,,,
,,,,,,
,,,,,,
,,,,,,
,,,,,,
,,,,,,
,,,,,,
,,,,,,
,,,,,,
,,,,,,
,,,,,,
,,,,,,
,,,,,,
,,,,,,
,,,,,,
,,,,,,
,,,,,,
,,,,,,
,,,,,,
,,,,,,
,,,,,,
,,,,,,
,,,,,,
,,,,,,
,,,,,,
,,,,,,
,,,,,,
,,,,,,
,,,,,,
,,,,,,
,,,,,,
,,,,,,
,,,,,,
,,,,,,
,,,,,,
,,,,,,
,,,,,,
,,,,,,
,,,,,,
,,,,,,
,,,,,,
,,,,,,
,,,,,,
,,,,,,
,,,,,,
,,,,,,
,,,,,,
,,,,,,
,,,,,,
,,,,,,
,,,,,,
,,,,,,
,,,,,,
,,,,,,
,,,,,,
,,,,,,
,,,,,,
,,,,,,
,,,,,,
,,,,,,
,,,,,,
,,,,,,
,,,,,,
,,,,,,
,,,,,,
,,,,,,
,,,,,,
,,,,,,
,,,,,,
,,,,,,
,,,,,,
,,,,,,
,,,,,,
,,,,,,
,,,,,,
,,,,,,
,,,,,,
,,,,,,
,,,,,,
,,,,,,
,,,,,,
,,,,,,
,,,,,,
,,,,,,
,,,,,,
,,,,,,
,,,,,,
,,,,,,
,,,,,,
,,,,,,
,,,,,,
,,,,,,
,,,,,,
,,,,,,
,,,,,,
,,,,,,
,,,,,,
,,,,,,
,,,,,,
,,,,,,
,,,,,,
,,,,,,
,,,,,,
,,,,,,
,,,,,,
,,,,,,
,,,,,,
,,,,,,
,,,,,,
,,,,,,
,,,,,,
,,,,,,
,,,,,,
,,,,,,
,,,,,,
,,,,,,
,,,,,,
,,,,,,
,,,,,,
,,,,,,
,,,,,,
,,,,,,
,,,,,,
,,,,,,
,,,,,,
,,,,,,
,,,,,,
,,,,,,
,,,,,,
,,,,,,
,,,,,,
,,,,,,
,,,,,,
,,,,,,
,,,,,,
,,,,,,
,,,,,,
,,,,,,
,,,,,,
,,,,,,
,,,,,,
,,,,,,
,,,,,,
,,,,,,
,,,,,,
,,,,,,
,,,,,,
,,,,,,
,,,,,,
,,,,,,
,,,,,,
,,,,,,
,,,,,,
,,,,,,
,,,,,,
,,,,,,
,,,,,,
,,,,,,
,,,,,,
,,,,,,
,,,,,,
,,,,,,
,,,,,,
,,,,,,
,,,,,,
,,,,,,
,,,,,,
,,,,,,
,,,,,,
,,,,,,
,,,,,,
,,,,,,
,,,,,,
,,,,,,
,,,,,,
,,,,,,
,,,,,,
,,,,,,
,,,,,,
,,,,,,
,,,,,,
,,,,,,
,,,,,,
,,,,,,
,,,,,,
,,,,,,
,,,,,,
,,,,,,
,,,,,,
,,,,,,
,,,,,,
,,,,,,
,,,,,,
,,,,,,
,,,,,,
,,,,,,
,,,,,,
,,,,,,
,,,,,,
,,,,,,
,,,,,,
,,,,,,
,,,,,,
,,,,,,
,,,,,,
,,,,,,
,,,,,,
,,,,,,
,,,,,,
,,,,,,
,,,,,,
,,,,,,
,,,,,,
,,,,,,
,,,,,,
,,,,,,
,,,,,,
,,,,,,
,,,,,,
,,,,,,
,,,,,,
,,,,,,
,,,,,,
,,,,,,
,,,,,,
,,,,,,
,,,,,,
,,,,,,
,,,,,,
,,,,,,
,,,,,,
,,,,,,
,,,,,,
,,,,,,
,,,,,,
,,,,,,
,,,,,,
,,,,,,
,,,,,,
,,,,,,
,,,,,,
,,,,,,
,,,,,,
,,,,,,
,,,,,,
,,,,,,
,,,,,,
,,,,,,
,,,,,,
,,,,,,
,,,,,,
,,,,,,
,,,,,,
,,,,,,
,,,,,,
,,,,,,
,,,,,,
,,,,,,
,,,,,,
,,,,,,
,,,,,,
,,,,,,
,,,,,,
,,,,,,
,,,,,,
,,,,,,
,,,,,,
,,,,,,
,,,,,,
,,,,,,
,,,,,,
,,,,,,
,,,,,,
,,,,,,
,,,,,,
,,,,,,
,,,,,,
,,,,,,
,,,,,,
,,,,,,
,,,,,,
,,,,,,
,,,,,,
,,,,,,
,,,,,,
,,,,,,
,,,,,,
,,,,,,
,,,,,,
,,,,,,
,,,,,,
,,,,,,
,,,,,,
,,,,,,
,,,,,,
,,,,,,
,,,,,,
,,,,,,
,,,,,,
,,,,,,
,,,,,,
,,,,,,
,,,,,,
,,,,,,
,,,,,,
,,,,,,
,,,,,,
,,,,,,
,,,,,,
,,,,,,
,,,,,,
,,,,,,
,,,,,,
,,,,,,
,,,,,,
,,,,,,
,,,,,,
,,,,,,
,,,,,,
,,,,,,
,,,,,,
,,,,,,
,,,,,,
,,,,,,
,,,,,,
,,,,,,
,,,,,,
,,,,,,
,,,,,,
,,,,,,
,,,,,,
,,,,,,
,,,,,,
,,,,,,
,,,,,,
,,,,,,
,,,,,,
,,,,,,
,,,,,,
,,,,,,
,,,,,,
,,,,,,
,,,,,,
,,,,,,
,,,,,,
,,,,,,
,,,,,,
,,,,,,
,,,,,,
,,,,,,
,,,,,,
,,,,,,
,,,,,,
,,,,,,
,,,,,,
,,,,,,
,,,,,,
,,,,,,
,,,,,,
,,,,,,
,,,,,,
,,,,,,
,,,,,,
,,,,,,
,,,,,,
,,,,,,
,,,,,,
,,,,,,
,,,,,,
,,,,,,
,,,,,,
,,,,,,
,,,,,,
,,,,,,
,,,,,,
,,,,,,
,,,,,,
,,,,,,
,,,,,,
,,,,,,
,,,,,,
,,,,,,
,,,,,,
,,,,,,
,,,,,,
,,,,,,
,,,,,,
,,,,,,
,,,,,,
,,,,,,
,,,,,,
,,,,,,
,,,,,,
,,,,,,
,,,,,,
,,,,,,
,,,,,,
,,,,,,
,,,,,,
,,,,,,
,,,,,,
,,,,,,
,,,,,,
,,,,,,
,,,,,,
,,,,,,
,,,,,,
,,,,,,
,,,,,,
,,,,,,
,,,,,,
,,,,,,
,,,,,,
,,,,,,
,,,,,,
,,,,,,
,,,,,,
,,,,,,
,,,,,,
,,,,,,
,,,,,,
,,,,,,
,,,,,,
,,,,,,
,,,,,,
,,,,,,
,,,,,,
,,,,,,
,,,,,,
,,,,,,
,,,,,,
,,,,,,
,,,,,,
,,,,,,
,,,,,,
,,,,,,
,,,,,,
,,,,,,
,,,,,,
,,,,,,
,,,,,,
,,,,,,
,,,,,,
,,,,,,
,,,,,,
,,,,,,
,,,,,,
,,,,,,
,,,,,,
,,,,,,
,,,,,,
,,,,,,
,,,,,,
,,,,,,
,,,,,,
,,,,,,
,,,,,,
,,,,,,
,,,,,,
,,,,,,
,,,,,,
,,,,,,
,,,,,,
,,,,,,
,,,,,,
,,,,,,
,,,,,,
,,,,,,
,,,,,,
,,,,,,
,,,,,,
,,,,,,
,,,,,,
,,,,,,
,,,,,,
,,,,,,
,,,,,,
,,,,,,
,,,,,,
,,,,,,
,,,,,,
,,,,,,
,,,,,,
,,,,,,
,,,,,,
,,,,,,
,,,,,,
,,,,,,
,,,,,,
,,,,,,
,,,,,,
,,,,,,
,,,,,,
,,,,,,
,,,,,,
,,,,,,
,,,,,,
,,,,,,
,,,,,,
,,,,,,
,,,,,,
,,,,,,
,,,,,,
,,,,,,
,,,,,,
,,,,,,
,,,,,,
,,,,,,
,,,,,,
,,,,,,
,,,,,,
,,,,,,
,,,,,,
,,,,,,
,,,,,,
,,,,,,
,,,,,,
,,,,,,
,,,,,,
,,,,,,
,,,,,,
,,,,,,
,,,,,,
,,,,,,
,,,,,,
,,,,,,
,,,,,,
,,,,,,
,,,,,,
,,,,,,
,,,,,,
,,,,,,
,,,,,,
,,,,,,
,,,,,,
,,,,,,
,,,,,,
,,,,,,
,,,,,,
,,,,,,
,,,,,,
,,,,,,
,,,,,,
,,,,,,
,,,,,,
,,,,,,
,,,,,,
,,,,,,
,,,,,,
,,,,,,
,,,,,,
,,,,,,
,,,,,,
,,,,,,
,,,,,,
,,,,,,
,,,,,,
,,,,,,
,,,,,,
,,,,,,
,,,,,,
,,,,,,
,,,,,,
,,,,,,
,,,,,,
,,,,,,
,,,,,,
,,,,,,
,,,,,,
,,,,,,
,,,,,,
,,,,,,
,,,,,,
,,,,,,
,,,,,,
,,,,,,
,,,,,,
,,,,,,
,,,,,,
,,,,,,
,,,,,,
,,,,,,
,,,,,,
,,,,,,
,,,,,,
,,,,,,
,,,,,,
,,,,,,
,,,,,,
,,,,,,
,,,,,,
,,,,,,
,,,,,,
,,,,,,
,,,,,,
,,,,,,
,,,,,,
,,,,,,
,,,,,,
,,,,,,
,,,,,,
,,,,,,
,,,,,,
,,,,,,
,,,,,,
,,,,,,
,,,,,,
,,,,,,
,,,,,,
,,,,,,
,,,,,,
,,,,,,
,,,,,,
,,,,,,
,,,,,,
,,,,,,
,,,,,,
,,,,,,
,,,,,,
,,,,,,
,,,,,,
,,,,,,
,,,,,,
,,,,,,
,,,,,,
,,,,,,
,,,,,,
,,,,,,
,,,,,,
,,,,,,
,,,,,,
,,,,,,
,,,,,,
,,,,,,
,,,,,,
,,,,,,
,,,,,,
,,,,,,
,,,,,,
,,,,,,
,,,,,,
,,,,,,
,,,,,,
,,,,,,
,,,,,,
,,,,,,
,,,,,,
,,,,,,
,,,,,,
,,,,,,
,,,,,,
,,,,,,
,,,,,,
,,,,,,
,,,,,,
,,,,,,
,,,,,,
,,,,,,
,,,,,,
,,,,,,
,,,,,,
,,,,,,
,,,,,,
,,,,,,
,,,,,,
,,,,,,
,,,,,,
,,,,,,
,,,,,,
,,,,,,
,,,,,,
,,,,,,
,,,,,,
,,,,,,
,,,,,,
,,,,,,
,,,,,,
,,,,,,
,,,,,,
,,,,,,
,,,,,,
,,,,,,
,,,,,,
,,,,,,
,,,,,,
,,,,,,
,,,,,,
,,,,,,
,,,,,,
,,,,,,
,,,,,,
,,,,,,
,,,,,,
,,,,,,
,,,,,,
,,,,,,
,,,,,,
,,,,,,
,,,,,,
,,,,,,
,,,,,,
,,,,,,
,,,,,,
,,,,,,
,,,,,,
,,,,,,
,,,,,,
,,,,,,
,,,,,,
,,,,,,
,,,,,,
,,,,,,
,,,,,,
,,,,,,
,,,,,,
,,,,,,
,,,,,,
,,,,,,
,,,,,,
,,,,,,
,,,,,,
,,,,,,
,,,,,,
,,,,,,
,,,,,,
,,,,,,
,,,,,,
,,,,,,
,,,,,,
,,,,,,
,,,,,,
,,,,,,
,,,,,,
,,,,,,
,,,,,,
,,,,,,
,,,,,,
,,,,,,
,,,,,,
,,,,,,
,,,,,,
,,,,,,
,,,,,,
,,,,,,
,,,,,,
,,,,,,
,,,,,,
,,,,,,
,,,,,,
,,,,,,
,,,,,,
,,,,,,
,,,,,,
,,,,,,
,,,,,,
,,,,,,
,,,,,,
,,,,,,
,,,,,,
,,,,,,
,,,,,,
,,,,,,
,,,,,,
,,,,,,
,,,,,,
,,,,,,
,,,,,,
,,,,,,
,,,,,,
,,,,,,
,,,,,,
,,,,,,
,,,,,,
,,,,,,
,,,,,,
,,,,,,
,,,,,,
,,,,,,
,,,,,,
,,,,,,
,,,,,,
,,,,,,
,,,,,,
,,,,,,
,,,,,,
,,,,,,
,,,,,,
,,,,,,
,,,,,,
,,,,,,
,,,,,,
,,,,,,
,,,,,,
,,,,,,
,,,,,,
,,,,,,
,,,,,,
,,,,,,
,,,,,,
,,,,,,
,,,,,,
,,,,,,
,,,,,,
,,,,,,
,,,,,,
,,,,,,
,,,,,,
,,,,,,
,,,,,,
,,,,,,
,,,,,,
,,,,,,
,,,,,,
,,,,,,
,,,,,,
,,,,,,
,,,,,,
,,,,,,
,,,,,,
,,,,,,
,,,,,,
,,,,,,
,,,,,,
,,,,,,
,,,,,,
,,,,,,
,,,,,,
,,,,,,
,,,,,,
,,,,,,
,,,,,,
,,,,,,
,,,,,,
,,,,,,
,,,,,,
,,,,,,
,,,,,,
,,,,,,
,,,,,,
,,,,,,
,,,,,,
,,,,,,
,,,,,,
,,,,,,
,,,,,,
,,,,,,
,,,,,,
,,,,,,
,,,,,,
,,,,,,
,,,,,,
,,,,,,
,,,,,,
,,,,,,
,,,,,,
,,,,,,
,,,,,,
,,,,,,
,,,,,,
,,,,,,
,,,,,,
,,,,,,
,,,,,,
,,,,,,
,,,,,,
,,,,,,
,,,,,,
,,,,,,
,,,,,,
,,,,,,
,,,,,,
,,,,,,
,,,,,,
,,,,,,
,,,,,,
,,,,,,
,,,,,,
,,,,,,
,,,,,,
,,,,,,
,,,,,,
,,,,,,
,,,,,,
,,,,,,
,,,,,,
,,,,,,
,,,,,,
,,,,,,
,,,,,,
,,,,,,
,,,,,,
,,,,,,
,,,,,,
,,,,,,
,,,,,,
,,,,,,
,,,,,,
,,,,,,
,,,,,,
,,,,,,
,,,,,,
,,,,,,
,,,,,,
,,,,,,
,,,,,,
,,,,,,
,,,,,,
,,,,,,
,,,,,,
,,,,,,
,,,,,,
,,,,,,
,,,,,,
,,,,,,
,,,,,,
,,,,,,
,,,,,,
,,,,,,
,,,,,,
,,,,,,
,,,,,,
,,,,,,
,,,,,,
,,,,,,
,,,,,,
,,,,,,
,,,,,,
,,,,,,
,,,,,,
,,,,,,
,,,,,,
,,,,,,
,,,,,,
,,,,,,
,,,,,,
,,,,,,
,,,,,,
,,,,,,
,,,,,,
,,,,,,
,,,,,,
,,,,,,
,,,,,,
,,,,,,
,,,,,,
,,,,,,
,,,,,,
,,,,,,
,,,,,,
,,,,,,
,,,,,,
,,,,,,
,,,,,,
,,,,,,
,,,,,,
,,,,,,
,,,,,,
,,,,,,
,,,,,,
,,,,,,
,,,,,,
,,,,,,
,,,,,,
,,,,,,
,,,,,,
,,,,,,
,,,,,,
,,,,,,
,,,,,,
,,,,,,
,,,,,,
,,,,,,
,,,,,,
,,,,,,
,,,,,,
,,,,,,
,,,,,,
,,,,,,
,,,,,,
,,,,,,
,,,,,,
,,,,,,
,,,,,,
,,,,,,
,,,,,,
,,,,,,
,,,,,,
,,,,,,
,,,,,,
,,,,,,
,,,,,,
,,,,,,
,,,,,,
,,,,,,
,,,,,,
,,,,,,
,,,,,,
,,,,,,
,,,,,,
,,,,,,
,,,,,,
,,,,,,
,,,,,,
,,,,,,
,,,,,,
,,,,,,
,,,,,,
,,,,,,
,,,,,,
,,,,,,
,,,,,,
,,,,,,
,,,,,,
,,,,,,
,,,,,,
,,,,,,
,,,,,,
,,,,,,
,,,,,,
,,,,,,
,,,,,,
,,,,,,
,,,,,,
,,,,,,
,,,,,,
,,,,,,
,,,,,,
,,,,,,
,,,,,,
,,,,,,
,,,,,,
,,,,,,
,,,,,,
,,,,,,
,,,,,,
,,,,,,
,,,,,,
,,,,,,
,,,,,,
,,,,,,
,,,,,,
,,,,,,
,,,,,,
,,,,,,
,,,,,,
,,,,,,
,,,,,,
,,,,,,
,,,,,,
,,,,,,
,,,,,,
,,,,,,
,,,,,,
,,,,,,
,,,,,,
,,,,,,
,,,,,,
,,,,,,
,,,,,,
,,,,,,
,,,,,,
,,,,,,
,,,,,,
,,,,,,
,,,,,,
,,,,,,
,,,,,,
,,,,,,
,,,,,,
,,,,,,
,,,,,,
,,,,,,
,,,,,,
,,,,,,
,,,,,,
,,,,,,
,,,,,,
,,,,,,
,,,,,,
,,,,,,
,,,,,,
,,,,,,
,,,,,,
,,,,,,
,,,,,,
,,,,,,
,,,,,,
,,,,,,
,,,,,,
,,,,,,
,,,,,,
,,,,,,
,,,,,,
,,,,,,
,,,,,,
,,,,,,
,,,,,,
,,,,,,
,,,,,,
,,,,,,
,,,,,,
,,,,,,
,,,,,,
,,,,,,
,,,,,,
,,,,,,
,,,,,,
,,,,,,
,,,,,,
,,,,,,
,,,,,,
,,,,,,
,,,,,,
,,,,,,
,,,,,,
,,,,,,
,,,,,,
,,,,,,
,,,,,,
,,,,,,
,,,,,,
,,,,,,
,,,,,,
,,,,,,
,,,,,,
,,,,,,
,,,,,,
,,,,,,
,,,,,,
,,,,,,
,,,,,,
,,,,,,
,,,,,,
,,,,,,
,,,,,,
,,,,,,
,,,,,,
,,,,,,
,,,,,,
,,,,,,
,,,,,,
,,,,,,
,,,,,,
,,,,,,
,,,,,,
,,,,,,
,,,,,,
,,,,,,
,,,,,,
,,,,,,
,,,,,,
,,,,,,
,,,,,,
,,,,,,
,,,,,,
,,,,,,
,,,,,,
,,,,,,
,,,,,,
,,,,,,
,,,,,,
,,,,,,
,,,,,,
,,,,,,
,,,,,,
,,,,,,
,,,,,,
,,,,,,
,,,,,,
,,,,,,
,,,,,,
,,,,,,
,,,,,,
,,,,,,
,,,,,,
,,,,,,
,,,,,,
,,,,,,
,,,,,,
,,,,,,
,,,,,,
,,,,,,
,,,,,,
,,,,,,
,,,,,,
,,,,,,
,,,,,,
,,,,,,
,,,,,,
,,,,,,
,,,,,,
,,,,,,
,,,,,,
,,,,,,
,,,,,,
,,,,,,
,,,,,,
,,,,,,
,,,,,,
,,,,,,
,,,,,,
,,,,,,
,,,,,,
,,,,,,
,,,,,,
,,,,,,
,,,,,,
,,,,,,
,,,,,,
,,,,,,
,,,,,,
,,,,,,
,,,,,,
,,,,,,
,,,,,,
,,,,,,
,,,,,,
,,,,,,
,,,,,,
,,,,,,
,,,,,,
,,,,,,
,,,,,,
,,,,,,
,,,,,,
,,,,,,
,,,,,,
,,,,,,
,,,,,,
,,,,,,
,,,,,,
,,,,,,
,,,,,,
,,,,,,
,,,,,,
,,,,,,
,,,,,,
,,,,,,
,,,,,,
,,,,,,
,,,,,,
,,,,,,
,,,,,,
,,,,,,
,,,,,,
,,,,,,
,,,,,,
,,,,,,
,,,,,,
,,,,,,
,,,,,,
,,,,,,
,,,,,,
,,,,,,
,,,,,,
,,,,,,
,,,,,,
,,,,,,
,,,,,,
,,,,,,
,,,,,,
,,,,,,
,,,,,,
,,,,,,
,,,,,,
,,,,,,
,,,,,,
,,,,,,
,,,,,,
,,,,,,
,,,,,,
,,,,,,
,,,,,,
,,,,,,
,,,,,,
,,,,,,
,,,,,,
,,,,,,
,,,,,,
,,,,,,
,,,,,,
,,,,,,
,,,,,,
,,,,,,
,,,,,,
,,,,,,
,,,,,,
,,,,,,
,,,,,,
,,,,,,
,,,,,,
,,,,,,
,,,,,,
,,,,,,
,,,,,,
,,,,,,
,,,,,,
,,,,,,
,,,,,,
,,,,,,
,,,,,,
,,,,,,
,,,,,,
,,,,,,
,,,,,,
,,,,,,
,,,,,,
,,,,,,
,,,,,,
,,,,,,
,,,,,,
,,,,,,
,,,,,,
,,,,,,
,,,,,,
,,,,,,
,,,,,,
,,,,,,
,,,,,,
,,,,,,
,,,,,,
,,,,,,
,,,,,,
,,,,,,
,,,,,,
,,,,,,
,,,,,,
,,,,,,
,,,,,,
,,,,,,
,,,,,,
,,,,,,
,,,,,,
,,,,,,
,,,,,,
,,,,,,
,,,,,,
,,,,,,
,,,,,,
,,,,,,
,,,,,,
,,,,,,
,,,,,,
,,,,,,
,,,,,,
,,,,,,
,,,,,,
,,,,,,
,,,,,,
,,,,,,
,,,,,,
,,,,,,
,,,,,,
,,,,,,
,,,,,,
,,,,,,
,,,,,,
,,,,,,
,,,,,,
,,,,,,
,,,,,,
,,,,,,
,,,,,,
,,,,,,
,,,,,,
,,,,,,
,,,,,,
,,,,,,
,,,,,,
,,,,,,
,,,,,,
,,,,,,
,,,,,,
,,,,,,
,,,,,,
,,,,,,
,,,,,,
,,,,,,
,,,,,,
,,,,,,
,,,,,,
,,,,,,
,,,,,,
,,,,,,
,,,,,,
,,,,,,
,,,,,,
,,,,,,
,,,,,,
,,,,,,
,,,,,,
,,,,,,
,,,,,,
,,,,,,
,,,,,,
,,,,,,
,,,,,,
,,,,,,
,,,,,,
,,,,,,
,,,,,,
,,,,,,
,,,,,,
,,,,,,
,,,,,,
,,,,,,
,,,,,,
,,,,,,
,,,,,,
,,,,,,
,,,,,,
,,,,,,
,,,,,,
,,,,,,
,,,,,,
,,,,,,
,,,,,,
,,,,,,
,,,,,,
,,,,,,
,,,,,,
,,,,,,
,,,,,,
,,,,,,
,,,,,,
,,,,,,
,,,,,,
,,,,,,
,,,,,,
,,,,,,
,,,,,,
,,,,,,
,,,,,,
,,,,,,
,,,,,,
,,,,,,
,,,,,,
,,,,,,
,,,,,,
,,,,,,
,,,,,,
,,,,,,
,,,,,,
,,,,,,
,,,,,,
,,,,,,
,,,,,,
,,,,,,
,,,,,,
,,,,,,
,,,,,,
,,,,,,
,,,,,,
,,,,,,
,,,,,,
,,,,,,
,,,,,,
,,,,,,
,,,,,,
,,,,,,
,,,,,,
,,,,,,
,,,,,,
,,,,,,
,,,,,,
,,,,,,
,,,,,,
,,,,,,
,,,,,,
,,,,,,
,,,,,,
,,,,,,
,,,,,,
,,,,,,
,,,,,,
,,,,,,
,,,,,,
,,,,,,
,,,,,,
,,,,,,
,,,,,,
,,,,,,
,,,,,,
,,,,,,
,,,,,,
,,,,,,
,,,,,,
,,,,,,
,,,,,,
,,,,,,
,,,,,,
,,,,,,
,,,,,,
,,,,,,
,,,,,,
,,,,,,
,,,,,,
,,,,,,
,,,,,,
,,,,,,
,,,,,,
,,,,,,
,,,,,,
,,,,,,
,,,,,,
,,,,,,
,,,,,,
,,,,,,
,,,,,,
,,,,,,
,,,,,,
,,,,,,
,,,,,,
,,,,,,
,,,,,,
,,,,,,
,,,,,,
,,,,,,
,,,,,,
,,,,,,
,,,,,,
,,,,,,
,,,,,,
,,,,,,
,,,,,,
,,,,,,
,,,,,,
,,,,,,
,,,,,,
,,,,,,
,,,,,,
,,,,,,
,,,,,,
,,,,,,
,,,,,,
,,,,,,
,,,,,,
,,,,,,
,,,,,,
,,,,,,
,,,,,,
,,,,,,
,,,,,,
,,,,,,
,,,,,,
,,,,,,
,,,,,,
,,,,,,
,,,,,,
,,,,,,
,,,,,,
,,,,,,
,,,,,,
,,,,,,
,,,,,,
,,,,,,
,,,,,,
,,,,,,
,,,,,,
,,,,,,
,,,,,,
,,,,,,
,,,,,,
,,,,,,
,,,,,,
,,,,,,
,,,,,,
,,,,,,
,,,,,,
,,,,,,
,,,,,,
,,,,,,
,,,,,,
,,,,,,
,,,,,,
,,,,,,
,,,,,,
,,,,,,
,,,,,,
,,,,,,
,,,,,,
,,,,,,
,,,,,,
,,,,,,
,,,,,,
,,,,,,
,,,,,,
,,,,,,
,,,,,,
,,,,,,
,,,,,,
,,,,,,
,,,,,,
,,,,,,
,,,,,,
,,,,,,
,,,,,,
,,,,,,
,,,,,,
,,,,,,
,,,,,,
,,,,,,
,,,,,,
,,,,,,
,,,,,,
,,,,,,
,,,,,,
,,,,,,
,,,,,,
,,,,,,
,,,,,,
,,,,,,
,,,,,,
,,,,,,
,,,,,,
,,,,,,
,,,,,,
,,,,,,
,,,,,,
,,,,,,
,,,,,,
,,,,,,
,,,,,,
,,,,,,
,,,,,,
,,,,,,
,,,,,,
,,,,,,
,,,,,,
,,,,,,
,,,,,,
,,,,,,
,,,,,,
,,,,,,
,,,,,,
,,,,,,
,,,,,,
,,,,,,
,,,,,,
,,,,,,
,,,,,,
,,,,,,
,,,,,,
,,,,,,
,,,,,,
,,,,,,
,,,,,,
,,,,,,
,,,,,,
,,,,,,
,,,,,,
,,,,,,
,,,,,,
,,,,,,
,,,,,,
,,,,,,
,,,,,,
,,,,,,
,,,,,,
,,,,,,
,,,,,,
,,,,,,
,,,,,,
,,,,,,
,,,,,,
,,,,,,
,,,,,,
,,,,,,
,,,,,,
,,,,,,
,,,,,,
,,,,,,
,,,,,,
,,,,,,
,,,,,,
,,,,,,
,,,,,,
,,,,,,
,,,,,,
,,,,,,
,,,,,,
,,,,,,
,,,,,,
,,,,,,
,,,,,,
,,,,,,
,,,,,,
,,,,,,
,,,,,,
,,,,,,
,,,,,,
,,,,,,
,,,,,,
,,,,,,
,,,,,,
,,,,,,
,,,,,,
,,,,,,
,,,,,,
,,,,,,
,,,,,,
,,,,,,
,,,,,,
,,,,,,
,,,,,,
,,,,,,
,,,,,,
,,,,,,
,,,,,,
,,,,,,
,,,,,,
,,,,,,
,,,,,,
,,,,,,
,,,,,,
,,,,,,
,,,,,,
,,,,,,
,,,,,,
,,,,,,
,,,,,,
,,,,,,
,,,,,,
,,,,,,
,,,,,,
,,,,,,
,,,,,,
,,,,,,
,,,,,,
,,,,,,
,,,,,,
,,,,,,
,,,,,,
,,,,,,
,,,,,,
,,,,,,
,,,,,,
,,,,,,
,,,,,,
,,,,,,
,,,,,,
,,,,,,
,,,,,,
,,,,,,
,,,,,,
,,,,,,
,,,,,,
,,,,,,
,,,,,,
,,,,,,
,,,,,,
,,,,,,
,,,,,,
,,,,,,
,,,,,,
,,,,,,
,,,,,,
,,,,,,
,,,,,,
,,,,,,
,,,,,,
,,,,,,
,,,,,,
,,,,,,
,,,,,,
,,,,,,
,,,,,,
,,,,,,
,,,,,,
,,,,,,
,,,,,,
,,,,,,
,,,,,,
,,,,,,
,,,,,,
,,,,,,
,,,,,,
,,,,,,
,,,,,,
,,,,,,
,,,,,,
,,,,,,
,,,,,,
,,,,,,
,,,,,,
,,,,,,
,,,,,,
,,,,,,
,,,,,,
,,,,,,
,,,,,,
,,,,,,
,,,,,,
,,,,,,
,,,,,,
,,,,,,
,,,,,,
,,,,,,
,,,,,,
,,,,,,
,,,,,,
,,,,,,
,,,,,,
,,,,,,
,,,,,,
,,,,,,
,,,,,,
,,,,,,
,,,,,,
,,,,,,
,,,,,,
,,,,,,
,,,,,,
,,,,,,
,,,,,,
,,,,,,
,,,,,,
,,,,,,
,,,,,,
,,,,,,
,,,,,,
,,,,,,
,,,,,,
,,,,,,
,,,,,,
,,,,,,
,,,,,,
,,,,,,
,,,,,,
,,,,,,
,,,,,,
,,,,,,
,,,,,,
,,,,,,
,,,,,,
,,,,,,
,,,,,,
,,,,,,
,,,,,,
,,,,,,
,,,,,,
,,,,,,
,,,,,,
,,,,,,
,,,,,,
,,,,,,
,,,,,,
,,,,,,
,,,,,,
,,,,,,
,,,,,,
,,,,,,
,,,,,,
,,,,,,
,,,,,,
,,,,,,
,,,,,,
,,,,,,
,,,,,,
,,,,,,
,,,,,,
,,,,,,
,,,,,,
,,,,,,
,,,,,,
,,,,,,
,,,,,,
,,,,,,
,,,,,,
,,,,,,
,,,,,,
,,,,,,
,,,,,,
,,,,,,
,,,,,,
,,,,,,
,,,,,,
,,,,,,
,,,,,,
,,,,,,
,,,,,,
,,,,,,
,,,,,,
,,,,,,
,,,,,,
,,,,,,
,,,,,,
,,,,,,
,,,,,,
,,,,,,
,,,,,,
,,,,,,
,,,,,,
,,,,,,
,,,,,,
,,,,,,
,,,,,,
,,,,,,
,,,,,,
,,,,,,
,,,,,,
,,,,,,
,,,,,,
,,,,,,
,,,,,,
,,,,,,
,,,,,,
,,,,,,
,,,,,,
,,,,,,
,,,,,,
,,,,,,
,,,,,,
,,,,,,
,,,,,,
,,,,,,
,,,,,,
,,,,,,
,,,,,,
,,,,,,
,,,,,,
,,,,,,
,,,,,,
,,,,,,
,,,,,,
,,,,,,
,,,,,,
,,,,,,
,,,,,,
,,,,,,
,,,,,,
,,,,,,
,,,,,,
,,,,,,
,,,,,,
,,,,,,
,,,,,,
,,,,,,
,,,,,,
,,,,,,
,,,,,,
,,,,,,
,,,,,,
,,,,,,
,,,,,,
,,,,,,
,,,,,,
,,,,,,
,,,,,,
,,,,,,
,,,,,,
,,,,,,
,,,,,,
,,,,,,
,,,,,,
,,,,,,
,,,,,,
,,,,,,
,,,,,,
,,,,,,
,,,,,,
,,,,,,
,,,,,,
,,,,,,
,,,,,,
,,,,,,
,,,,,,
,,,,,,
,,,,,,
,,,,,,
,,,,,,
,,,,,,
,,,,,,
,,,,,,
,,,,,,
,,,,,,
,,,,,,
,,,,,,
,,,,,,
,,,,,,
,,,,,,
,,,,,,
,,,,,,
,,,,,,
,,,,,,
,,,,,,
,,,,,,
,,,,,,
,,,,,,
,,,,,,
,,,,,,
,,,,,,
,,,,,,
,,,,,,
,,,,,,
,,,,,,
,,,,,,
,,,,,,
,,,,,,
,,,,,,
,,,,,,
,,,,,,
,,,,,,
,,,,,,
,,,,,,
,,,,,,
,,,,,,
,,,,,,
,,,,,,
,,,,,,
,,,,,,
,,,,,,
,,,,,,
,,,,,,
,,,,,,
,,,,,,
,,,,,,
,,,,,,
,,,,,,
,,,,,,
,,,,,,
,,,,,,
,,,,,,
,,,,,,
,,,,,,
,,,,,,
,,,,,,
,,,,,,
,,,,,,
,,,,,,
,,,,,,
,,,,,,
,,,,,,
,,,,,,
,,,,,,
,,,,,,
,,,,,,
,,,,,,
,,,,,,
,,,,,,
,,,,,,
,,,,,,
,,,,,,
,,,,,,
,,,,,,
,,,,,,
,,,,,,
,,,,,,
,,,,,,
,,,,,,
,,,,,,
,,,,,,
,,,,,,
,,,,,,
,,,,,,
,,,,,,
,,,,,,
,,,,,,
,,,,,,
,,,,,,
,,,,,,
,,,,,,
,,,,,,
,,,,,,
,,,,,,
,,,,,,
,,,,,,
,,,,,,
,,,,,,
,,,,,,
,,,,,,
,,,,,,
,,,,,,
,,,,,,
,,,,,,
,,,,,,
,,,,,,
,,,,,,
,,,,,,
,,,,,,
,,,,,,
,,,,,,
,,,,,,
,,,,,,
,,,,,,
,,,,,,
,,,,,,
,,,,,,
,,,,,,
,,,,,,
,,,,,,
,,,,,,
,,,,,,
,,,,,,
,,,,,,
,,,,,,
,,,,,,
,,,,,,
,,,,,,
,,,,,,
,,,,,,
,,,,,,
,,,,,,
,,,,,,
,,,,,,
,,,,,,
,,,,,,
,,,,,,
,,,,,,
,,,,,,
,,,,,,
,,,,,,
,,,,,,
,,,,,,
,,,,,,
,,,,,,
,,,,,,
,,,,,,
,,,,,,
,,,,,,
,,,,,,
,,,,,,
,,,,,,
,,,,,,
,,,,,,
,,,,,,
,,,,,,
,,,,,,
,,,,,,
,,,,,,
,,,,,,
,,,,,,
,,,,,,
,,,,,,
,,,,,,
,,,,,,
,,,,,,
,,,,,,
,,,,,,
,,,,,,
,,,,,,
,,,,,,
,,,,,,
,,,,,,
,,,,,,
,,,,,,
,,,,,,
,,,,,,
,,,,,,
,,,,,,
,,,,,,
,,,,,,
,,,,,,
,,,,,,
,,,,,,
,,,,,,
,,,,,,
,,,,,,
,,,,,,
,,,,,,
,,,,,,
,,,,,,
,,,,,,
,,,,,,
,,,,,,
,,,,,,
,,,,,,
,,,,,,
,,,,,,
,,,,,,
,,,,,,
,,,,,,
,,,,,,
,,,,,,
,,,,,,
,,,,,,
,,,,,,
,,,,,,
,,,,,,
,,,,,,
,,,,,,
,,,,,,
,,,,,,
,,,,,,
,,,,,,
,,,,,,
,,,,,,
,,,,,,
,,,,,,
,,,,,,
,,,,,,
,,,,,,
,,,,,,
,,,,,,
,,,,,,
,,,,,,
,,,,,,
,,,,,,
,,,,,,
,,,,,,
,,,,,,
,,,,,,
,,,,,,
,,,,,,
,,,,,,
,,,,,,
,,,,,,
,,,,,,
,,,,,,
,,,,,,
,,,,,,
,,,,,,
,,,,,,
,,,,,,
,,,,,,
,,,,,,
,,,,,,
,,,,,,
,,,,,,
,,,,,,
,,,,,,
,,,,,,
,,,,,,
,,,,,,
,,,,,,
,,,,,,
,,,,,,
,,,,,,
,,,,,,
,,,,,,
,,,,,,
,,,,,,
,,,,,,
,,,,,,
,,,,,,
,,,,,,
,,,,,,
,,,,,,
,,,,,,
,,,,,,
,,,,,,
,,,,,,
,,,,,,
,,,,,,
,,,,,,
,,,,,,
,,,,,,
,,,,,,
,,,,,,
,,,,,,
,,,,,,
,,,,,,
,,,,,,
,,,,,,
,,,,,,
,,,,,,
,,,,,,
,,,,,,
,,,,,,
,,,,,,
,,,,,,
,,,,,,
,,,,,,
,,,,,,
,,,,,,
,,,,,,
,,,,,,
,,,,,,
,,,,,,
,,,,,,
,,,,,,
,,,,,,
,,,,,,
,,,,,,
,,,,,,
,,,,,,
,,,,,,
,,,,,,
,,,,,,
,,,,,,
,,,,,,
,,,,,,
,,,,,,
,,,,,,
,,,,,,
,,,,,,
,,,,,,
,,,,,,
,,,,,,
,,,,,,
,,,,,,
,,,,,,
,,,,,,
,,,,,,
,,,,,,
,,,,,,
,,,,,,
,,,,,,
,,,,,,
,,,,,,
,,,,,,
,,,,,,
,,,,,,
,,,,,,
,,,,,,
,,,,,,
,,,,,,
,,,,,,
,,,,,,
,,,,,,
,,,,,,
,,,,,,
,,,,,,
,,,,,,
,,,,,,
,,,,,,
,,,,,,
,,,,,,
,,,,,,
,,,,,,
,,,,,,
,,,,,,
,,,,,,
,,,,,,
,,,,,,
,,,,,,
,,,,,,
,,,,,,
,,,,,,
,,,,,,
,,,,,,
,,,,,,
,,,,,,
,,,,,,
,,,,,,
,,,,,,
,,,,,,
,,,,,,
,,,,,,
,,,,,,
,,,,,,
,,,,,,
,,,,,,
,,,,,,
,,,,,,
,,,,,,
,,,,,,
,,,,,,
,,,,,,
,,,,,,
,,,,,,
,,,,,,
,,,,,,
,,,,,,
,,,,,,
,,,,,,
,,,,,,
,,,,,,
,,,,,,
,,,,,,
,,,,,,
,,,,,,
,,,,,,
,,,,,,
,,,,,,
,,,,,,
,,,,,,
,,,,,,
,,,,,,
,,,,,,
,,,,,,
,,,,,,
,,,,,,
,,,,,,
,,,,,,
,,,,,,
,,,,,,
,,,,,,
,,,,,,
,,,,,,
,,,,,,
,,,,,,
,,,,,,
,,,,,,
,,,,,,
,,,,,,
,,,,,,
,,,,,,
,,,,,,
,,,,,,
,,,,,,
,,,,,,
,,,,,,
,,,,,,
,,,,,,
,,,,,,
,,,,,,
,,,,,,
,,,,,,
,,,,,,
,,,,,,
,,,,,,
,,,,,,
,,,,,,
,,,,,,
,,,,,,
,,,,,,
,,,,,,
,,,,,,
,,,,,,
,,,,,,
,,,,,,
,,,,,,
,,,,,,
,,,,,,
,,,,,,
,,,,,,
,,,,,,
,,,,,,
,,,,,,
,,,,,,
,,,,,,
,,,,,,
,,,,,,
,,,,,,
,,,,,,
,,,,,,
,,,,,,
,,,,,,
,,,,,,
,,,,,,
,,,,,,
,,,,,,
,,,,,,
,,,,,,
,,,,,,
,,,,,,
,,,,,,
,,,,,,
,,,,,,
,,,,,,
,,,,,,
,,,,,,
,,,,,,
,,,,,,
,,,,,,
,,,,,,
,,,,,,
,,,,,,
,,,,,,
,,,,,,
,,,,,,
,,,,,,
,,,,,,
,,,,,,
,,,,,,
,,,,,,
,,,,,,
,,,,,,
,,,,,,
,,,,,,
,,,,,,
,,,,,,
,,,,,,
,,,,,,
,,,,,,
,,,,,,
,,,,,,
,,,,,,
,,,,,,
,,,,,,
,,,,,,
,,,,,,
,,,,,,
,,,,,,
,,,,,,
,,,,,,
,,,,,,
,,,,,,
,,,,,,
,,,,,,
,,,,,,
,,,,,,
,,,,,,
,,,,,,
,,,,,,
,,,,,,
,,,,,,
,,,,,,
,,,,,,
,,,,,,
,,,,,,
,,,,,,
,,,,,,
,,,,,,
,,,,,,
,,,,,,
,,,,,,
,,,,,,
,,,,,,
,,,,,,
,,,,,,
,,,,,,
,,,,,,
,,,,,,
,,,,,,
,,,,,,
,,,,,,
,,,,,,
,,,,,,
,,,,,,
,,,,,,
,,,,,,
,,,,,,
,,,,,,
,,,,,,
,,,,,,
,,,,,,
,,,,,,
,,,,,,
,,,,,,
,,,,,,
,,,,,,
,,,,,,
,,,,,,
,,,,,,
,,,,,,
,,,,,,
,,,,,,
,,,,,,
,,,,,,
,,,,,,
,,,,,,
,,,,,,
,,,,,,
,,,,,,
,,,,,,
,,,,,,
,,,,,,
,,,,,,
,,,,,,
,,,,,,
,,,,,,
,,,,,,
,,,,,,
,,,,,,
,,,,,,
,,,,,,
,,,,,,
,,,,,,
,,,,,,
,,,,,,
,,,,,,
,,,,,,
,,,,,,
,,,,,,
,,,,,,
,,,,,,
,,,,,,
,,,,,,
,,,,,,
,,,,,,
,,,,,,
,,,,,,
,,,,,,
,,,,,,
,,,,,,
,,,,,,
,,,,,,
,,,,,,
,,,,,,
,,,,,,
,,,,,,
,,,,,,
,,,,,,
,,,,,,
,,,,,,
,,,,,,
,,,,,,
,,,,,,
,,,,,,
,,,,,,
,,,,,,
,,,,,,
,,,,,,
,,,,,,
,,,,,,
,,,,,,
,,,,,,
,,,,,,
,,,,,,
,,,,,,
,,,,,,
,,,,,,
,,,,,,
,,,,,,
,,,,,,
,,,,,,
,,,,,,
,,,,,,
,,,,,,
,,,,,,
,,,,,,
,,,,,,
,,,,,,
,,,,,,
,,,,,,
,,,,,,
,,,,,,
,,,,,,
,,,,,,
,,,,,,
,,,,,,
,,,,,,
,,,,,,
,,,,,,
,,,,,,
,,,,,,
,,,,,,
,,,,,,
,,,,,,
,,,,,,
,,,,,,
,,,,,,
,,,,,,
,,,,,,
,,,,,,
,,,,,,
,,,,,,
,,,,,,
,,,,,,
,,,,,,
,,,,,,
,,,,,,
,,,,,,
,,,,,,
,,,,,,
,,,,,,
,,,,,,
,,,,,,
,,,,,,
,,,,,,
,,,,,,
,,,,,,
,,,,,,
,,,,,,
,,,,,,
,,,,,,
,,,,,,
,,,,,,
,,,,,,
,,,,,,
,,,,,,
,,,,,,
,,,,,,
,,,,,,
,,,,,,
,,,,,,
,,,,,,
,,,,,,
,,,,,,
,,,,,,
,,,,,,
,,,,,,
,,,,,,
,,,,,,
,,,,,,
,,,,,,
,,,,,,
,,,,,,
,,,,,,
,,,,,,
,,,,,,
,,,,,,
,,,,,,
,,,,,,
,,,,,,
,,,,,,
,,,,,,
,,,,,,
,,,,,,
,,,,,,
,,,,,,
,,,,,,
,,,,,,
,,,,,,
,,,,,,
,,,,,,
,,,,,,
,,,,,,
,,,,,,
,,,,,,
,,,,,,
,,,,,,
,,,,,,
,,,,,,
,,,,,,
,,,,,,
,,,,,,
,,,,,,
,,,,,,
,,,,,,
,,,,,,
,,,,,,
,,,,,,
,,,,,,
,,,,,,
,,,,,,
,,,,,,
,,,,,,
,,,,,,
,,,,,,
,,,,,,
,,,,,,
,,,,,,
,,,,,,
,,,,,,
,,,,,,
,,,,,,
,,,,,,
,,,,,,
,,,,,,
,,,,,,
,,,,,,
,,,,,,
,,,,,,
,,,,,,
,,,,,,
,,,,,,
,,,,,,
,,,,,,
,,,,,,
,,,,,,
,,,,,,
,,,,,,
,,,,,,
,,,,,,
,,,,,,
,,,,,,
,,,,,,
,,,,,,
,,,,,,
,,,,,,
,,,,,,
,,,,,,
,,,,,,
,,,,,,
,,,,,,
,,,,,,
,,,,,,
,,,,,,
,,,,,,
,,,,,,
,,,,,,
,,,,,,
,,,,,,
,,,,,,
,,,,,,
,,,,,,
,,,,,,
,,,,,,
,,,,,,
,,,,,,
,,,,,,
,,,,,,
,,,,,,
,,,,,,
,,,,,,
,,,,,,
,,,,,,
,,,,,,
,,,,,,
,,,,,,
,,,,,,
,,,,,,
,,,,,,
,,,,,,
,,,,,,
,,,,,,
,,,,,,
,,,,,,
,,,,,,
,,,,,,
,,,,,,
,,,,,,
,,,,,,
,,,,,,
,,,,,,
,,,,,,
,,,,,,
,,,,,,
,,,,,,
,,,,,,
,,,,,,
,,,,,,
,,,,,,
,,,,,,
,,,,,,
,,,,,,
,,,,,,
,,,,,,
,,,,,,
,,,,,,
,,,,,,
,,,,,,
,,,,,,
,,,,,,
,,,,,,
,,,,,,
,,,,,,
,,,,,,
,,,,,,
,,,,,,
,,,,,,
,,,,,,
,,,,,,
,,,,,,
,,,,,,
,,,,,,
,,,,,,
,,,,,,
,,,,,,
,,,,,,
,,,,,,
,,,,,,
,,,,,,
,,,,,,
,,,,,,
,,,,,,
,,,,,,
,,,,,,
,,,,,,
,,,,,,
,,,,,,
,,,,,,
,,,,,,
,,,,,,
,,,,,,
,,,,,,
,,,,,,
,,,,,,
,,,,,,
,,,,,,
,,,,,,
,,,,,,
,,,,,,
,,,,,,
,,,,,,
,,,,,,
,,,,,,
,,,,,,
,,,,,,
,,,,,,
,,,,,,
,,,,,,
,,,,,,
,,,,,,
,,,,,,
,,,,,,
,,,,,,
,,,,,,
,,,,,,
,,,,,,
,,,,,,
,,,,,,
,,,,,,
,,,,,,
,,,,,,
,,,,,,
,,,,,,
,,,,,,
,,,,,,
,,,,,,
,,,,,,
,,,,,,
,,,,,,
,,,,,,
,,,,,,
,,,,,,
,,,,,,
,,,,,,
,,,,,,
,,,,,,
,,,,,,
,,,,,,
,,,,,,
,,,,,,
,,,,,,
,,,,,,
,,,,,,
,,,,,,
,,,,,,
,,,,,,
,,,,,,
,,,,,,
,,,,,,
,,,,,,
,,,,,,
,,,,,,
,,,,,,
,,,,,,
,,,,,,
,,,,,,
,,,,,,
,,,,,,
,,,,,,
,,,,,,
,,,,,,
,,,,,,
,,,,,,
,,,,,,
,,,,,,
,,,,,,
,,,,,,
,,,,,,
,,,,,,
,,,,,,
,,,,,,
,,,,,,
,,,,,,
,,,,,,
,,,,,,
,,,,,,
,,,,,,
,,,,,,
,,,,,,
,,,,,,
,,,,,,
,,,,,,
,,,,,,
,,,,,,
,,,,,,
,,,,,,
,,,,,,
,,,,,,
,,,,,,
,,,,,,
,,,,,,
,,,,,,
,,,,,,
,,,,,,
,,,,,,
,,,,,,
,,,,,,
,,,,,,
,,,,,,
,,,,,,
,,,,,,
,,,,,,
,,,,,,
,,,,,,
,,,,,,
,,,,,,
,,,,,,
,,,,,,
,,,,,,
,,,,,,
,,,,,,
,,,,,,
,,,,,,
,,,,,,
,,,,,,
,,,,,,
,,,,,,
,,,,,,
,,,,,,
,,,,,,
,,,,,,
,,,,,,
,,,,,,
,,,,,,
,,,,,,
,,,,,,
,,,,,,
,,,,,,
,,,,,,
,,,,,,
,,,,,,
,,,,,,
,,,,,,
,,,,,,
,,,,,,
,,,,,,
,,,,,,
,,,,,,
,,,,,,
,,,,,,
,,,,,,
,,,,,,
,,,,,,
,,,,,,
,,,,,,
,,,,,,
,,,,,,
,,,,,,
,,,,,,
,,,,,,
,,,,,,
,,,,,,
,,,,,,
,,,,,,
,,,,,,
,,,,,,
,,,,,,
,,,,,,
,,,,,,
,,,,,,
,,,,,,
,,,,,,
,,,,,,
,,,,,,
,,,,,,
,,,,,,
,,,,,,
,,,,,,
,,,,,,
,,,,,,
,,,,,,
,,,,,,
,,,,,,
,,,,,,
,,,,,,
,,,,,,
,,,,,,
,,,,,,
,,,,,,
,,,,,,
,,,,,,
,,,,,,
,,,,,,
,,,,,,
,,,,,,
,,,,,,
,,,,,,
,,,,,,
,,,,,,
,,,,,,
,,,,,,
,,,,,,
,,,,,,
,,,,,,
,,,,,,
,,,,,,
,,,,,,
,,,,,,
,,,,,,
,,,,,,
,,,,,,
,,,,,,
,,,,,,
,,,,,,
,,,,,,
,,,,,,
,,,,,,
,,,,,,
,,,,,,
,,,,,,
,,,,,,
,,,,,,
,,,,,,
,,,,,,
,,,,,,
,,,,,,
,,,,,,
,,,,,,
,,,,,,
,,,,,,
,,,,,,
,,,,,,
,,,,,,
,,,,,,
,,,,,,
,,,,,,
,,,,,,
,,,,,,
,,,,,,
,,,,,,
,,,,,,
,,,,,,
,,,,,,
,,,,,,
,,,,,,
,,,,,,
,,,,,,
,,,,,,
,,,,,,
,,,,,,
,,,,,,
,,,,,,
,,,,,,
,,,,,,
,,,,,,
,,,,,,
,,,,,,
,,,,,,
,,,,,,
,,,,,,
,,,,,,
,,,,,,
,,,,,,
,,,,,,
,,,,,,
,,,,,,
,,,,,,
,,,,,,
,,,,,,
,,,,,,
,,,,,,
,,,,,,
,,,,,,
,,,,,,
,,,,,,
,,,,,,
,,,,,,
,,,,,,
,,,,,,
,,,,,,
,,,,,,
,,,,,,
,,,,,,
,,,,,,
,,,,,,
,,,,,,
,,,,,,
,,,,,,
,,,,,,
,,,,,,
,,,,,,
,,,,,,
,,,,,,
,,,,,,
,,,,,,
,,,,,,
,,,,,,
,,,,,,
,,,,,,
,,,,,,
,,,,,,
,,,,,,
,,,,,,
,,,,,,
,,,,,,
,,,,,,
,,,,,,
,,,,,,
,,,,,,
,,,,,,
,,,,,,
,,,,,,
,,,,,,
,,,,,,
,,,,,,
,,,,,,
,,,,,,
,,,,,,
,,,,,,
,,,,,,
,,,,,,
,,,,,,
,,,,,,
,,,,,,
,,,,,,
,,,,,,
,,,,,,
,,,,,,
,,,,,,
,,,,,,
,,,,,,
,,,,,,
,,,,,,
,,,,,,
,,,,,,
,,,,,,
,,,,,,
,,,,,,
,,,,,,
,,,,,,
,,,,,,
,,,,,,
,,,,,,
,,,,,,
,,,,,,
,,,,,,
,,,,,,
,,,,,,
,,,,,,
,,,,,,
,,,,,,
,,,,,,
,,,,,,
,,,,,,
,,,,,,
,,,,,,
,,,,,,
,,,,,,
,,,,,,
,,,,,,
,,,,,,
,,,,,,
,,,,,,
,,,,,,
,,,,,,
,,,,,,
,,,,,,
,,,,,,
,,,,,,
,,,,,,
,,,,,,
,,,,,,
,,,,,,
,,,,,,
,,,,,,
,,,,,,
,,,,,,
,,,,,,
,,,,,,
,,,,,,
,,,,,,
,,,,,,
,,,,,,
,,,,,,
,,,,,,
,,,,,,
,,,,,,
,,,,,,
,,,,,,
,,,,,,
,,,,,,
,,,,,,
,,,,,,
,,,,,,
,,,,,,
,,,,,,
,,,,,,
,,,,,,
,,,,,,
,,,,,,
,,,,,,
,,,,,,
,,,,,,
,,,,,,
,,,,,,
,,,,,,
,,,,,,
,,,,,,
,,,,,,
,,,,,,
,,,,,,
,,,,,,
,,,,,,
,,,,,,
,,,,,,
,,,,,,
,,,,,,
,,,,,,
,,,,,,
,,,,,,
,,,,,,
,,,,,,
,,,,,,
,,,,,,
,,,,,,
,,,,,,
,,,,,,
,,,,,,
,,,,,,
,,,,,,
,,,,,,
,,,,,,
,,,,,,
,,,,,,
,,,,,,
,,,,,,
,,,,,,
,,,,,,
,,,,,,
,,,,,,
,,,,,,
,,,,,,
,,,,,,
,,,,,,
,,,,,,
,,,,,,
,,,,,,
,,,,,,
,,,,,,
,,,,,,
,,,,,,
,,,,,,
,,,,,,
,,,,,,
,,,,,,
,,,,,,
,,,,,,
,,,,,,
,,,,,,
,,,,,,
,,,,,,
,,,,,,
,,,,,,
,,,,,,
,,,,,,
,,,,,,
,,,,,,
,,,,,,
,,,,,,
,,,,,,
,,,,,,
,,,,,,
,,,,,,
,,,,,,
,,,,,,
,,,,,,
,,,,,,
,,,,,,
,,,,,,
,,,,,,
,,,,,,
,,,,,,
,,,,,,
,,,,,,
,,,,,,
,,,,,,
,,,,,,
,,,,,,
,,,,,,
,,,,,,
,,,,,,
,,,,,,
,,,,,,
,,,,,,
,,,,,,
,,,,,,
,,,,,,
,,,,,,
,,,,,,
,,,,,,
,,,,,,
,,,,,,
,,,,,,
,,,,,,
,,,,,,
,,,,,,
,,,,,,
,,,,,,
,,,,,,
,,,,,,
,,,,,,
,,,,,,
,,,,,,
,,,,,,
,,,,,,
,,,,,,
,,,,,,
,,,,,,
,,,,,,
,,,,,,
,,,,,,
,,,,,,
,,,,,,
,,,,,,
,,,,,,
,,,,,,
,,,,,,
,,,,,,
,,,,,,
,,,,,,
,,,,,,
,,,,,,
,,,,,,
,,,,,,
,,,,,,
,,,,,,
,,,,,,
,,,,,,
,,,,,,
,,,,,,
,,,,,,
,,,,,,
,,,,,,
,,,,,,
,,,,,,
,,,,,,
,,,,,,
,,,,,,
,,,,,,
,,,,,,
,,,,,,
,,,,,,
,,,,,,
,,,,,,
,,,,,,
,,,,,,
,,,,,,
,,,,,,
,,,,,,
,,,,,,
,,,,,,
,,,,,,
,,,,,,
,,,,,,
,,,,,,
,,,,,,
,,,,,,
,,,,,,
,,,,,,
,,,,,,
,,,,,,
,,,,,,
,,,,,,
,,,,,,
,,,,,,
,,,,,,
,,,,,,
,,,,,,
,,,,,,
,,,,,,
,,,,,,
,,,,,,
,,,,,,
,,,,,,
,,,,,,
,,,,,,
,,,,,,
,,,,,,
,,,,,,
,,,,,,
,,,,,,
,,,,,,
,,,,,,
,,,,,,
,,,,,,
,,,,,,
,,,,,,
,,,,,,
,,,,,,
,,,,,,
,,,,,,
,,,,,,
,,,,,,
,,,,,,
,,,,,,
,,,,,,
,,,,,,
,,,,,,
,,,,,,
,,,,,,
,,,,,,
,,,,,,
,,,,,,
,,,,,,
,,,,,,
,,,,,,
,,,,,,
,,,,,,
,,,,,,
,,,,,,
,,,,,,
,,,,,,
,,,,,,
,,,,,,
,,,,,,
,,,,,,
,,,,,,
,,,,,,
,,,,,,
,,,,,,
,,,,,,
,,,,,,
,,,,,,
,,,,,,
,,,,,,
,,,,,,
,,,,,,
,,,,,,
,,,,,,
,,,,,,
,,,,,,
,,,,,,
,,,,,,
,,,,,,
,,,,,,
,,,,,,
,,,,,,
,,,,,,
,,,,,,
,,,,,,
,,,,,,
,,,,,,
,,,,,,
,,,,,,
,,,,,,
,,,,,,
,,,,,,
,,,,,,
,,,,,,
,,,,,,
,,,,,,
,,,,,,
,,,,,,
,,,,,,
,,,,,,
,,,,,,
,,,,,,
,,,,,,
,,,,,,
,,,,,,
,,,,,,
,,,,,,
,,,,,,
,,,,,,
,,,,,,
,,,,,,
,,,,,,
,,,,,,
,,,,,,
,,,,,,
,,,,,,
,,,,,,
,,,,,,
,,,,,,
,,,,,,
,,,,,,
,,,,,,
,,,,,,
,,,,,,
,,,,,,
,,,,,,
,,,,,,
,,,,,,
,,,,,,
,,,,,,
,,,,,,
,,,,,,
,,,,,,
,,,,,,
,,,,,,
,,,,,,
,,,,,,
,,,,,,
,,,,,,
,,,,,,
,,,,,,
,,,,,,
,,,,,,
,,,,,,
,,,,,,
,,,,,,
,,,,,,
,,,,,,
,,,,,,
,,,,,,
,,,,,,
,,,,,,
,,,,,,
,,,,,,
,,,,,,
,,,,,,
,,,,,,
,,,,,,
,,,,,,
,,,,,,
,,,,,,
,,,,,,
,,,,,,
,,,,,,
,,,,,,
,,,,,,
,,,,,,
,,,,,,
,,,,,,
,,,,,,
,,,,,,
,,,,,,
,,,,,,
,,,,,,
,,,,,,
,,,,,,
,,,,,,
,,,,,,
,,,,,,
,,,,,,
,,,,,,
,,,,,,
,,,,,,
,,,,,,
,,,,,,
,,,,,,
,,,,,,
,,,,,,
,,,,,,
,,,,,,
,,,,,,
,,,,,,
,,,,,,
,,,,,,
,,,,,,
,,,,,,
,,,,,,
,,,,,,
,,,,,,
,,,,,,
,,,,,,
,,,,,,
,,,,,,
,,,,,,
,,,,,,
,,,,,,
,,,,,,
,,,,,,
,,,,,,
,,,,,,
,,,,,,
,,,,,,
,,,,,,
